symbol,name,market,industry,themes,business_summary,source
000001.SZ,平安银行,A股,J66货币金融服务,,经有关监管机构批准的各项商业银行业务。 产品：商业银行业务、零售金融业务、批发金融业务、其他业务,baostock+akshare
000002.SZ,万  科Ａ,A股,K70房地产业,,房地产开发和物业服务。 产品：商品住宅,baostock+akshare
000004.SZ,国华退,A股,I65软件和信息技术服务业,,移动网络安全业务。 产品：移动应用安全工具类产品、移动应用安全平台类产品、移动应用安全业务、医药业务、新能源工程业务,baostock+akshare
000006.SZ,深振业Ａ,A股,K70房地产业,,房地产开发经营。 产品：房产销售、房产租赁、物管服务、代建及旧改前期服务、其他(补充),baostock+akshare
000007.SZ,全新好,A股,K70房地产业,,物业租赁及管理、汽车销售及服务、杀菌卫生产品、日常用品贸易、医药及医疗器械销售等业务。 产品：物业租赁及其他服务、医疗器械批发、日常用品、汽车销售及相关服务、汽车售后服务、药品销售,baostock+akshare
000008.SZ,神州高铁,A股,C37铁路、船舶、航空航天和其他运输设备制造业,,轨道交通运营检修装备、轨道交通运营维保服务。 产品：高铁车轮/车轴探伤检测系统、高铁/地铁车辆清洗系统、机车车辆工艺检修装备、转向架试验台、大数据修车系统、计算机联锁系统、列控中心系统、信号集中监测系统、ATS系统、RBC系统、城轨CBTC系统、通过式车轮探伤系统、360°动态图像检测系统、车轮踏面图像检测、多边形检测、多功能线路维修机（换枕机）、轨道衡、超偏载检测系统、铁路货运高清视频监视系统、城市轨道交通智能架大修设备及解决方案、车载接触网运行状态检测装置、受电弓监测装置、动车组安全监测系统、智能巡检机器人、走行部检测系统、轨道交通运营检修装备、轨道交通运营维保服务、其他,baostock+akshare
000009.SZ,中国宝安,A股,J69其他金融业,新能源车/储能,新材料、新能源汽车、精密零件制造。 产品：高新技术产业、生物医药、房地产、高新制造业商品、生物医药业商品、其他(补充),baostock+akshare
000010.SZ,*ST美丽,A股,E48土木工程建筑业,,工程施工及相关配套服务。 产品：工程项目、算力业务、工程材料、苗木、苗木销售、工程材料销售收入,baostock+akshare
000011.SZ,深物业A,A股,K70房地产业,,产城空间开发、物业管理服务、产业生态运营、餐饮业务、工程监理业务等。 产品：产城空间开发、物业管理服务、产业生态运营、其他业务、物业管理、房地产、资产运营,baostock+akshare
000012.SZ,南  玻Ａ,A股,C30非金属矿物制品业,半导体材料,研发、生产制造和销售优质浮法玻璃、工程玻璃、光伏玻璃、超薄电子玻璃和显示器件等新材料和信息显示产品，以及高纯晶硅、硅片和组件等光伏新能源产品，提供光伏电站项目开发、建设、运维一站式服务等。 产品：玻璃产品、电子玻璃及显示器件产品、太阳能及其他产品,baostock+akshare
000014.SZ,沙河股份,A股,K70房地产业,,房地产开发和销售、智能显示控制器、液晶显示器件的研发、生产与销售。 产品：房地产销售、物业租赁、物业管理、单色液晶显示器件、智能显示控制器、彩色液晶显示器件,baostock+akshare
000016.SZ,*ST康佳A,A股,C39计算机、通信和其他电子设备制造业,PCB;存储芯片,消费电子业务、半导体业务、PCB业务三大业务。 产品：彩电业务、白电业务、半导体及存储芯片业务、PCB业务、其他,baostock+akshare
000017.SZ,深中华A,A股,C24文教、工美、体育和娱乐用品制造业,,珠宝黄金业务、自行车及新能源锂电池材料业务。 产品：黄金珠宝、阿米尼牌自行车、电动自行车、锂电池材料、珠宝黄金、自行车、电动自行车及其他,baostock+akshare
000019.SZ,深粮控股,A股,F51批发业,,批发零售业务、食品加工制造业务、租赁及商务服务业务。 产品：粮油贸易及加工、粮油仓储物流及服务、食品、饮料及茶加工、租赁、食品、饮料及茶加工,baostock+akshare
000020.SZ,深华发Ａ,A股,C39计算机、通信和其他电子设备制造业,,定制化液晶专显产品的研发、设计、生产和销售。 产品：显示器、注塑件、租赁及其他,baostock+akshare
000021.SZ,深科技,A股,C39计算机、通信和其他电子设备制造业,服务器与终端,提供技术研发、工艺设计、生产制造、供应链管理、物流支持、销售服务以及自主品牌产品产销研等一站式电子产品制造服务。 产品：存储半导体、计量智能终端、高端制造,baostock+akshare
000025.SZ,特  力Ａ,A股,F51批发业,,珠宝服务业务及商业综合体运营与物业租赁业务。 产品：珠宝销售及服务、租赁及服务,baostock+akshare
000026.SZ,飞亚达,A股,F52零售业,,"钟表及其零配件的设计、开发、制造、销售和维修业务，包括""飞亚达""表的产品经营和世界名表的商业连锁销售。 产品：手表业务、精密科技业务、租赁业务、名表全面服务业务、手表品牌业务",baostock+akshare
000027.SZ,深圳能源,A股,D44电力、热力生产和供应业,,各种常规能源和新能源的开发、生产、购销，以及城市固体废物处理、废水处理和城市燃气供应等。 产品：低碳电力、生态环保、天然气、数智服务、电力-燃机、电力-燃煤,baostock+akshare
000028.SZ,国药一致,A股,F51批发业,,医药分销和医药零售。 产品：药品、器械耗材、诊断试剂、仪器设备,baostock+akshare
000029.SZ,深深房Ａ,A股,K70房地产业,,商品住宅销售、物业租赁及管理服务、酒店客房服务，以及建筑安装装修服务。 产品：住宅、商铺及车位、其他行业产品,baostock+akshare
000030.SZ,富奥股份,A股,C36汽车制造业,,汽车零部件的研发、生产和销售。 产品：智能底盘产品、智能网联产品、全域热管理产品、其他产品,baostock+akshare
000031.SZ,大悦城,A股,K70房地产业,,房地产开发、经营、销售、出租及管理住宅、商用物业，经营业态涵盖住宅、商业地产及部分产业地产。 产品：商品房销售及一级土地开发、投资物业及相关服务、酒店经营、管理输出、物业及其他、其他业务,baostock+akshare
000032.SZ,深桑达Ａ,A股,E49建筑安装业,,数字与信息服务业务、高科技产业工程服务、数字供热与新能源服务及其他业务。 产品：洁净室整体解决方案、洁净室专业化产品服务、数字与信息服务、数字供热、新能源服务,baostock+akshare
000034.SZ,神州数码,A股,F51批发业,,IT分销及增值服务、销售自有品牌产品、数云服务及软件。 产品：IT分销及增值服务、数云服务及软件、自有品牌产品、消费电子业务、企业增值业务,baostock+akshare
000035.SZ,中国天楹,A股,N77生态保护和环境治理业,,垃圾焚烧发电业务、城乡环境卫生服务业务、环保装备制造业务、新能源发电业务、绿色氢能业务。 产品：供电服务、垃圾处理服务、提供建造服务、城市环卫服务、供电及垃圾处理服务、其他,baostock+akshare
000036.SZ,华联控股,A股,K70房地产业,,房地产开发和物业经营与服务管理。 产品：房产销售、房地产出租、酒店收入,baostock+akshare
000037.SZ,深南电A,A股,D44电力、热力生产和供应业,,电力生产销售及综合能源服务。 产品：电力生产销售、综合能源服务、其他,baostock+akshare
000039.SZ,中集集团,A股,C33金属制品业,,半挂车、专用车上装及整车、冷藏厢式车厢体及整车的生产、制造与销售。 产品：标准干货箱、标准冷藏箱、特种箱、53尺箱、折叠箱、铁路箱、开顶箱、储能箱、集装箱制造、能源、化工及液态食品装备、物流服务、道路运输车辆、海洋工程,baostock+akshare
000042.SZ,中洲控股,A股,K70房地产业,,地产开发、酒店经营、物业服务、商业管理。 产品：房地产、物业服务、酒店餐饮、建筑施工、酒店、服务,baostock+akshare
000045.SZ,深纺织Ａ,A股,C39计算机、通信和其他电子设备制造业,,以OLED及LCD偏光片的研发、生产、销售为主的高新技术产业。 产品：偏光片、OLED、LCD偏光片、偏光片销售业务、物业租赁及其他业务,baostock+akshare
000048.SZ,京基智农,A股,A03畜牧业,,生猪养殖与销售；饲料生产与销售；种鸡、肉鸡养殖与销售；房地产开发等。 产品：猪业产品、饲料产品、商品房、房屋及土地租赁、禽业产品、酒店业务,baostock+akshare
000049.SZ,德赛电池,A股,C38电气机械和器材制造业,电芯,锂电池电源管理系统、储能电芯及相关封装集成产品的研发、设计、生产及销售。 产品：智能手机类、智能穿戴类、电动工具、智能家居、出行类、笔记本电脑、平板电脑类、储能产品类、电动工具、智能家居和出行类、笔记本电脑和平板电脑类,baostock+akshare
000050.SZ,深天马Ａ,A股,C39计算机、通信和其他电子设备制造业,,提供全方位的客制化显示解决方案和快速服务支持。 产品：显示屏及显示模组、其他(补充),baostock+akshare
000055.SZ,方大集团,A股,C33金属制品业,,高端智慧幕墙系统及新材料、轨道交通屏蔽门设备、新能源、商业地产等业务。 产品：幕墙系统及材料、地铁屏蔽门及服务、光伏发电产品、房地产租售及物业服务,baostock+akshare
000056.SZ,*ST皇庭,A股,L72商务服务业,,商业管理业务、物业管理业务、功率半导体业务。 产品：商业运营服务、物业管理服务、功率半导体业务、融资租赁服务、出售投资性房地产、其他(补充),baostock+akshare
000058.SZ,深 赛 格,A股,L72商务服务业,,经营与管理电子市场、物业经营管理与城市服务、新能源、检验检测及房地产开发。 产品：电子市场流通、物业经营管理与城市服务、新能源、检验检测认证、房地产开发、其他主营业务,baostock+akshare
000059.SZ,华锦股份,A股,C25石油、煤炭及其他燃料加工业,,石油化工及化学肥料生产与销售。 产品：柴油成品油、聚丙烯树脂、聚乙烯树脂、ABS树脂、化学肥料、混合芳烃、C9、燃料油、沥青、润滑油、原油加工及石油制品、聚烯烃类产品、尿素,baostock+akshare
000060.SZ,中金岭南,A股,C32有色金属冶炼和压延加工业,,铜、铅、锌等有色金属的采、选、冶，并综合回收金、银、镓、锗、铟、硒、碲、铋、铂、钯、铑等稀有稀散稀贵金属（简称“三稀”金属）。 产品：铅锭、锌锭及锌合金、阴极铜、白银、黄金、粗铜、电镓、二氧化锗、铟锭、镉锭、工业硫酸、硫磺、铝型材、电池锌粉、片状锌粉、冲孔镀镍钢带、复合金属材料热双金属、电工触头材料及元件、青铜、白铜、铜冶炼产品、铅锌冶炼产品、精矿产品,baostock+akshare
000061.SZ,农 产 品,A股,L72商务服务业,,农产品批发市场的开发、建设、经营和管理。 产品：农产品批发市场经营、市场配套业务、农产品加工生产,baostock+akshare
000062.SZ,深圳华强,A股,F51批发业,,面向电子信息产业链的现代高端服务业，为产业链各环节提供销售、采购、产品、技术、信息、仓储、物流和数智赋能等综合服务。 产品：电子元器件交易业务、电子元器件交易服务业务、业务延伸和探索、其他物业经营、电子元器件授权分销业务、电子元器件长尾采购业务、电子元器件及电子终端产品实体交易市场、电子元器件B2B信息服务平台、AI孵化器运营、CVC投资业务、电子元器件交易分部、电子元器件交易服务分部、业务延伸和探索分部,baostock+akshare
000063.SZ,中兴通讯,A股,C39计算机、通信和其他电子设备制造业,交换机/服务器;数据中心/云厂商,为客户提供满意的ICT产品及解决方案，集“设计、开发、生产、销售、服务”等一体，聚焦于“运营商网络、政企业务、消费者业务”。 产品：运营商网络、消费者业务、政企业务、无线产品、核心网产品、有线产品、数据中心交换机、云电脑、服务器、数据中心、分布式数据库、家庭终端、手机及移动互联产品,baostock+akshare
000065.SZ,北方国际,A股,F51批发业,,工程建设与服务、资源供应链、电力运营、工业制造。 产品：工程建设与服务、资源设备供应链、电力运营、工业制造,baostock+akshare
000066.SZ,中国长城,A股,C39计算机、通信和其他电子设备制造业,,计算产业、系统装备及其他业务。 产品：计算产业、系统装备、其他(补充),baostock+akshare
000068.SZ,华控赛格,A股,F51批发业,锂电材料,海绵城市建设、水务工程、智慧水务建设运营、EPC总承包和工程咨询设计及新开展的设备和大宗商品贸易等相关业务。 产品：专业技术及运营服务、工程建设、建筑材料、锂电池负极材料、软件和信息技术服务业,baostock+akshare
000069.SZ,华侨城Ａ,A股,K70房地产业,,旅游业务、房地产业务。 产品：旅游业务、房地产业务、主题公园、酒店、文商旅综合体、公园式商业街区、自然人文景区、旅行服务、多业态融合发展的综合性社区、单体住宅社区、写字楼,baostock+akshare
000070.SZ,特发信息,A股,C39计算机、通信和其他电子设备制造业,,线缆、智慧服务、融合、物业资产经营四大核心板块。 产品：线缆板块、融合板块、智慧服务板块、物业资产经营板块,baostock+akshare
000078.SZ,ST海王,A股,F51批发业,,药品生产制造及流通、保健品及食品销售、医疗器械销售。 产品：医药研发、医药商业、医药工业、HW130注射液、盐酸达泊西汀片、NEP018、中成药、化药、现代中药、采购产品、公司产品、其他(补充),baostock+akshare
000088.SZ,盐 田 港,A股,G55水上运输业,,码头的开发与经营；货物装卸与运输；港口配套交通设施建设与经营；港口配套仓储及工业设施建设与经营等。 产品：高速公路收费、港口货物装卸运输、仓储及其他服务、港口货物装卸运输收入、高速公路收入、仓储租赁及其他收入,baostock+akshare
000089.SZ,深圳机场,A股,G56航空运输业,,航空服务业务及其延伸出的非航空业务。 产品：航空及相关服务,baostock+akshare
000090.SZ,天健集团,A股,E48土木工程建筑业,,房地产开发、工程施工、物业租赁、物业管理、商业运营及服务。 产品：城市建设、综合开发、城市服务、城市基础设施、水环境、园林绿化、路灯、高速公路、建筑工程、轨道交通工程、中高端住宅、保障性住房、写字楼、酒店、城市综合体、产业园区、城市基础设施管养服务、一级土地整备服务、商业运营服务、物业服务、房地产销售、建筑施工、其他城市服务,baostock+akshare
000096.SZ,广聚能源,A股,F51批发业,,成品油批发零售、土地及物业租赁、政企市场总经销业务、化工贸易，以及证券投资、电力企业等股权投资。 产品：成品油、租赁收入、电子类产品贸易、化工品贸易、便利店收入、成品油业务、其他、危化品业务,baostock+akshare
000099.SZ,中信海直,A股,G56航空运输业,,通用航空服务，提供劳务为直升机海上油气飞行服务、应急救援、港口引航、陆上通航和通航维修等。 产品：海上石油、应急救援、陆上通航、通航维修、港口引航、低空经济、通用航空运输服务深圳、通用航空运输服务浙江/上海、通用航空运输服务湛江、通用航空运输服务武汉,baostock+akshare
000100.SZ,TCL科技,A股,C39计算机、通信和其他电子设备制造业,半导体材料,半导体显示业务、新能源光伏和半导体材料业务。 产品：半导体显示器件、新能源光伏及半导体材料、电子产品分销,baostock+akshare
000151.SZ,中成股份,A股,F51批发业,,成套设备出口和工程承包、环境科技、复合材料生产。 产品：成套设备出口、工程承包、环境科技、复合材料生产、成套设备出口和工程承包,baostock+akshare
000153.SZ,丰原药业,A股,C27医药制造业,,医药制造和商业流通。 产品：生物药及制剂、化学合成药及制剂、药用辅料、中药及制剂、大容量注射剂（大输液）、粉针类、小容量注射剂、散剂、片剂、胶囊剂、颗粒剂、贴剂、原料药、药品批发、药品零售,baostock+akshare
000155.SZ,川能动力,A股,D44电力、热力生产和供应业,锂电资源,新能源电力和新能源材料业务。 产品：新能源电力、新能源材料、风力光伏发电、垃圾焚烧发电和环卫一体化、锂矿、锂盐、锂电业务收入、风力及光伏发电收入、垃圾发电收入,baostock+akshare
000156.SZ,华数传媒,A股,I63电信、广播电视和卫星传输服务,,有线电视网络业务、全国范围内的新媒体业务、宽带网络及智慧城市数字化业务、广电5G业务等。 产品：信息传播、数字电视、网络接入、节目传输、互动电视业务、广告业务、宽带及数据通信业务、设备及材料销售、集团客户集成项目、云宽带对外合作业务、手机电视业务、互联网电视业务、全国新媒体业务、其中:集团客户集成项目、智慧城市业务、其中:互联网电视、有线电视网络业务、宽带网络业务、其中:宽带及数据通信、其中:数字电视、其他,baostock+akshare
000157.SZ,中联重科,A股,C35专用设备制造业,,工程机械和农业机械的研发、制造、销售和服务。 产品：混凝土机械、起重机械、土方机械、高空机械、其他机械和产品、农业机械、金融服务,baostock+akshare
000158.SZ,常山北明,A股,I65软件和信息技术服务业,机器人本体/集成,软件业务。 产品：系统集成及行业解决方案、代理产品增值销售和定制化软件及服务、系统集成及行业解决方案服务、定制软件及服务、其他,baostock+akshare
000159.SZ,国际实业,A股,F51批发业,,油品及化工产品等批发业以及金属产品制造业。 产品：钢管杆、光伏支架、角钢塔、热镀锌、其他钢结构、其他产品、油品及化工产品批发、房地产开发、仓储服务、受托加工镀锌、油品及化工产品等批发业,baostock+akshare
000166.SZ,申万宏源,A股,J67资本市场服务,,企业金融、个人金融、机构服务及交易、投资管理。 产品：企业金融业务、个人金融业务、机构服务及交易业务、投资管理业务、股权融资、债权融资、财务顾问、股权投资、债权投资、其他投资、证券经纪业务、期货经纪业务、融资融券业务、股票质押式融资业务、金融产品销售业务、主经纪商业务、研究咨询业务、自营交易业务、资产管理业务、公募基金管理业务、私募基金管理业务、机构服务及交易、个人金融、企业金融,baostock+akshare
000301.SZ,东方盛虹,A股,C26化学原料和化学制品制造业,,石化及化工新材料、涤纶长丝的研发、生产和销售等。 产品：炼油产品、其他石化及化工新材料、涤纶丝、其他化纤产品、成品油、乙烯、丙烯、丁二烯、苯、对二甲苯(PX)、乙二醇、PTA、EVA、POE、超高分子量聚乙烯（UHMWPE）、丙烯腈、甲基丙烯酸甲酯、环氧乙烷、醋酸乙烯、苯酚、丙酮、苯乙烯、环氧丙烷、聚醚多元醇、硫磺、POY、FDY、DTY,baostock+akshare
000333.SZ,美的集团,A股,C38电气机械和器材制造业,,智能家居、工业技术、楼宇科技、机器人与自动化、新能源、健康医疗、智慧物流等业务。 产品：智能家居业务、楼宇科技、机器人与自动化、工业技术、其他业务、商业及工业解决方案、其中:商业及工业解决方案-楼宇科技,baostock+akshare
000338.SZ,潍柴动力,A股,C36汽车制造业,,动力系统、商用车、农业装备及智慧物流业务。 产品：全系列全领域发动机、新能源动力系统及零部件、变速箱、车桥、液压产品、重型汽车、叉车、供应链解决方案、农业装备、汽车电子及零部件、动力总成、整车整机及关键零部件、智慧物流,baostock+akshare
000400.SZ,许继电气,A股,C38电气机械和器材制造业,机器人本体/集成,为国民经济和社会发展提供能源电力高端技术装备，为清洁能源生产、传输、配送以及高效使用提供全面的技术、产品和服务支撑。 产品：智能变配电系统、直流输电系统、智能电表、智能中压供用电设备、新能源及系统集成、充换电设备、其它制造服务,baostock+akshare
000401.SZ,金隅冀东,A股,C30非金属矿物制品业,,生产和销售水泥熟料、各类硅酸盐水泥和与水泥相关的建材产品。 产品：水泥、熟料、砂石骨料、危废固废处置、其他,baostock+akshare
000402.SZ,金 融 街,A股,K70房地产业,,房产开发、物业租赁、物业经营等业务类型。 产品：房产开发、物业租赁、物业经营,baostock+akshare
000403.SZ,派林生物,A股,C27医药制造业,,血液制品的研究、开发、生产和销售。 产品：血液制品、人血白蛋白、静注人免疫球蛋白(pH4)、人免疫球蛋白、乙型肝炎人免疫球蛋白、破伤风人免疫球蛋白、狂犬病人免疫球蛋白、人凝血因子Ⅷ、人凝血酶原复合物、其他,baostock+akshare
000404.SZ,长虹华意,A股,C34通用设备制造业,新能源车/储能,全封闭活塞压缩机和新能源汽车空调压缩机业务。 产品：全封闭活塞压缩机、原材料及配件、新能源汽车空调压缩机,baostock+akshare
000407.SZ,胜利股份,A股,D45燃气生产和供应业,,清洁能源天然气业务推广和应用，为工业、商业、居民等领域提供天然气应用服务，并在天然气创新领域提供解决方案。 产品：天然气及增值业务、装备制造业务,baostock+akshare
000408.SZ,藏格矿业,A股,C26化学原料和化学制品制造业,锂电资源,氯化钾、碳酸锂的研发、生产与销售。 产品：氯化钾、碳酸锂、电池级碳酸锂、其他(补充),baostock+akshare
000409.SZ,云鼎科技,A股,I65软件和信息技术服务业,,工业互联网业务、智能矿山业务、智能洗选业务、智慧电力新能源业务、智慧化工业务、ERP实施及运维服务业务。 产品：工业互联网平台产品、人工智能相关产品、数据治理与网络安全服务、能源企业数字化转型服务、鼎云工业互联网平台、神农数字化平台、仓颉智能体平台、AI应用平台、AI大模型及相关应用场景解决方案、工业视觉智能一体机、数据治理服务、网络安全服务、安全生产技术综合管控平台、智能安全管理平台、市场化精益化融合管理平台、智慧园区整体解决方案、智能矿山产品及解决方案、智能洗选产品及解决方案、ERP实施及运维服务,baostock+akshare
000410.SZ,沈阳机床,A股,C34通用设备制造业,,产品研发、机床制造、销售服务、行业解决方案、机床零部件配套。 产品：卧式车床、立式车床、卧式加工中心、立式加工中心、龙门加工中心、五轴联动数控机床、高端数控重型液压机、成套生产线装备、行业专机自动线、金属切削机床、金属成形机床、其他,baostock+akshare
000411.SZ,英特集团,A股,F51批发业,,药品、中药及医疗器械的批发与零售。 产品：药品、器械耗材、药品类销售、器械耗材类销售、其他,baostock+akshare
000415.SZ,渤海租赁,A股,L71租赁业,,飞机、集装箱及境内基础设施、高端设备、商业物业、新能源的租赁服务与生产。 产品：经营租赁、飞机销售、集装箱销售、融资租赁,baostock+akshare
000417.SZ,合百集团,A股,F52零售业,,零售业、农产品交易市场。 产品：零售业、农产品交易市场、房地产、百货、家电、超市连锁、电子商务、商贸,baostock+akshare
000419.SZ,通程控股,A股,F52零售业,,商业零售、金融信用服务、酒店经营、现代物流及物业管理与经营等。 产品：商业零售、酒店经营,baostock+akshare
000420.SZ,吉林化纤,A股,C28化学纤维制造业,,粘胶纤维和碳纤维产品的生产、销售。 产品：粘胶长丝、粘胶短纤、碳纤维产品,baostock+akshare
000421.SZ,南京公用,A股,D45燃气生产和供应业,,燃气销售、房地产开发及客运交通产业。 产品：汽车营运、房产开发、汽车销售、旅游服务、燃气销售、燃气工程、新能源业务、房地产开发、其他(补充),baostock+akshare
000422.SZ,湖北宜化,A股,C26化学原料和化学制品制造业,,化肥、化工、煤炭等产品的生产和销售。 产品：尿素、磷铵、复合肥、烧碱、PVC、季戊四醇、煤炭、磷复肥、聚氯乙烯、其他,baostock+akshare
000423.SZ,东阿阿胶,A股,C27医药制造业,,阿胶和阿胶系列及其他中成药等产品的研发、生产和销售。 产品：阿胶、复方阿胶浆、桃花姬、阿胶速溶粉、皇家围场1619、壮本、燕真卿、遇元气、参山见、阿胶及系列产品、其他药品及保健品、毛驴养殖及驴肉产品销售,baostock+akshare
000425.SZ,徐工机械,A股,C35专用设备制造业,,土方机械、起重机械、桩工机械、混凝土机械、路面机械、高空作业机械、矿业机械、环卫机械、农业机械、应急救援装备和其他工程机械及备件的研发、制造、销售和服务工作。 产品：起重机械、土方机械、桩工机械、高空作业机械、矿业机械、道路机械、其他工程机械、备件、其他工程机械、备件及其他,baostock+akshare
000426.SZ,兴业银锡,A股,B09有色金属矿采选业,,有色金属及贵金属勘探、开采及选矿。 产品：有色金属、贵金属、银、锡、锌、铅、铁、铜、锑、金、矿产银、矿产锡、矿产锌,baostock+akshare
000428.SZ,华天酒店,A股,H61住宿业,,酒店业、生活服务业。 产品：餐饮、客房、娱乐、租赁、其他,baostock+akshare
000429.SZ,粤高速Ａ,A股,G54道路运输业,,广佛高速公路、佛开高速公路、京珠高速公路广珠段和广惠高速公路的收费和养护工作及对外投资。 产品：公路运输、其他(补充),baostock+akshare
000430.SZ,张家界,A股,N78公共设施管理业,,旅游景区经营、旅游客运、旅行社经营、旅游客运索道经营、酒店经营及房屋租赁业务。 产品：旅行社服务、环保客运、光电车、宝峰湖景区、杨家界索道、张国际酒店、租赁业务、大庸古城服务、旅游客运业务、旅游业务、旅行社业务,baostock+akshare
000488.SZ,ST晨鸣,A股,C22造纸和纸制品业,,机制纸及板纸和造纸原料、造纸机械、电力、热力的生产与销售。 产品：铜版纸、双胶纸、静电纸、白卡纸、防粘原纸、热敏纸、其他机制纸、机制纸、化学浆、其中:铜版纸、其中:双胶纸,baostock+akshare
000498.SZ,山东路桥,A股,E48土木工程建筑业,,公路、市政施工、建筑、水利水电、电力施工、港航、铁路、机电施工等总承包业务，路基、路面、桥梁、隧道、钢结构等专业施工承包业务，以及工程勘察、测绘、设计、监理、咨询等业务。 产品：路桥工程施工业务与产品、公路养护工程施工业务与产品、路桥工程施工、路桥养护施工、商品混凝土加工及材料销售、工程设计咨询、周转材料、设备租赁、周转材料、设备租赁及其他,baostock+akshare
000501.SZ,武商集团,A股,F52零售业,,从事购物中心及超市业态的商品销售业务。 产品：商品零售业务、房地产业务、其他业务,baostock+akshare
000503.SZ,国新健康,A股,I64互联网和相关服务,,医保基金综合管理服务、医疗质量安全服务、药械监管服务、互联网健康保障服务。 产品：数字医保、数字医疗、数字医药、健康服务、医保精准支付第三方服务、医保智能监管第三方服务、医保数据应用第三方服务、商保服务、区域卫生数据服务、DRG/DIP+医院精益运营管理服务、药械智慧监管服务、药企数字化服务、慢病管理服务、健康管理服务,baostock+akshare
000504.SZ,南华生物,A股,M75科技推广和应用服务业,锂电资源,人源细胞等检测、存储保管等服务；美妆净化器销售以及碳酸锂生产与销售、废钢加工与销售业务。 产品：节能产业销售及服务收入、EMC及工程建设、细胞储存及检测、生物医药相关产品销售、节能产品销售收、碳酸锂业务、人源细胞检测与存储,baostock+akshare
000505.SZ,京粮控股,A股,C13农副食品加工业,,油脂油料加工及销售、食品加工及销售。 产品：油脂油料、食品、大豆油、玉米油、葵花籽油、花生油、菜籽油、亚麻籽油、橄榄油、香油、麻酱、薯片、糕点、面包、油脂、其他(补充),baostock+akshare
000506.SZ,招金黄金,A股,B09有色金属矿采选业,,以黄金为主要品种的矿产资源勘探、矿石开采及加工、矿产品销售。 产品：黄金产品、黄金产品销售、其他(补充),baostock+akshare
000507.SZ,珠海港,A股,G55水上运输业,,港口的投资运营、船舶运输、物流及港航配套服务等及风力发电、光伏发电、管道燃气、天然气发电等新能源、清洁能源的投资、运营及服务。 产品：港航物流、新能源、投资运营、船舶运输、物流、港航配套服务、风力发电、光伏发电、管道燃气、天然气发电、港口板块、航运板块,baostock+akshare
000509.SZ,华塑控股,A股,C39计算机、通信和其他电子设备制造业,,电子信息显示终端的研发、设计、生产和销售服务；碳排放综合治理业务。 产品：电子产品、电子信息显示终端、精密机床、低浓度瓦斯治理、电子产品销售、碳排放综合治理、其他(补充),baostock+akshare
000510.SZ,新金路,A股,C26化学原料和化学制品制造业,,PVC树脂和烧碱的生产与销售。 产品：树脂产品、碱产品、聚氯乙烯树脂（PVC）、烧碱、其他,baostock+akshare
000513.SZ,丽珠集团,A股,C27医药制造业,,医药产品的研发、生产及销售。 产品：化学制剂产品、原料药及中间体产品、中药制剂产品、生物制品、诊断试剂及设备、化学制剂、原料药和中间体、中药制剂,baostock+akshare
000514.SZ,渝 开 发,A股,K70房地产业,,房地产开发与销售业务。 产品：住宅、商业及车位、物业管理、房屋租赁、会议展览、石黄隧道经营权、住宅销售、石黄隧道经营权及其他,baostock+akshare
000516.SZ,国际医学,A股,Q84卫生,,大健康医疗服务和现代医学技术转化应用。 产品：医疗业、软件和信息技术服务业、其他社会服务业、商品流通业,baostock+akshare
000517.SZ,荣安地产,A股,K70房地产业,,房地产开发与销售。 产品：房屋销售、建筑施工、销售代理、房屋租赁、咨询服务,baostock+akshare
000518.SZ,四环生物,A股,C27医药制造业,,生物医药制品的生产和销售；苗木的种植、销售及绿化工程业务。 产品：白介素、EPO、G-CSF、工程服务、养护服务、苗木,baostock+akshare
000519.SZ,中兵红箭,A股,C35专用设备制造业,,民品和特种装备的生产和销售。 产品：超硬材料及其制品、专用汽车、汽车零部件、特种装备,baostock+akshare
000520.SZ,凤凰航运,A股,G55水上运输业,,干散货航运及港航物流服务业。 产品：运输业、船员派遣服务、资产出租、干散货运输、船舶代理、货运代理、综合物流、船舶租赁、船员劳务、船员派遣服务等,baostock+akshare
000521.SZ,长虹美菱,A股,C38电气机械和器材制造业,,电冰箱、冰柜及空调、洗衣机的生产与销售。 产品：冰箱、冰柜、空调、洗衣机、小家电及厨卫、M鲜生精五门冰箱511WQ6F、薄壁零嵌冰箱BCD-507WPU9CDZX和BCD-503WPU9CDZX、美菱10KG平嵌如手洗滚筒洗衣机RS21H100D/RS11H100D、客餐厅Pro共享空调、美菱燃气热水器JSQ30-MR-BS16A3、美菱吸油烟机CXW-188-MY-KD615Pro、冰箱(柜),baostock+akshare
000523.SZ,红棉股份,A股,C13农副食品加工业,,食品饮料及文化创意产业园区的开发和运营。 产品：食用糖制品、饮料制品、精制糖、菠萝啤饮料、精酿啤酒、租赁业务,baostock+akshare
000524.SZ,岭南控股,A股,L72商务服务业,,商旅出行（旅行社）业务、住宿（酒店）业务及其他旅游产业链相关业务。 产品：商旅出行（旅行社）业务、住宿（酒店）业务、产业链相关业务、旅行社运营分部、酒店经营分部、酒店管理分部,baostock+akshare
000525.SZ,红太阳,A股,C26化学原料和化学制品制造业,,原药和制剂产品的生产销售、化肥生态肥的销售。 产品：原药及中间体、制剂、农药销售、其他(补充),baostock+akshare
000526.SZ,学大教育,A股,P83教育,,教育培训服务。 产品：教育培训服务费、设备租赁、教育培训服务费收入、其他(补充),baostock+akshare
000528.SZ,柳    工,A股,C35专用设备制造业,,工程机械、建筑机械、农业机械、工程车辆等产品及零部件的研发、制造、销售和服务。 产品：土石方机械、其他工程机械及零部件、预应力机械、租赁业务、其他工程机械及零部件等,baostock+akshare
000529.SZ,广弘控股,A股,C13农副食品加工业,,食品板块冷冻食品储藏供应业务、农牧板块畜禽养殖业务。 产品：冻品销售、混合食材销售、猪苗销售、肉猪销售、冷库经营、种禽销售、物业出租、肉鸡销售、种猪销售、加工肉制品销售,baostock+akshare
000530.SZ,冰山冷热,A股,C34通用设备制造业,,各类工业制冷部件的研发、生产和销售，以及成套工程项目的设计、生产及安装业务。 产品：工业产品、安装工程、活塞式、螺杆式、涡旋式、溴化锂吸收式制冷机/机组、压力容器、组合库、气调保鲜库、冷冻站、速冻机、热泵、其他(补充),baostock+akshare
000531.SZ,穗恒运Ａ,A股,D44电力、热力生产和供应业,,电力、热力生产和供应业务。 产品：电、热业务、储能业务、其他业务、电力、蒸汽、热电及其他,baostock+akshare
000532.SZ,华金资本,A股,S91综合,,投资与管理、电子器件制造、水质净化、科技园区运营。 产品：电子器件、污水处理、投资与管理、园区载体出租、电子器件销售,baostock+akshare
000533.SZ,顺钠股份,A股,C38电气机械和器材制造业,,为电力生产、传输、转化、存储及使用提供节能高效的技术装备、运维服务及综合解决方案。 产品：干式变压器系列产品、箱式变电站系列产品及油浸变压器产品、开关柜系列产品、电网系列产品、储能系列产品、电力成套工程及服务、输配电系列产品、物业管理及其他,baostock+akshare
000534.SZ,万泽股份,A股,C27医药制造业,,微生态活菌产品、高温合金及其制品的研发、生产及销售。 产品：金属检测及加工服务、高温合金材料、金双歧、定君生、微生态大健康产品、高温合金材料销售,baostock+akshare
000536.SZ,华映科技,A股,C39计算机、通信和其他电子设备制造业,,显示面板、显示模组的研发、生产及销售。 产品：模组相关业务、面板业务、显示面板、显示模组、其他,baostock+akshare
000537.SZ,绿发电力,A股,D44电力、热力生产和供应业,,风能、太阳能投资、开发、运营。 产品：电力、售电合同收入、其他收入,baostock+akshare
000538.SZ,云南白药,A股,C27医药制造业,,药品、健康品、中药资源的研发、生产及销售。 产品：工业产品（自制）、批发零售、商业销售收入、工业销售收入、其他(补充),baostock+akshare
000539.SZ,粤电力Ａ,A股,D44电力、热力生产和供应业,,电力项目的投资、建设和经营管理，电力的生产和销售业务。 产品：火力发电、售电收入、蒸汽收入、其他(补充),baostock+akshare
000541.SZ,佛山照明,A股,C38电气机械和器材制造业,,研发、生产和销售高品质的节能照明产品，为客户提供全方位的照明解决方案。 产品：各类LED光源、LED灯具、照明综合解决方案、通用照明产品、LED封装及组件产品、车灯产品、贸易及其他产品,baostock+akshare
000543.SZ,皖能电力,A股,D44电力、热力生产和供应业,,电力、节能及相关项目投资、经营。 产品：电力及相关产品、煤炭、运输,baostock+akshare
000544.SZ,中原环保,A股,D46水的生产和供应业,,城市污水处理和集中供热业务。 产品：污水处理、供热销售、生态环境治理、污泥处理处置,baostock+akshare
000545.SZ,金浦钛业,A股,C26化学原料和化学制品制造业,,钛白粉生产及销售。 产品：金红石型钛白粉、锐钛型钛白粉、其他,baostock+akshare
000546.SZ,金圆股份,A股,C42废弃资源综合利用业,,环保及新能源材料。 产品：固废危废资源化综合利用、固废危废无害化处置、锂化合物及衍生品,baostock+akshare
000547.SZ,航天发展,A股,C39计算机、通信和其他电子设备制造业,,蓝军体系及装备、新一代通信与指控装备、空间信息应用、数据智能与安全。 产品：蓝军体系及装备、新一代通信与指控装备、数据智能与安全、海洋装备、电力装备等产品、通信与指控类产品、蓝军装备及相关产品,baostock+akshare
000548.SZ,湖南投资,A股,G54道路运输业,,高速公路建设运营、资产管理和物业服务、酒店投资经营、城市综合体投资开发。 产品：高速公路建设运营、资产管理和物业服务、酒店投资经营、城市综合体投资开发,baostock+akshare
000550.SZ,江铃汽车,A股,C36汽车制造业,,生产和销售商用车、乘用车SUV以及相关的零部件。 产品：商用车、乘用车、JMC品牌轻卡、皮卡、轻客、福特品牌轻客、MPV、乘用车SUV、整车、材料及零部件、保养及技术服务等,baostock+akshare
000551.SZ,创元科技,A股,C35专用设备制造业,,洁净环保工程及设备、输变电高压瓷绝缘子、滚针轴承、各类光机电算一体化测绘仪器、各类磨料磨具等产品的生产和销售。 产品：空气洁净设备及系统、生物安全设备及系统、节能环保设备及系统、气体纯化设备及系统、洁净设备及工程、输变电高压瓷绝缘子、精密轴承,baostock+akshare
000552.SZ,甘肃能化,A股,B06煤炭开采和洗选业,,煤炭开采和销售。 产品：煤炭产品、电力产品、化工产品、配焦煤、动力煤、硅煤、白银热电、新区热电、固废物热电、洁能热电、合成氨、尿素、液氨、甲醇、三聚氰胺、尿素硝铵溶液、液体二氧化碳、硫磺、煤炭业务、电力业务、化工业务,baostock+akshare
000553.SZ,安道麦A,A股,C26化学原料和化学制品制造业,,作物保护产品的开发、生产及销售。 产品：除草剂、杀虫剂、杀菌剂,baostock+akshare
000554.SZ,泰山石油,A股,F51批发业,,成品油批发、零售业务及非油品业务。 产品：汽油、柴油、天然气,baostock+akshare
000555.SZ,神州信息,A股,I65软件和信息技术服务业,机器人本体/集成,技术服务、农业信息化、应用软件开发、金融专用设备相关业务及集成解决方案。 产品：软件开发及技术服务、系统集成、其他(补充),baostock+akshare
000557.SZ,西部创业,A股,G53铁路运输业,,铁路运输和铁路物流。 产品：铁路运输业、矿产品、建材及化工产品批发-供应链服务、葡萄酒、铁路运输、租赁、葡萄酒及其他销售,baostock+akshare
000558.SZ,天府文旅,A股,N78公共设施管理业,,文化旅游、影视、会务会展、体育及存量写字楼与商铺租赁业务。 产品：冰雪旅游业务、影旅融合业务、会务会展业务、体育业务、存量写字楼与商铺租赁业务、影视业务、文化旅游、存量资产租赁,baostock+akshare
000559.SZ,万向钱潮,A股,C36汽车制造业,,汽车零部件及轴承的研发及制造。 产品：汽车零部件、等速驱动轴、汽车轮毂单元、传动轴、配件、铬铁购销相关业务、其他(补充),baostock+akshare
000560.SZ,我爱我家,A股,K70房地产业,,提供数字化产业解决方案和一体化的运营服务。 产品：经纪业务、新房业务、资产管理、商业租赁及服务,baostock+akshare
000561.SZ,烽火电子,A股,C39计算机、通信和其他电子设备制造业,,通信装备、雷达及电声器材科研生产和销售。 产品：通信产品及配套、雷达产品及配套、电声器件、无线通信设备、航空搜救定位设备、车机内音频控制系统、无线电高度表、多普勒雷达、导航设备、电声器材,baostock+akshare
000563.SZ,陕国投Ａ,A股,J69其他金融业,,信托业务、固有业务和投资顾问等中介业务。 产品：信托业务、固有业务、投资顾问、资产服务信托、资产管理信托、公益慈善信托、自有资金贷款、投资业务、金融顾问服务、资产管理服务、金融信托业务,baostock+akshare
000564.SZ,供销大集,A股,F52零售业,,商品批发零售及商业连锁经营、商业地产开发及运营、持有型物业出租等业务。 产品：商超百货、物业运营、商贸物流、商业运营-物业运营、商业运营-商超百货,baostock+akshare
000565.SZ,渝三峡Ａ,A股,C26化学原料和化学制品制造业,,涂料的生产与销售。 产品：涂料、环氧漆类、醇酸漆类、酚醛漆类、丙烯酸漆、聚氨酯漆、酯胶漆类、涂料产品、其他、辐射降温制冷膜,baostock+akshare
000566.SZ,海南海药,A股,C27医药制造业,,药品研发、生产和销售。 产品：抗生素系列、胃肠道用药系列、抗肿瘤药系列、原料药及其中间体系列、其它、注射用头孢西丁钠、注射用头孢唑肟钠、注射用美罗培南、注射用氨曲南、注射用头孢呋辛钠、注射用头孢曲松钠、盐酸米诺环素胶囊、头孢克洛颗粒、头孢克洛干混悬剂、注射用头孢美唑钠、肠胃康系列（颗粒剂、片剂）、枫蓼肠胃康口服液、枫蓼肠胃康分散片、聚乙二醇4000散、富马酸伏诺拉生片、醋氨己酸锌胶囊、紫杉醇注射液、复方红豆杉胶囊、7-ANCA、4-AA、头孢西丁钠、头孢西丁酸、头孢唑肟钠、氨曲南、美罗培南、地氯雷他定口服溶液、注射用维生素C、小柴胡颗粒、红宝牌太和胶囊、双参活血通络颗粒、罗沙司他胶囊、利奈唑胺片、Crystaderm、其他品种、肠胃康、医疗服务、原料药及中间体、头孢制剂系列,baostock+akshare
000567.SZ,海德股份,A股,J69其他金融业,,资本运作及管理；投融资研究、咨询；企业重组、并购经营业务。 产品：资产管理、金融科技服务、其他(补充),baostock+akshare
000568.SZ,泸州老窖,A股,C15酒、饮料和精制茶制造业,,“国窖1573”、“泸州老窖”等系列白酒的研发、生产和销售。 产品：中高档酒类、其他酒类、其他收入,baostock+akshare
000570.SZ,苏常柴Ａ,A股,C34通用设备制造业,,“常柴”牌柴油机及“罗宾”牌汽油机的研发、生产及销售业务。 产品：柴油机、汽油机、柴油机-多缸机、柴油机-单缸机、其他产品,baostock+akshare
000571.SZ,新大洲A,A股,B06煤炭开采和洗选业,,煤炭采掘及销售。 产品：煤炭、长焰煤、其他(补充),baostock+akshare
000572.SZ,海马汽车,A股,C36汽车制造业,,汽车及汽车动力总成的研发、制造、销售及金融服务。 产品：汽车产品、海马7X-E、海马7X-H、海马7X、海马8S、海马S7Pro、海马S5Pro、其他、金融服务,baostock+akshare
000573.SZ,粤宏远Ａ,A股,C42废弃资源综合利用业,,房地产开发销售、含铅废旧资源回收与利用、工业区厂房租赁、水电工程建设等业务。 产品：住宅、商铺、车位、再生铅、工业区厂房租赁、水电安装及维护服务、废旧铅蓄电池回收收入、房地产业(出租)、房地产业(售楼),baostock+akshare
000576.SZ,甘化科工,A股,C39计算机、通信和其他电子设备制造业,,电源及相关产品、高性能特种合金材料制品及光电成像系统的研发、生产、销售。 产品：性能特种合金材料制品、电源及相关产品、光电成像系统、高性能特种合金材料制品,baostock+akshare
000581.SZ,威孚高科,A股,C36汽车制造业,,汽车核心零部件产品的研发、生产和销售。 产品：汽车燃油喷射系统、汽车后处理系统、进气系统、高压油泵、高压油轨、喷油器、滤清器、柴油净化器、汽油净化器、天然气净化器、消声器、催化剂、节能减排:汽车燃油喷射系统、节能减排:汽车后处理系统、智能电动,baostock+akshare
000582.SZ,北部湾港,A股,G55水上运输业,,集装箱和散杂货的港口装卸、堆存及港口增值服务、港口配套服务。 产品：装卸堆存、拖轮业务、理货业务、代理业务、装卸堆存及相关业务收入、拖轮业务收入、理货业务收入,baostock+akshare
000586.SZ,汇源通信,A股,C38电气机械和器材制造业,机器人本体/集成,光纤光缆的研发与制造、在线监测装置的研发与制造、高速公路机电及通信工程施工、车载电子模组的制造等业务。 产品：光缆和光纤产品、在线监测产品、通信工程及系统集成、车载模组,baostock+akshare
000589.SZ,贵州轮胎,A股,C29橡胶和塑料制品业,,轮胎研发、生产及销售。 产品：轮胎、卡客车轮胎、工程机械轮胎、农业机械轮胎、工业车辆轮胎、特种轮胎、乘用车轮胎、轮胎销售业务、其他(补充)、混炼胶及其他,baostock+akshare
000590.SZ,古汉医药,A股,C27医药制造业,,医药大健康领域的拓展深耕，产品涵盖中药、化药、保健食品三大板块。 产品：补益养生类药品、心脑血管类药品、儿童营养类药品、感冒类药品、清热解毒类药品、药品、保健品生产及销售、其他(补充)、原料药,baostock+akshare
000591.SZ,太阳能,A股,D44电力、热力生产和供应业,,光伏电站的投资运营，光伏电池、组件的研发、生产和销售。 产品：太阳能发电、太阳能产品、太阳能产品制造、其他,baostock+akshare
000592.SZ,平潭发展,A股,C20木材加工和木、竹、藤、棕、草制品业,,造林营林、林木产品加工与销售、贸易业务、与平潭综合实验区开放开发的有关业务。 产品：中高密度纤维板、纤维板销售、房地产、农资贸易流通,baostock+akshare
000593.SZ,德龙汇能,A股,D45燃气生产和供应业,,城市燃气运营，为用户提供安全、高效、便捷的清洁综合能源服务。 产品：城市燃气类业务、LNG类业务、新能源及多能联动业务、资产运营与物业管理业务、燃气供应及其相关收入、其他(补充)、节能服务收入,baostock+akshare
000595.SZ,*ST宝实,A股,C34通用设备制造业,,风力发电、光伏发电及储能电站的投资开发和运营，以及船舶电器的生产与销售。 产品：风力发电、光伏发电、储能、光伏发电业务、风力发电业务、轴承业务及其他、储能业务,baostock+akshare
000596.SZ,古井贡酒,A股,C15酒、饮料和精制茶制造业,,白酒的生产和销售。 产品：年份原浆、古井贡酒、黄鹤楼及其他、白酒业务、其他、酒店业务,baostock+akshare
000597.SZ,东北制药,A股,C27医药制造业,,化学制药、医药商业、医药工程、生物医药等板块。 产品：维生素类产品、抗感染类产品、生殖系统和性激素类产品、神经系统类产品、麻精及含麻系列类产品、抗艾滋病类产品、消化系统类产品、其他产品、体外（生物）诊断试剂类产品、大健康领域产品、细胞治疗产品、维生素C系列、维生素B1、维生素B6、左卡尼汀系列、磷霉素系列、阿奇霉素系列、金刚烷胺系列、盐酸小檗碱、氯霉素、卡孕栓、卡前列素氨丁三醇、左炔诺孕酮片（安婷）、他达拉非片、盐酸达泊西汀、吡拉西坦系列、左乙拉西坦系列、长春西汀、盐酸吗啡注射液、盐酸吗啡片、盐酸羟考酮注射液、复方甘草系列、氨酚待因片、克度/齐多夫定片、克度/齐多夫定胶囊、依非韦伦、齐多拉米双夫定片、地衣芽孢杆菌（整肠生）、铝碳酸镁咀嚼片、复方丙谷胺西咪替丁片（珍稀渭）、对乙酰氨基酚片、去痛片、非那西丁、普瑞巴林、那可丁糖浆、枸磺新啶片、甲硝唑片、替硝唑片、马来酸氨氯地平、维格列汀、恩格列净、氨酚伪麻那敏口服溶液、氨酚烷胺片、HIV、HBV、HCV、HPV、TB分子诊断试剂、养颜护肤系列化妆品、药食同源功能饼干、其他(含其他业务收入)、制剂销售、原料销售,baostock+akshare
000598.SZ,兴蓉环境,A股,D46水的生产和供应业,,自来水的生产和供应、污水处理、供排水管网建设、垃圾渗滤液处理、污泥处置、垃圾焚烧发电及中水处理等业务。 产品：自来水制售、污水处理服务、供排水管网工程、垃圾渗滤液处理、垃圾焚烧发电、污泥处置、中水,baostock+akshare
000599.SZ,青岛双星,A股,C29橡胶和塑料制品业,,轮胎产品的研发、生产及销售。 产品：轮胎、其他(补充),baostock+akshare
000600.SZ,建投能源,A股,D44电力、热力生产和供应业,,投资、建设、运营管理以电力生产为主的能源项目。 产品：火力发电电量、光伏发电电量、火力发电热量、热力供应、餐饮住宿服务、能源服务、商贸流通,baostock+akshare
000601.SZ,韶能股份,A股,D44电力、热力生产和供应业,机器人应用,能源（电力、供热、供汽）、生态植物纤维制品、精密（智能）制造。 产品：电力、热力、汽车零配件（精密制造）、生态纸餐具、纸浆、原纸、成品纸、纸浆、原纸、成品纸、汽车零配件(精密制造),baostock+akshare
000603.SZ,盛达资源,A股,B09有色金属矿采选业,,贵金属、有色金属矿的采选和销售。 产品：铅精粉（含银）、锌精粉（含银）、银精粉（含金）、铜金混合精粉、银锭、黄金、含银铅精粉（银单独计价）、含银锌精粉（银单独计价）、含金银精粉（金单独计价）、铜金混合精粉（金单独计价）、含镍产品、含铜产品、铅精粉(含银)、银精粉(含金)、锌精粉(含银),baostock+akshare
000605.SZ,渤海股份,A股,D46水的生产和供应业,,原水开发供应，区域间调水，粗质水，自来水生产及输送，优质地下水高附加值经营，直饮水，城镇集中式供水，水务新技术研发应用，水环境治理的基础设施的投资建设及运营管理，市政及园区污水处理工程的投资，固废危废处置及资源再利用，清洁能源供暖业务。 产品：原水、自来水、供热、环境治理,baostock+akshare
000607.SZ,华媒控股,A股,L72商务服务业,,广告策划发布、报刊发行与印刷、教育等。 产品：广告策划发布、报刊发行与印刷、教育、广告及策划、教育培训及技术服务、户外广告、报刊发行业,baostock+akshare
000608.SZ,阳光股份,A股,K70房地产业,,商业运营管理、物业租赁及房屋销售。 产品：房地产销售、商业租赁、写字楼租赁、商业运营,baostock+akshare
000609.SZ,*ST中迪,A股,S91综合,,投资及投资管理、房地产开发。 产品：房地产、房地产业务、其他,baostock+akshare
000610.SZ,*ST西旅,A股,L72商务服务业,,酒店业务、旅行社业务、商贸业务、住房租赁、酒店管理等。 产品：酒店业务、旅行社业务、商贸业务、游乐园、物业租赁、房地产业务、酒店业,baostock+akshare
000612.SZ,焦作万方,A股,C32有色金属冶炼和压延加工业,,铝冶炼及压延加工，配套火力发电。 产品：铝液、铝锭及铝合金制品、电解铝及铝产品、铝锭、铝合金,baostock+akshare
000615.SZ,*ST美谷,A股,Q84卫生,,生物基纤维业务和医疗美容服务业务。 产品：生物基纤维、医疗美容服务、仓储业务,baostock+akshare
000617.SZ,中油资本,A股,J66货币金融服务,,综合性金融服务。 产品：金融业务、财务公司业务、金融租赁业务、信托业务、保险业务、保险经纪业务、证券业务、信用增进业务、资产管理业务、股权投资业务、数字化智能化业务、利息收入、已赚保费、手续费及佣金收入,baostock+akshare
000619.SZ,海螺新材,A股,C29橡胶和塑料制品业,,塑料型材、铝型材、门窗、生态家居、模具等产品的生产、销售以及科研开发。 产品：塑料型材及板材、铝型材、门窗、塑料型材、生态家居、模具、环保材料,baostock+akshare
000620.SZ,盈新发展,A股,K70房地产业,,文旅景区开发运营、酒店管理、旅行社、房地产开发、建筑施工、物业服务、规划设计。 产品：商品房销售、文旅综合行业、其他(补充),baostock+akshare
000623.SZ,吉林敖东,A股,C27医药制造业,,中药、化学药品的研发、制造与销售。 产品：中药、化学药品、安神补脑液、小儿柴桂退热口服液、养血饮口服液、注射用核糖核酸II、肾复康片、血府逐瘀口服液、少腹逐瘀颗粒、龟芪参口服液、注射用盐酸平阳霉素、伸筋片、注射用丁二磺酸腺苷蛋氨酸、金芪降糖胶囊、注射用盐酸地尔硫卓、脑心舒口服液、生脉饮口服液、孕康颗粒、感冒清热胶囊、复方金银花颗粒、羚贝止咳糖浆、利脑心胶囊、维D2乳酸钙片、鼻炎宁颗粒、磷酸奥司他韦胶囊、金莲花口服液、注射用卡络磺钠、杜蛭丸、断血流胶囊、连锁药店批发和零售,baostock+akshare
000625.SZ,长安汽车,A股,C36汽车制造业,,整车研发、制造和销售以及发动机的研发、生产。 产品：新能源乘用车、新能源商用车、销售商品、提供劳务及其他,baostock+akshare
000626.SZ,远大控股,A股,F51批发业,,作物科学、贸易、特种油脂三大领域。 产品：塑胶类商品贸易、橡塑类商品贸易、液化类商品贸易、金属类商品贸易、农产品类商品贸易、其他类商品贸易、作物科学、特种油脂、物流代理服务,baostock+akshare
000628.SZ,高新发展,A股,E47房屋建筑业,,建筑施工，功率半导体器件的设计、开发、制造和销售，数字能源业务，智慧城市建设、运营及相关服务业务以及厨柜制造等。 产品：建筑施工、功率半导体业务、其他业务（含数字能源业务）、其他业务(含数字能源业务),baostock+akshare
000629.SZ,钒钛股份,A股,C32有色金属冶炼和压延加工业,,钒钛制品生产、加工和应用业务。 产品：钒产品、钛精矿、钛渣、钛白粉、电、钢材、钢材制品、钛产品、其他,baostock+akshare
000630.SZ,铜陵有色,A股,C32有色金属冶炼和压延加工业,,有色金属、贵金属的生产、加工、销售；化工产品的生产、加工及销售等。 产品：铜产品、黄金等副产品、化工、阴极铜、硫酸、黄金、白银、铜箔及铜板带、化工及其他产品,baostock+akshare
000631.SZ,顺发恒能,A股,K70房地产业,,清洁能源发电业务、综合智慧能源服务、房地产业和物业服务。 产品：电力、天然气发电及供热、物业服务、其他(补充),baostock+akshare
000632.SZ,ST三木,A股,F51批发业,,进出口贸易、城市产业发展、经营性物业运营管理和创业投资等业务。 产品：建筑材料和金属材料、商品房及土地开发、化工产品、日用百货、船舶物料、食品与食品加工、机电产品、纸制品、交通运输设备、其他,baostock+akshare
000633.SZ,合金投资,A股,C32有色金属冶炼和压延加工业,,镍基合金材料的生产与销售业务、新能源重卡运输业务。 产品：合金线材、合金棒材、运输服务、Inconel718、Inconel625、MonelK500、MonelR405、电阻电热合金材料、特种焊接材料、汽车火花塞电极合金材料、石油化工用高强度耐蚀合金材料、精密合金材料、测温材料,baostock+akshare
000635.SZ,英 力 特,A股,C26化学原料和化学制品制造业,,电石及其系列延伸产品的生产和销售；聚氯乙烯、烧碱及其系列延伸产品的生产和销售；特种树脂生产及销售；电力、热力的生产及销售。 产品：PVC、E-PVC、烧碱、电力、热力及其他化工产品、餐饮住宿、其他业务、电石、通用型聚氯乙烯、糊状聚氯乙烯、烧碱等氯碱类产品,baostock+akshare
000636.SZ,风华高科,A股,C39计算机、通信和其他电子设备制造业,,研制、生产、销售电子元器件及电子材料等。 产品：电容、电阻、电感、超级电容、滤波器、电子材料、结构件、MLCC、瓷介电容、铝电解电容、厚膜电阻、薄膜电阻、合金电阻、压敏电阻、热敏电阻、叠层电感、功率电感、绕线电感、超级电容器、陶瓷滤波器、陶瓷谐振器、陶瓷熔断器、陶瓷基板、电子元器件及电子材料、其他(补充),baostock+akshare
000637.SZ,茂化实华,A股,C26化学原料和化学制品制造业,,石油化工产品的生产及销售经营。 产品：聚丙烯、液化石油气、特种白油、乙醇胺、异丁烷、甲基叔丁基醚（MTBE）、碳九、双氧水、自产产品、外购产品、其他业务,baostock+akshare
000639.SZ,ST西王,A股,C13农副食品加工业,,食用植物油、运动营养品及体重管理相关的营养补给品的研发、生产和销售。 产品：食品加工、植物油、营养补给品、其他,baostock+akshare
000650.SZ,仁和药业,A股,C27医药制造业,,药品及大健康产品的生产和销售。 产品：中西药、原料药、健康相关产品、口服固体制剂、口服液体制剂、大容量注射剂、小容量注射剂、外用洗剂、搽剂、栓剂、软膏剂、药品、其他(补充),baostock+akshare
000651.SZ,格力电器,A股,C38电气机械和器材制造业,,消费电器及其配件的生产及销售。 产品：家用空调、暖通设备、冰箱、洗衣机、热水器、厨房电器、环境电器、消费电器、工业制品及绿色能源、其他(补充),baostock+akshare
000652.SZ,泰达股份,A股,F51批发业,,生态环保、区域开发、能源贸易和股权投资。 产品：贸易商品、广陵新城项目、垃圾处理及发电、商品房、纺织及滤材,baostock+akshare
000655.SZ,金岭矿业,A股,B08黑色金属矿采选业,,铁矿石开采，铁精粉、球团矿的生产、销售及机械加工与销售。 产品：铁精粉、球团矿、铜精粉、球团、其他(补充),baostock+akshare
000656.SZ,*ST金科,A股,K70房地产业,,房地产开发、建筑工程施工、市政公用工程施工、建筑设计、建筑装修装饰工程等。 产品：房地产销售及运营、酒店经营、其他(补充),baostock+akshare
000657.SZ,中钨高新,A股,C33金属制品业,,钨精矿、硬质合金和钨、钼、钽、铌等有色金属及其深加工产品和装备的研制、开发、生产、销售及贸易业务等。 产品：切削刀具及工具、其他硬质合金、难熔金属、精矿及粉末产品、贸易及装备业务、整体刀具、数控刀具、切削刀片、棒材、矿用合金、轧辊（含顶锤）、异型、精密零件、传统合金、钻掘工具、成品工具、钨钼制品、钽铌制品、钨精矿、萤石精矿、硬质合金及钨产品,baostock+akshare
000659.SZ,珠海中富,A股,C29橡胶和塑料制品业,,碳酸饮料、热灌装饮料、饮用水和啤酒包装用PET瓶、PET瓶胚、标签、外包装薄膜、胶罐的生产与销售，并同时为企业提供碳酸饮料、饮用水、茶饮料、无菌灌装、热灌装饮料代加工服务。 产品：饮料包装制品、饮料加工、胶罐业务、碳酸饮料、热灌装饮料、饮用水、啤酒包装用PET瓶、PET瓶胚、标签、外包装薄膜、胶罐、处置投资性房地产,baostock+akshare
000661.SZ,长春高新,A股,C27医药制造业,药企/生物科技,生物制药及中成药的研发、生产和销售。 产品：生物制剂、化学药品、疫苗、中成药、注射用人生长激素、重组人生长激素注射液、注射用重组人促卵泡激素、重组人促卵泡激素注射液、醋酸曲普瑞林注射液、伏欣奇拜单抗、屋尘螨变应原制剂、醋酸甲地孕酮口服混悬液、口腔凝胶、水痘减毒活疫苗、带状疱疹减毒活疫苗、冻干鼻喷流感减毒活疫苗、鼻喷流感减毒活疫苗、银花泌炎灵片、清胃止痛微丸、血栓心脉宁片、疏清颗粒、基因工程/生物类药品、房地产,baostock+akshare
000663.SZ,永安林业,A股,A02林业,,以森林经营和板材家居为主业，涵盖种质种苗、造林营林、森林碳汇开发与交易、生态修复、板材家居产品研发制造及相关技术服务等业务。 产品：原木、高密度纤维板、中密度纤维板系列产品、木材二次加工产品、其他(补充)、木材,baostock+akshare
000665.SZ,湖北广电,A股,I63电信、广播电视和卫星传输服务,,基于有线电视宽带网络和通信基站向社会公众、集团客户提供综合信息服务。 产品：电视收视业务、宽带业务、节目传输业务、广电5G业务、政企业务、商品销售业务、广告业务、电视业务收入、信息化应用收入、宽带业务收入、其他,baostock+akshare
000668.SZ,荣丰控股,A股,K70房地产业,,房地产开发与经营、跨境物流业务以及少量的电商直播业务。 产品：房地产销售、出租物业、电商直播、跨境物流、房地产销售收入、跨境物流业务收入、出租物业收入,baostock+akshare
000669.SZ,ST金鸿,A股,D45燃气生产和供应业,,天然气综合利用，包括气源开发与输送、长输管网建设与管理、城市燃气经营与销售、车用加气站投资与运营、LNG点供、分布式能源项目开发与建设等。 产品：天然气、管输费、工程安装、设计费、矿产、矿产收入,baostock+akshare
000670.SZ,盈方微,A股,F51批发业,存储芯片,电子元器件分销和集成电路芯片的研发、设计和销售。 产品：射频芯片、指纹芯片、电源芯片、存储芯片、被动元件、综合类元件、主动件类产品、被动件类产品、SoC芯片,baostock+akshare
000672.SZ,上峰材料,A股,C30非金属矿物制品业,,水泥熟料、水泥、特种水泥、混凝土等建材产品的生产制造和销售。 产品：熟料、水泥、砂石骨料、混凝土、环保处置、房地产、光伏发电,baostock+akshare
000676.SZ,智度股份,A股,L72商务服务业,,互联网媒体业务、数字营销业务及其他业务。 产品：互联网媒体服务、数字营销业务、其他业务,baostock+akshare
000677.SZ,ST海龙,A股,C17纺织业,,高性能高模低缩浸胶涤纶帘子布、帆布、涤纶丝的生产与销售。 产品：帘帆布、高性能高模低缩浸胶涤纶帘子布、帆布、其他,baostock+akshare
000678.SZ,襄阳轴承,A股,C36汽车制造业,,轴承及其零部件的生产、科研、销售及相关业务。 产品：轴承、等速万向节、轮毂轴承单元、其他,baostock+akshare
000679.SZ,大连友谊,A股,F52零售业,,以零售业、酒店业、房地产业为主，其它策略性投资为补充。 产品：一般商品零售、保税商品零售、其他,baostock+akshare
000680.SZ,山推股份,A股,C35专用设备制造业,,建筑工程机械、矿山机械、农田基本建设机械、收获机械及配件的研究、开发、制造、销售、租赁、维修及技术咨询服务。 产品：工程机械主机产品、工程机械配件及其他、推土机、挖掘机、装载机、道路机械、矿卡、混凝土机械设备、零部件、其他(补充),baostock+akshare
000681.SZ,视觉中国,A股,I64互联网和相关服务,,提供优质正版图片、视频等视觉内容及增值服务。 产品：视觉内容与服务、AI赋能的数字内容版权交易平台、AI驱动的创意定制服务平台、数据服务、其他(补充),baostock+akshare
000682.SZ,东方电子,A股,I65软件和信息技术服务业,机器人应用,调度及云化业务、输变电自动化业务、智能配用电业务、新能源及储能、综合能源及虚拟电厂、工业互联网及智能制造。 产品：调度及云化业务、输变电自动化业务、智能配用电业务、综合能源及虚拟电厂、新能源及储能业务、工业互联网及智能制造,baostock+akshare
000683.SZ,博源化工,A股,C26化学原料和化学制品制造业,,天然碱和煤制尿素两大板块业务。 产品：纯碱、小苏打、尿素,baostock+akshare
000685.SZ,中山公用,A股,D46水的生产和供应业,,环保水务、固废处理、环卫服务、工程建设、市场运营、新能源、港口客运与股权投资等。 产品：供水及污水处理、垃圾发电及新能源、工程及其他业务,baostock+akshare
000686.SZ,东北证券,A股,J67资本市场服务,,财富管理业务、投资银行业务、投资与销售交易业务和资产管理业务等。 产品：财富管理业务、投资银行业务、投资与销售交易业务、资产管理业务、财富业务、证券自营业务、证券资产管理业务、基金管理业务,baostock+akshare
000688.SZ,国城矿业,A股,B09有色金属矿采选业,,有色金属采选及资源循环综合利用业务。 产品：钼精矿、锌精矿、铅精矿、铜精矿、银精矿、硫铁粉、硫精矿、硫酸、次铁精矿、钛白粉、工业硫酸,baostock+akshare
000690.SZ,宝新能源,A股,D44电力、热力生产和供应业,,能源电力业务。 产品：电力、原材料、发电副产品、销售原材料,baostock+akshare
000691.SZ,亚太实业,A股,C26化学原料和化学制品制造业,,精细化工产品中的医药中间体、农药中间体的研发、生产和销售业务。 产品：化工产品、吡啶类、硝化类、硫化物、化工产品-吡啶类、化工产品-非吡啶类,baostock+akshare
000692.SZ,惠天热电,A股,D44电力、热力生产和供应业,,为城市居民及非居民用户提供供热及工程服务。 产品：供暖供气、供暖工程、材料销售、其他,baostock+akshare
000695.SZ,滨海能源,A股,C30非金属矿物制品业,锂电材料,人造石墨负极材料的研发、生产与销售。 产品：负极材料及代工、其他(补充),baostock+akshare
000697.SZ,炼石航空,A股,C37铁路、船舶、航空航天和其他运输设备制造业,,民用飞机零部件加工制造，航空发动机、燃气轮机用单晶叶片精密铸造。 产品：商用航空部件、其他航空部件、航空精密零部件、结构件及单晶涡轮叶片、其他(补充),baostock+akshare
000698.SZ,ST沈化,A股,C26化学原料和化学制品制造业,,氯碱化工产品生产和销售以及聚醚化工产品生产和销售。 产品：糊树脂、烧碱、丙烯酸及脂、聚醚,baostock+akshare
000700.SZ,模塑科技,A股,C36汽车制造业,,汽车保险杠等汽车外饰系统及轻量化零部件的研发、生产和销售。 产品：塑化汽车装饰件、专用装备定制、资产出租、医疗服务、机床铸件、材料、汽车零部件制造业、专用装备及模具制造,baostock+akshare
000701.SZ,厦门信达,A股,F51批发业,,有色金属和黑色大宗商品贸易业务。 产品：贸易、信息产品、数智科技、互联网、租赁,baostock+akshare
000702.SZ,正虹科技,A股,C13农副食品加工业,,研发生产销售饲料产品、生猪养殖、饲料原料销售。 产品：饲料、饲料原料、牲猪、饲料销售、牲猪销售、饲料原料销售,baostock+akshare
000703.SZ,恒逸石化,A股,C28化学纤维制造业,,石化化纤业务、“石化+”业务。 产品：炼油产品、化工产品、PTA、PIA、涤纶产品,baostock+akshare
000705.SZ,浙江震元,A股,F51批发业,,医药流通、医药工业、中药饮片和健康产品及服务。 产品：中药材、中药饮片、中成药、化学原料药、化学药制剂、抗生素、生化药品、生物制品、商业-零售、商业-批发、工业-制剂,baostock+akshare
000707.SZ,双环科技,A股,C26化学原料和化学制品制造业,,生产与销售纯碱、氯化铵及其他化工产品。 产品：纯碱、氯化铵、联碱及其他化工产品、其他(补充),baostock+akshare
000708.SZ,中信特钢,A股,C31黑色金属冶炼和压延加工业,,特殊钢棒材、特殊钢线材、特种板材、无缝钢管、特冶锻材、延伸加工产品六大板块。 产品：特殊钢棒材、特殊钢线材、特种钢板、特种无缝钢管、特种板材、无缝钢管、特冶锻材、延伸加工产品,baostock+akshare
000709.SZ,河钢股份,A股,C31黑色金属冶炼和压延加工业,,黑色金属的冶炼和加工。 产品：板材、棒材及型材、线材、钢坯、气体、水电等其他产品、钒产品、棒材、型材、五氧化二钒（片剂、粉剂）、氧化钒、钒铁、氮化钒铁、钒铝合金、气体、水电等其他产品,baostock+akshare
000710.SZ,贝瑞基因,A股,M74专业技术服务业,,出生缺陷三级预防及罕见病诊断。 产品：试剂、医学检测服务、基础科研服务、设备、智能体业务、试剂销售,baostock+akshare
000711.SZ,ST京蓝,A股,C42废弃资源综合利用业,,工业固体废物无害化处置及二次资源综合回收、土壤修复等业务。 产品：工业固体废物无害化处置、二次资源综合回收、土壤修复、有色金属、其他,baostock+akshare
000712.SZ,锦龙股份,A股,J67资本市场服务,,证券公司业务。 产品：证券公司业务、经纪、投资咨询、财务顾问、承销与保荐、证券自营、资产管理、基金代销、期货IB、直接投资、融资融券、证券经纪业务、总部(含中山证券总部)、信用交易业务,baostock+akshare
000713.SZ,国投丰乐,A股,A05农、林、牧、渔专业及辅助性活动,,种子、农化和香料产业。 产品：种子类、农化类、香料类、杂交玉米种子、青贮玉米种子、杂交水稻种子、常规水稻种子、小麦种子、西瓜甜瓜种子、农药、化肥、天然薄荷、合成凉味剂、农化产品、种子产品、香料产品,baostock+akshare
000715.SZ,中兴商业,A股,F52零售业,,以商业零售为主要业务，经营业态包括百货、超市、网络购物平台等。 产品：商业零售、零售、服务费,baostock+akshare
000716.SZ,黑芝麻,A股,C14食品制造业,,生产销售黑芝麻系列及其他食品、饮料，从事农产品贸易、农产品初加工及电商服务等。 产品：冲调产品、休闲产品、饮品产品、大米产品、冲饮食品、第三方品牌电商业务(含服务费)、硒食品,baostock+akshare
000717.SZ,中南股份,A股,C31黑色金属冶炼和压延加工业,,钢铁冶金产品的生产与销售。 产品：板材、螺纹钢、线材、钢坯、焦化产品、品牌运营、直条螺纹、建筑用盘条、中厚板材、工业线材,baostock+akshare
000718.SZ,苏宁环球,A股,K70房地产业,,房地产开发与销售。 产品：房地产、医美及生物医药、酒店、房地产业、其他,baostock+akshare
000719.SZ,中原传媒,A股,R86新闻和出版业,,出版物的编辑、生产和市场销售。 产品：出版业务、发行业务、物资销售业务、印刷业务、其他、其他(补充),baostock+akshare
000720.SZ,新能泰山,A股,C38电气机械和器材制造业,,电线电缆生产、产业园开发及综合资产运营。 产品：电缆业务、产业园业务、电力电缆、通信光缆、矿用电缆、电器装备用电线电缆、裸电线、产业园、电缆、租赁及物业服务、其他(补充),baostock+akshare
000721.SZ,西安饮食,A股,H62餐饮业,,餐饮服务及食品加工与销售。 产品：餐饮服务、食品工业、餐饮收入、其他收入、其他(补充),baostock+akshare
000722.SZ,湖南发展,A股,D44电力、热力生产和供应业,,水力发电、光伏发电等清洁能源项目投资建设以及批发砂石及分销。 产品：清洁能源、自然资源、投资管理、服务业及其他,baostock+akshare
000723.SZ,美锦能源,A股,C25石油、煤炭及其他燃料加工业,新能源车/储能,煤炭、焦化、天然气、化产品、氢燃料电池汽车为主的新能源汽车等商品的生产销售。 产品：煤焦化产品及副产品、新能源车辆及运营,baostock+akshare
000725.SZ,京东方Ａ,A股,C39计算机、通信和其他电子设备制造业,,显示器件业务、物联网创新业务、传感业务、MLED业务、智慧医工业务。 产品：显示器件业务、物联网创新业务、传感业务、MLED业务、智慧医工业务,baostock+akshare
000726.SZ,鲁  泰Ａ,A股,C17纺织业,,生产销售中、高档衬衫用色织布面料、印染面料、成衣等产品。 产品：面料产品、服装产品、电、汽、电和汽,baostock+akshare
000727.SZ,冠捷科技,A股,C39计算机、通信和其他电子设备制造业,,智能显示终端产品的研发、制造、销售与服务。 产品：显示器产品、电视产品、其他产品,baostock+akshare
000728.SZ,国元证券,A股,J67资本市场服务,,综合金融服务的提供。 产品：财富信用业务、自营业务、投资银行业务、资产管理业务、期货业务、国际业务、自营投资业务、其他业务,baostock+akshare
000729.SZ,燕京啤酒,A股,C15酒、饮料和精制茶制造业,,啤酒、水、饮料等制造和销售。 产品：啤酒、水、九龙斋酸梅汤、燕京纳豆、倍斯特汽水、桶装饮用水、瓶装饮用水、饲料、其他(补充)、其他,baostock+akshare
000731.SZ,四川美丰,A股,C26化学原料和化学制品制造业,,尿素、复合肥、车用尿素、三聚氰胺、硝酸铵、包装塑料制品及LNG（液化天然气）等产品的制造与销售。 产品：尿素、复合肥、车用尿素、三聚氰胺、天然气供应、其他,baostock+akshare
000733.SZ,振华科技,A股,C39计算机、通信和其他电子设备制造业,,新型电子元器件的研发、生产与销售，并提供相关配套技术服务。 产品：基础元器件、电子功能材料、混合集成电路、应用开发、新型电子元器件、现代服务业,baostock+akshare
000735.SZ,罗 牛 山,A股,A03畜牧业,,生猪养殖与销售、生猪屠宰与销售、冷链仓储及物流业务、房地产开发及高职教育服务业务。 产品：生猪、肉制品、冷链物流服务、教育、商品房、商品猪、仔猪、白条及分割品、代宰服务、第三方冷链物流服务、教学服务、房地产、畜牧养殖、其他,baostock+akshare
000736.SZ,中交发展,A股,K70房地产业,,物业服务和资产管理与运营（包括商业管理及自持物业租赁）等轻资产业务。 产品：房地产销售、物业服务（含资产管理与运营）、物业服务(含资产管理与运营)、其他,baostock+akshare
000737.SZ,北方铜业,A股,C32有色金属冶炼和压延加工业,,铜金属的开采、选矿、冶炼及压延加工。 产品：阴极铜、黄金、白银、工业硫酸、铜合金带材、压延铜箔、贵金属、铜带及压延铜箔等,baostock+akshare
000738.SZ,航发控制,A股,C37铁路、船舶、航空航天和其他运输设备制造业,,航空发动机控制系统产品研制、生产及销售。 产品：航空发动机及燃气轮机控制系统、国际合作、控制系统技术衍生产品,baostock+akshare
000739.SZ,普洛药业,A股,C27医药制造业,临床服务/CDMO;药企/生物科技,创新药研发生产服务（CDMO）、原料药中间体、药品等研发、生产和销售以及进出口贸易业务。 产品：原料药中间体、创新药研发生产服务、药品,baostock+akshare
000750.SZ,国海证券,A股,J67资本市场服务,,财富管理业务、企业金融服务业务、销售交易与投资业务、投资管理业务、研究业务。 产品：零售财富管理业务、企业金融服务业务、投资管理业务、销售交易与投资业务、研究业务、证券经纪业务、期货经纪业务、代理销售金融产品业务、权益融资业务、固定收益融资业务、证券自营业务、金融市场业务、资产管理业务、公募基金管理业务、私募投资基金业务、信用业务、财富管理业务、其他业务,baostock+akshare
000751.SZ,锌业股份,A股,C32有色金属冶炼和压延加工业,,锌、铜及深加工产品，以及硫酸、镉、铟、硫酸铜等综合利用产品的生产与销售。 产品：锌及锌合金、阴极铜、精铅、硫酸、有色金属贸易、其他产品,baostock+akshare
000752.SZ,*ST西发,A股,C15酒、饮料和精制茶制造业,,啤酒的生产与销售。 产品：啤酒、普通瓶装啤酒、小瓶啤酒、绿色听装啤酒、“拉萨啤酒-青稞系列”、白听装啤酒、绿听装啤酒、普通瓶装啤酒628ml*12、小瓶啤酒“3650”330ml*24、绿色听装啤酒355ml*24,baostock+akshare
000753.SZ,漳州发展,A股,F52零售业,机器人本体/集成;新能源车/储能,数智科技、新能源、水资源开发利用、燃油车销售业务。 产品：信息系统集成、电力销售、自来水生产、污水处理、工程施工、汽车销售、燃油车、新能源车、其中:汽车销售-新能源车、其中:汽车销售-燃油车,baostock+akshare
000755.SZ,山西高速,A股,G54道路运输业,,高速公路管理与运营。 产品：高速公路特许经营权项目、经营性路通行费收入、服务区收入、其他收入,baostock+akshare
000756.SZ,新华制药,A股,C27医药制造业,,开发、制造和销售化学原料药、制剂及化工产品。 产品：解热镇痛类等原料药、片剂、针剂、胶囊剂等制剂、医药中间体及其他、片剂、针剂、胶囊剂等制剂,baostock+akshare
000757.SZ,浩物股份,A股,F52零售业,,汽车销售及服务和汽车零部件的研发、制造与销售业务。 产品：机械配件、整车销售、汽车后市场服务、汽车整车销售、维修保养服务、综合服务、发动机曲轴、电机轴,baostock+akshare
000758.SZ,中色股份,A股,B09有色金属矿采选业,锂电材料,有色金属采选与冶炼和国际工程承包。 产品：有色金属采选与冶炼、国际工程承包、装备制造、铅精矿、锌精矿、镀锌、锌基合金、氧化锌、副产品硫酸、国际工程总承包、大型隔膜泵、承包工程、有色金属产品、冶金机械,baostock+akshare
000759.SZ,中百集团,A股,F52零售业,,商业零售。 产品：商业零售、商品销售收入、其他(补充),baostock+akshare
000761.SZ,本钢板材,A股,C31黑色金属冶炼和压延加工业,,钢铁冶炼、压延加工、发电、煤化工、特钢棒材、铁路、进出口贸易、科研、产品销售等。 产品：汽车面板、家电板、石油管线钢、集装箱板、船板、钢板、其他,baostock+akshare
000762.SZ,西藏矿业,A股,B09有色金属矿采选业,锂电资源,铬铁矿、锂精矿的生产、加工和销售。 产品：锂精矿（普通）、锂精矿（立体）、碳酸锂、氯化钾、铬铁矿、碳酸锂及锂精矿、锂精矿(普通),baostock+akshare
000766.SZ,通化金马,A股,C27医药制造业,,医药产品的研发、生产与销售。 产品：复方嗜酸乳杆菌片、风湿祛痛胶囊、清肝健脾颗粒、芩石利咽口服液、乳酸亚铁口服液、生化药、中成药、原料药,baostock+akshare
000767.SZ,晋控电力,A股,D44电力、热力生产和供应业,,电力商品、热力商品生产和销售；燃料、材料、电力高新技术、电力物资的开发销售。 产品：火电电力、风电电力、光伏电力、水电电力、热力、燃煤、检修服务,baostock+akshare
000768.SZ,中航西飞,A股,C37铁路、船舶、航空航天和其他运输设备制造业,,军用大中型飞机整机、军民用航空零部件产品的研发、制造、销售、维修与服务。 产品：航空产品、军用飞机整机、飞机零部件、其他,baostock+akshare
000776.SZ,广发证券,A股,J67资本市场服务,,投资银行业务、财富管理业务、交易及机构业务和投资管理业务。 产品：投资银行业务、财富管理业务、交易及机构业务、投资管理业务、股权融资、债务融资、财务顾问、财富管理及经纪业务、融资融券、回购交易、融资租赁、权益投资及交易、固定收益销售及交易、股权衍生品销售及交易、另类投资、投资研究、资产托管、资产管理、公募基金管理、私募基金管理,baostock+akshare
000777.SZ,中核科技,A股,C34通用设备制造业,,工业用阀门的研发、生产、销售及服务。 产品：石油石化产品、核工程阀门产品、其他阀门、锻件、闸阀、截止阀、止回阀、球阀、蝶阀、调节阀,baostock+akshare
000778.SZ,新兴铸管,A股,C33金属制品业,,加工、生产和销售离心球墨铸铁管及管件、钢铁冶炼及压延产品、铸造制品、钢塑复合管、钢格板、特种钢管等。 产品：新兴铸管、新兴钢材、新兴铸造、新兴管材、新兴格板、新兴储能、智慧水务、铸管及铸造产品、优特钢、普钢、其他产品,baostock+akshare
000779.SZ,甘咨询,A股,M74专业技术服务业,,工程咨询服务。 产品：前期咨询、规划、勘察设计、工程监理、技术服务、工程施工,baostock+akshare
000782.SZ,恒申新材,A股,C28化学纤维制造业,,锦纶6切片的生产与销售、纺丝、针织、印染。 产品：切片、锦纶丝、纺织印染布、锦纶6切片、锦纶6纤维,baostock+akshare
000783.SZ,长江证券,A股,J67资本市场服务,,提供证券及期货经纪、代销金融产品、投资顾问服务、资产托管、融资融券等服务。 产品：经纪及证券金融业务、证券自营业务、投资银行业务、资产管理业务、另类投资及私募股权投资管理业务、海外业务、经纪及证券金融业务分部、证券自营业务分部、另类投资及私募股权投资管理业务分部,baostock+akshare
000785.SZ,居然智家,A股,L72商务服务业,,连锁家居卖场业务、数智化创新业务、购物中心及现代百货超市业务、智能家装业务。 产品：租赁、加盟管理业务、装修服务、社会消费品、商品销售、租赁及其管理业务,baostock+akshare
000786.SZ,北新建材,A股,C30非金属矿物制品业,,石膏板、防水系统、涂料业务。 产品：轻质建材、防水建材、涂料建材、石膏板、纸面石膏板、轻钢龙骨、烤漆龙骨、矿棉吸音板、防水材料、装饰板、岩棉、粒状棉、涂料、砂浆、钢制板式散热器、五金件、金邦板、水泥瓦、型材、门窗、国内外建筑材料、装饰材料、技术转让开发及服务、防水卷材、其他,baostock+akshare
000788.SZ,北大医药,A股,C27医药制造业,,化学药品制剂的研发、生产和销售，医药流通以及医疗服务等业务。 产品：注射用头孢曲松钠、注射用美罗培南、注射用头孢米诺钠、盐酸莫西沙星注射液、盐酸克林霉素棕榈酸酯颗粒、萘丁美酮胶囊、塞来昔布胶囊、右酮洛芬片、右酮洛芬胶囊、盐酸丁螺环酮片、奥氮平片、制剂药、药品、医药器械及试剂,baostock+akshare
000789.SZ,万年青,A股,C30非金属矿物制品业,,硅酸盐水泥、商品混凝土、骨料及新型墙材的生产及销售。 产品：水泥、混凝土、骨料、贸易、其他、普通硅酸盐水泥、复合硅酸盐水泥、硅酸盐水泥熟料、商品混凝土、新型墙材,baostock+akshare
000790.SZ,华神科技,A股,C27医药制造业,药企/生物科技,中西成药、生物制药及大健康产品的研发、生产和销售。 产品：中西成药、医疗器械、钢结构制作安装服务、大健康饮品及服务,baostock+akshare
000791.SZ,甘肃能源,A股,D44电力、热力生产和供应业,,火力发电、水力发电、风力发电和光伏发电，未经营售电业务。 产品：电力、火电产品、水电产品、风电产品,baostock+akshare
000792.SZ,盐湖股份,A股,C26化学原料和化学制品制造业,锂电资源,钾肥、碳酸锂等化学原料及制品的生产与销售。 产品：氯化钾、碳酸锂、钾产品、锂产品、其他,baostock+akshare
000793.SZ,*ST华闻,A股,R86新闻和出版业,,从事文旅业务、传媒业务等的经营。 产品：信息传播服务业、视频信息服务、网络游戏、综合体管理服务、休闲观光旅游活动,baostock+akshare
000795.SZ,英洛华,A股,C30非金属矿物制品业,,钕铁硼永磁材料、电机系列产品、健康器材产品以及电子声学产品的研发、生产和销售。 产品：钕铁硼、电机系列、电动轮椅及代步车系列、音响扬声器类、钕铁硼永磁材料、电机系列产品、健康器材产品、电子声学产品,baostock+akshare
000796.SZ,凯撒旅业,A股,L72商务服务业,,旅游业务、食品业务、目的地文旅业务。 产品：旅游服务、航空配餐及服务、铁路配餐及服务、食品饮料业务、目的地业务、旅游产品、航空及铁路配餐,baostock+akshare
000797.SZ,中国武夷,A股,K70房地产业,,国内综合地产与国际工程、供应链综合服务、物业服务及创新投资。 产品：建筑产品、房地产开发产品、商业贸易、物业服务、租赁、房地产开发与销售、工程承包、商品贸易,baostock+akshare
000798.SZ,中水渔业,A股,A04渔业,,远洋水产品的捕捞、储运、销售和进出口以及紫菜、海带等产品的加工及销售等。 产品：金枪鱼、鱿鱼、其它渔获物、渔业服务、零售及加工贸易,baostock+akshare
000799.SZ,酒鬼酒,A股,C15酒、饮料和精制茶制造业,,馥郁香型白酒系列产品的生产和销售。 产品：内参系列、酒鬼系列、湘泉系列、其他系列、酒水销售、其他(补充),baostock+akshare
000800.SZ,一汽解放,A股,C36汽车制造业,,商用车整车的研发、生产和销售。 产品：重型、中型、轻型卡车、客车、以及发动机、变速箱、车桥、商用车、备品及其他,baostock+akshare
000801.SZ,四川九洲,A股,C39计算机、通信和其他电子设备制造业,服务器与终端,空中交通管理及相关航电设备、低空装备系统的研发、制造和销售。 产品：地面装备应用、机载装备应用、低空装备应用、空管信息系统、空管二次雷达、多点定位系统、场面监视雷达、多普勒甚高频全向信标、测距仪、通信电台、航管模拟训练系统、机载防撞系统、机载ADS-B、机载应答机、机载询问机、交通监视系统、客舱广播内话系统、低空协同运行管理系统、低空检测与适航测试系统、飞行服务站、混合物流系统、无人机综合航电系统、智能终端产品、空管产品、微波射频,baostock+akshare
000802.SZ,北京文化,A股,R87广播、电视、电影和录音制作业,,影视文化业务，包含电影、电视剧网剧、演艺演出、艺人经纪、文化旅游等业务板块。 产品：电影、电视剧网剧、演艺演出、经纪及服务、电视剧及网剧,baostock+akshare
000803.SZ,山高环能,A股,N77生态保护和环境治理业,,有机餐厨固废领域的无害化处理与废弃油脂资源化利用及城市清洁供暖业务。 产品：油脂产品加工和销售、环保无害化处理、供暖业务、节能环保装备与配套工程、有机固废领域的无害化处理与资源化利用业务、餐厨废油脂深度资源化业务、城市清洁供暖业务,baostock+akshare
000807.SZ,云铝股份,A股,C32有色金属冶炼和压延加工业,,铝土矿开采、氧化铝、电解铝、铝加工及铝用炭素生产和销售。 产品：氧化铝、铝用阳极炭素、石墨化阴极、重熔用铝锭、重熔用精铝锭、变形铝及铝合金圆铸锭、变形铝及铝合金扁铸锭、铸造铝合金锭、电工圆铝杆、铝及铝合金焊材、电解铝、铝加工产品、其他,baostock+akshare
000809.SZ,和展能源,A股,C38电气机械和器材制造业,,风机混塔装备制造、新能源投资开发、新能源工程承包及电力交易。 产品：风机钢混塔架、并网型风能、太阳能发电业务、直连型一体化业务、新能源项目EPC服务、发电交易代理、用户侧交易/售电代理、独立储能投评收入测算、电价预测与实时监测、直连型一体化项目配置规划、混塔业务、工程、铁合金,baostock+akshare
000810.SZ,创维数字,A股,C39计算机、通信和其他电子设备制造业,服务器与终端,智能终端业务、专业显示业务以及运营服务业务。 产品：智能终端、专业显示、运营服务、数字智能机顶盒、融合终端、宽带网络连接设备、XR（VR/MR/AR）解决方案及终端与智能眼镜、智能技术应用产品、云电脑、网络摄像机,baostock+akshare
000811.SZ,冰轮环境,A股,C34通用设备制造业,,高效节能通用设备制造。 产品：工业制冷设备/系统、暖通空调装备、绿能装备、数智工业、螺杆式压缩机、离心式压缩机、活塞式压缩机、涡旋式压缩机、吸收式制冷机、工业热泵、储能蓄能装置、真空冻干设备、速冻装置、换热设备、船用制冷设备、海洋工程装备、多联机、压力容器、精密铸件、包装仓储产线、氢能装备、工业产品销售、工程施工、其他产品,baostock+akshare
000812.SZ,陕西金叶,A股,C23印刷和记录媒介复制业,,教育事业、烟草配套产业、医养产业。 产品：烟标、烟用丝束、咀棒、社会产品、教学、贸易、烟用丝束、咀棒,baostock+akshare
000813.SZ,德展健康,A股,C27医药制造业,,药品的研发、生产和销售。 产品：药品销售、材料销售、药品、其他、其他(补充),baostock+akshare
000815.SZ,美利云,A股,C22造纸和纸制品业,数据中心/云厂商,数据中心业务和光伏业务。 产品：云业务、光伏发电、彩色纸、文化纸、云板块业务及其他、光伏业务,baostock+akshare
000816.SZ,智慧农业,A股,C34通用设备制造业,,动力及终端设备的研发、制造与销售、有色金属矿采选、智慧农业领域相关软硬件技术研发及应用解决方案提供。 产品：柴油机、汽油机、有色金属、动力及终端产品、金属矿产品、零部件,baostock+akshare
000818.SZ,航锦科技,A股,C26化学原料和化学制品制造业,,“化工、电子、智算算力”三大板块协同发展。 产品：烧碱、环氧丙烷、聚醚、聚氯乙烯、氯化苯、液氯、智算算力、化工-液碱、化工-环氧丙烷、化工-其他、化工-聚醚,baostock+akshare
000819.SZ,岳阳兴长,A股,C25石油、煤炭及其他燃料加工业,,化工产品生产及销售；石油制品制造及销售；合成材料制造及销售；塑料制品及销售等。 产品：化工产品、石油制品、合成材料、塑料制品、甲基叔丁基醚、液化石油气、丙烯、工业异辛烷、邻甲酚、煅烧石油焦、特种聚丙烯、能源化工、化工新材料、成品油,baostock+akshare
000820.SZ,*ST节能,A股,M74专业技术服务业,,钢铁、冶金等行业的工程技术与设计服务工作。 产品：工程设计+设备供货+安装+管理(EPCM)、工程设计咨询与技术服务、设备供货+安装（PC)、运维、维保、定制设备集成、工程设计+设备供货+安装(EPC)、工程项目建设,baostock+akshare
000821.SZ,ST京机,A股,C35专用设备制造业,机器人传感器,高端智能成套装备的研发、设计、制造、销售与服务。 产品：光伏设备、包装设备、锂电设备、组件自动化生产线、光伏组件全自动包装线、智能物料系统、AI机器视觉智能检测、智慧工厂管理系统,baostock+akshare
000822.SZ,山东海化,A股,C26化学原料和化学制品制造业,,纯碱、烧碱、溴素、氯化钙、小苏打等产品的生产和销售。 产品：纯碱、烧碱、小苏打、溴素、氯化钙,baostock+akshare
000823.SZ,超声电子,A股,C39计算机、通信和其他电子设备制造业,PCB,印制线路板、液晶显示器及触摸屏、覆铜板及半固化片、超声电子仪器的研制、生产和销售。 产品：印制线路板、液晶显示器、覆铜板、液晶显示器及触摸屏、覆铜板及半固化片、超声电子仪器,baostock+akshare
000825.SZ,太钢不锈,A股,C31黑色金属冶炼和压延加工业,,不锈钢及其它钢材、钢坯、钢锭、黑色金属、铁合金、金属制品的生产、销售；钢铁生产所需原辅材料的国内贸易和进出口等业务。 产品：不锈钢、冷轧硅钢、碳钢热轧卷板、火车轮轴钢、合金模具钢、不锈钢材、普通钢材、普碳钢坯,baostock+akshare
000826.SZ,*ST启环,A股,N78公共设施管理业,,数字环卫业务、水务生态业务和固废处置业务。 产品：环卫服务业务、自来水及污水处理业务、固体废物处理业务、市政施工与环保设备安装及技术咨询业务,baostock+akshare
000828.SZ,东莞控股,A股,G54道路运输业,新能源车/储能,高速公路经营管理、新能源汽车充换电、融通租赁及商业保理业务。 产品：交通运输辅助业务、融资租赁业务、商业保理业务、新能源汽车充电业务、通行费收入、保理业务收入、新能源汽车充电业务收入,baostock+akshare
000829.SZ,天音控股,A股,F51批发业,服务器与终端,智能终端销售业务、电商业务、彩票业务、移动转售和移动互联网业务。 产品：通信产品销售、零售电商、彩票业务、通信产品维修、其他,baostock+akshare
000830.SZ,鲁西化工,A股,C26化学原料和化学制品制造业,,化工新材料、基础化工、化肥产品及其他业务。 产品：化工新材料产品、基础化工产品、化肥产品、聚碳酸酯、己内酰胺、尼龙6、甲酸、有机硅、丁醇、辛醇、甲烷氯化物、化工产品、其中:化工新材料、其中:基础化工,baostock+akshare
000831.SZ,中国稀土,A股,C32有色金属冶炼和压延加工业,,稀土资源开发、冶炼分离、精深加工、科技研发及技术咨询服务等业务。 产品：稀土氧化物、稀土金属、试剂收入、技术服务、其他(补充),baostock+akshare
000833.SZ,粤桂股份,A股,S91综合,,食糖、纸、纸浆、硫铁矿、硫酸、铁矿粉、磷肥等的生产、销售。 产品：白砂糖、赤砂糖、纸浆（机制浆）、特种纸（卷筒芯原纸、白卡原纸、防粘原纸、环保卡纸）、硫铁矿矿石（硫精矿、-3mm矿、块矿、手选矿）、硫酸、试剂酸（精制硫酸）、铁矿粉、磷肥、氨基磺酸、银粉、采矿业、化工业、机制糖、造纸业,baostock+akshare
000837.SZ,秦川机床,A股,C34通用设备制造业,机器人减速器;机器人本体/集成;机器人应用,精密数控机床与复杂工具的研发制造。 产品：数控磨齿机、精密磨床、车削中心、加工中心、自动化产线、滚动功能部件、刀具产品、工业机器人关节减速器、数控系统、机床类、零部件类、工具类,baostock+akshare
000838.SZ,*ST发展,A股,K70房地产业,,房地产开发。 产品：房地产销售、环保板块、房地产项目收入、环保板块收入、其他收入,baostock+akshare
000839.SZ,国安股份,A股,I65软件和信息技术服务业,,企业综合信息服务业务、有线电视网络业务、房地产业务。 产品：企业数智综合服务、房地产开发、物业管理、房地产开发与物业管理、其他,baostock+akshare
000848.SZ,承德露露,A股,C15酒、饮料和精制茶制造业,,植物蛋白饮料的生产和销售。 产品：杏仁露系列产品、果仁核桃系列产品、杏仁奶系列产品、水系列产品、植物饮料、其他(补充),baostock+akshare
000850.SZ,华茂股份,A股,C17纺织业,,各类纱线、坯布、面料、产业用布、无纺布等生产与销售及投资管理。 产品：聚乳酸纤维产品、纱线系列产品、聚乳酸纱线系列产品、坯布系列产品、面料系列产品、无纺布系列产品、纱线、布、其他(补充),baostock+akshare
000852.SZ,石化机械,A股,C35专用设备制造业,,油气开采高端装备研发制造及服务、油气集输、加氢制氢装备研发制造及服务、油气机械设备检测。 产品：石油机械设备、钻头及钻具、油气钢管、氢能装备、其他,baostock+akshare
000856.SZ,冀东装备,A股,C35专用设备制造业,,水泥装备制造及维修业务。 产品：高效水泥机械设备、矿山设备、机械备件、立磨、回转窑、篦冷机、堆取料机、移动破碎机、固定破碎机、固废、危废处置设备、以及辊套、衬板、专用耐磨焊丝、机械设备及备件、土建安装、矿山工程及恢复绿化、维修工程,baostock+akshare
000858.SZ,五 粮 液,A股,C15酒、饮料和精制茶制造业,,白酒生产和销售。 产品：酒类产品、非酒类产品、五粮液酒,baostock+akshare
000859.SZ,国风新材,A股,C29橡胶和塑料制品业,新能源车/储能,高分子功能膜材料、光电新材料、聚酰亚胺材料、绿色环保木塑新材料、新能源汽车轻量化材料的研发、采购、生产、销售。 产品：薄膜材料、新能源汽车配套材料、新型木塑材料、其他,baostock+akshare
000860.SZ,顺鑫农业,A股,C15酒、饮料和精制茶制造业,,白酒酿造与销售；种猪繁育、生猪养殖、屠宰及肉制品加工。 产品：白酒、猪肉、经典二锅头”、“传统二锅头”、“百年牛栏山”、“珍品牛栏山”、“陈酿牛栏山”、绵香型宁城老窖白酒、“小店”牌种猪、商品猪、“鹏程”牌生鲜、熟食制品、其他,baostock+akshare
000862.SZ,银星能源,A股,D44电力、热力生产和供应业,,新能源发电和新能源装备业务。 产品：新能源发电、新能源装备工程业务、风力发电、太阳能光伏发电、塔筒制造、风机整装、齿轮箱维修、风电及煤炭综采设备检修、其他(补充)、设备制造,baostock+akshare
000863.SZ,三湘印象,A股,K70房地产业,,房地产开发和文化演艺。 产品：文化演艺、房地产销售、房屋租赁、建筑施工,baostock+akshare
000868.SZ,安凯客车,A股,C36汽车制造业,,客车整车及汽车零部件的研发、制造、销售和服务于一体并坚持自主研发。 产品：客车整车、公路客车、公交客车、新能源客车、旅游客车、团体客车、景观车、整车、其他,baostock+akshare
000869.SZ,张  裕Ａ,A股,C15酒、饮料和精制茶制造业,,生产经营葡萄酒和白兰地。 产品：葡萄酒、白兰地、张裕、解百纳、爱斐堡、龙谕、长尾猫、黄金冰谷、醉诗仙、味美思、瑞那、巴保男爵、多名利、爱欧、歌浓和魔狮、可雅、醴泉、迷霓、派格尔、富郎多、旅游,baostock+akshare
000875.SZ,电投绿能,A股,D44电力、热力生产和供应业,,火电、水电、新能源的研发、生产和销售。 产品：煤电产品、风电产品、光伏产品、热力产品、电力、其中:火电、其中:光伏、其中:风电、热力,baostock+akshare
000876.SZ,新 希 望,A股,C13农副食品加工业,,饲料、生猪养殖与屠宰。 产品：饲料、猪产业、预混料、浓缩料、配合料、生猪养殖、屠宰、其他,baostock+akshare
000877.SZ,天山股份,A股,C30非金属矿物制品业,,水泥、熟料、商品混凝土和骨料的生产及销售。 产品：水泥熟料、商品混凝土、骨料、硅酸盐水泥、普通硅酸盐水泥等六大系列普通水泥、以及硫铝酸盐水泥、油井水泥、水工水泥、高温稠油水泥、抗硫酸盐硅酸盐水泥、超细硅酸盐水泥、道路硅酸盐水泥、核电工程用硅酸盐水泥、海工水泥、快凝快硬硫铝酸盐水泥、中热、低热硅酸盐水泥、普通砂浆及瓷砖胶,baostock+akshare
000878.SZ,云南铜业,A股,C32有色金属冶炼和压延加工业,,铜的勘探、采选、冶炼，贵金属和稀散金属的提取与加工，硫化工以及贸易等。 产品：阴极铜、硫酸、贵金属、黄金、白银、工业硫酸、钼、铂、钯、硒、碲、其他产品,baostock+akshare
000880.SZ,潍柴重机,A股,C34通用设备制造业,,开发、制造和销售船舶动力和发电设备市场用34-13600马力的中高速柴油机、发电机组、推进系统及动力集成系统，及80米以下尺寸的钢质、铝质、各类复合材质高性能船艇，并兼顾后市场业务及齿轮箱配套等产业。 产品：发动机、发电机组、船艇、配件及加工劳务、后市场及其他,baostock+akshare
000881.SZ,中广核技,A股,C26化学原料和化学制品制造业,,电子加速器研发与制造、辐照加工服务、新材料研发与制造、医疗健康业务及测控装备等业务。 产品：电子加速器、辐照加工、新材料、医疗健康、电子加速器及辐照加工、其他,baostock+akshare
000882.SZ,华联股份,A股,L72商务服务业,,购物中心运营管理业务、影院运营管理业务和商业保理业务。 产品：租赁、物业管理、联营专柜分成、社会消费品、电影放映及卖品、物业服务、租赁及物业管理,baostock+akshare
000883.SZ,湖北能源,A股,D44电力、热力生产和供应业,,能源投资、开发与管理。 产品：电力、天然气业务、煤炭贸易及中转仓储、热力供应,baostock+akshare
000885.SZ,城发环境,A股,N77生态保护和环境治理业,,固体废弃物处理业务、危险废物、医疗废物处置业务和有机垃圾处置业务。 产品：固体废弃物处理、环保方案集成服务、水处理、环境卫生服务、高速公路业务、固体废弃物处理业务、环境卫生服务业务、环保方案集成业务,baostock+akshare
000886.SZ,海南高速,A股,G54道路运输业,,交通业、服务业、文旅业及房地产业等业务。 产品：交通业、服务业、文旅业、房地产业,baostock+akshare
000887.SZ,中鼎股份,A股,C29橡胶和塑料制品业,,智能底盘系统业务-空气悬挂系统；智能底盘系统业务-轻量化底盘系统；流体管路系统；密封系统。 产品：空气悬挂系统、热管理系统、轻量化系统、减震系统、密封系统、智能底盘-橡胶业务、智能底盘-轻量化、其他,baostock+akshare
000888.SZ,峨眉山Ａ,A股,N78公共设施管理业,,峨眉山风景区游山票、客运索道、宾馆酒店服务以及其他相关旅游服务的经营。 产品：游山门票、客运索道、宾馆酒店服务、茶业、旅行社、客运索道收入、游山门票收入,baostock+akshare
000889.SZ,中嘉博创,A股,I65软件和信息技术服务业,,信息智能传输、通信网络维护的开发、设计和运营。 产品：通信网络维护、信息智能传输、通讯网络维护及相关业务、移动信息传输及相关业务,baostock+akshare
000890.SZ,法尔胜,A股,C33金属制品业,,生产、销售多种用途、不同规格的钢丝产品；生活垃圾渗滤液处理设备的开发、生产以及生活垃圾渗滤液处理设备的运营管理服务。 产品：金属制品、环保业务,baostock+akshare
000892.SZ,欢瑞世纪,A股,R87广播、电视、电影和录音制作业,,影视剧及衍生业务，影视剧的制作发行、艺人经纪、游戏及其他衍生业务。 产品：影视剧及衍生品、艺人经纪、电商,baostock+akshare
000893.SZ,亚钾国际,A股,C26化学原料和化学制品制造业,,钾盐矿开采、钾肥生产及销售业务。 产品：氯化钾、卤水、其他,baostock+akshare
000895.SZ,双汇发展,A股,C13农副食品加工业,,屠宰业及肉制品加工业。 产品：生鲜产品、包装肉制品、火腿肠类、火腿类、香肠类、酱卤熟食类、餐饮食材类、罐头类、生鲜猪产品、生鲜禽产品,baostock+akshare
000897.SZ,津滨发展,A股,K70房地产业,,房地产开发。 产品：房屋租赁、滨海国际、梅江H4项目、梅江H3项目、梅江H5项目、梅江H6项目、梅江H2项目、玛歌一期、天津体院北住宅项目、津汇红树湾项目、滨堡公司项目、土地整理、物业管理,baostock+akshare
000898.SZ,鞍钢股份,A股,C31黑色金属冶炼和压延加工业,,黑色金属冶炼及钢压延加工。 产品：钢压延加工业、热轧卷板、中厚板、冷轧板、镀锌板、彩涂板、冷轧硅钢、重轨、型材、无缝钢管、线材、钢材产品、其他,baostock+akshare
000899.SZ,赣能股份,A股,D44电力、热力生产和供应业,,火力、水力及新能源发电。 产品：电力、火电收入、光伏发电收入、水电收入,baostock+akshare
000900.SZ,现代投资,A股,G54道路运输业,,高速公路收费业务。 产品：长永、长潭高速、公路通行费、大宗商品贸易、道路运输业、商品贸易、其他,baostock+akshare
000901.SZ,航天科技,A股,C36汽车制造业,,航天应用、汽车电子、平台软件及感知设备等主要业务领域产品的研发、生产、加工、销售以及整体解决方案与运营服务。 产品：航天应用产品、汽车电子产品、平台软件、感知设备、其他产品(平台软件及感知设备),baostock+akshare
000902.SZ,新洋丰,A股,C26化学原料和化学制品制造业,,磷肥、复合肥的生产和销售。 产品：磷肥、常规复合肥、新型复合肥、磷酸一铵、氯基复合肥料、硫基复合肥料、尿基复合肥料、硝基复合肥料、掺混肥料、专用配方肥料、水溶肥料、缓控释肥料、有机肥料、微生物肥料、特种肥料、磷酸铁、磷复肥、精细化工、其他(补充),baostock+akshare
000903.SZ,ST云动,A股,C34通用设备制造业,,发动机业务和工业级电子产品业务。 产品：发动机、配件及其他、技术服务、工业级电子产品、车用柴油发动机、非道路柴油发动机、汽油发动机、燃气发动机、其他(补充),baostock+akshare
000905.SZ,厦门港务,A股,F51批发业,,散杂货码头装卸与堆存业务、临港综合物流服务和港口贸易三大业务板块。 产品：码头装卸与堆存、港口配套服务、综合供应链业务,baostock+akshare
000906.SZ,浙商中拓,A股,L72商务服务业,,供应链集成服务。 产品：大宗-黑色供应链、大宗-有色供应链、大宗-能源化工供应链、再生资源供应链、新能源供应链、农产品供应链、供应链集成服务、其他,baostock+akshare
000908.SZ,景峰医药,A股,C27医药制造业,,医药产品的研发、制造与销售。 产品：心脑血管领域产品、抗肿瘤领域产品、风湿骨病科疾病领域产品、妇儿领域产品、消化系统领域产品、烧烫伤领域产品、抗感染领域产品、医疗器械产品、抗炎镇痛产品、心脑宁胶囊、盐酸替罗非班注射用浓溶液、盐酸替罗非班氯化钠注射液、参芎葡萄糖注射液、注射用盐酸地尔硫卓、乐脉丸、注射用培美曲塞二钠、注射用盐酸吉西他滨、盐酸伊立替康注射液、注射用磷酸氟达拉滨、注射用奥沙利铂、来曲唑片、玻璃酸钠注射液（含玻璃酸钠原料药）、镇痛活络酊、通迪胶囊、骨筋丸胶囊、妇平胶囊、金鸡丸、儿童回春颗粒、射用泮托拉唑钠、注射用奥美拉唑钠、注射用兰索拉唑、复方胆通胶囊、消炎利胆胶囊、冰栀伤痛气雾剂、注射用盐酸克林霉素磷酸酯、注射用单磷酸阿糖腺苷、注射用更昔洛韦、复方柳唑气雾剂、伏立康唑片、医用透明质酸钠凝胶、氟比洛芬酯注射液、固体制剂、注射剂、其他,baostock+akshare
000909.SZ,*ST数源,A股,K70房地产业,,电子信息类产品的研制与销售、科技产业园区的开发与运营、商品贸易以及房地产开发。 产品：电子信息类、园区产业类、商贸类、房地产类,baostock+akshare
000910.SZ,大亚圣象,A股,C20木材加工和木、竹、藤、棕、草制品业,,地板和人造板的生产销售业务。 产品：地板、人造板、“圣象”强化木地板、三层实木地板、多层实木地板、PVC地板、“大亚”中高密度纤维板、刨花板、木地板、中高密度板、竹、石塑地板等,baostock+akshare
000911.SZ,*ST广糖,A股,C13农副食品加工业,,机制糖的生产与销售。 产品：机制糖、纸制品、甘蔗糖蜜、药用辅料（蔗糖）、蔗渣、自产糖、物流仓储、卫生护理用品,baostock+akshare
000912.SZ,泸天化,A股,C26化学原料和化学制品制造业,,尿素、复合肥、液氨、甲醇、液态硝铵、浓硝酸、稀硝酸、四氧化二氮、车用尿素等化工类产品的生产与销售。 产品：化肥产品、化工产品、其他产品、尿素、复合肥、液氨、甲醇、液态硝铵、浓硝酸、稀硝酸、四氧化二氮、车用尿素、其他(补充),baostock+akshare
000913.SZ,钱江摩托,A股,C37铁路、船舶、航空航天和其他运输设备制造业,,摩托车及核心零部件的研发、设计、制造、销售与全流程服务。 产品：摩托车、全地形车、电动自行车、零配件及其他、摩托车、全地形车及电动自行车、其他(补充),baostock+akshare
000915.SZ,华特达因,A股,C27医药制造业,,儿童医药和健康产品的研发、生产和销售业务。 产品：儿童药品、营养/保健食品、儿童健康用品、医药健康产品、其他、其他(补充),baostock+akshare
000917.SZ,电广传媒,A股,I63电信、广播电视和卫星传输服务,,文旅、投资、广告、游戏业务。 产品：广告制作代理、影视节目制作发行、网络传输服务、旅游业、房地产、艺术品经营、投资管理收入、移动新媒体业务、投资管理,baostock+akshare
000919.SZ,金陵药业,A股,C27医药制造业,,药品、医疗器械制造和销售，以及医康养护服务。 产品：中药、化学药品、原料药、医药中间体、医疗服务、脉络宁注射液、脉络宁口服液、琥珀酸亚铁片、琥珀酸亚铁缓释片、香菇多糖注射液、吸收性明胶海绵、康养护服务,baostock+akshare
000920.SZ,沃顿科技,A股,C26化学原料和化学制品制造业,,复合反渗透膜、纳滤膜及其他膜分离材料产品的研制、生产、销售。 产品：复合反渗透膜、纳滤膜、其他膜分离材料、反渗透膜、超滤膜、膜产品、植物纤维制品、膜分离工程,baostock+akshare
000921.SZ,海信家电,A股,C38电气机械和器材制造业,,冰箱、家用空调、中央空调、冷柜、洗衣机、厨房电器等电器产品以及汽车空调压缩机及综合热管理系统的研发、制造和营销。 产品：暖通空调、冰箱、冷柜、洗衣机、厨房电器、汽车空调压缩机、汽车综合热管理系统、冰洗、其他主营,baostock+akshare
000922.SZ,佳电股份,A股,C38电气机械和器材制造业,,各类电机、电气控制及系统成套设备等，同时承接各类电机的节能改造、再制造以及维修维保业务。 产品：防爆电机、起重冶金电机、矿用电机、同步电机、核用电机、风机、压缩机、屏蔽电机、电泵、普通电机、永磁电机、直流电机、电动机及服务、核电产品、其他(补充),baostock+akshare
000923.SZ,河钢资源,A股,B08黑色金属矿采选业,,铜、铁矿石和蛭石的开采、加工、销售。 产品：磁铁矿、铜、蛭石,baostock+akshare
000925.SZ,众合科技,A股,C37铁路、船舶、航空航天和其他运输设备制造业,,轨道交通机电工程、单晶硅及其制品的产销，污水处理设施的运维。 产品：通用高安全可靠计算机平台、通用工业数字平台、轨道交通信号系统、单晶硅及其制品、自动售检票系统,baostock+akshare
000926.SZ,福星股份,A股,K70房地产业,,房地产开发与销售，以及金属制品的研发、生产与销售。 产品：房地产、金属制品、子午轮胎钢帘线、钢丝、钢丝绳、钢绞线、其他,baostock+akshare
000927.SZ,中国铁物,A股,L72商务服务业,,铁路产业综合服务、供应链集成服务、综合物流服务。 产品：铁路物资供应链集成服务业务、铁路运营维护业务、工程集成服务业务、生产物资供应链集成服务业务、铁路综合物流业务、危险品物流业务、铁路产业综合服务、供应链集成服务、综合物流服务,baostock+akshare
000928.SZ,中钢国际,A股,E48土木工程建筑业,,工程总承包和工业服务；在低碳冶金、矿业、节能安全环保等领域，为客户提供系统解决方案。 产品：工程总承包、工程单机备件、工程咨询与服务,baostock+akshare
000929.SZ,兰州黄河,A股,C15酒、饮料和精制茶制造业,,啤酒、饮料、麦芽、果汁等产品的生产与销售。 产品：啤酒、饮料、果汁、麦芽、啤酒业务、果汁业务、麦芽业务,baostock+akshare
000930.SZ,中粮科技,A股,C26化学原料和化学制品制造业,,燃料乙醇、食用酒精、淀粉、淀粉糖、柠檬酸、味精及其副产品的生产与销售。 产品：燃料乙醇类及其副产品、淀粉及其副产品、糖类、味精及其副产品、柠檬酸类及其副产品,baostock+akshare
000931.SZ,中 关 村,A股,C27医药制造业,,生物医药业务、养老医疗业务、商砼业务和其他业务。 产品：生物医药、商砼、养老医疗,baostock+akshare
000932.SZ,华菱钢铁,A股,C31黑色金属冶炼和压延加工业,,钢材产品的生产和销售。 产品：长材、板材、钢管、宽厚板、热冷轧薄板、线棒材、无缝钢管、其他业务及产品,baostock+akshare
000933.SZ,神火股份,A股,C32有色金属冶炼和压延加工业,,电解铝、铝合金、铝型材及延伸产品的生产、加工、销售；煤炭生产、洗选加工及销售等业务。 产品：电解铝、煤炭、铝箔、液铝、铝锭、无烟煤、贫瘦煤、电池铝箔、包装箔,baostock+akshare
000935.SZ,四川双马,A股,C30非金属矿物制品业,,生物医药研发生产企业、建材生产制造企业的产业投资及管理和私募股权投资基金管理。 产品：多肽类产品、水泥、骨料、私募股权投资基金管理,baostock+akshare
000936.SZ,华西股份,A股,C28化学纤维制造业,,涤纶化纤的研发、生产和销售，仓储物流服务业务。 产品：涤纶短纤维、仓储物流业务、水刺专用涤纶短纤维、半消光涤纶短纤维、涡流纺专用涤纶短纤维、有光涤纶短纤维、荧光增白涤纶短纤维、石化仓储物流业务、一般货物仓储业务、纺织品销售收入、码头仓储服务收入、其他(补充),baostock+akshare
000937.SZ,冀中能源,A股,B06煤炭开采和洗选业,,煤炭开采、加工及销售；PVC树脂、焦炭等化工产品生产及销售；玻璃纤维等建材产品生产及销售。 产品：煤炭、电力、建材、化工,baostock+akshare
000938.SZ,紫光股份,A股,C39计算机、通信和其他电子设备制造业,交换机/服务器;服务器与终端,提供全栈智能化的信息通信（ICT）基础设施、云与智能平台，以及数字化转型及智能化升级解决方案。 产品：网络设备、服务器、存储产品、云与智能、主动安全、智能终端、交换机、路由器、WLAN、SDN、PON、智能管理、运维服务、通用计算服务器、人工智能计算服务器、关键业务计算服务器、边缘计算服务器、企业级智能全闪存存储、企业级智能混合闪存存储、分布式存储、数据备份与保护、存储网络设备、云操作系统、虚拟化平台、超融合产品、大数据平台、数据库、边界安全、应用安全、数据安全、密码安全、工控安全、终端安全、安全管理、安全检测与审计、云安全、商用笔记本电脑、商用台式机、智慧云屏、AI工作站、ICT基础设施与服务、IT产品分销与供应链服务、其他(补充),baostock+akshare
000948.SZ,南天信息,A股,I65软件和信息技术服务业,,提供金融行业数字化综合解决方案和服务。 产品：软件开发及服务、智能渠道解决方案、集成解决方案、IT产品销售及产业互联网、创新业务,baostock+akshare
000949.SZ,新乡化纤,A股,C28化学纤维制造业,,化学纤维的生产和销售。 产品：氨纶纤维、生物质纤维素长丝、其他,baostock+akshare
000950.SZ,重药控股,A股,F51批发业,,医药商业、仓储物流、医药工业和研发等业务。 产品：药品、医疗器械、中药饮片、保健产品、批发、零售、其他(补充),baostock+akshare
000951.SZ,中国重汽,A股,C36汽车制造业,,重型载重汽车、重型专用车底盘、车桥等汽车配件的制造及销售业务。 产品：整车销售、配件销售、重型载重汽车、重型专用车底盘、车桥、其他,baostock+akshare
000952.SZ,广济药业,A股,C27医药制造业,,维生素原料产品的研发、生产和销售。 产品：原料系列产品、制剂系列产品、医药级、食品级、98%饲料级、80%饲料级核黄素及医药级、食品级核黄素磷酸钠、异VC钠、乳酸及乳酸盐系列产品、葡萄糖酸系列产品、淀粉系列产品、其他(补充),baostock+akshare
000953.SZ,中哲精化,A股,C27医药制造业,,医药中间体的研发、生产与销售以及尿素委托加工及销售。 产品：医药中间体、化工产品、尿素产品,baostock+akshare
000955.SZ,欣龙控股,A股,C17纺织业,,非织造新材料业务、医药健康及消费品业务、投资与贸易业务。 产品：非织造新材料业务、医药健康及消费品业务、投资与贸易业务、水刺无纺布、熔纺无纺布、医药批发、分销业务、家居清洁擦布、一次性棉柔巾、湿巾、天然橡胶、油品、水刺产品、贸易业务及其他、医药医疗,baostock+akshare
000957.SZ,中通客车,A股,C36汽车制造业,,客车制造。 产品：大型客车、中型客车、轻型客车、新能源客车、传统客车、其他,baostock+akshare
000958.SZ,电投产融,A股,D44电力、热力生产和供应业,,核电站建设、运营及管理。 产品：风电、煤电、热力、太阳能发电、建设、运营及管理核电站、核电,baostock+akshare
000959.SZ,首钢股份,A股,C31黑色金属冶炼和压延加工业,,钢铁产品和金属软磁材料(电工钢)的生产和销售。 产品：工业纯铁、热轧、冷轧、其他钢铁产品、其他(补充),baostock+akshare
000960.SZ,锡业股份,A股,C32有色金属冶炼和压延加工业,,锡、铜、锌、铟等金属矿的勘探、开采、选矿和冶炼。 产品：锡锭、锡材、铜产品、锌产品、供应链业务、其他产品、锌锭、铟锭,baostock+akshare
000962.SZ,东方钽业,A股,C32有色金属冶炼和压延加工业,,稀有金属钽、铌及合金等的研发、生产、销售和进出口业务。 产品：钽铌及其合金制品、钛及钛合金制品、钽金属及合金制品、铌金属及合金制品、其他,baostock+akshare
000963.SZ,华东医药,A股,F52零售业,,药品的研发、生产和销售。 产品：商业、制造业、医美业务、医美,baostock+akshare
000965.SZ,天保基建,A股,K70房地产业,,房地产开发、物业出租、物业管理等业务。 产品：房地产开发、物业出租、物业管理、房地产销售,baostock+akshare
000966.SZ,长源电力,A股,D44电力、热力生产和供应业,,电力、热力生产和经营。 产品：电力、热力、煤炭、电力及热力销售、粉煤灰销售、其他,baostock+akshare
000967.SZ,盈峰环境,A股,C35专用设备制造业,数据中心/云厂商,环保装备的研发、销售、维修及运营服务，环卫运营服务，环境治理设施的运营服务，环境工程、环保工程、市政工程，通风机、风冷、水冷、空调设备的销售。 产品：智能装备、智慧服务、智云计算、其他产品,baostock+akshare
000968.SZ,蓝焰控股,A股,B07石油和天然气开采业,,煤层气勘查、开发与利用及煤矿瓦斯治理。 产品：煤层气销售、气井建造工程、煤层气业务、煤层气井建造业务、煤层气运输业务,baostock+akshare
000969.SZ,安泰科技,A股,C33金属制品业,半导体材料,高端粉末冶金材料及制品产业、先进功能材料及器件产业、高品质特钢及焊接材料产业三大业务。 产品：难熔钨钼精深加工制品业务、超硬及硬质金属材料业务、特种雾化制粉业务、金属注射成型业务、稀土永磁材料及制品业务、非晶、纳米晶材料及器件业务、特种合金业务、高品质特钢业务、高性能焊接材料业务、钨钼烧结制品、高比重合金制品、半导体用热沉基板、钼溅射靶材、钨铜复合组件、钨钽复合件、靶体插件、钨串型限制器、第一壁包层部件、金刚石常规工具、专业工具及工业工具产品、金刚石复合热管理材料及高性能硬质合金材料、一体成型电感粉末、金属磁粉芯粉末、MIM粉、金属注射成形制品、钕铁硼磁体及制品、非晶带材及制品、纳米晶带材及制品、精密合金、特种合金带材、电子级精密合金带材、高性能高速钢、粉末冶金工模具钢、喷射钢、高性能药芯焊丝、特种实芯焊丝、特种电焊条、焊带、埋弧焊丝及焊剂、先进功能材料及器件、特种粉末冶金材料及制品、高品质特钢及焊接材料,baostock+akshare
000970.SZ,中科三环,A股,C39计算机、通信和其他电子设备制造业,,钕铁硼永磁材料的研发、生产和销售。 产品：烧结钕铁硼、粘结钕铁硼永磁材料、磁材产品销售、其他(补充),baostock+akshare
000972.SZ,中基健康,A股,C13农副食品加工业,,大包装番茄酱、小包装番茄制品及番茄红素软胶囊等产品的研发、生产制造和销售。 产品：大桶番茄酱、番茄红素胶囊、小包装番茄制品、快消品、农产品销售、租赁服务、大桶原料酱、番茄红素,baostock+akshare
000973.SZ,佛塑科技,A股,C29橡胶和塑料制品业,,各类高分子功能薄膜与复合材料的生产与销售。 产品：光学薄膜、双向拉伸薄膜、渗析防护材料、塑编阻隔材料、其他新材料、染料系偏光片、碘系偏光片、3D眼镜偏光片、防雾片、防爆膜、粗化膜、金属化膜、BOPA膜、BOPP膜、透气膜、压花膜、无孔防水透汽膜、贴合布、防水透汽膜延伸品、复合包装布、农用编织布、篷布、彩条布、广告布、辐照管材、新材料母料、功能母料、专用料、功能光切片、共聚改性母料、聚氨酯浇注胶、聚氨酯混炼胶、聚氨酯制品、其他,baostock+akshare
000975.SZ,山金国际,A股,B09有色金属矿采选业,,贵金属和有色金属矿采选及金属贸易。 产品：合质金、合质金含银、铅锌精矿含银、锌精矿、铅精矿、铜贸易、锡锭贸易、白银贸易、锌锭贸易、铝贸易、黄金贸易、镍贸易、矿产金,baostock+akshare
000977.SZ,浪潮信息,A股,C39计算机、通信和其他电子设备制造业,交换机/服务器;数据中心/云厂商,为客户提供云计算、大数据、人工智能等各类创新IT产品和解决方案。 产品：服务器产品、存储类、交换类等产品、存储类、交换类等产品、其他(补充),baostock+akshare
000978.SZ,桂林旅游,A股,N78公共设施管理业,,游船客运、景区旅游业务、酒店、公路旅行客运、出租车业务等。 产品：景区旅游、漓江游船客运、漓江大瀑布饭店,baostock+akshare
000980.SZ,众泰汽车,A股,C36汽车制造业,,汽车整车研发、制造及销售。 产品：交通运输设备及服务、门业产品、汽车整车、汽车零部件、其他(补充),baostock+akshare
000981.SZ,山子高科,A股,C36汽车制造业,,汽车零部件、汽车整车等产品的研发、生产和销售。 产品：汽车动力总成、汽车安全气囊气体发生器、整车、房产销售、物业管理、酒店经营,baostock+akshare
000983.SZ,山西焦煤,A股,B06煤炭开采和洗选业,,煤炭的生产、洗选加工、销售及发供电，矿山开发设计施工、矿用及电力器材生产经营等。 产品：煤炭、电力热力、焦炭、化工产品、焦炭、焦油、电力、热力,baostock+akshare
000985.SZ,大庆华科,A股,C26化学原料和化学制品制造业,,危险化学品的生产和销售。 产品：C5馏分产品、C9馏分产品、石油树脂产品、液化石油气、商品丁烷、聚丙烯及其改性产品,baostock+akshare
000987.SZ,越秀资本,A股,J69其他金融业,,不良资产管理、融资租赁、私募基金管理和资本投资的研发、服务。 产品：新能源业务、融资租赁业务、不良资产管理业务、投资管理业务,baostock+akshare
000988.SZ,华工科技,A股,C39计算机、通信和其他电子设备制造业,机器人本体/集成;机器人应用,激光设备的生产与销售、激光防伪标识的生产与销售、敏感电子元器件的生产与销售、光通信电子元器件的生产与销售、计算机软件与信息系统集成等技术及产品的开发、研制、销售等业务。 产品：激光加工装备及智能制造产线、激光全息膜类系列产品、光电器件系列产品、敏感元器件,baostock+akshare
000989.SZ,九芝堂,A股,C27医药制造业,,以中药研发、生产和销售等业务为核心，逐步探索布局干细胞、中医医疗健康服务、药食同源系列大健康产品等创新业务。 产品：OTC、处方药、大健康产品、原料药、化工品,baostock+akshare
000990.SZ,诚志股份,A股,C26化学原料和化学制品制造业,药企/生物科技,一氧化碳、净化合成气等气体产品以及甲醇、乙烯、丁辛醇类等工业用化工产品的生产与销售，半导体显示用混合液晶材料（TN型、STN型、TFT型等系列）和显示用玻璃加工、生物制药及医药中间体产品的生产和销售、以及化工原料的相关贸易和医疗健康服务等。 产品：清洁能源产品、化工新材料产品、生命医疗服务,baostock+akshare
000993.SZ,闽东电力,A股,D44电力、热力生产和供应业,,电力生产与开发。 产品：电力销售、房地产销售、其他(补充),baostock+akshare
000995.SZ,皇台酒业,A股,C15酒、饮料和精制茶制造业,,白酒的生产与销售。 产品：白酒、葡萄酒、鲜葡萄、粮食白酒,baostock+akshare
000997.SZ,新 大 陆,A股,I65软件和信息技术服务业,服务器与终端,通过商户服务平台，为商户提供第三方支付服务、金融服务等商户综合运用服务；为电子支付行业和信息识别行业客户提供终端产品和系统解决方案；为移动通信行业和高速公路行业客户提供软件和系统开发等信息化服务。 产品：智能终端集群、行业数字化集群、数字支付终端业务、智能感知识别终端业务、商户运营及增值服务、电信运营商数字化服务、电子支付产品及信息识读产品、行业应用与软件开发及服务,baostock+akshare
000998.SZ,隆平高科,A股,A05农、林、牧、渔专业及辅助性活动,,构建起以水稻、玉米、小麦等主粮作物，黄瓜、辣椒、谷子、食葵等专精特新作物为主业，棉花、油料作物为拓展，种粮一体、农民培训、农业援外等农业服务为配套，覆盖“研、育、繁、推、服、管”全业务链条的产业体系。 产品：杂交水稻、玉米、小麦、水稻种子、玉米种子、蔬菜瓜果种子、向日葵种子、杂谷种子、农化、棉花、油菜、其他,baostock+akshare
000999.SZ,华润三九,A股,C27医药制造业,机器人应用,高质量医药健康产品创新研发和智能制造。 产品：自我诊疗（CHC）、处方药、包装印刷、药品、器械批发与零售、自我诊疗(CHC)、药品、器械批发与零售,baostock+akshare
001201.SZ,东瑞股份,A股,A03畜牧业,,生猪的养殖与销售、饲料生产与销售及屠宰加工业务。 产品：生猪、饲料、屠宰、肉食产品、商品猪、仔猪、种猪、白条肉、腊肉、腊肠、肉肠、肉丸、屠宰、肉食产品,baostock+akshare
001202.SZ,炬申股份,A股,G58多式联运和运输代理业,,物流综合服务与仓储综合服务。 产品：物流综合服务、仓储综合服务、多式联运业务、代理运输服务、自营运输服务、大宗商品的存储保管、装卸、货权转移登记、期货仓单制作、运输服务、其他(补充),baostock+akshare
001203.SZ,大中矿业,A股,B08黑色金属矿采选业,,铁矿石采选、铁精粉和球团生产销售、副产品机制砂石及硫酸的加工销售。 产品：铁精粉、球团、硫酸、锂辉石副产原矿,baostock+akshare
001205.SZ,盛航股份,A股,G55水上运输业,,国内沿海、长江中下游及国际散装液体化学品、成品油、液化气水上运输业务。 产品：化学品运输、油品运输、其他(补充),baostock+akshare
001206.SZ,依依股份,A股,C41其他制造业,,一次性卫生护理用品及无纺布的研发、生产和销售。 产品：宠物一次性卫生护理用品、个人一次性卫生护理用品、无纺布、宠物垫、宠物尿裤、其他宠物一次性卫生护理用品、护理垫（成人、婴儿）、其他个人一次性卫生护理用品,baostock+akshare
001207.SZ,联科科技,A股,C26化学原料和化学制品制造业,,二氧化硅产品和炭黑产品的研发、生产与销售。 产品：二氧化硅、炭黑、硅酸钠、其他(补充),baostock+akshare
001208.SZ,华菱线缆,A股,C38电气机械和器材制造业,,电线电缆的研发、生产及销售。 产品：电力电缆、电气装备用电缆、特种电缆、裸导线,baostock+akshare
001209.SZ,洪兴股份,A股,C18纺织服装、服饰业,,家居服饰研发、设计、生产与销售。 产品：家居服、内衣内裤、饰品及其他、面料,baostock+akshare
001210.SZ,金房能源,A股,D44电力、热力生产和供应业,,供热、供冷运营服务、节能改造服务和节能产品的研发、生产与销售。 产品：传统能源-供热运营、新能源-供热运营、节能改造服务及合同能源管理服务、蓄冷储能业务,baostock+akshare
001211.SZ,双枪科技,A股,C20木材加工和木、竹、藤、棕、草制品业,,日用餐厨具的研发、设计、生产、销售。 产品：筷子、砧板、签类、勺铲、其他餐厨具、其他产品、配件,baostock+akshare
001212.SZ,中旗新材,A股,C30非金属矿物制品业,,人造石英石装饰材料的研发、生产、销售和服务。 产品：人造石英石板材、人造石英石台面、板材、台面、石英砂/粉,baostock+akshare
001213.SZ,中铁特货,A股,G53铁路运输业,,特种货物物流服务。 产品：商品汽车物流、冷链物流、大件货物物流、油罐车业务、其他(补充),baostock+akshare
001215.SZ,千味央厨,A股,C14食品制造业,,面向餐饮企业的速冻面米制品的研发、生产和销售。 产品：主食类、小食类、烘焙甜品类、冷冻调理菜肴类及其他,baostock+akshare
001216.SZ,华瓷股份,A股,C30非金属矿物制品业,,日用陶瓷制品的研发、设计、生产和销售。 产品：日用陶瓷、陶瓷新材料、电瓷、餐具、茶具、酒瓶、咖啡具、洗漱具、装饰摆件、生物陶瓷块、耐磨氧化锆球、刚玉莫来石支柱、陶瓷支柱绝缘子、色釉陶瓷、釉下五彩,baostock+akshare
001217.SZ,华尔泰,A股,C26化学原料和化学制品制造业,,化工产品的研发、生产与销售。 产品：大宗化学品、氨基树脂系列、化工中间体、合成氨、硫酸、硝酸、三聚氰胺、双氧水、碳酸氢铵、甲醛、吗啉、苯二胺、其他,baostock+akshare
001218.SZ,丽臣实业,A股,C26化学原料和化学制品制造业,,表面活性剂和洗涤用品的研发、生产及销售。 产品：表面活性剂、洗涤用品、其他(补充),baostock+akshare
001219.SZ,青岛食品,A股,C14食品制造业,,饼干与花生酱等休闲食品的研发、生产及销售。 产品：饼干产品、花生酱、“青食”品牌钙奶饼干、“青食”品牌休闲饼干、“海友”品牌花生酱、其他产品,baostock+akshare
001220.SZ,世盟股份,A股,G54道路运输业,,为跨国制造企业提供定制化、一体化、嵌入式的供应链物流解决方案。 产品：运输业务、仓储业务、关务服务、干线运输服务、供应链综合物流服务、其中:供应链综合物流服务-运输业务、其中:供应链综合物流服务-关务服务,baostock+akshare
001221.SZ,悍高集团,A股,C33金属制品业,,家居五金及户外家具等产品的研发、设计、生产与销售业务。 产品：收纳五金、基础五金、厨卫五金、户外家具,baostock+akshare
001222.SZ,源飞宠物,A股,C41其他制造业,,宠物用品和宠物食品的研发、生产和销售。 产品：宠物零食、宠物牵引用具、宠物玩具、宠物干粮、宠物湿粮、畜皮咬胶系列、肉制咬胶系列、植物咬胶系列、时尚系列、基础系列、功能系列、反光系列、高强度系列、耐咬系列、绳结玩具、毛绒玩具、宠物主粮,baostock+akshare
001223.SZ,欧克科技,A股,C35专用设备制造业,,生活用纸智能装备、新能源锂电智能装备及薄膜材料的研发、生产、销售与服务，致力于为客户提供全自动智能装备、薄膜材料及综合性解决方案。 产品：生活用纸智能装备、薄膜材料、新能源锂电智能装备、全自动抽取式纸巾生产线、全自动卷纸生产线、全自动手帕纸生产线、全自动底部抽式纸巾生产线、全自动湿厕纸生产线、生活用纸薄膜包装材料、聚酰亚胺（PI）薄膜,baostock+akshare
001225.SZ,和泰机电,A股,C34通用设备制造业,,物料输送设备的研发、设计、制造和销售。 产品：板链斗式提升机、胶带斗式提升机、易损配件、其他输送机、NBC系列低速板链斗式提升机、NBH系列高速板链斗式提升机、TB系列板链斗式提升机、ZYL中央链斗式提升机、TGD型钢丝胶带斗式提升机、链条、料斗、钢丝胶带、其他配件,baostock+akshare
001226.SZ,拓山重工,A股,C34通用设备制造业,,工程机械零部件及总成研发、设计、生产、销售。 产品：工程机械零部件、链轨节、销套、支重轮、销轴、制动装置系列、废料、其他,baostock+akshare
001227.SZ,兰州银行,A股,J66货币金融服务,,银行业务、零售银行业务和普惠金融业务等。 产品：公司银行业务、零售银行业务、普惠金融业务、金融市场业务、理财业务、网络金融业务、金融科技、兰银金租、资金业务、零售金融业务,baostock+akshare
001228.SZ,永泰运,A股,L72商务服务业,,跨境化工物流供应链的设计、开发和服务。 产品：跨境化工物流供应链服务、仓储堆存服务、道路运输服务、供应链贸易服务,baostock+akshare
001229.SZ,魅视科技,A股,C39计算机、通信和其他电子设备制造业,,提供分布式视听与多模态AI视觉应用的解决方案。 产品：专用视听产品、AI系列产品、其他(补充),baostock+akshare
001230.SZ,劲旅环境,A股,N78公共设施管理业,机器人应用,环境卫生领域的投资运营管理服务及装备制造。 产品：智慧运营、智能制造、数字平台、先进机器人、设备制造与销售、其他(补充),baostock+akshare
001231.SZ,农心科技,A股,C26化学原料和化学制品制造业,,农药制剂产品的研发、生产、销售以及面向终端用户的技术推广服务。 产品：杀虫剂、杀菌剂、除草剂,baostock+akshare
001233.SZ,海安集团,A股,C29橡胶和塑料制品业,,全钢巨型工程子午线轮胎的研发、生产与销售，以及提供矿用轮胎运营管理服务。 产品：全钢巨胎、矿用轮胎运营管理、全钢巨胎销售、其他(补充),baostock+akshare
001234.SZ,泰慕士,A股,C18纺织服装、服饰业,,针织面料和针织服装的研发、生产和销售。 产品：运动服装、休闲服装、儿童服装、面料,baostock+akshare
001236.SZ,弘业期货,A股,J67资本市场服务,,商品期货经纪、金融期货经纪、期货投资咨询、资产管理、基金销售。 产品：期货经纪业务、资产管理业务、基金销售业务、期货投资咨询业务、风险管理业务、境外金融服务业务、金融资产投资业务、期货经纪及资产管理业务,baostock+akshare
001237.SZ,惠康科技,A股,C38电气机械和器材制造业,,制冷设备的研发、生产及销售。 产品：制冰机系列、冷柜、冰箱、酒柜系列、民用制冰机、商用制冰机、酒柜、冰激凌机、冰沙机、扎啤机、车载冰箱、制冰机,baostock+akshare
001238.SZ,浙江正特,A股,C21家具制造业,,遮阳制品、户外休闲家具的研发、生产和销售。 产品：遮阳制品、户外休闲家具、露营品类、星空篷、遮阳篷和遮阳伞、户外家具、储物用品、宠物屋、露营小车、露营椅、其他、休闲家具,baostock+akshare
001239.SZ,永达股份,A股,C33金属制品业,,大型专用设备金属结构件和高速重载齿轮锻件的研发、生产和销售。 产品：金属结构件、金属锻件、盾构机的盾体、刀盘体、矿山机械设备结构件、臂架及副臂、风电机组机舱底座、机座、高速重载齿轮锻件、齿轮轴锻件、齿圈锻件、金属锻件产品、金属结构件产品、其他(补充),baostock+akshare
001255.SZ,博菲电气,A股,C26化学原料和化学制品制造业,机器人本体/集成,电气绝缘材料等高分子复合材料的研发、生产与销售。 产品：绝缘树脂、槽楔与层压制品、绝缘系统集成、云母制品、纤维制品、绑扎制品、其他绝缘件,baostock+akshare
001256.SZ,炜冈科技,A股,C35专用设备制造业,,标签印刷设备的研发、生产和销售业务。 产品：间歇式PS版商标印刷机（胶印）、机组式柔性版印刷机、组合式高速全轮转（套筒）胶印机、数码印刷机雅致系列、数码印刷机Pro系列、数码柔印组合印刷机Ultra系列、层叠式柔性版印刷机、间歇・全轮转商标模切机、自动不干胶商标模切机、间歇式PS版商标印刷机(胶印)、其他设备,baostock+akshare
001257.SZ,盛龙股份,A股,B09有色金属矿采选业,,重要战略资源钼相关产品的生产、加工、销售。 产品：钼精矿、钼铁、钼产品、其他,baostock+akshare
001258.SZ,立新能源,A股,D44电力、热力生产和供应业,,风力发电、光伏发电项目的投资、开发、建设和运营。 产品：风力发电、光伏发电、购售电服务、购售电服务及其他,baostock+akshare
001259.SZ,利仁科技,A股,C38电气机械和器材制造业,,厨房小家电与家居小家电系列产品研发、设计、生产与销售。 产品：厨房小家电、家居小家电、非电类产品、电饼铛类、空气炸锅类、多功能锅类、电烧烤类、迷你洗衣机、除螨仪、封口机、香薰加湿器、蒸汽拖把、真空取酒器、水暖毯、厨房小家电电饼铛类、厨房小家电多功能锅类、厨房小家电其他,baostock+akshare
001260.SZ,坤泰股份,A股,C36汽车制造业,,汽车软内饰材料的研发、生产和销售。 产品：簇绒地毯、针刺地毯、汽车脚垫,baostock+akshare
001266.SZ,宏英智能,A股,C40仪器仪表制造业,,“智能电控产品”、“智能电控总成”和“电动化三电系统”的研发、生产及销售。 产品：智能控制板块、新能源板块、智能电控产品、智能电控总成、电动化三电系统、其他业务、光储充系统产品及服务、数字能源管理及智慧运维,baostock+akshare
001267.SZ,汇绿生态,A股,C39计算机、通信和其他电子设备制造业,光器件;光模块,光模块、AOC和光引擎为主的光通信产品的研发、生产和销售。 产品：园林工程、园林设计、苗木销售、光模块、AOC、光引擎、定制化产品,baostock+akshare
001268.SZ,联合精密,A股,C34通用设备制造业,,精密机械零部件的研发、生产及销售。 产品：各类压缩机零部件毛坯、活塞、气缸、轴承、曲轴、主壳体、刹车盘、精密件、铸件、加工服务,baostock+akshare
001269.SZ,欧晶科技,A股,C42废弃资源综合利用业,半导体材料,单晶硅棒硅片的生产和辅助材料资源回收循环利用，提供配套产品及服务。 产品：石英坩埚产品、硅材料清洗服务、切削液处理服务、光伏配套加工服务、石英坩埚、其他,baostock+akshare
001270.SZ,铖昌科技,A股,C39计算机、通信和其他电子设备制造业,,微波毫米波相控阵T/R芯片的研发、生产、销售和技术服务。 产品：高性能微波毫米波相控阵芯片、GaAs/GaN功率放大器芯片、GaAs低噪声放大器芯片、GaAs收发前端芯片、收发多功能放大器芯片、幅相多功能芯片、模拟波束赋形芯片、数控移相器芯片、数控衰减器芯片、功分器芯片、限幅器芯片、T/R芯片、研制技术服务,baostock+akshare
001277.SZ,速达股份,A股,C43金属制品、机械和设备修理业,,为煤矿机械设备中的液压支架提供后市场服务、煤矿机械前端市场领域和工程机械领域服务。 产品：维修与再制造、备品配件供应管理、专业化总包服务、二手设备租售、流体连接件,baostock+akshare
001278.SZ,一彬科技,A股,C36汽车制造业,,汽车零部件的设计、开发、生产和销售。 产品：塑料件、金属件、模具、内外饰塑料件、汽车电子件、新能源专用件及配套模具,baostock+akshare
001279.SZ,强邦新材,A股,C23印刷和记录媒介复制业,,印刷版材的研发、生产与销售。 产品：胶印版材、柔性版材、其他,baostock+akshare
001280.SZ,中国铀业,A股,B09有色金属矿采选业,,天然铀资源的采冶、销售及贸易，以及独居石、铀钼、钽铌等放射性共伴生矿产资源综合利用及产品销售。 产品：天然铀、氯化稀土、四钼酸铵、五氧化二钽、五氧化二铌、其中:天然铀-外购天然铀产品销售、其中:天然铀-自产天然铀产品销售、其中:天然铀-国际天然铀贸易,baostock+akshare
001282.SZ,三联锻造,A股,C36汽车制造业,,汽车锻造零部件的研发、生产和销售。 产品：汽车锻造零部件、轮毂轴承类产品、高压共轨类产品、球头拉杆类产品、转向节类产品、节叉类产品、其他类产品、产品销售、受托加工业务,baostock+akshare
001283.SZ,豪鹏科技,A股,C38电气机械和器材制造业,电芯,锂离子电池、镍氢电池的研发、设计、制造和销售。 产品：消费类应用场景新能源解决方案产品、储能类应用场景新能源解决方案产品、其他(补充),baostock+akshare
001285.SZ,瑞立科密,A股,C39计算机、通信和其他电子设备制造业,,机动车主动安全系统相关核心部件研发、生产和销售。 产品：机动车主动安全系统、铝合金精密压铸、气压电控制动系统、液压电控制动系统、电控空气悬架系统（ECAS）、智能驾驶产品、其他辅助主动安全零部件、技术服务、铝合金精密压铸业务、其他(补充),baostock+akshare
001286.SZ,陕西能源,A股,D44电力、热力生产和供应业,,火力发电、煤炭生产和销售。 产品：电力业务、煤炭业务、热力业务、电力、煤炭、热力,baostock+akshare
001287.SZ,中电港,A股,F51批发业,,电子元器件分销、设计链服务、供应链协同配套和产业数据服务。 产品：存储器、处理器、模拟器件、射频与无线连接、其他,baostock+akshare
001288.SZ,运机集团,A股,C34通用设备制造业,,以带式输送机为核心的节能环保型输送机械成套设备的研发、设计、生产和销售。 产品：通用带式输送机、管状带式输送机、水平转弯带式输送机、永磁电机、变频器、永磁电动滚筒、其他输送机相关产品、移置式带式输送机、伸缩式带式输送机、大倾角带式输送机、斗式提升机、螺旋输送机、输送机整机、永磁电机滚筒等、技术服务及备件,baostock+akshare
001289.SZ,龙源电力,A股,D44电力、热力生产和供应业,,风力、光伏发电业务。 产品：电力产品、热力产品、煤炭、其他收入,baostock+akshare
001296.SZ,长江材料,A股,C30非金属矿物制品业,,铸造用硅砂、覆膜砂和砂芯的研发、生产和销售；铸造废（旧）砂再生技术和设备的研发、生产；压裂支撑剂的研发、生产和销售。 产品：铸造材料、压裂支撑剂、铸件及其他,baostock+akshare
001298.SZ,好上好,A股,F51批发业,存储芯片,电子元器件分销。 产品：电子元器件分销、物联网产品设计及制造、芯片定制、SoC、MCU、存储芯片、无线传输芯片及模块、电源管理芯片、信号链芯片、功率器件、LED器件、传感器、光电器件及被动器件等各类电子元器件、物联网无线模组及配套解决方案、基于低功耗蓝牙技术（BLE）组网技术的全屋智能家居系统及相关产品、连续血糖监测（CGM）专用模拟器件、分销业务、其他(补充),baostock+akshare
001299.SZ,美能能源,A股,D45燃气生产和供应业,,城镇燃气的输配与运营业务。 产品：天然气销售、天然气设施设备安装、其他(补充),baostock+akshare
001300.SZ,三柏硕,A股,C24文教、工美、体育和娱乐用品制造业,,休闲运动与健身器材系列产品研发、设计、生产和销售。 产品：蹦床、健身器材、运动器材、备件附件,baostock+akshare
001301.SZ,尚太科技,A股,C30非金属矿物制品业,锂电材料;电芯,锂离子电池负极材料及碳素制品的研发、生产和销售。 产品：锂离子电池负极材料、碳素制品、其他(补充),baostock+akshare
001306.SZ,夏厦精密,A股,C34通用设备制造业,,研发、生产和销售小模数齿轮及相关产品。 产品：汽车齿轮、减速机及其配件、电动工具齿轮、智能家居齿轮、安防齿轮、设备和刀具、减速机及其他,baostock+akshare
001308.SZ,康冠科技,A股,C39计算机、通信和其他电子设备制造业,,智能显示产品的研发、设计、生产以及销售。 产品：智能交互平板、创新类显示产品、专业类显示产品、智能电视、智能交互显示产品,baostock+akshare
001309.SZ,德明利,A股,C39计算机、通信和其他电子设备制造业,SSD/存储模组,提供专业存储控制芯片及解决方案。 产品：固态硬盘、嵌入式存储、内存条、移动存储、存储卡模组、存储盘模组、固态硬盘类产品、嵌入式存储类产品、移动存储类产品,baostock+akshare
001311.SZ,多利科技,A股,C36汽车制造业,,汽车冲压、焊接总成零部件、功能性零部件、冲压模具、热成型及一体化压铸零部件的研发、生产与销售。 产品：汽车冲压零部件、焊接总成零部件、功能性零部件、冲压模具、热成型零部件、一体化压铸零部件、冲压和一体化压铸零部件、其他(补充),baostock+akshare
001312.SZ,福恩股份,A股,C17纺织业,,生态环保面料的研发、生产和销售。 产品：再生涤粘混纺面料、再生全涤面料、再生其他面料、原生涤粘混纺面料、原生全涤面料、原生其他面料,baostock+akshare
001313.SZ,粤海饲料,A股,C13农副食品加工业,,水产饲料的研发、生产与销售。 产品：饲料销售、动保产品销售、其他,baostock+akshare
001314.SZ,亿道信息,A股,C39计算机、通信和其他电子设备制造业,交换机/服务器;服务器与终端,消费类智能终端、加固类智能终端、XR/AI穿戴及AIoT产品等从研发、设计与生产交付，提供一站式解决方案。 产品：消费类智能终端、加固类智能终端、XR/AI穿戴产品、AIoT产品、消费类电脑及平板产品、AI服务器及AI工作站、AI软件解决方案、加固类智能终端产品、定制化收银机、智能POS机、智能运动设备、智能家居中控平台、智能硬件产品、其他(补充)、XR及AIoT产品,baostock+akshare
001316.SZ,润贝航科,A股,F51批发业,,集研发、生产及销售于一体的航空器材解决方案综合服务。 产品：自研产品、分销产品、高分子材料类、胶带胶膜类、航电气瓶类、客/货舱零部件、精细化工类、检测仪器类,baostock+akshare
001317.SZ,三羊马,A股,G58多式联运和运输代理业,,汽车整车综合物流服务、非汽车商品综合物流服务、仓储服务和信息服务业务。 产品：汽车整车综合物流服务、非汽车商品综合物流服务、仓储服务、其他(补充),baostock+akshare
001318.SZ,阳光乳业,A股,C14食品制造业,,液态乳、含乳饮料等产品的研发、生产、销售。 产品：低温乳制品系列、低温乳饮料系列、常温乳制品系列、常温乳饮料系列、常温乳饮料、常温乳制品、低温乳饮料、低温乳制品、乳粉,baostock+akshare
001319.SZ,铭科精技,A股,C36汽车制造业,新能源车/储能,汽车五金成型模具及工艺装备研发、汽车焊装自动化集成以及汽车金属结构件的冲压、焊接生产。 产品：新能源汽车金属结构件、燃油汽车金属结构件和其他金属结构件、新能源汽车精密模具、燃油汽车精密模具和其他精密模具,baostock+akshare
001322.SZ,箭牌家居,A股,C30非金属矿物制品业,,集研发、生产、销售与服务于一体，为消费者提供一站式智慧家居解决方案。 产品：卫生陶瓷、龙头五金、浴室家具、浴缸浴房、瓷砖,baostock+akshare
001323.SZ,慕思股份,A股,C21家具制造业,,床垫、床架、床品及其配套家居的研发、设计、生产和销售。 产品：床垫、床架、沙发、床品、其他,baostock+akshare
001324.SZ,长青科技,A股,C37铁路、船舶、航空航天和其他运输设备制造业,,轨道交通业务及建筑装饰业务。 产品：轨交车辆内饰业务、建筑装饰业务、检修业务、备品备件、车载乘客信息系统,baostock+akshare
001325.SZ,元创股份,A股,C29橡胶和塑料制品业,,橡胶履带类产品的研发、生产与销售。 产品：农用带、工程带、履带板、农用机械橡胶履带、工程机械橡胶履带、橡胶履带板,baostock+akshare
001326.SZ,联域股份,A股,C38电气机械和器材制造业,,中、大功率LED照明产品研发、生产与销售。 产品：LED灯具、LED光源、光源、配件,baostock+akshare
001328.SZ,登康口腔,A股,C26化学原料和化学制品制造业,,口腔护理用品的研发、生产与销售。 产品：成人牙膏、成人牙刷、儿童牙膏、电动牙刷、口腔医疗器械、口腔卫生用品、口腔美容与专业护理用品,baostock+akshare
001330.SZ,博纳影业,A股,R87广播、电视、电影和录音制作业,,电影业务、电影院业务、剧集业务、AI影视剧业务及其他业务。 产品：电影、剧集、AI影视剧、影院及院线,baostock+akshare
001331.SZ,胜通能源,A股,D45燃气生产和供应业,,LNG的采购、运输、销售以及原油、普货的运输服务。 产品：LNG销售业务、运输服务、成品油,baostock+akshare
001332.SZ,锡装股份,A股,C33金属制品业,,金属压力容器的研发、设计、制造、销售及相关技术服务。 产品：换热容器、分离容器、反应容器、储存容器、换热压力容器、反应压力容器、储存压力容器、分离压力容器,baostock+akshare
001333.SZ,光华股份,A股,C26化学原料和化学制品制造业,,粉末涂料用聚酯树脂产品研发、生产及销售。 产品：聚酯树脂、TGIC固化聚酯树脂、HAA固化聚酯树脂、IPDI固化聚酯树脂、环氧固化聚酯树脂、户外聚酯树脂、户内聚酯树脂、其他(补充),baostock+akshare
001335.SZ,信凯科技,A股,F51批发业,,有机颜料等着色剂的产品开发、销售及服务。 产品：偶氮颜料、杂环颜料、酞菁颜料、其他有机颜料、其它,baostock+akshare
001336.SZ,楚环科技,A股,C35专用设备制造业,,提供废气恶臭治理系统解决方案服务。 产品：废气恶臭治理设备、水处理设备、设备维修及运维服务、能源业务、其他(补充),baostock+akshare
001337.SZ,四川黄金,A股,B09有色金属矿采选业,,金矿资源开发及综合利用。 产品：金精矿、合质金、尾矿渣,baostock+akshare
001338.SZ,永顺泰,A股,C15酒、饮料和精制茶制造业,,麦芽的研发、生产和销售。 产品：麦芽、副产品及原材料、出口海运及管理咨询服务、销售麦芽产品、销售副产品及原材料、提供出口海运及管理咨询服务,baostock+akshare
001339.SZ,智微智能,A股,C39计算机、通信和其他电子设备制造业,,行业终端、ICT基础设施、工业物联网硬件产品及方案的研发、生产、销售及服务，及为客户提供端到端的智算中心全流程综合服务。 产品：行业终端、ICT基础设施、智算业务、工业物联网,baostock+akshare
001356.SZ,富岭股份,A股,C29橡胶和塑料制品业,,从事塑料餐饮具及纸制餐饮具研发、生产和销售。 产品：塑料餐饮具、生物降解材料餐饮具、纸制餐饮具,baostock+akshare
001358.SZ,兴欣新材,A股,C26化学原料和化学制品制造业,,有机胺类精细化学品的研发、生产和销售。 产品：哌嗪系列、酰胺系列、N-羟乙基哌嗪、脱硫脱碳剂、三乙烯二胺、N-甲基哌嗪、N-乙基哌嗪、无水哌嗪、六八哌嗪、N、N-二甲基丙酰胺、五甲基二乙烯三胺、双吗啉基乙基醚、哌嗪系列产品、其他、酰胺系列产品,baostock+akshare
001359.SZ,平安电工,A股,C30非金属矿物制品业,,电热系统用云母耐温绝缘材料、新能源热失控安全防护件和特种石英纤维及电子布的研发、生产和销售。 产品：电热系统用云母耐温绝缘材料、新能源热失控安全防护件、特种石英纤维及电子布、绝缘云母纸、耐高温云母板、耐火云母带、电热异型制品、硅晶发热膜、云母盖板、云母隔板、云母监控板、云母垫片、工业级玻纤布、电子级玻纤布及石英布,baostock+akshare
001360.SZ,南矿集团,A股,C35专用设备制造业,,砂石骨料和金属矿山相关的破碎、筛分设备的研发、设计、生产、销售及后市场服务。 产品：破碎设备、筛分设备、大型集成设备、旋回破碎机（GC系列）、颚式破碎机（JC系列）、圆锥破碎机（CC单缸系列）、圆锥破碎机（MC多缸系列）、反击式破碎机（HS系列）、立轴冲击式破碎机（VS系列）、筛分机（YKR圆振筛）、筛分机（ZKR直线筛）、筛分机（YKR/ZKR-NJ系列）、筛分机（MOS自同步椭圆筛）、筛分机（BS系列香蕉筛）、筛分机（MLS-L系列水平筛）、筛分机（HFS/V系列液压高频筛）、给料机（HPF棒条给料机）、移动破碎筛分站（MT履带系列）、移动破碎筛分站（MP轮胎系列）、制砂楼（MSP系列）、配件销售、其他设备,baostock+akshare
001365.SZ,天海电子,A股,C36汽车制造业,电芯,汽车线束、汽车连接器、汽车电子等汽车零部件产品的研发、生产和销售。 产品：汽车线束、低压线束、高压线束、汽车连接器、汽车电子产品、车身域控制器、大灯调光电机、车灯控制器、护套、橡塑防护件、线束紧固件、电器盒、端子、高压连接器、低压连接器、板端连接器、电机三相线束、动力电池高压线束、EPB线束、FAKRA线束、以太网线束、FFC/FPC线束、仪表线束、前机舱线束、车身线束、驾驶门线束、其中:低压线束、其中:高压线束,baostock+akshare
001366.SZ,播恩集团,A股,C13农副食品加工业,,饲料的研发、生产、销售。 产品：猪用饲料、饲料销售、其他(补充),baostock+akshare
001367.SZ,海森药业,A股,C27医药制造业,,化学药品原料药及中间体研发、生产和销售。 产品：原料药业务、中间体业务、制剂业务、化学药品原料药、中间体,baostock+akshare
001368.SZ,通达创智,A股,C29橡胶和塑料制品业,,体育户外、家居生活、健康护理等行业消费品的研发、生产和销售。 产品：体育用品、户外休闲用品、家用电动工具、室内家居用品、个人护理用品、家居生活、体育户外、健康护理,baostock+akshare
001369.SZ,双欣材料,A股,C26化学原料和化学制品制造业,,聚乙烯醇、特种纤维、醋酸乙烯、电石等PVA产业链上下游产品的研发、生产、销售。 产品：PVA、电石、醋酸乙烯、特种纤维、聚合环保助剂、精乙酸甲酯、PVA光学膜、PVB树脂、PVB功能性膜、DMC、EMC/DEC、聚乙烯醇、其他,baostock+akshare
001373.SZ,翔腾新材,A股,C39计算机、通信和其他电子设备制造业,,新型显示领域各类薄膜器件研发、生产、精密加工、销售。 产品：光学膜、功能性胶粘类产品、偏光片,baostock+akshare
001376.SZ,百通能源,A股,D44电力、热力生产和供应业,,为工业园区、产业聚集区企业提供集中供热服务。 产品：蒸汽、电力、其他,baostock+akshare
001378.SZ,德冠新材,A股,C29橡胶和塑料制品业,,功能薄膜和功能母料的研发、生产与销售。 产品：功能薄膜、功能母料、其他(补充),baostock+akshare
001379.SZ,腾达科技,A股,C34通用设备制造业,,螺栓、螺母、螺杆、垫圈等不锈钢紧固件产品的研发、生产与销售。 产品：螺栓、螺母、螺杆、垫圈、其他产品、零部件,baostock+akshare
001380.SZ,华纬科技,A股,C34通用设备制造业,,高端弹性元件的研发、生产和销售。 产品：悬架系统零部件、制动系统零部件、阀类及异形零部件、其他专业设备类零部件,baostock+akshare
001382.SZ,新亚电缆,A股,C38电气机械和器材制造业,,电线电缆研发、生产和销售。 产品：电力电缆、电气装备用电线电缆、架空导线、电缆管,baostock+akshare
001386.SZ,马可波罗,A股,C30非金属矿物制品业,,建筑陶瓷的研发、生产和销售。 产品：有釉砖、无釉砖、釉面仿古砖、陶瓷板材、文化陶瓷、抛釉砖、抛光砖、其他(补充),baostock+akshare
001387.SZ,雪祺电气,A股,C38电气机械和器材制造业,PCB,冰箱和商用展示柜的研发、生产与销售。 产品：冰箱、商用展示柜、PCBA、通用零部件、商用展示柜及其他、其他(补充),baostock+akshare
001388.SZ,信通电子,A股,C39计算机、通信和其他电子设备制造业,服务器与终端,提供数字化、智能化解决方案。 产品：输电线路智能巡检系统、变电站智能辅控系统、配电智能化运维方案、移动智能终端、其他产品,baostock+akshare
001389.SZ,广合科技,A股,C39计算机、通信和其他电子设备制造业,PCB,多高层印制电路板的研发、生产与销售。 产品：印制电路板、其他(补充),baostock+akshare
001390.SZ,古麒绒材,A股,C19皮革、毛皮、羽毛及其制品和制鞋业,,高规格羽绒产品的研发、生产和销售。 产品：鹅绒类产品、鸭绒类产品、鸭绒类、鹅绒类、其他(补充),baostock+akshare
001391.SZ,国货航,A股,G56航空运输业,,航空货运服务、航空货站服务、综合物流解决方案三大板块。 产品：航空货运服务、综合物流解决方案、航空货站服务、航空货运、其中:货机、其中:客机货运,baostock+akshare
001393.SZ,维通利,A股,C38电气机械和器材制造业,,硬连接、柔性连接、触头组件、叠层母排和CCS等系列化电连接产品以及同步分解器等产品的研发、生产和销售。 产品：硬连接、柔性连接、触头组件、同步分解器、叠层母排和CCS、其他(补充),baostock+akshare
001395.SZ,亚联机械,A股,C35专用设备制造业,,人造板生产线及其配套设备和专用材料的研发、生产、销售和服务。 产品：人造板连续平压生产线、生产线、其他(补充)、改造项目,baostock+akshare
001396.SZ,誉帆科技,A股,M74专业技术服务业,,排水管网系统的智慧诊断与健康评估、病害治理以及运营维护业务。 产品：修复类、检测及专项调查类、养护类、整车销售、材料销售及其他,baostock+akshare
001399.SZ,C惠科股份,A股,C39计算机、通信和其他电子设备制造业,,半导体显示面板等核心显示器件以及智能显示终端的研发、制造和销售。 产品：TV面板、IT面板、TV终端、IT及智慧物联终端、半导体显示面板、其中:TV面板、其中:IT面板、智能显示终端、其中:IT及智慧物联终端、其中:TV终端,baostock+akshare
001400.SZ,江顺科技,A股,C35专用设备制造业,,铝型材挤压模具及配件、铝型材挤压配套设备、精密机械零部件等产品的研发、设计、生产和销售。 产品：铝型材挤压模具及配件、铝型材挤压配套设备、精密机械零部件、挤压模具及配件,baostock+akshare
001696.SZ,宗申动力,A股,C34通用设备制造业,电芯,中小型动力机械产品及部分终端产品的研发、制造、销售。 产品：通用机械产品、发动机产品、新能源产品、产品零部件、发动机及配件、通用汽油机、耕作机、割草机、水泵机组、汽油发电机组、摩托车零部件、汽车零部件、锂电储能设备及配件、锂离子电池及配件、电子元器件、电池控制系统、通用机械类、发动机类、新能源类,baostock+akshare
001872.SZ,招商港口,A股,G55水上运输业,,港口投资、港口运营、港口物流和智慧科技。 产品：港口投资、港口运营、港口物流、智慧科技、港口业务、保税物流业务、其他(补充),baostock+akshare
001896.SZ,豫能控股,A股,D44电力、热力生产和供应业,,电力产品的生产和销售。 产品：电力供应、发电副产品销售、煤炭的购销、选配、存储、运输及应收账款保理融资业务、设备维修保养、检修服务、碳资产交易、火力发电及供热、煤炭销售及运输业务、风力发电,baostock+akshare
001914.SZ,招商积余,A股,K70房地产业,,物业管理业务、资产管理业务、其他业务。 产品：基础物业管理、平台增值服务、专业增值服务、物业管理、其中:基础物业管理、其中:基础物业管理-②非住宅、其中:基础物业管理-①住宅、其中:专业增值服务,baostock+akshare
001965.SZ,招商公路,A股,G54道路运输业,,投资运营、交通科技、智能交通、交通生态服务。 产品：投资运营业务、改扩建业务、交通科技业务、智能交通业务、交通生态业务,baostock+akshare
001979.SZ,招商蛇口,A股,K70房地产业,,住宅为主的可售型商品房的开发与销售。 产品：开发业务、资产运营、物业服务、可售型商品房、代建业务、集中商业、产业办公、公寓酒店等持有物业运营与资产管理以及会展和邮轮业务、基础物业管理、平台增值服务、专业增值服务,baostock+akshare
002001.SZ,新 和 成,A股,C27医药制造业,,营养品、香精香料、高分子材料、原料药生产和销售。 产品：营养品、香精香料、高分子材料、原料药、维生素类、氨基酸类、色素类、芳樟醇系列、柠檬醛系列、叶醇系列、二氢茉莉酮酸甲酯、覆盆子酮、女贞醛、薄荷醇、聚苯硫醚（PPS）、高温尼龙（PPA）、HDI、IPDA、维生素系列、抗生素系列、医药中间体系列、新材料,baostock+akshare
002003.SZ,伟星股份,A股,C18纺织服装、服饰业,,各类中高档服饰及箱包辅料产品的研发、制造与销售。 产品：钮扣、拉链、其他服饰辅料、金属制品、塑胶制品、织带、绳带、标牌,baostock+akshare
002004.SZ,华邦健康,A股,C26化学原料和化学制品制造业,,医药制剂及原料药的研发、生产和销售、运营医疗机构，以及从事医疗配套供应链服务、农药原药、中间体及制剂产品的研发、生产、销售、GLP登记注册技术服务及生物技术研究开发、精细化工产品及新型高分子材料的研发、生产和销售、旅游业务。 产品：医药产品、农化新材料、旅游服务、医疗,baostock+akshare
002005.SZ,ST德豪,A股,C38电气机械和器材制造业,,小家电及LED半导体封装器件产品的研发、制造、生产、销售。 产品：厨房家电、LED芯片及应用、小家电产品、车灯产品、智能控制器、其他收入,baostock+akshare
002006.SZ,精工科技,A股,C35专用设备制造业,,碳纤维高端装备及新材料、新型建筑节能高端设备、机器人及智能装备等高新技术产品的研制开发、生产销售和技术服务以及精密制造加工业务和项目开发。 产品：碳纤维产业制造业务、新型建筑节能专用设备制造业务、轻纺专用设备制造业务、成套电气及电力工程建设业务、碳纤维原丝生产线、碳纤维碳化成套生产线、复合材料成型装备、碳纤维新材料制品及应用业务、建筑建材机械产品、钢结构专用装备、JGT系列假捻变形加弹机、HKV系列包覆丝机、JGK系列空气包覆丝机、HKV151系列花式捻线机、JGW系列精密络筒机、中高压成套电气、新能源充电产品、电力工程建设、碳纤维装备、建筑建材专用设备、轻纺专用设备,baostock+akshare
002007.SZ,华兰生物,A股,C27医药制造业,,血液制品、疫苗、基因工程产品的研发、生产和销售。 产品：人血白蛋白、静注丙球、其他血液制品、流感疫苗,baostock+akshare
002008.SZ,大族激光,A股,C35专用设备制造业,PCB;半导体设备;伺服系统;机器人应用,智能制造装备及其关键器件的研发、生产和销售。 产品：通用元件及行业普及产品、行业专机产品、极限制造产品、紫外及超快激光器、高功率光纤激光器、中低功率CO2激光器、脉冲光纤激光器、通用运动控制系统、振镜、伺服电机、自动化设备的关键器件、信息产业设备、新能源设备、半导体设备、标准激光切割、焊接、打标设备、其他智能制造装备、PCB智能制造装备,baostock+akshare
002009.SZ,天奇股份,A股,C35专用设备制造业,机器人本体/集成,智能装备业务、具身智能业务以及锂电池循环业务。 产品：智能自动化装备系统、智能装备和机器人、系统集成控制软件、工业控制软件、环保设备、风电零部件、锂电池材料、汽车智能装备、锂电池循环事业部、重工机械事业部,baostock+akshare
002010.SZ,传化智联,A股,L72商务服务业,,传化智联化学业务和传化智联物流业务。 产品：纺织印染助剂、涂料及建筑化学品、顺丁橡胶、网络货运平台业务、车后业务、物流供应链业务、智能公路港业务、支付、保险及其他、房产销售及工程代建,baostock+akshare
002011.SZ,盾安环境,A股,C34通用设备制造业,新能源车/储能,制冷空调零部件、制冷设备、新能源汽车热管理核心零部件的生产、研发、销售。 产品：制冷设备产业、制冷空调零部件产业、新能源汽车热管理产业、截止阀、四通换向阀、电子膨胀阀、电磁阀、热力膨胀阀、钢储液器、小型压力容器、换热器、集成管路组件,baostock+akshare
002012.SZ,凯恩股份,A股,C22造纸和纸制品业,,纸基功能材料的生产和加工。 产品：烟用配套用纸、特种食品包装纸、工业配套用纸、医用包装材料、特种食品包装材料、电气及工业用配套材料、其他(补充),baostock+akshare
002014.SZ,永新股份,A股,C29橡胶和塑料制品业,,生产和销售真空镀膜、多功能薄膜、彩印复合软包装材料、纸基复合包装材料、新型医药包装材料、塑料制品、精细化工产品等高新技术产品。 产品：彩印包装材料、镀铝包装材料、塑料软包装薄膜、油墨业务,baostock+akshare
002015.SZ,协鑫能科,A股,D44电力、热力生产和供应业,,能源资产管理和综合能源服务。 产品：电力销售、热力销售、能源服务、其中:能源服务-节能与技术服务,baostock+akshare
002016.SZ,世荣兆业,A股,K70房地产业,,房地产开发与经营。 产品：房地产、物业管理、租赁、投资性房地产处置、绿化工程、建筑工程、供热、贸易、房地产销售、其他、热能供应,baostock+akshare
002017.SZ,东信和平,A股,C39计算机、通信和其他电子设备制造业,,智能卡产品、数字身份安全产品及行业应用解决方案的研发、生产、销售与服务。 产品：智能卡产品、数字安全与平台业务、其他主营业务,baostock+akshare
002019.SZ,亿帆医药,A股,C27医药制造业,,医药产品、原料药和高分子材料的研发、生产、销售及药品推广服务。 产品：医药产品、维生素、生物药、化药、中成药、维生素B5、维生素原B5、医药、高分子材料,baostock+akshare
002020.SZ,京新药业,A股,C27医药制造业,,化学制剂、传统中药、生物制剂、化学原料药、医疗器械的研发、生产及销售。 产品：医药制造、医用器械、化学制剂、中成药、生物制剂、化学原料药、医疗器械,baostock+akshare
002021.SZ,中捷资源,A股,C35专用设备制造业,,中、高档工业缝制机械的研发、生产和销售业务。 产品：工业用平缝机、包缝机、绷缝机、曲折缝机、特种机、模板机、平缝机、曲折缝纫机、双针机、同步缝纫机、花样机、套结机、钉扣机、锁眼机、罗拉车、全自动激光开袋机、全智能贴袋机、机头销售、其他销售、台板电机销售,baostock+akshare
002022.SZ,科华生物,A股,C27医药制造业,,体外诊断试剂、仪器的研发、生产和销售。 产品：体外诊断试剂、仪器产品、仪器、自产产品、代理产品、其他,baostock+akshare
002023.SZ,海特高新,A股,C43金属制品、机械和设备修理业,,高端核心装备研制与保障、航空工程技术与服务和高性能集成电路设计与制造。 产品：高端核心装备研制与保障、航空工程技术与服务、高性能第二代/第三代集成电路设计与制造、航空发动机主要零部件、仿真模拟及全动飞行模拟机、国产民机客舱氧气系统、航空装备自动控制系统、航空发动机维修保障、机电一体化系统、飞行员供氧系统、航空仪表、航空再制造、飞机大修、飞行培训、飞机拆解、公务机运营、航空部附件维修、航空检测设备制造、地面工装制造与维修、飞机整机喷漆、其他(补充),baostock+akshare
002024.SZ,ST易购,A股,F52零售业,,家用电器及消费类电子的销售和服务。 产品：家用电器及消费电子、日用百货、服务及其他、其他(补充),baostock+akshare
002025.SZ,航天电器,A股,C39计算机、通信和其他电子设备制造业,机器人本体/集成,高端连接器与互连一体化产品、微特电机与控制组件、继电器、光电器件等产品的研制和销售，以及为客户提供系统集成互连一体化解决方案。 产品：连接器及互连一体化产品、电机与控制组件、继电器、光通信器件,baostock+akshare
002026.SZ,山东威达,A股,C38电气机械和器材制造业,机器人本体/集成;机器人应用,钻夹头、电动工具开关、粉末冶金件、精密铸造制品、锯片、机床及附件、智能制造系统集成及智能装备的研发、生产和销售。 产品：电动工具配件产品、高端智能装备、钻夹头、新能源储能锂电池包、电动工具开关、粉末冶金件、精密铸造件、锯片、工厂自动化、物流自动化、仓储自动化、智能装备解决方案、中高档数控机床、电动工具配件、新能源系列产品,baostock+akshare
002027.SZ,分众传媒,A股,L72商务服务业,,生活圈媒体中户外广告的开发和运营。 产品：楼宇媒体、影院媒体、其他媒体及其他,baostock+akshare
002028.SZ,思源电气,A股,C38电气机械和器材制造业,数据中心电源;新能源车/储能,输配电设备及其核心零部件的研发、设计、制造、销售及服务与工程总包。 产品：开关类业务、变压器类业务、保护及自动化类业务、电力电子类业务、EPC类业务、储能系统及元件类业务、1000kV及以下GIS和GIL、800kV及以下SF6断路器和隔离开关、500kV及以下直流断路器、低压电器、500kV及以下电流互感器、1000kV及以下电压互感器、±800kV及以下交直流套管、750kV及以下变压器、66kV及以下中性点接地成套装置、1000kV及以下电力电容器成套装置、1000kV及以下变电站继电保护设备和监控系统、油色谱在线监测系统、动态无功补偿系统、高压有源滤波系统,baostock+akshare
002029.SZ,七 匹 狼,A股,C18纺织服装、服饰业,,“七匹狼”品牌男装及针纺类产品的设计、生产和销售。 产品：外套类、毛衫类、西服类、裤子类、衬衫类、T恤类、其他类、衬衫、西服、裤装、夹克衫、针织衫以及男士内衣、内裤、袜子及其它针纺产品,baostock+akshare
002030.SZ,达安基因,A股,C27医药制造业,,以分子诊断技术为主导的，集临床检验试剂、仪器和配套耗材的研发、生产、销售。 产品：分子诊断试剂、生化诊断试剂、免疫诊断试剂、体外诊断仪器、销售商品、提供劳务、金融服务,baostock+akshare
002031.SZ,巨轮智能,A股,C35专用设备制造业,机器人本体/集成,轮胎专用制造设备的研发、生产和销售。 产品：轮胎模具、液压式硫化机、机器人及智能装备、精密机床、液压式硫化机和工业机器人及智能装备,baostock+akshare
002032.SZ,苏 泊 尔,A股,C38电气机械和器材制造业,,厨房用具、不锈钢制品、日用五金、小型家电及炊具的研发、生产和销售。 产品：烹饪电器、食物料理电器、炊具及用具、其他家用电器、炒锅、压力锅、煎锅、汤奶锅、蒸锅、陶瓷煲、火锅、珐琅锅、水壶、刀具、铲勺、保温提锅、水杯、厨房工具、保鲜盒、电饭煲、电压力锅、电磁炉、豆浆机、电水壶、养生壶、榨汁机、电炖锅、电蒸锅、电火锅、破壁机、搅拌机、煎烤机、空气炸锅、台式电烤箱、台式净饮机、油烟机、燃气灶、净水机、消毒柜、嵌入式蒸烤箱、热水器、空气净化器、挂烫机、吸尘器、洗地机、电熨斗、电暖器、空气循环扇,baostock+akshare
002033.SZ,丽江股份,A股,N78公共设施管理业,,索道服务业务、文艺演出业务、酒店建设与运营业务、餐饮服务、旅行社业务、旅游综合配套服务、提供旅游观光车服务。 产品：索道运输、印象演出、酒店经营、餐饮服务、索道服务业务、文艺演出业务、酒店建设与运营业务、旅行社业务、旅游综合配套服务、旅游观光车,baostock+akshare
002034.SZ,旺能环境,A股,D44电力、热力生产和供应业,,城市生活垃圾焚烧发电、餐厨、污泥等垃圾处理业务。 产品：生活垃圾项目运行、餐厨垃圾项目运行、橡胶再生、电力产品、蒸汽产品、废弃油脂、再生橡胶,baostock+akshare
002035.SZ,华帝股份,A股,C38电气机械和器材制造业,,研发、生产、销售厨房电器。 产品：烟机、灶具、热水器、消毒柜、洗碗机、蒸烤一体机、电烤箱、电蒸箱、集成灶、集成烹饪中心、净水器、橱柜、其他,baostock+akshare
002036.SZ,联创电子,A股,C39计算机、通信和其他电子设备制造业,服务器与终端;机器人传感器,智能手机、平板电脑、智能驾驶、智能座舱、运动相机、机器视觉等领域和场景配套的光学镜头、影像及触控显示一体化模组等关键光学、光电子产品及智能终端产品的研发、生产与销售。 产品：车载光学、非车载光学、触控显示产品、应用终端、集成电路及其他,baostock+akshare
002037.SZ,保利联合,A股,C26化学原料和化学制品制造业,,民爆器材产品研发、生产、销售、爆破、配送、工程技术服务、设计及施工。 产品：炸药、管索、爆破施工,baostock+akshare
002038.SZ,双鹭药业,A股,C27医药制造业,,基因工程及相关药物的研究开发和生产经营。 产品：生物、生化药、化学药、生物、生化药、其他,baostock+akshare
002039.SZ,黔源电力,A股,D44电力、热力生产和供应业,,水力发电站的开发、建设与经营管理。 产品：水力发电、光伏发电、其他(补充),baostock+akshare
002040.SZ,南 京 港,A股,G55水上运输业,,提供原油、成品油、液体化工产品及普通货物的装卸、仓储服务；在港区内从事集装箱的堆存、门到门运输、相关配件销售；集装箱的拆装、拼箱、修理、清洗；电子数据交换服务及信息咨询服务；为船舶提供码头、在港区内提供物流服务。 产品：化工产品装卸及服务、集装箱装卸及服务、租赁、转供动力燃料以及提供劳务、集装箱装卸及服务收入、化工产品装卸及服务收入、租赁、转供动力燃料以及提供劳务收入,baostock+akshare
002041.SZ,登海种业,A股,A05农、林、牧、渔专业及辅助性活动,,农作物新品种选育、许可证规定经营范围内的农作物种子生产、分装、销售。 产品：玉米种（苗）、小麦种（苗）、蔬菜种（苗）、水稻种（苗）、玉米种、小麦种、水稻种,baostock+akshare
002042.SZ,华孚时尚,A股,C17纺织业,,纱线的研发、生产、销售；棉花的采购、加工、销售；袜制品设计、生产、销售；棉花种子生产、销售等。 产品：纱线、棉业、袜业、算力及AI,baostock+akshare
002043.SZ,兔 宝 宝,A股,C20木材加工和木、竹、藤、棕、草制品业,,装饰材料和定制家居。 产品：主材产品、配套辅材产品、定制家居业务、家具板材、基础板材、石膏板、科技木皮、装饰纸、封边条、五金、胶黏剂、定制衣柜、橱柜、地板、木门、墙板、装饰材料、柜类、品牌授权使用费,baostock+akshare
002044.SZ,美年健康,A股,Q84卫生,,专业健康体检业务。 产品：体检服务、其他服务,baostock+akshare
002045.SZ,国光电器,A股,C39计算机、通信和其他电子设备制造业,电芯,音响及电声元器件设计、制造和销售。 产品：音箱、扬声器、电池、电子零配件、蓝牙音箱、传统耳机、电脑周边音响、Wi-Fi音箱、soundbar、智能音箱、AI眼镜、AI耳机、VR/AR、车载功放、AVAS、车载扬声器、低音、聚合物锂离子电池、音箱及扬声器,baostock+akshare
002046.SZ,国机精工,A股,C34通用设备制造业,,轴承行业、工磨具行业及相关领域的研发制造、行业服务与技术咨询、贸易服务等。 产品：金刚石材料、复合超硬材料、特种及精密轴承、电主轴、超硬材料磨具、高压装备、其他高端装备、供应链运营、技术开发与检测服务、基础零部件、其中:基础零部件-特种及精密轴承、其中:机床工具-超硬材料制品、机床工具、供应链管理与服务、新材料,baostock+akshare
002047.SZ,宝鹰股份,A股,E50建筑装饰、装修和其他建筑业,,为客户提供包括建筑、装饰工程施工、承建管理在内的一体化综合解决方案。 产品：装饰装修施工、装饰工程设计、装饰装修、建筑工程、其他,baostock+akshare
002048.SZ,宁波华翔,A股,C36汽车制造业,,汽车零部件的设计、开发、生产和销售。 产品：内饰件、外饰件、金属件、电子件、机器人、其他、汽车内外饰系统、车身金属件、电子电器附件,baostock+akshare
002049.SZ,紫光国微,A股,C39计算机、通信和其他电子设备制造业,,特种集成电路、智能安全芯片为两大主业。 产品：特种集成电路、智能安全芯片、石英晶体频率器件,baostock+akshare
002050.SZ,三花智控,A股,C34通用设备制造业,,制冷空调电器与汽车的零件部件组件的研发、生产与销售。 产品：制冷空调电器零部件、汽车零部件、阀、换热器、泵、控制器、传感器,baostock+akshare
002051.SZ,中工国际,A股,E48土木工程建筑业,,设计咨询与工程承包、先进工程技术装备开发与应用、工程投资与运营。 产品：国际工程承包、关键核心装备研发与制造、咨询设计、国内工程总承包、工程投资与运营、贸易与服务、工程承包,baostock+akshare
002052.SZ,同洲电子,A股,C39计算机、通信和其他电子设备制造业,服务器与终端;PACK/BMS,电力电子业务、新能源业务、ICT行业业务。 产品：电源产品、电池产品、平台交付及运维、机顶盒、其他产品、18650锂电池、各类聚合物软包电池、铅改锂电池、PACK、备用电源、家庭储能、电动自行车电池、卫星接收工程机设备、数字电视机顶盒、智能终端、数字电视整体解决方案、智慧家庭整体解决方案、智慧平台业务,baostock+akshare
002053.SZ,云南能投,A股,D44电力、热力生产和供应业,,风力发电及光伏发电、储能项目的开发、建设及运营等以及开展食盐、工业盐等系列产品的生产销售。 产品：盐硝产品、天然气、风电、光伏发电、电力、食盐、工业盐、新能源业务、盐业务、其他(补充),baostock+akshare
002054.SZ,德美化工,A股,C26化学原料和化学制品制造业,,纺织化学品、皮革化学品及塔拉生物产品、石油精细化学品等产品的研发、生产及销售。 产品：纺织化学品、皮革化学品、塔拉产品、石油化学品,baostock+akshare
002055.SZ,ST得润,A股,C39计算机、通信和其他电子设备制造业,,电子连接器和精密组件的研发、生产及销售。 产品：家电连接器及线束、电脑连接器、通讯连接器、LED连接器、汽车连接器及线束、电池连接系统（CCS）、家电线束及连接组件、精密连接器及组件、汽车电气系统、其他精密组件及其他,baostock+akshare
002056.SZ,横店东磁,A股,C38电气机械和器材制造业,,太阳能电池和组件、磁性材料、锂电池和器件等产品的研发、生产和销售。 产品：光伏产品、磁性材料、锂电池、器件、预烧料、永磁铁氧体、软磁铁氧体、塑磁、磁粉心、非晶纳米晶、振动器件、硬质合金、电感、EMC滤波器件,baostock+akshare
002057.SZ,中钢天源,A股,C26化学原料和化学制品制造业,,磁性材料、金属制品及矿山设备的研发、制造，材料、工程检验检测服务业务。 产品：工业原料、电子元器件、冶金、矿山、机电工程专用设备、金属制品、金属制品检测、检验检测,baostock+akshare
002058.SZ,威尔泰,A股,C40仪器仪表制造业,,汽车检具业务及铝塑膜业务。 产品：仪器仪表、汽车检具、铝塑膜,baostock+akshare
002059.SZ,云南旅游,A股,N78公共设施管理业,,文旅综合体的运营与服务。 产品：旅游文化科技、文旅综合体运营、旅游综合服务、景区经营、交通运输,baostock+akshare
002060.SZ,广东建工,A股,E48土木工程建筑业,,建筑工程、水利水电工程、市政公用工程、公路工程等领域，拥有集“建筑设计、技术研发、投资开发、施工建造、运营维护”于一体的“大建筑业”产业链条，以及水力、风力、太阳能等清洁能源发电及建筑装备制造业务。 产品：房屋建筑、水利水电、市政工程、其他工程、智能装备制造、水力发电、风力发电、太阳能发电、勘测设计与咨询服务、房屋工程,baostock+akshare
002061.SZ,浙江交科,A股,E48土木工程建筑业,,基建工程业务。 产品：路桥工程施工、养护施工、其他(补充),baostock+akshare
002062.SZ,宏润建设,A股,E48土木工程建筑业,,轨道交通、市政基础设施建设、房屋建筑的建筑施工业务。 产品：建筑施工、市政基础设施投资业务、新能源开发业务、房地产开发业务、建筑施工及基础设施投资业务、房地产业务,baostock+akshare
002063.SZ,远光软件,A股,I65软件和信息技术服务业,,提供财务和管理信息化全面解决方案等服务。 产品：数字企业、智慧能源、人工智能、数据资源整合及服务,baostock+akshare
002064.SZ,华峰化学,A股,C28化学纤维制造业,,氨纶纤维、聚氨酯原液、己二酸等聚氨酯制品材料的研发、生产与销售。 产品：化学纤维、化工新材料、基础化工产品、氨纶、己二酸、聚氨酯原液,baostock+akshare
002065.SZ,东华软件,A股,I65软件和信息技术服务业,机器人本体/集成,综合性行业应用软件开发、系统集成及信息技术服务。 产品：计算机信息系统集成、信息技术服务、应用软件开发、网络产品、运维管理、系统集成收入、技术服务收入、软件收入,baostock+akshare
002066.SZ,瑞泰科技,A股,C30非金属矿物制品业,,定形和不定形耐火材料以及各类耐磨材料的研发、生产、销售以及综合服务。 产品：玻璃窑用耐火材料、水泥窑用耐火材料、钢铁用耐火材料、耐磨耐热材料、其他高温窑用耐火材料、熔铸耐火材料、碱性耐火材料、铝硅质耐火材料、不定形耐火材料、炼钢系统用耐火材料、炼铁系统用耐火材料、连铸用功能型耐火材料,baostock+akshare
002067.SZ,景兴纸业,A股,C22造纸和纸制品业,,工业包装原纸、纸箱纸板、各类生活用纸以及再生浆板的生产和销售。 产品：牛皮箱板纸、瓦楞原纸、白面牛卡纸、纸箱纸板、各类生活用纸、再生浆板、原纸、生活用纸,baostock+akshare
002068.SZ,黑猫股份,A股,C26化学原料和化学制品制造业,,炭黑、焦油精制和白炭黑等产品的生产与销售。 产品：炭黑、焦油精制、白炭黑、轻油、脱酚油、粗酚、工业萘、洗油、蒽油、改质沥青、焦油精制产品、其他,baostock+akshare
002069.SZ,獐子岛,A股,A04渔业,,海珍品种业、海水增养殖业、海洋食品研发与加工。 产品：虾夷扇贝、海参、海螺、海胆、鲍鱼、其他,baostock+akshare
002072.SZ,凯瑞德,A股,F51批发业,,煤炭贸易业务。 产品：煤炭贸易、煤炭,baostock+akshare
002073.SZ,软控股份,A股,C35专用设备制造业,,轮胎橡胶装备与系统的研发与制造。 产品：橡胶装备系统、橡胶新材料、其他,baostock+akshare
002074.SZ,国轩高科,A股,C38电气机械和器材制造业,数据中心电源;电芯,新能源行业动力电池系统、储能电池系统以及输配电设备的研发、生产和销售。 产品：动力电池系统、储能电池系统、输配电产品、其他(补充),baostock+akshare
002075.SZ,沙钢股份,A股,C31黑色金属冶炼和压延加工业,,优特钢及商用车齿轮的研发、生产与销售。 产品：优特钢、汽车用钢、工程机械用钢、能源用钢、机械工业用钢、轨道交通用钢、矿用钢、船用锚链钢、钢材、钢坯销售、其他销售,baostock+akshare
002076.SZ,星光股份,A股,C38电气机械和器材制造业,机器人本体/集成,紫外线杀菌灯、LED照明、汽车照明、锂电池生产设备。 产品：荧光灯系列、紫外线杀菌灯系列、汽车照明系列、LED照明系列、锂电池生产设备系列、光伏组件系列、分布式光伏电站建设开发（光伏电站EPC）、分布式光伏电站投资运营、信息安全与系统集成系列、光伏组件制造、光伏电站建设运营及能源工程、半导体LED封装、锂电池生产设备、信息安全与系统集成、数智城市建设、智慧节能照明,baostock+akshare
002077.SZ,大港股份,A股,C39计算机、通信和其他电子设备制造业,,集成电路和园区环保服务。 产品：集成电路测试及相关、码头仓储供水等园区服务、NMP废液提纯、环保固废填埋、租赁、其他,baostock+akshare
002078.SZ,太阳纸业,A股,C22造纸和纸制品业,,机制纸、纸制品、木浆、纸板的生产和销售。 产品：双胶纸、铜版纸、牛皮箱板纸、淋膜原纸、生活用纸、瓦楞原纸、溶解浆、化机浆、化学浆、其他纸,baostock+akshare
002079.SZ,苏州固锝,A股,C39计算机、通信和其他电子设备制造业,,半导体及新能源材料的研发、生产及销售。 产品：半导体、新能源材料、整流二极管芯片、微型桥堆、光伏旁路模块、无引脚集成电路封装产品、MOS器件、IGBT器件、小信号功率器件、传感器封装、其他,baostock+akshare
002080.SZ,中材科技,A股,C30非金属矿物制品业,锂电材料,玻璃纤维及制品、风电叶片、锂电池隔膜三大主导产业，同时从事高压复合气瓶、膜材料及其他复合材料制品的研发、制造及销售。 产品：风电叶片、玻璃纤维及制品、锂电池隔膜、高压气瓶、膜材料制品、工程复合材料、先进复合材料、技术与装备,baostock+akshare
002081.SZ,金 螳 螂,A股,E50建筑装饰、装修和其他建筑业,,以室内装饰为主体，融幕墙、景观、软装、家具、机电设备安装等为一体的综合性专业化装饰服务。 产品：装饰、幕墙、设计,baostock+akshare
002082.SZ,ST万邦,A股,C27医药制造业,,现代中药、化学原料药及化学制剂的研发、生产和销售。 产品：心脑血管系统主导产品、神经系统主导产品、呼吸系统主导产品、消化系统主导产品、精神系统主导产品、骨科植入器械、医疗设备及医院工程服务、一次性无菌医用高分子耗材、防护用品、医疗器械、化学原料药及制剂、其他商品、中药,baostock+akshare
002083.SZ,孚日股份,A股,C17纺织业,锂电材料,家纺业务、新材料业务的生产和销售。 产品：毛巾系列产品、装饰布系列产品、功能性涂层材料、锂电池电解液添加剂、巾被系列产品、服装用毛巾、床上用纺织品、窗帘制品、厨房制品、其他产品、热屏蔽节能降温涂层材料、海洋重防腐涂层材料、石化能源特种防腐涂层材料、水性工业防腐涂层材料和汽车涂层材料、代碳酸乙烯酯(CEC)、碳酸亚乙烯酯(VC)电池级产品、毛巾系列、热电产品、床品系列,baostock+akshare
002084.SZ,海鸥住工,A股,C33金属制品业,,装配式整装厨卫空间内高档卫生洁具、陶瓷、浴缸、淋浴房、浴室柜、整体橱柜、瓷砖等全品类部品部件的研发、制造和服务。 产品：五金龙头类产品、智能家居类产品、浴缸陶瓷类产品、整装卫浴、定制橱柜、瓷砖,baostock+akshare
002085.SZ,万丰奥威,A股,C36汽车制造业,,以“铝合金-镁合金”为主线的汽车金属部件轻量化业务；集自主研发、设计、制造、销售服务等于一体的专业通用飞机制造业务。 产品：铝合金轮毂、轻量化镁合金部件、通航飞机创新制造业务、汽车金属轻量化零部件、通航飞机制造,baostock+akshare
002086.SZ,东方海洋,A股,A04渔业,药企/生物科技,海水苗种繁育、养殖，水产品加工，生物科技，保税仓储物流以及体外诊断试剂的研发、生产与销售和检测服务等业务。 产品：进料加工、来料加工、国内贸易、海参、检测、试剂盒、疫苗接种、水产品加工、海水养殖、检测费及试剂盒,baostock+akshare
002088.SZ,鲁阳节能,A股,C30非金属矿物制品业,,陶瓷纤维、可溶纤维、氧化铝纤维、轻质莫来石砖等耐火保温产品的研发、生产、销售、应用设计、施工业务；工业过滤布袋的生产和销售。 产品：陶瓷纤维棉、毯及组件、陶瓷纤维湿法制品、轻质莫来石砖及浇注料产品、陶瓷纤维产品、工业过滤制品、汽车衬垫产品,baostock+akshare
002090.SZ,金智科技,A股,C38电气机械和器材制造业,,智慧能源、智慧城市业务。 产品：智慧能源业务、智慧城市业务、发电厂（电气）保护及自动化产品、变电站保护及自动化产品、配用电自动化产品、企业级IT服务、建筑智能化工程服务、电力设计及总包、变电站综合自动化装置及系统、配用电自动化装置及系统、发电厂电气自动化装置及系统、智能化产品及服务、IT服务相关产品及服务,baostock+akshare
002091.SZ,江苏国泰,A股,F51批发业,,供应链服务和化工新能源业务。 产品：纺织服装、玩具等进口及国内贸易、化工产品、纺织服装、玩具等出口贸易、纺织服装、玩具等进口及国内贸易,baostock+akshare
002092.SZ,中泰化学,A股,C26化学原料和化学制品制造业,,聚氯乙烯树脂、离子膜烧碱的生产和销售；粘胶纤维、粘胶纱的生产和销售。 产品：聚氯乙烯树脂（PVC）、离子膜烧碱、粘胶纤维、粘胶纱、甲醇、聚氯乙烯、粘胶纱线、氯碱类产品、其他煤化工产品,baostock+akshare
002093.SZ,国脉科技,A股,I65软件和信息技术服务业,,物联网技术服务、物联网咨询与设计服务、物联网科学园运营与开发服务、教育服务。 产品：物联网技术服务、物联网咨询与设计服务、物联网科学园运营与开发服务、教育服务,baostock+akshare
002094.SZ,青岛金王,A股,C26化学原料和化学制品制造业,,生产与销售新型聚合物基质复合体烛光材料系列产品、日用蜡烛制品、工艺玻璃系列制品以及其他工艺品以及化妆品等。 产品：新材料蜡烛、香薰、工艺品、化妆品、新材料蜡烛、香薰及工艺品等、其他,baostock+akshare
002095.SZ,生 意 宝,A股,I64互联网和相关服务,,大宗品电商业务、工业品电商业务、消费品电商业务、供应链金融业务、期现交易业务、商品数据业务。 产品：网络基础服务、网络信息推广服务、广告发布服务、供应链服务、展会服务、供应链业务、供应链业务收入、网络服务业、供应链服务收入,baostock+akshare
002096.SZ,易普力,A股,C26化学原料和化学制品制造业,,为国内外大型矿山工程、重要能源工程、基础设施建设等提供专业化、一体化的民用爆破服务和绿色化、数智化矿山施工总承包服务。 产品：工程服务、民爆产品、工业炸药、工业电子雷管、工业导爆管（索）、二氧化碳激发管、爆破服务业务、其他,baostock+akshare
002097.SZ,山河智能,A股,C35专用设备制造业,,锚定工程机械、航空装备与服务、特种装备三大业务领域，为全球客户提供整体解决方案。 产品：挖掘机机械、地下工程机械、矿山装备机械、特种装备及其他机械、挖掘机械、桩工机械、高空机械、矿山设备、应急救援设备、油气管道设备、铁路维保设备、绿色能源开采装备、工程机械、航空产业、工程施工及其他,baostock+akshare
002098.SZ,浔兴股份,A股,C41其他制造业,,拉链、精密模具、金属和塑料冲压铸件的研发、生产和销售。 产品：条装拉链、码装拉链、拉头、钮扣、其他（拉链业务）、跨境电商产品,baostock+akshare
002099.SZ,海翔药业,A股,C27医药制造业,,原料药及医药中间体、染料及染颜料中间体的研发、生产和销售。 产品：原料药、医药中间体、合同定制业务、制剂、染料及染颜料中间体、蒽醌系列染料产品、中间体、原料药及医药中间体,baostock+akshare
002100.SZ,天康生物,A股,C13农副食品加工业,,现代畜牧业畜禽良种繁育、饲料与饲养管理、动物药品及畜禽病害防治、畜产品加工销售。 产品：生猪养殖产业链、饲料、兽药、玉米收储、蛋白油脂加工、生猪养殖产业链收入、饲料收入、玉米收入、蛋白油脂加工收入,baostock+akshare
002101.SZ,广东鸿图,A股,C36汽车制造业,,精密轻合金零部件成型制造和汽车内外饰产品制造。 产品：精密轻合金零部件成型、汽车内外饰产品、铝铸件业务、注塑件业务,baostock+akshare
002102.SZ,ST能特,A股,C27医药制造业,,医药中间体的研发、生产、销售。 产品：医药中间体、塑料原材料、让售材料、租金物业及其他、大宗贸易、园区经营及其他,baostock+akshare
002103.SZ,广博股份,A股,C24文教、工美、体育和娱乐用品制造业,,文教办公用品的研发、生产与销售。 产品：办公用品类、办公直销类、休闲生活类、创意产品类、其他类产品,baostock+akshare
002104.SZ,恒宝股份,A股,C39计算机、通信和其他电子设备制造业,,金融科技、物联网、证照与身份安全、访问管理、智能识别和数字化与数据服务。 产品：票证类、制卡类、模块类、磁条卡、密码卡、IC卡、相关操作系统软件、票证产品,baostock+akshare
002105.SZ,信隆健康,A股,C37铁路、船舶、航空航天和其他运输设备制造业,,研发、生产、销售自行车零配件（自行车车把、立管、坐垫管、避震前叉、碟刹等），运动器材，康复辅助器材，铝挤型锻造成型（制品），管料成型加工等。 产品：自行车零配件产品、运动健身产品、康复器材产品,baostock+akshare
002106.SZ,莱宝高科,A股,C39计算机、通信和其他电子设备制造业,,研发和生产平板显示材料及器件、触控器件。 产品：显示材料及触控器件、中小尺寸（10英寸以下为主）液晶显示器件用ITO导电玻璃、彩色滤光片（CF）、TFT-LCD显示面板及模组、电子纸显示用驱动背板和反射式彩膜、电容式触摸屏（以中大尺寸产品为主、10-27英寸）、其他(补充),baostock+akshare
002107.SZ,沃华医药,A股,C27医药制造业,,中成药的研发、生产和销售。 产品：心脑血管系统药物、肌肉骨骼系统药物、抗病毒类呼吸系统药物、生殖泌尿系统药物、其他类药物、心脑血管系统类药物、风湿骨病/跌打损伤类药物、肝胆/结石类药物、感冒发热类药物、止咳平喘类药物、胃肠疾病类药物、补益类药物、妇科药物、抗感染类药物、清热解毒/泻火通便类药物、五官科药物、皮肤科药物、维生素/矿物质/营养补充类药物、阿尔兹海默症药物、其他专科/辅助用药类药物、其他类,baostock+akshare
002108.SZ,沧州明珠,A股,C29橡胶和塑料制品业,锂电材料;电芯,生产和销售多类别管材管件、薄膜、锂离子电池隔膜等。 产品：燃气、给水管管材、管件、尼龙薄膜、锂离子电池隔膜、燃气、给水管管材、管件,baostock+akshare
002109.SZ,ST兴化,A股,C26化学原料和化学制品制造业,,化工产品的生产与销售。 产品：乙醇、醋酸甲酯、甲醇、液氨、蒸汽、混胺、二甲基甲酰胺、DMF、乙酸甲酯,baostock+akshare
002110.SZ,三钢闽光,A股,C31黑色金属冶炼和压延加工业,,钢铁及其压延产品的生产与销售。 产品：建筑用材、金属制品用材、中厚板材、优质圆钢、H型钢、煤化工产品、建材、外购钢材、制品、中板、圆钢,baostock+akshare
002111.SZ,威海广泰,A股,C35专用设备制造业,,空港装备、应急救援装备以及军工装备业务。 产品：空港装备、消防救援装备、飞机集装货物装载机、飞机牵引车、旅客摆渡车、飞机除冰车、气源车、飞机罐式加油车、机场除雪车、400Hz飞机用电源、旅客登机桥、其他,baostock+akshare
002112.SZ,三变科技,A股,C38电气机械和器材制造业,,变压器的生产、维修和销售。 产品：油浸式电力变压器、树脂绝缘和H级浸渍干式变压器、防腐型石化专用变压器、组合式变电站、地埋式变压器、风电场组合式变压器、非晶合金变压器、单相自保护变压器、电缆分支箱、环网柜、开关柜、特种变压器、油浸式变压器、组合变压器、干式变压器,baostock+akshare
002114.SZ,罗平锌电,A股,C32有色金属冶炼和压延加工业,,水力发电、铅锌矿的开采、选矿、铅锌金属的冶炼及附属产品的提炼。 产品：锌锭、锌合金、锗精矿、银精矿、电、镉饼、硫酸、铅渣（铅矿）、铜精矿、旧极板、食用油、副产品、锌锭、锌合金、硫酸及副产品,baostock+akshare
002115.SZ,三维通信,A股,L72商务服务业,,通信业务和互联网营销业务。 产品：网优覆盖业务、卫星通信业务、通信设施运营业务、互联网营销业务、数字光纤直放站、微放/微分布、数字光纤分布、无源器件、室分天线、一体化4G和5G基站、室内外工业级CPE、云核心网、信令级屏蔽器、一体化手机屏蔽系统、便捷式移动终端定位设备,baostock+akshare
002116.SZ,中国海诚,A股,E48土木工程建筑业,,提供工程咨询、工程设计、工程监理等工程技术服务和工程总承包服务。 产品：工程总承包、工程设计、工程监理、工程咨询、工程其他,baostock+akshare
002117.SZ,东港股份,A股,C23印刷和记录媒介复制业,,印刷类产品，智能卡与无线射频类产品和技术服务类产品。 产品：印刷类产品、智能卡与无线射频类产品、技术服务类产品、商业票证印刷、数据处理打印与邮发封装、个性化彩色印刷和普通商业标签、智能卡的印制、天线与芯片封装、个人化服务、初始化服务、邮发服务、采用无线射频技术的标签、证照以及其他相关产品、电子票证服务、AI具身机器人、档案存储与数字化服务、厂房出租、印刷产品、智能卡和无线射频产品、技术服务,baostock+akshare
002119.SZ,康强电子,A股,C39计算机、通信和其他电子设备制造业,,引线框架、键合丝等半导体封装材料的制造和销售。 产品：引线框架产品、键合丝、电极丝、高精密模具、黄铜电极丝、镀锌电极丝、多工位引线框架级进模具、多工位锂电池壳拉伸模具、多工位自动叠铆电机模具、核工业格架条带级进模具、键合丝产品、电极丝产品,baostock+akshare
002120.SZ,韵达股份,A股,G60邮政业,,综合快递物流业务。 产品：面单销售、中转费、派费、物料销售、特许收入、派费收入、中转费收入、面单销售收入,baostock+akshare
002121.SZ,科陆电子,A股,C40仪器仪表制造业,,电力自动化产品及电工仪器仪表的研发、生产及销售。 产品：智能电网、储能业务、综合能源管理及服务、物业,baostock+akshare
002122.SZ,ST汇洲,A股,C34通用设备制造业,,高端装备制造、创投服务与资产管理、大模型数据服务及传媒业务。 产品：机床、技术服务、图书、数控重型立式车床、数控重型卧式车床、五轴联动加工中心、立式加工中心、卧式加工中心、重型深孔钻镗床、轧辊车床、立式磨床、立式铣齿机床,baostock+akshare
002123.SZ,梦网科技,A股,I65软件和信息技术服务业,,提供公有云平台(PaaS+SaaS)与私有云本地化系统产品，为EC侧提供融合通信解决方案(UMC)。 产品：云通信服务、云通信服务业,baostock+akshare
002124.SZ,天邦食品,A股,A03畜牧业,,生猪养殖和猪肉制品加工。 产品：生猪养殖、食品加工、饲料产品、食品及食品相关类别中的商品猪、猪肉生鲜产品、猪肉加工产品、养殖、食品、饲料,baostock+akshare
002125.SZ,湘潭电化,A股,C26化学原料和化学制品制造业,,电池材料的研发、生产和销售，城市生活污水的处理。 产品：电解二氧化锰、尖晶石型锰酸锂、四氧化三锰、污水处理业务,baostock+akshare
002126.SZ,银轮股份,A股,C36汽车制造业,,油、水、气、冷媒间的热交换器、汽车空调等热管理产品的研发、制造和销售。 产品：商用车产品、乘用车产品、工程机械产品、数字与能源产品、热交换器、其他、贸易,baostock+akshare
002127.SZ,南极电商,A股,L72商务服务业,,品牌授权综合服务业务及移动互联网营销业务。 产品：移动互联网媒体投放平台业务、品牌综合服务业务、货品销售业务、经销商品牌授权业务、保理业务,baostock+akshare
002128.SZ,电投能源,A股,B06煤炭开采和洗选业,,生产销售煤炭、铝、火电及光伏风电新能源等业务。 产品：煤炭产品、电力产品、铝产品、新能源电力产品、铝液、铝锭、电解铝、煤电产品,baostock+akshare
002129.SZ,TCL中环,A股,C38电气机械和器材制造业,半导体材料,单晶硅棒和硅片、电池和组件、半导体材料和器件的研发、生产和销售。 产品：光伏硅片、光伏组件、半导体材料、光伏电站,baostock+akshare
002130.SZ,沃尔核材,A股,C39计算机、通信和其他电子设备制造业,新能源车/储能,电子材料、通信线缆、电力、新能源汽车及风力发电五类业务。 产品：电子材料、通信线缆、新能源汽车产品、电力产品、热缩管、双壁管、标识管、母排管,baostock+akshare
002131.SZ,利欧股份,A股,L72商务服务业,,机械制造业务和数字营销业务。 产品：机械制造业务、媒体代理业务、数字营销服务、金属材料贸易,baostock+akshare
002132.SZ,恒星科技,A股,C33金属制品业,,镀锌钢丝及镀锌钢绞线、钢帘线、胶管钢丝、预应力钢绞线、金刚线等金属制品以及有机硅相关产品的研发、生产和销售。 产品：镀锌钢绞线、镀锌钢丝、胶管钢丝、钢帘线、预应力钢绞线、金刚线、化学产品,baostock+akshare
002133.SZ,广宇集团,A股,K70房地产业,,房地产的开发经营、商品房销售及出租。 产品：房地产、贸易、其他,baostock+akshare
002134.SZ,天津普林,A股,C39计算机、通信和其他电子设备制造业,PCB,印制电路板（PCB）的研发、生产及销售。 产品：印制电路板、单双面板、多层板、高多层板、HDI、高频高速板、厚铜板,baostock+akshare
002135.SZ,东南网架,A股,C33金属制品业,,钢结构、化纤、新能源三大业务板块。 产品：钢结构板块、化纤板块、新能源板块、大跨度空间钢结构、高层重钢结构、轻钢结构、装配式钢结构、涤纶预取向丝（POY）、涤纶牵引丝（FDY）、拉伸变形丝（DTY）、聚酯切片、光伏电站EPC、光伏电站运营、储能、建筑施工、涤纶长丝、其他,baostock+akshare
002136.SZ,安 纳 达,A股,C26化学原料和化学制品制造业,,金红石型、锐钛型钛白粉的生产和销售，以及磷酸铁的生产和销售。 产品：钛白粉、磷酸铁、其他(补充),baostock+akshare
002137.SZ,实益达,A股,C38电气机械和器材制造业,服务器与终端,智能硬件制造业务、智能终端产品业务。 产品：智能硬件制造业务、智能终端产品业务、半导体封装设备部件及整机、汽车电子、LED智能照明及相关配套智能终端产品、智能终端产品、智能硬件制造、其他,baostock+akshare
002138.SZ,顺络电子,A股,C39计算机、通信和其他电子设备制造业,,研发、设计、生产、销售新型精密电子元器件；提供技术解决方案和技术转让、咨询服务，销售自产产品。 产品：片式电子元件、磁性器件、微波器件、传感及敏感器件、精密陶瓷、其他主营业务,baostock+akshare
002139.SZ,拓邦股份,A股,C38电气机械和器材制造业,,电器产品智能控制、智能电源及其控制、高效照明产品及其控制、高效精密电机及其控制的研发、生产和销售。 产品：智能控制产品、自主智能产品、智能控制器、高效电机、电池包、其中:工具和家电、其中:汽车和高端装备、其中:新能源,baostock+akshare
002140.SZ,东华科技,A股,E48土木工程建筑业,,为国内外工程项目建设提供咨询、设计、施工、总承包等全过程、全产业链的综合服务。 产品：总承包业务、设计、技术性业务、总承包收入、其他、设计、技术性收入,baostock+akshare
002141.SZ,贤丰控股,A股,C38电气机械和器材制造业,PCB,覆铜板业务、兽用疫苗业务和饲料业务。 产品：覆铜板及PP、饲料、猪用疫苗、其他,baostock+akshare
002142.SZ,宁波银行,A股,J66货币金融服务,,对公及对私存款、贷款、支付结算、资金业务、并提供资产管理及其他金融业务。 产品：个人贷款及垫款、公司贷款及垫款、票据贴现、个人存款、公司存款、同业拆入、公司业务、资金业务、个人业务,baostock+akshare
002144.SZ,宏达高科,A股,C17纺织业,,面料织造业务、医疗器械业务。 产品：交运面料、服饰面料、染整和家纺、医疗器械、贸易,baostock+akshare
002145.SZ,钛能化学,A股,C26化学原料和化学制品制造业,,钛白粉、硫酸亚铁、改性聚丙烯酰胺、余热发电、硫酸渣，化工新产品研制、开发、生产销售。 产品：钛白粉、物流类、磷矿、黄磷、新能源材料、硫酸亚铁、磷酸铁,baostock+akshare
002146.SZ,荣盛发展,A股,K70房地产业,,房地产开发与销售。 产品：房地产业、产业园区、物业服务、酒店经营,baostock+akshare
002148.SZ,北纬科技,A股,I65软件和信息技术服务业,,物联网应用及其他移动通信业务、手机游戏业务和北纬移动互联网产业园。 产品：物联网应用及其他移动通信业务、手机游戏业务、移动互联网产业园、其他业务,baostock+akshare
002149.SZ,西部材料,A股,C32有色金属冶炼和压延加工业,,稀有金属材料及其合金加工材的研发、生产及销售。 产品：钛制品、其他稀有金属、其他(补充),baostock+akshare
002150.SZ,正泰电源,A股,C38电气机械和器材制造业,新能源车/储能,光伏储能设备、元器件以及金属制品的研发、生产及销售业务。 产品：光伏逆变器、储能系统产品、光伏储能监控及智慧能源管理系统、光伏及储能系统解决方案、金属制品业务、光储逆变器、工具箱柜、储能产品,baostock+akshare
002151.SZ,北斗星通,A股,C39计算机、通信和其他电子设备制造业,,芯片及数据服务、导航产品、陶瓷元器件。 产品：芯片业务、数据服务、导航产品、陶瓷元器件、行业及车载应用类芯片、消费类芯片、云增强服务、云辅助服务、海洋渔业位置数据服务、天线产品、代理产品、微波介质元器件、LTCC元器件、HTCC陶瓷产品、产品销售、服务收入、系统应用,baostock+akshare
002152.SZ,广电运通,A股,C39计算机、通信和其他电子设备制造业,服务器与终端,为全球客户提供具有竞争力的智能终端、运营服务及大数据解决方案。 产品：智能设备软件、开发及服务、运维服务及其他、智能设备、软件开发及服务,baostock+akshare
002153.SZ,石基信息,A股,I65软件和信息技术服务业,机器人本体/集成,酒店、餐饮、零售、休闲娱乐等大消费行业信息管理系统软件的开发与销售、系统集成、技术支持与服务业务。 产品：酒店信息管理系统业务、社会餐饮信息管理系统业务、支付系统业务、零售信息管理系统业务、旅游休闲系统业务、第三方硬件配套业务、自有智能商用设备,baostock+akshare
002154.SZ,报 喜 鸟,A股,C18纺织服装、服饰业,,品牌服装的研发、生产和销售。 产品：上衣、裤子、T恤、衬衫、风衣、羊毛衫、茄克、皮鞋、领带、西服、西裤、夹克、POLO衫、羽绒服、速干衣、休闲裤、皮鞋皮具,baostock+akshare
002155.SZ,湖南黄金,A股,B09有色金属矿采选业,,黄金及锑、钨等有色金属矿山的开采、选矿，金锑等有色金属的冶炼及加工，黄金、精锑的深加工及有色金属矿产品的进出口业务等。 产品：标准金锭、精锑、氧化锑、乙二醇锑、塑料阻燃母粒、金精矿、含量锑、钨精矿、黄金,baostock+akshare
002156.SZ,通富微电,A股,C39计算机、通信和其他电子设备制造业,,提供集成电路封装测试服务，为全球客户提供设计仿真和封装测试一站式服务。 产品：集成电路封装测试、模具及材料销售、其中:其他业务-模具及材料销售等、其他主营业务,baostock+akshare
002157.SZ,正邦科技,A股,A03畜牧业,,饲料生产与销售、生猪养殖与销售及兽药的生产与销售。 产品：全价料、浓缩料、预混料、其他料、猪饲料、禽饲料以及少量水产饲料和反刍饲料、肥猪和仔猪、猪、禽用兽药、养殖、饲料、兽药,baostock+akshare
002158.SZ,汉钟精机,A股,C34通用设备制造业,,研发、生产及销售压缩机、真空泵等产品。 产品：螺杆压缩机、离心压缩机、制冷压缩机、空气压缩机、光伏真空泵、半导体真空泵、压缩机(组)、真空产品、零件及维修,baostock+akshare
002159.SZ,三特索道,A股,N78公共设施管理业,,旅游资源的综合开发与运营。 产品：索道营运、景区门票、酒店餐饮、温泉业务、其他(补充),baostock+akshare
002160.SZ,常铝股份,A股,C32有色金属冶炼和压延加工业,,热传递材料、热传递设备及综合解决方案。 产品：铝箔制品、医疗洁净,baostock+akshare
002161.SZ,远 望 谷,A股,C39计算机、通信和其他电子设备制造业,机器人本体/集成,提供以RFID技术为核心的物联网行业应用产品和解决方案。 产品：电子标签、读写器、手持设备、芯片、天线、系统集成软件、标签、读写模块、固定式读写器、桌面式读写器、便捷式读写器、超高频RFID通道机、RFID龙门架、图书分拣线、智能车号地面识别设备、智能跟踪装置、预约借阅书柜、RFID视觉盘点机器人、AI全息数字馆员、AI自助借还机、无感借阅系统、宠物喂食器、RFID互动护照、NFC卡牌、RFID玩偶盲盒、物联网解决方案、物联网应用产品、其他(补充),baostock+akshare
002162.SZ,悦心健康,A股,C30非金属矿物制品业,,精密陶瓷的建材业务生产销售、医疗养老服务大康养业务、投资性房地产租赁业务。 产品：瓷砖-大理石、瓷砖-玻化石、瓷砖-仿古砖、瓷砖-瓷片、瓷砖-其他、生态建材、大康养、城市更新、建材、出租等,baostock+akshare
002163.SZ,海南发展,A股,E50建筑装饰、装修和其他建筑业,,幕墙与内装工程、特种玻璃深加工和电商运营服务三大业务。 产品：幕墙工程、幕墙玻璃制品、家电玻璃制品、特玻材料、电商运营、玻璃及深加工、大消费,baostock+akshare
002164.SZ,宁波东力,A股,C34通用设备制造业,机器人减速器;机器人本体/集成,减速机、电机及自动化控制系统的研发、制造与销售。 产品：传动设备、门控系统、模块化减速电机、工业通用齿轮箱、重载齿轮箱、小型专用齿轮箱及传动装置、三相异步电动机、永磁同步电动机及永磁半直驱系统、谐波减速器、精密行星减速器、自动化门控系统集成、其他(补充),baostock+akshare
002165.SZ,红 宝 丽,A股,C26化学原料和化学制品制造业,,环氧丙烷及其衍生品生产经营。 产品：环丙衍生品、环氧丙烷及附属品、保温材料、贸易材料,baostock+akshare
002166.SZ,莱茵生物,A股,C27医药制造业,,植物功能性成分的研发与生产。 产品：植物提取产品、罗汉果提取物、甜叶菊提取物、茶叶提取物及其他植物提取物、瑞鲍迪苷RM2及甜菊糖苷RM系列产品、左旋β-半乳葡聚糖、其他(补充),baostock+akshare
002167.SZ,东方锆业,A股,C32有色金属冶炼和压延加工业,,锆系列制品研发、生产和销售。 产品：锆系列制品、锆英砂、氯氧化锆、二氧化锆、复合氧化锆、陶瓷结构件、电熔氧化锆、硅酸锆、无机非金属锆产品、无机非金属材料产品、副产品,baostock+akshare
002168.SZ,ST惠程,A股,C38电气机械和器材制造业,数据中心电源;新能源车/储能,生物医药板块、输配电设备、新能源汽车充电桩业务板块及光伏风电EPC板块的经营销售。 产品：电气产品类、绝缘产品类、电动汽车充电桩类、光伏风电类、智能型配电终端、配电箱、成套开关设备、全密闭绝缘中低压电缆分接箱、电缆对接箱、硅橡胶电缆附件、可分离连接器、外置母线连接器、绝缘材料、电缆附件、医药产品类,baostock+akshare
002169.SZ,智光电气,A股,C38电气机械和器材制造业,新能源车/储能,储能业务、电力电子设备业务、电力电缆业务、综合能源服务业务。 产品：储能业务、电力电子设备业务、电力电缆业务、综合能源服务业务、储能设备、大型储能系统、工商业一体机、户用储能、储能电站投资、新能源电站运营与运维、智能高压变频调速系统、高压动态无功补偿装置SVG、智能高压岸电系统、新能源与移动测试平台、110kV-500kV高压、超高压电缆、6-35kV中压电力电缆、综合能源服务、数字能源技术及产品,baostock+akshare
002170.SZ,芭田股份,A股,C26化学原料和化学制品制造业,,复合肥研发、生产和销售。 产品：新型复合肥、硝酸磷肥、硝酸、磷矿石、复合肥系列、新能源材料,baostock+akshare
002171.SZ,楚江新材,A股,C32有色金属冶炼和压延加工业,,铜基新材料和军工碳材料的研发与制造。 产品：铜基新材料、碳纤维复合材料、特种热工装备及新材料、精密铜带、铜导体材料、铜合金线材、精密特钢、铜基材料、高端装备、碳纤维复合材料、钢基材料,baostock+akshare
002172.SZ,澳洋健康,A股,Q84卫生,药企/生物科技,医疗产业、医药流通业务、生物科技业务。 产品：医疗服务、医药物流,baostock+akshare
002173.SZ,创新医疗,A股,Q84卫生,,提供医疗服务。 产品：医疗服务业务、其他,baostock+akshare
002174.SZ,游族网络,A股,I64互联网和相关服务,,移动游戏和PC端游戏的研发、发行及运营。 产品：PC端游戏、移动游戏、其他,baostock+akshare
002175.SZ,*ST东智,A股,C40仪器仪表制造业,,精密数显量具量仪业务、智能物流分拣设备业务、真空镀膜设备、产业园区综合管理服务业务。 产品：计量器具制造业、智能物流分拣设备、过程装备、产业园综合管理服务、电子数显-精密机械类卡尺系列产品、电子数显-精密机械类千分尺系列产品、电子数显-精密机械类指示表系列产品、其他智能化、数字化精密仪器仪表系列产品、智能化测量（AI+）解决方案类产品、量仪量具产品,baostock+akshare
002176.SZ,江特电机,A股,C32有色金属冶炼和压延加工业,伺服系统;机器人核心部件;锂电资源,锂云母采选及碳酸锂加工、特种电机研发生产和销售。 产品：锂矿采选及锂盐制造业、工业电机、伺服电机、关节模组电机、步进电机、风电配套电机、建机电机、起重冶金电机、新能源电机、特种装备电机、高效节能电机、旋翼电机/推进电机、碳酸锂、其他电机,baostock+akshare
002177.SZ,御银股份,A股,C35专用设备制造业,,自有物业打造的产业园运营业务和智能金融设备行业相关运营服务业务。 产品：ATM合作运营、ATM技术、金融服务、经营租赁、ATM技术、金融服务,baostock+akshare
002178.SZ,延华智能,A股,I65软件和信息技术服务业,,智慧城市与云平台、智慧医疗与大健康、绿色双碳与数字能源三大业务。 产品：智慧医疗、大健康、绿色双碳、数字能源、其他综合智慧城市服务、智慧医疗与大健康、绿色双碳与数字能源,baostock+akshare
002179.SZ,中航光电,A股,C39计算机、通信和其他电子设备制造业,光器件;液冷,中高端光、电、流体连接技术与产品的研究与开发。 产品：光、电、流体连接器、光电子器件、线缆组件、集成化设备、电连接器及集成互连组件、光连接器及其他光器件以及光电设备、液冷解决方案及其他产品,baostock+akshare
002180.SZ,奔图科技,A股,C39计算机、通信和其他电子设备制造业,,集成电路芯片、通用打印耗材及核心部件和再生打印耗材的研究、开发、生产和销售。 产品：原装打印机及耗材、芯片、通用耗材及配件、打印影像芯片、工控安全芯片、消费级产品芯片、新能源芯片、汽车电子芯片、其他,baostock+akshare
002181.SZ,粤 传 媒,A股,L72商务服务业,,整合营销传播业务、印刷业务、媒体经营业务、文创园区运营业务、销售电商业务、文化产业投资业务、教育培训业务。 产品：整合营销传播服务、报刊广告及发行业务、印刷业务、商品销售、物业运营、数字营销及会展活动、报刊广告及发行、商业印刷、租赁及管理服务,baostock+akshare
002182.SZ,宝武镁业,A股,C32有色金属冶炼和压延加工业,,矿业开采、有色金属冶炼及加工。 产品：镁合金产品、镁铝合金压铸产品、铝合金产品、铝合金挤压产品、金属锶、中间合金、模板租赁、矿产品,baostock+akshare
002183.SZ,怡 亚 通,A股,L72商务服务业,,综合供应链服务、算力产业链、循环经济。 产品：分销和营销、品牌运营、跨境和物流服务,baostock+akshare
002184.SZ,海得控制,A股,C38电气机械和器材制造业,,数字化业务与绿色化业务。 产品：工业电气自动化业务、工业信息化业务、新能源业务,baostock+akshare
002185.SZ,华天科技,A股,C39计算机、通信和其他电子设备制造业,,集成电路封装测试。 产品：集成电路封装产品、DIP、SOT、SOP、QFP、QFN/DFN、BGA/LGA、FC、MCM、SiP、WLP、TSV、Bumping、MEMS、FO、PLP、2.5D/3D、集成电路、LED,baostock+akshare
002186.SZ,全 聚 德,A股,H62餐饮业,,餐饮服务及食品加工销售业务。 产品：餐饮服务、食品加工、“全聚德”“仿膳”“丰泽园”“四川饭店”等品牌、手工片制烤鸭系列、预包装熟食系列、荷叶饼系列、烤鸭专用酱系列、糕点系列、特色面食系列、年夜饭菜肴、餐饮、商品销售、其中:租赁,baostock+akshare
002187.SZ,广百股份,A股,F52零售业,,百货零售，经营业态包括百货商场、购物中心、超市、专业店以及线上商品销售等。 产品：联销业务、购销业务、物业出租、商品销售、租赁、提供服务,baostock+akshare
002188.SZ,中天服务,A股,K70房地产业,,物业管理与生活服务相关业务。 产品：物业管理及配套服务、案场服务、其他,baostock+akshare
002189.SZ,中光学,A股,C39计算机、通信和其他电子设备制造业,,精密光学元组件、光电防务、军民两用要地监控、投影整机及其核心部件。 产品：精密光学元组件、光电防务、要地监控、投影机整机、配件、机械产品、光电防务与要地监控、投影机整机及配件、机械产品及其他,baostock+akshare
002190.SZ,成飞集成,A股,C36汽车制造业,,工装模具设计、研制和制造、汽车零部件生产、航空零部件生产。 产品：工装及汽车零部件、航空零部件、工装模具及汽车零部件、工装模具及汽车零部件收入、航空零部件收入、其他(补充),baostock+akshare
002191.SZ,劲嘉股份,A股,C23印刷和记录媒介复制业,,中高端消费品牌的精品纸包装，镭射纸/膜、电子材料等新材料产品及新型烟草制品。 产品：精品纸包装、新材料产品、新型烟草制品、包装新材料、电子材料、口含烟、嚼烟、含化型烟草制品、加热卷烟制品、雾化类电子烟、新型烟草、镭射材料及烟膜、其他产品,baostock+akshare
002192.SZ,融捷股份,A股,B09有色金属矿采选业,锂电资源,锂矿采选、锂盐加工及冶炼、锂电池设备制造。 产品：锂精矿、锂盐、锂电池设备、电池级锂盐和锂电池设备,baostock+akshare
002193.SZ,ST如意,A股,C18纺织服装、服饰业,,纺织品、服装和服饰的设计、生产、销售。羊毛及其他纺织原料辅料的收购、加工及销售，纺织服装技术的研发、推广等。 产品：服装、面料、精纺呢绒产品、西装产品、其他,baostock+akshare
002194.SZ,武汉凡谷,A股,C39计算机、通信和其他电子设备制造业,,射频器件和射频子系统的研发、生产、销售和服务。 产品：双工器、滤波器、射频子系统、其他,baostock+akshare
002195.SZ,岩山科技,A股,I64互联网和相关服务,,互联网信息服务业务、人工智能业务和多元投资业务。 产品：互联网业务、人工智能业务、其他,baostock+akshare
002196.SZ,方正电机,A股,C38电气机械和器材制造业,新能源车/储能,汽车应用类产品（包括新能源汽车驱动电机、配套电机以及动力总成控制类产品）以及智能控制器和缝纫机应用类产品的研发、生产与销售。 产品：驱动电机和汽车电子、智能控制器、微特电机、材料销售,baostock+akshare
002197.SZ,证通电子,A股,I65软件和信息技术服务业,数据中心/云厂商,金融自助服务终端、金融支付终端设备、IDC及云计算等开发、生产和销售。 产品：IDC及云计算业务、自助服务终端、支付产品、加密键盘、其他,baostock+akshare
002198.SZ,ST嘉应,A股,C27医药制造业,,中成药的研发、生产和销售。 产品：咽喉类、感冒类、骨科类、清热类、补益类、肠胃类、双料喉风散、双料喉风含片、重感灵片、银翘解毒颗粒、橘红痰咳颗粒、接骨七厘片、接骨七厘胶囊、消炎利胆片、金菊五花茶颗粒、壮腰健肾丸、固精参茸丸、桂附理中丸、胃痛片、吐泻肚痛胶囊、接骨七厘片/胶囊、双料喉风散/含片,baostock+akshare
002199.SZ,*ST东晶,A股,C39计算机、通信和其他电子设备制造业,锂电资源,石英晶体元器件的研发、生产和销售。 产品：石英晶体元器件-谐振器、石英晶体元器件-振荡器、电池级碳酸锂、DIP晶体谐振器、SMD晶体谐振器-SEAM、SMD晶体谐振器-GLASS、SMD热敏晶体谐振器、SMD音叉晶体谐振器、SMD普通晶体振荡器、SMD压控晶体振荡器、SMD差分晶体振荡器、其他(补充),baostock+akshare
002200.SZ,交投生态,A股,E48土木工程建筑业,,绿化苗木种植及销售、绿化工程设计及施工、环境治理、生态修复。 产品：绿化、改造类工程、苗木销售、苗木租摆、绿化、改造类工程、其他,baostock+akshare
002201.SZ,九鼎新材,A股,C30非金属矿物制品业,,特种玻璃纤维及其制品、玻璃纤维增强复合材料的研发、制造、销售。 产品：玻璃纤维、玻璃制品、玻璃钢制品、玻璃纤维及制品、其他(补充),baostock+akshare
002202.SZ,金风科技,A股,C34通用设备制造业,,风机制造、风电服务、风电场投资与开发以及水务等其他业务。 产品：风机及零部件销售、风电场开发、风电服务,baostock+akshare
002203.SZ,海亮股份,A股,C32有色金属冶炼和压延加工业,,铜管、铜棒、铜箔、铜管件、导体材料、铝管、新型金属功能材料等产品的研发、生产制造和销售。 产品：铜管、铜棒、铜排、铜箔、铜管件、铝管、原材料等,baostock+akshare
002204.SZ,大连重工,A股,C34通用设备制造业,,物料搬运设备、冶金设备、新能源设备、传动与控制系统、船用设备等领域的大型成套设备及核心零部件的开发、研制和销售。 产品：物料搬运设备板块、新能源设备板块、冶金设备板块、核心零部件板块、工程总包项目板块、装卸机械、起重机械、港口机械、风电零部件、核电站专用起重机、炼焦机械、冶金车辆、连铸机械、轧钢机械、冶炼机械、数控切割机械、传动与控制系统、船用设备、环保工程、冶金工程、其他总包工程、产品设计、安装、检测、维保、工业性作业,baostock+akshare
002205.SZ,国统股份,A股,C30非金属矿物制品业,,预应力钢筒混凝土管(PCCP)、各种输水管道及其异型管件和配件、地铁管片、PC构件、铁路轨道板、风电塔筒等高端混凝土制品的制造及相关的技术开发和咨询服务。 产品：预应力钢筒混凝土管(PCCP)、输水管道及其异型管件和配件、地铁管片、PC构件、铁路轨道板、风电塔筒、PCCP管材、混凝土风电塔筒、PPP项目施工、服务,baostock+akshare
002206.SZ,海 利 得,A股,C28化学纤维制造业,,化学纤维、其他纺织材料、橡胶和塑料制品等的研发、生产和销售。 产品：涤纶工业长丝、轮胎帘子布、灯箱广告材料、产业用布材料、PVC膜、石塑地板、聚酯切片、高性能纤维,baostock+akshare
002207.SZ,*ST准油,A股,B11开采专业及辅助性活动,,工业业务、施工业务、运输业务三大业务。 产品：工业（含石油技术、油田管理）、运输业、施工、工业(含石油技术、油田管理),baostock+akshare
002208.SZ,合肥城建,A股,K70房地产业,,地产开发、物业管理、全屋定制、存量资产管理、工业地产、商业地产、城市更新。 产品：房地产销售、租赁、物业服务、房地产、租赁及物业服务、其他(补充),baostock+akshare
002209.SZ,达 意 隆,A股,C35专用设备制造业,,食品与包装机械的生产销售。 产品：液体包装机械及自动化设备、代加工、其他(补充),baostock+akshare
002210.SZ,飞马国际,A股,L72商务服务业,,环保新能源业务和供应链智慧产业链服务业务。 产品：垃圾发电及供热、贸易执行服务、综合物流服务、PPP项目建造服务,baostock+akshare
002211.SZ,ST宏达,A股,C26化学原料和化学制品制造业,,硅橡胶及其制品的加工销售。 产品：硅橡胶、生胶、混炼胶、液体胶、液态胶,baostock+akshare
002212.SZ,天融信,A股,I65软件和信息技术服务业,,围绕网络安全和智算云两大业务板块，提供覆盖全业务场景的产品、服务和解决方案。 产品：网络安全产品、智算云产品、其他(补充),baostock+akshare
002213.SZ,大为股份,A股,C39计算机、通信和其他电子设备制造业,服务器与终端;新能源车/储能,新能源+汽车业务以及半导体存储+智能终端业务。 产品：半导体存储器、通信设备、计算机及其他电子设备、新能源材料、汽车缓速器、房屋租赁及其他、零部件及其他,baostock+akshare
002214.SZ,*ST大立,A股,C39计算机、通信和其他电子设备制造业,,非制冷焦平面探测器、红外热像仪、红外热成像系统的研发、生产和销售。 产品：红外热成像芯片、红外热像仪及光电系统产品、巡检机器人系列产品、红外及光电类产品、其他产品,baostock+akshare
002215.SZ,诺 普 信,A股,C26化学原料和化学制品制造业,,特色生鲜消费业务、农药制剂业务。 产品：杀虫剂、杀菌剂、除草剂、植物营养、助剂、生鲜消费类,baostock+akshare
002216.SZ,三全食品,A股,C14食品制造业,,速冻和冷藏面米制品、速冻和冷藏调制食品等的研发、生产和销售。 产品：速冻面米制品、速冻调制食品、冷藏及短保类,baostock+akshare
002217.SZ,ST合力泰,A股,C39计算机、通信和其他电子设备制造业,服务器与终端,中高端显示技术的研究与开发，为智能终端、物联网、汽车电子等领域提供显示模组和整机解决方案。 产品：电子纸业务、通用显示业务、智能算力业务、小尺寸电子纸显示模组、中大尺寸电子纸显示模组、触控RTP、触控CTP、AMOLED模组、TFT模组、LCD&LCM、电子纸显示类产品、通用显示类产品、其他(补充),baostock+akshare
002218.SZ,拓日新能,A股,C38电气机械和器材制造业,,高效太阳能电池、高效光伏组件、光伏玻璃、光伏胶膜、光伏支架、光伏接线盒、多样化便携式太阳能民用消费类产品的研发与生产、分布式及地面光伏电站的设计、建设及运营等业务。 产品：非晶硅、单晶硅、多晶硅太阳能电池芯片、光伏玻璃、太阳能电池组件、太阳能电池应用产品、光伏电站建设和营运、电费收入、晶体硅太阳能电池芯片及组件,baostock+akshare
002219.SZ,新里程,A股,Q84卫生,,医疗服务、医药工业和康养业务。 产品：药品、医疗产品、医疗服务、药品及医疗产品、康养服务,baostock+akshare
002221.SZ,东华能源,A股,F51批发业,,生产、销售液化气并提供相关售后服务。 产品：聚丙烯、丙烯、氢气等副产气、合成氨、液化石油气,baostock+akshare
002222.SZ,福晶科技,A股,C39计算机、通信和其他电子设备制造业,光器件,晶体元器件、精密光学元件及激光器件等产品的研发、制造和销售。 产品：晶体元器件、精密光学元件、激光器件、非线性光学晶体元器件、激光晶体元器件,baostock+akshare
002223.SZ,鱼跃医疗,A股,C35专用设备制造业,,研发、制造和销售医疗器械产品及提供相关解决方案。 产品：呼吸治疗解决方案、血糖管理及POCT解决方案、家用健康检测解决方案、临床器械及康复解决方案、急救解决方案,baostock+akshare
002224.SZ,三 力 士,A股,C29橡胶和塑料制品业,,生产并销售各类橡胶V带、输送带、同步带等产品。 产品：橡胶V带、其他,baostock+akshare
002225.SZ,濮耐股份,A股,C30非金属矿物制品业,,研制、生产和销售定型、不定形耐火材料，功能耐火材料及配套机构，并承担各种热工设备耐火材料设计安装、施工服务等整体承包业务。 产品：功能性耐火材料、定型耐火材料、不定形耐火材料、其他类,baostock+akshare
002226.SZ,江南化工,A股,C26化学原料和化学制品制造业,,工业炸药、工业雷管、工业索类等民用爆炸物品的研发、生产、销售。 产品：民爆产品生产及销售业务、爆破工程服务业务、新能源发电业务、其他民爆业务、原材料生产及销售业务,baostock+akshare
002227.SZ,*ST特迅,A股,C38电气机械和器材制造业,,工业电源、新能源电动汽车充电和储能微电网及新型电力系统三大业务。 产品：电力用直流和交流一体化不间断电源设备、新能源电动汽车充电、储能业务及其他、运行设备维护、其他(补充),baostock+akshare
002228.SZ,合兴包装,A股,C22造纸和纸制品业,,中高档瓦楞纸箱、纸板及缓冲包装材料的研发与设计、生产、销售及服务。 产品：瓦楞包装、彩盒包装、缓冲包装、工业用纸、其他,baostock+akshare
002229.SZ,鸿博股份,A股,C23印刷和记录媒介复制业,,彩票服务、数字印刷、高端包装。 产品：热敏票印刷、防伪票据印刷、彩票新渠道服务、书刊与高端包装业务、算力及相关服务、票证产品、包装办公用纸,baostock+akshare
002230.SZ,科大讯飞,A股,I65软件和信息技术服务业,,语音技术相关的计算机软、硬件开发、生产和销售及技术服务。 产品：智慧教育、智慧医疗、开放平台、智能硬件、移动互联网产品及服务、智慧城市、运营商、智慧汽车、企业AI解决方案,baostock+akshare
002232.SZ,启明信息,A股,I65软件和信息技术服务业,,数智化转型服务、发展AI及数据产品、未来产业科技布局、全方位发展信创工程、智慧服务解决方案。 产品：集成服务、汽车电子及服务、管理软件及服务,baostock+akshare
002233.SZ,塔牌集团,A股,C30非金属矿物制品业,,各类硅酸盐水泥、预拌混凝土的生产和销售。 产品：硅酸盐水泥熟料、通用硅酸盐水泥、预拌混凝土、水泥、熟料、商品混凝土、石灰石及废碴、机制砂石、环保处置、光伏发电上网,baostock+akshare
002234.SZ,民和股份,A股,A03畜牧业,,父母代肉种鸡的饲养、商品代肉雏鸡的生产与销售；商品代肉鸡的饲养与屠宰加工；鸡肉制品的生产与销售；有机废弃物资源化开发利用。 产品：商品代鸡苗、鸡肉制品、电力、生物有机肥、销售商品、让渡资产使用权,baostock+akshare
002235.SZ,安妮股份,A股,C22造纸和纸制品业,,防伪溯源系统综合解决方案业务及版权综合服务、商务信息用纸业务。 产品：商务信息用纸、票据印刷、防伪溯源系统、互联网营销、版权技术、保护业务,baostock+akshare
002236.SZ,大华股份,A股,C39计算机、通信和其他电子设备制造业,机器人传感器,智慧物联产品的研发、生产和销售，提供以视频为核心的智慧物联解决方案及运营服务。 产品：智慧物联产品及方案、智慧物联解决方案、数智化升级解决方案、机器视觉与移动机器人、热成像、汽车电子、智慧安检、智慧消防、创新业务、软件业务,baostock+akshare
002237.SZ,恒邦股份,A股,C32有色金属冶炼和压延加工业,,黄金矿产资源开发、贵金属冶炼、高新材料研发及生产、化肥生产及销售、国际贸易等业务。 产品：黄金、白银、电解铜、硫酸、磷铵及其他化肥、铅、锌、锑、铋、硒、锌锭、稀散金属（铋、碲、砷、硒）,baostock+akshare
002238.SZ,天威视讯,A股,I63电信、广播电视和卫星传输服务,,有线电视、有线宽带、广电5G移动通信业务。 产品：有线电视服务、数字文化制作、其他,baostock+akshare
002239.SZ,奥特佳,A股,C36汽车制造业,电芯,汽车热管理系统及零部件的技术开发、产品生产及销售。 产品：汽车空调压缩机、汽车空调系统及储能电池热管理设备,baostock+akshare
002240.SZ,盛新锂能,A股,C32有色金属冶炼和压延加工业,锂电资源,锂矿采选、基础锂盐和金属锂产品的生产与销售。 产品：锂产品、锂盐、金属锂,baostock+akshare
002241.SZ,歌尔股份,A股,C39计算机、通信和其他电子设备制造业,,提供精密零组件和智能硬件整机的垂直整合产品解决方案，以及相关设计研发和生产制造服务。 产品：精密零组件业务、智能声学整机业务、智能硬件业务、微型扬声器/受话器、扬声器模组、触觉器件（马达）、无线充电器件、天线、MR光学器件及模组、AR光学器件及模组、微纳光学器件、3D结构光模组、ARHUD模组、MEMS声学传感器、其他MEMS传感器、微系统模组、精密结构件、智能无线耳机、智能音箱、AI智能眼镜、MR混合现实、AR增强现实、智能可穿戴、智能游戏主机及配件、智能家居、智能硬件、智能声学整机、精密零组件,baostock+akshare
002242.SZ,九阳股份,A股,C38电气机械和器材制造业,,小家电系列产品的研发、生产和销售。 产品：豆浆机、电磁炉、电饭煲、空气炸锅、料理机、食品加工机系列、营养煲系列、西式电器系列,baostock+akshare
002243.SZ,力合科创,A股,C29橡胶和塑料制品业,,新材料研发生产、创新基地平台服务、科技创新运营服务、投资孵化服务。 产品：科技创新服务、战略性新兴产业产品、科技创投业务、科技创新运营服务、创新基地平台服务、软管类产品、吹塑类产品、注塑类产品、新材料产业,baostock+akshare
002244.SZ,滨江集团,A股,K70房地产业,,商品住宅的开发和建设。 产品：房产销售、房产项目管理服务、房产租赁、酒店管理服务,baostock+akshare
002245.SZ,蔚蓝锂芯,A股,C38电气机械和器材制造业,,锂电池、LED芯片及金属物流配送三大业务。 产品：锂电池产品、LED产品、金属物流产品、LED、金属物流配送,baostock+akshare
002246.SZ,北化股份,A股,C26化学原料和化学制品制造业,,以硝化棉系列产品为核心的纤维素及其衍生物产业和以活性炭为基础的环保器材及核生化防护装备制造产业及以渣浆泵为核心的特种工业泵系列产品环保装备的制造。 产品：硝化棉相关产品、工业泵、防护器材、活性炭及催化剂、环保器材、硝化棉,baostock+akshare
002247.SZ,聚力文化,A股,C22造纸和纸制品业,,中高端建筑装饰贴面材料的研发、设计、生产和销售。 产品：三聚氰胺装饰纸、高性能装饰板、PVC装饰材料、印刷装饰纸、浸渍纸、装饰纸饰面板、PVC家具膜、PVC地板膜、装饰纸,baostock+akshare
002248.SZ,华东数控,A股,C34通用设备制造业,,研发、生产和销售数控机床、普通机床及其关键功能部件。 产品：机床产品、数控龙门铣床（龙门加工中心）、数控龙门磨床、数控外圆磨床、万能摇臂铣床、平面磨床、动静压主轴、数控机床产品、普通机床产品、机床配件产品,baostock+akshare
002249.SZ,大洋电机,A股,C38电气机械和器材制造业,新能源车/储能,电机及驱动系统绿色智能解决方案领域的卓越供应商，为全球客户提供安全、环保、高效的电机驱动系统解决方案。 产品：建筑及家居用电机、起动机及发电机、新能源车辆动力总成系统、汽车租赁,baostock+akshare
002250.SZ,联化科技,A股,C26化学原料和化学制品制造业,药企/生物科技,植物保护原药及中间体的生产、销售以及为国际植保企业提供定制生产、研发及技术服务；原料药、中间体的生产、销售以及为国际制药企业提供定制生产、研发及技术服务；精细化学品、功能化学品的生产、销售以及定制生产、研发及技术服务；为工业冷链、精细化工、新能源、石油化工等行业公司提供工业换热节能设备及压力容器的产品及服务。 产品：植保（除草剂及中间体）、植保（杀虫剂及中间体）、植保（杀菌剂及中间体）、医药中间体、功能化学品、植保、医药,baostock+akshare
002251.SZ,步步高,A股,F52零售业,,商品零售。 产品：批发零售、超市、百货、家电、批发、物流及广告、其他(补充),baostock+akshare
002252.SZ,上海莱士,A股,C27医药制造业,,血液制品的生产和销售。 产品：人血白蛋白、静注人免疫球蛋白、特异性免疫球蛋白、凝血因子类产品、进口白蛋白、静丙、自产白蛋白、其他血液制品,baostock+akshare
002253.SZ,川大智胜,A股,I65软件和信息技术服务业,,以空管为主的航空相关业务、以人工智能硬核科技为基础的新业务。 产品：空管自动化系统、空域管理系统、飞行流量管理系统、空管安全防护系统、多通道数字同步记录仪、雷达管制模拟机、程序管制模拟机、塔台管制模拟机、管制员飞行训练模拟器、低空监视雷达、低空飞行管理与服务系统、航空及空管产品与服务、信息化及其他产品与服务、虚拟现实和增强现实产品与服务,baostock+akshare
002254.SZ,泰和新材,A股,C28化学纤维制造业,,氨纶、芳纶系列产品的制造、销售、技术转让、技术咨询和服务。 产品：先进纺织品、安防与信息产业用品、新能源材料产业用品、纽士达”牌氨纶丝、“泰美达”牌间位芳纶、“泰普龙”牌对位芳纶及“民士达”牌芳纶纸、安防与信息及新能源产业用产品、其他,baostock+akshare
002255.SZ,海陆重工,A股,C34通用设备制造业,,工业制造（锅炉及相关配套产品、压力容器产品和核电产品），以及环保工程服务、环保运营和新能源业务。 产品：工业余热锅炉、大型及特种材质压力容器、核安全设备、工业废水、废气、危废等污染物处理及回收利用服务、光伏电站、锅炉及相关配套产品、压力容器产品、核电产品,baostock+akshare
002256.SZ,兆新股份,A股,D44电力、热力生产和供应业,,新能源、精细化工两大类业务。 产品：精细化工产品、化工新材料产品、光伏发电、光伏施工、环保功能气雾涂料、环保节能汽车养护用品、绿色环保家居用品、萘系高效减水剂、分散剂NNO、萘磺酸,baostock+akshare
002258.SZ,利尔化学,A股,C26化学原料和化学制品制造业,,氯代吡啶类、有机磷类等高效、低毒、低残留的安全农药原药的研发、生产和销售。 产品：原药、制剂、草铵膦原药、精草铵膦、毕克草原药、毒莠定原药、氟草烟原药、绿草定原药、丙炔氟草胺、敌草隆、苯噻草胺、异菌脲、炔苯酰草胺、农药原药、农药制剂、农药中间体,baostock+akshare
002259.SZ,升达林业,A股,D45燃气生产和供应业,,LNG的生产和销售。 产品：LNG及燃气、LNG加工、城镇燃气初装、LNG及燃气销售、LNG加工费、城镇燃气初装费,baostock+akshare
002261.SZ,拓维信息,A股,I65软件和信息技术服务业,,AI、开源鸿蒙、软件云服务、国产智能计算等核心业务。 产品：软件及服务、智能计算产品、其中:软件及服务-行业云及服务,baostock+akshare
002262.SZ,恩华药业,A股,C27医药制造业,锂电资源,医药研发、生产和销售。 产品：原料药、麻醉类制剂、精神类制剂、神经类制剂、咪达唑仑、依托咪酯、盐酸右美托咪定、舒芬太尼、阿芬太尼、芬太尼、丁螺环酮、齐拉西酮、盐酸戊乙奎醚、碳酸锂、利培酮、非诺贝特、氢溴酸西酞普兰、加巴喷丁、五氟利多、硝酸咪康唑、硝酸益康唑、力月西、福尔利、锐纷、芬特、阿纷尼、恩利泽、欧立罗、泊得乐、必和、一思、郝尔宁、优松、恩利纾、盐酸他喷他多片、思贝格、一舒、碳酸锂缓释片、维必朗、思利舒、阿普唑仑片、帕格、恩卓欣、奥司啶、优必罗、氢溴酸伏硫西汀片、利鲁唑片、氯硝西泮片、静康、迭力、恩诺欣、普瑞巴林胶囊、纳丁、拉考沙胺注射液、力月西片、麻醉类、精神类、商业医药,baostock+akshare
002263.SZ,大东南,A股,C29橡胶和塑料制品业,,各类薄膜及新材料产品的研发、生产和销售。 产品：BOPP膜（电容膜）、BOPET膜、光学膜、CPP膜、CPP薄膜、BOPP电容膜、BOPET薄膜、塑料薄膜、其他,baostock+akshare
002264.SZ,新 华 都,A股,I64互联网和相关服务,,以数据研究为基础的互联网营销业务，包括全渠道电商销售服务、产品研发及营销服务和数字营销服务等。 产品：互联网销售、互联网服务,baostock+akshare
002265.SZ,建设工业,A股,C36汽车制造业,,军品和民品的研发、生产销售、服务。 产品：特品、民品、轻型武器装备、汽车动力系统、传动系统、转向系统、安全系统、机械转向器、脚踏板、转向轴、中间轴、驱动半轴、连杆、电机轴、商用车钢活塞、减速机齿坯,baostock+akshare
002266.SZ,浙富控股,A股,N77生态保护和环境治理业,,高碳减排的危废资源化业务和深度低碳的清洁能源装备业务。 产品：清洁能源设备、石油采掘、危险废物处置及资源化产品、其他,baostock+akshare
002267.SZ,陕天然气,A股,D45燃气生产和供应业,,天然气长输管网的投资建设和运营管理。 产品：天然气销售、管道运输、燃气工程安装、其他,baostock+akshare
002268.SZ,电科网安,A股,I65软件和信息技术服务业,,打造以密码为核心的数据智能安全服务，发展密码、网络安全和数据安全三大板块业务。 产品：密码、网络安全、数据安全、新业务方向布局、安全保密、网络安全基础设施、安全服务、安全应用,baostock+akshare
002269.SZ,美邦服饰,A股,C18纺织服装、服饰业,,服饰产品的设计、推广和销售。 产品：男装、女装、其他产品,baostock+akshare
002270.SZ,华明装备,A股,C38电气机械和器材制造业,,电力设备业务，主要为变压器分接开关的研发、生产、销售和全生命周期的运维检修；电力工程业务，主要为新能源电站的承包、设计施工运维；以及数控机床业务，主要为成套数控设备、激光设备的研发、生产和销售。 产品：电力设备、数控设备、电力工程、埋入式油中熄弧有载分接开关、埋入式真空有载分接开关、干式有载分接开关、外挂式真空有载分接开关、无励磁分接开关、铁塔钢结构数控成套加工设备、建筑钢结构数控成套加工设备、大型板材数控成套加工设备、新能源电站建设承包业务、其他,baostock+akshare
002271.SZ,东方雨虹,A股,C30非金属矿物制品业,,防水业务。 产品：防水材料、砂浆粉料、工程施工、建筑防水材料、建筑装饰涂料、建筑节能材料、胶粘剂、管业、非织造布、特种薄膜、乳液、防水卷材、涂料,baostock+akshare
002272.SZ,川润股份,A股,C34通用设备制造业,液冷;机器人本体/集成,新能源流体系统及液压元件制造及销售、提供流体工业技术服务、清洁能源装备及解决方案、储能装备及系统集成、数字化供应链智造服务等。 产品：新能源流体系统、液冷系统及产品、液压元件、清洁能源装备及解决方案、储能装备及系统集成、流体工业技术服务、数字化供应链智造服务,baostock+akshare
002273.SZ,水晶光电,A股,C39计算机、通信和其他电子设备制造业,,精密薄膜光学元器件、半导体光学元组件、汽车电子AR+组件、薄膜光学面板、反光材料等的研发、制造、销售。 产品：光学光电子产品、反光制品、精密薄膜光学元器件、半导体光学元组件、汽车电子AR+组件、薄膜光学面板、消费电子、汽车电子(AR+)、反光材料,baostock+akshare
002274.SZ,华昌化工,A股,C26化学原料和化学制品制造业,,基础化工产业、化学肥料产业、新材料产业。 产品：复合肥、尿素、纯碱、合成氨、氯化铵、甲醇、多元醇、肥料系列产品,baostock+akshare
002275.SZ,桂林三金,A股,C27医药制造业,,中成药的研发、制造与销售。 产品：三金西瓜霜系列产品、三金片系列产品、三金片、桂林西瓜霜、西瓜霜润喉片、西瓜霜清咽含片、眩晕宁片/颗粒、蛤蚧定喘胶囊、拉莫三嗪片（安闲）、脑脉泰胶囊、玉叶解毒颗粒、复方田七胃痛胶囊、工业、商业流通、其他,baostock+akshare
002276.SZ,万马股份,A股,C38电气机械和器材制造业,,电线电缆、高分子材料、汽车充电设备等产品的研发、生产和销售，以及汽车充电设备的投资与运营服务。 产品：电力电缆、装备线缆、500kV及以下超高压交联聚乙烯绝缘电缆、中低压电缆、防火耐火电缆、控制电缆、民用建筑线缆、智能预警电缆及特种电缆、同轴电缆、室内外光缆、安防线、数据缆、工业智能装备线缆、风光储充电缆、轨道交通电缆、矿用电缆、线束组件、其他橡套及非橡套类电缆、电力产品、高分子材料、贸易、服务及其他,baostock+akshare
002277.SZ,友阿股份,A股,F52零售业,,百货零售。 产品：百货零售、家电零售、便利店零售、房地产销售、其他(补充),baostock+akshare
002278.SZ,神开股份,A股,C35专用设备制造业,,高端石油装备的研发创新、精密制造与市场拓展。 产品：油气钻采设备、油气勘探仪器及工程技术服务、石油产品规格分析仪器、新能源产品与技术、钻井井控设备产品线、井口采油设备产品线、综合录井仪器产品线、随钻测控仪器产品线、数字测井仪器产品线、定测录导专业工程服务、智能钻井数字工程体系、石油钻采设备、录井及随钻设备及服务、测井仪器及服务,baostock+akshare
002279.SZ,久其软件,A股,I65软件和信息技术服务业,,在数字政府、数字企业、数字传播等领域为用户提供自主可控的解决方案与产品。 产品：数据智能、智慧资产、数智财务与财会监督、智慧营销、智慧法院,baostock+akshare
002281.SZ,光迅科技,A股,C39计算机、通信和其他电子设备制造业,光器件,光电子器件、模块和子系统的研发、生产及销售。 产品：传输类产品、接入类产品、数据通信类产品、数据与接入、传输、其他(补充),baostock+akshare
002282.SZ,博深股份,A股,C30非金属矿物制品业,,金刚石工具的研发、生产和销售。 产品：金刚石工具、电动工具及配件、合金工具、纸基涂附磨具、布基涂附磨具、轨交装备零部件、租赁业,baostock+akshare
002283.SZ,天润工业,A股,C36汽车制造业,,曲轴、连杆及空气悬架的研发、生产和销售。 产品：发动机及船级曲轴、连杆、空气悬架、曲轴毛坯及铸锻件,baostock+akshare
002284.SZ,亚太股份,A股,C36汽车制造业,,汽车基础制动系统、汽车底盘电子智能控制系统、轮毂电机以及线控底盘的开发、生产、销售。 产品：汽车基础制动系统、汽车电子控制系统、底盘电子智能控制系统、轮毂电机及线控底盘、其他(补充),baostock+akshare
002285.SZ,世联行,A股,K70房地产业,,大交易业务、“大资管”业务。 产品：案场代理业务、分销业务、物业及综合设施管理业务、公寓运营业务、营销顾问业务、其他服务业务,baostock+akshare
002286.SZ,保龄宝,A股,C13农副食品加工业,,益生元、膳食纤维、减糖甜味剂等功能性配料的研发、生产、销售。 产品：益生元、膳食纤维、减糖甜味剂、淀粉糖及其他、低聚异麦芽糖、低聚果糖、低聚半乳糖、其他益生元、聚葡萄糖、抗性糊精、赤藓糖醇、阿洛酮糖、结晶果糖、液体淀粉糖系列、固体淀粉糖系列、饲料及副产品,baostock+akshare
002287.SZ,奇正藏药,A股,C27医药制造业,,藏药的研发、生产及销售。 产品：奇正消痛贴膏、青鹏软膏、白脉软膏、口服藏药、贴膏剂、其它剂型、软膏剂,baostock+akshare
002289.SZ,宇顺电子,A股,C39计算机、通信和其他电子设备制造业,,液晶显示屏及模组、触摸屏及模组、触摸显示一体化模组等产品的研发、生产和销售。 产品：液晶显示屏及模组、触摸屏及模组、触摸显示一体化模组、CTP（GFF/OGS/GG）、LCM一体模组、RTP/LCM一体模组、LCD（TN/HTN/STN/CSTN/TFT）及对应模组、TFT、INCELLONCELL模组、手持终端、智能POS、智能穿戴、智能家居、车载电子、数码产品、工业控制、医疗电子、教育电子、其他消费类电子产品、电气设备、触控显示模组、IDC业务、仪器、仪表、安防设备,baostock+akshare
002290.SZ,禾盛新材,A股,C38电气机械和器材制造业,机器人本体/集成,家电用外观复合材料PCM/VCM的研发、生产及销售。 产品：家电用复合材料、人工智能及系统集成板块、其他(补充),baostock+akshare
002291.SZ,遥望科技,A股,I64互联网和相关服务,,数字营销相关业务。 产品：新媒体广告、自营品牌与品牌经销、社交电商、服装鞋类,baostock+akshare
002292.SZ,奥飞娱乐,A股,C24文教、工美、体育和娱乐用品制造业,,玩具及婴童用品的开发、生产、销售，动漫影视片、动漫图文作品的制作与发行的经营。 产品：IP内容业务、实体产业、潮玩业务、玩具业务、婴童业务、婴童用品、玩具销售、影视类,baostock+akshare
002293.SZ,罗莱生活,A股,C17纺织业,,以床品为主的家用纺织品业务。 产品：标准套件类、被芯类、枕芯类、夏令产品、家具,baostock+akshare
002294.SZ,信立泰,A股,C27医药制造业,药企/生物科技,药品、医疗器械产品的研发、生产、销售，以及专利授权许可。 产品：药品、医疗器械产品、心脑血管、肾脏、代谢类药物、医疗器械、骨科药物、头孢类抗生素、原料、创新药、其他药物1,baostock+akshare
002295.SZ,精艺股份,A股,C32有色金属冶炼和压延加工业,,铜加工产业和数字能碳服务。 产品：内螺纹铜管、直条管、光盘管、精密铜杆、超微铜线、铜管、铜管加工产品、铜杆加工产品、其他(补充),baostock+akshare
002296.SZ,辉煌科技,A股,C38电气机械和器材制造业,,轨道交通高端装备的研发、生产、销售、安装和维护。 产品：监控产品线、运营管理产品线、信号基础设备产品线、综合运维信息化、运维装备产品线、信号集中监测系统（CSM）、铁路防灾安全监控系统、高速铁路地震预警监测系统、综合视频监控系统、电加热道岔融雪设备、道岔缺口监测系统、动力及机房环境监控系统、城市轨道交通综合监控系统（ISCS）、机械室智能巡检管控系统、线路安全环境管控平台智能视频分析系统、接触网2C智能分析系统、普速防洪监测系统、信号电缆监测及综合维护管理系统、城轨安防集成平台、环境与设备监控系统（BAS）、城轨能源管理系统、城市轨道交通信号维护支持系统（MSS）、铁路运输指挥综合系统、无线调车机车信号和监控系统（STP）、列车自动监控系统（ATS）、城市轨道交通自动售检票系统（AFC）、智能电源设备、铁路信号计算机联锁系统（CBI）、计轴设备、道岔转辙机、接触网水冲洗车、地铁隧道清洗车、电务生产指挥系统、电务大数据智能运维平台、城市轨道交通智能运维平台、综合运维信息化及运维装备,baostock+akshare
002297.SZ,博云新材,A股,C33金属制品业,,航空机轮刹车系统及刹车材料、航天用碳/碳复合材料、高性能硬质合金和稀有金属粉体材料等产品的研发、生产与销售。 产品：航空航天领域、硬质合金领域、飞机机轮刹车系统、航空用飞机刹车材料、航天用碳/碳复合材料、高性能硬质合金材料、稀有金属粉体材料、高性能硬质合金及相关材料、航空航天及民用碳/碳复合材料、其他(补充),baostock+akshare
002298.SZ,中电鑫龙,A股,C38电气机械和器材制造业,数据中心电源,智慧用能业务、智慧新能源业务、智慧城市业务。 产品：智能输配电设备、新能源、元器件、自动化、电力设计、自主可控智慧城市解决方案、运营服务、智能输配电设备、新能源、元器件、自动化及电力设计、自主可控智慧城市解决方案及运营服务、其他(补充),baostock+akshare
002299.SZ,圣农发展,A股,C13农副食品加工业,,白羽肉鸡生产及肉类食品深加工。 产品：鸡肉、肉制品、冻、鲜鸡肉产品、肉类深加工产品、其他(补充),baostock+akshare
002300.SZ,太阳电缆,A股,C38电气机械和器材制造业,,电线电缆。 产品：电线电缆、500kV及以下交联聚乙烯绝缘电力电缆、核电站电缆、风力电缆、35～500kV海底电力电缆、海底光电复合电缆、柔性直流海底电缆和建筑用线、装备用电缆、数据电缆、架空线、铜加工、特种电缆、电力电缆,baostock+akshare
002301.SZ,齐心集团,A股,C24文教、工美、体育和娱乐用品制造业,,B2B办公物资集采业务。 产品：办公物资、企业级SaaS服务、其他(补充),baostock+akshare
002302.SZ,西部建设,A股,C30非金属矿物制品业,,预拌混凝土及相关业务。 产品：预拌混凝土、销售商品、劳务收入、对外租赁,baostock+akshare
002303.SZ,美盈森,A股,C22造纸和纸制品业,,运输包装产品、精品包装产品、标签产品及电子功能材料模切产品的研发、生产与销售，并为客户提供包装产品创意设计、结构设计、包装方案优化、包装材料第三方采购与包装产品物流配送、供应商库存管理以及现场辅助包装作业等包装一体化深度服务。 产品：轻型包装产品、重型包装产品、标签产品、电子功能材料模切产品、第三方采购,baostock+akshare
002304.SZ,洋河股份,A股,C15酒、饮料和精制茶制造业,,白酒的生产与销售。 产品：白酒、红酒、梦之蓝、天之蓝、海之蓝、苏酒、珍宝坊、洋河大曲、双沟大曲、其他(补充),baostock+akshare
002305.SZ,*ST南置,A股,K70房地产业,,房地产的开发与运营业务。 产品：物业销售、物业出租及物业管理、酒店运营及其他,baostock+akshare
002306.SZ,ST云网,A股,H62餐饮业,,餐饮团膳和新能源光伏边框。 产品：餐饮业务、新能源光伏业务、新能源光伏产品、团膳业务、其他,baostock+akshare
002307.SZ,北新路桥,A股,E48土木工程建筑业,,公共交通基础设施建设的施工业务。 产品：工程收入、高速公路收费收入、租赁收入、其他,baostock+akshare
002309.SZ,中利集团,A股,C38电气机械和器材制造业,液冷;新能源车/储能,特种电缆业务和新能源光伏组件业务板块。 产品：线缆业务、光伏业务、阻燃耐火软电缆、舰船用电缆、高铁及铁路信号线缆、新能源汽车及充电桩线缆、液冷电缆、光伏电缆、数据通信线缆、海洋工程平台用电缆及光电复合缆、P型单面、双面及轻质组件、全系N型TOPCon组件、电力及通信电缆、光伏组件及电池片、船用电缆、电缆料,baostock+akshare
002310.SZ,东方新能,A股,D44电力、热力生产和供应业,,新能源电站开发、投资、建设及运营。 产品：市政园林、电力工程、固废处置、光伏发电,baostock+akshare
002311.SZ,海大集团,A股,C13农副食品加工业,,围绕动物养殖提供整体解决方案进行产业链业务布局。 产品：饲料、动保产品、农产品、贸易业务,baostock+akshare
002312.SZ,川发龙蟒,A股,C26化学原料和化学制品制造业,,生产、研发和销售各类磷肥、复合肥、饲料添加剂等化工产品。 产品：工业级磷酸一铵、饲料级磷酸钙盐、肥料系列产品、磷酸铁锂、磷酸铁、饲料级磷酸氢钙,baostock+akshare
002313.SZ,日海智能,A股,C39计算机、通信和其他电子设备制造业,,无线通信模组业务、通信工程服务业务和通信设备制造业务。 产品：无线通信模组、通信基础设备、通信工程服务,baostock+akshare
002314.SZ,南山控股,A股,K70房地产业,,现代高端仓储物流、房地产开发、产城综合开发业务。 产品：房地产业务、仓储物流业务、产业园区业务、制造业业务,baostock+akshare
002315.SZ,焦点科技,A股,I64互联网和相关服务,,全链路外贸服务综合平台、外贸AI应用业务、跨境电子商务业务、线上线下融合的保险代理业务以及与各平台业务相关联的综合服务。 产品：中国制造网业务收入、新一站保险业务收入、跨境业务收入、代理业务收入、AI业务收入、网络信息技术服务、认证供应商服务、保险佣金,baostock+akshare
002316.SZ,亚联发展,A股,I65软件和信息技术服务业,机器人本体/集成,智慧专网、生物纤维素基材及农牧领域业务。 产品：交通工程系统集成、专网通信解决方案、生物纤维素基材、农产品贸易,baostock+akshare
002317.SZ,众生药业,A股,C27医药制造业,药企/生物科技,药品研发、生产和销售。 产品：创新药、中成药、化学仿制药、改良型新药、昂拉地韦片、来瑞特韦片、复方血栓通系列产品、脑栓通胶囊、复方丹参片、众生丸系列产品、清热祛湿颗粒、羧甲司坦口服溶液（片）、盐酸氨溴索口服溶液、头孢克肟分散片、头孢拉定胶囊、异烟肼片、吡嗪酰胺片、盐酸乙胺丁醇片、利福平胶囊、利巴韦林片、硫糖铝口服混悬液、瑞巴派特片、奥美拉唑肠溶胶囊、盐酸氮斯汀滴眼液、普拉洛芬滴眼液、地夸磷索钠滴眼液、环孢素滴眼液（III）、氯雷他定片、富马酸氯马斯汀口服溶液、中成药销售、化学药销售、中药材及中药饮片销售,baostock+akshare
002318.SZ,久立特材,A股,C33金属制品业,,无缝管、焊接管、复合管、管件和合金材料等的研发、生产和销售。 产品：无缝管、焊接管、复合管、管件、合金材料,baostock+akshare
002319.SZ,乐通股份,A股,C26化学原料和化学制品制造业,,各类印刷油墨技术开发、生产、销售。 产品：凹印油墨、特种油墨、柔印油墨、网印油墨、胶印油墨、其他(补充),baostock+akshare
002320.SZ,海峡股份,A股,G55水上运输业,,船舶运输和轮渡港口服务。 产品：琼州海峡客滚运输相关航线、渤海湾客滚运输相关航线、海口（三亚）至西沙旅游航线以及新海港和秀英港轮渡港口服务业务、海安航线、烟大航线、其他航线,baostock+akshare
002321.SZ,华英农业,A股,A03畜牧业,,种鸭养殖、孵化、禽苗销售、饲料生产、商品鸭屠宰加工、冻品销售、熟食、羽绒及羽绒制品生产和销售。 产品：鸭肉生鲜冻品、鸭制熟食、预制菜、羽绒、冻品、熟食,baostock+akshare
002322.SZ,理工能科,A股,I65软件和信息技术服务业,,销售电力造价软件、电力在线监测系统和水质监测设备等产品以及土壤修复。 产品：电力软件产品及项目、环保运维服务、电力智能仪器、环保智能仪器、材料配件、电力造价软件、水质大气运维、电力在线监测系统,baostock+akshare
002323.SZ,*ST雅博,A股,E50建筑装饰、装修和其他建筑业,,金属屋面围护系统、新能源业务。 产品：金属屋面工程业务、光伏业务、软件及设计、电梯安装业务、金属屋（墙）面围护系统、智慧金属屋面系统、建筑节能环保解决方案、大跨度复杂结构设计、智能建筑信息化、智慧运维、绿色新能源项目开发、新能源电站EPC总承包、光伏建筑一体化（BIPV）、微电网系统的建设与运营维护、电费收入,baostock+akshare
002324.SZ,普利特,A股,C29橡胶和塑料制品业,机器人本体/集成;电芯,高分子新材料产品及其复合材料，以及锂离子电池、钠离子电池、固态电池及系统集成等的研发、生产、销售和服务。 产品：改性材料业务、ICT材料业务、新能源业务、通用材料类、工程材料类、特种工程材料类、高分子液晶聚合物、三元锂离子电池、磷酸铁锂锂离子电池、钠离子电池、固态电池及其系统、通用改性材料类、工程改性材料类,baostock+akshare
002326.SZ,永太科技,A股,C26化学原料和化学制品制造业,锂电材料,含氟医药、农药、新能源材料、含氟芳香类中间体的研发、生产。 产品：中间体产品、医药类产品、植保类产品、锂电材料类产品、锂电及其他材料类、贸易、植保类、医药类,baostock+akshare
002327.SZ,富安娜,A股,C17纺织业,,纺织家居、睡眠家居及生活类产品的研发、设计、生产与销售。 产品：套件类、被芯类、枕芯类、其他类、纺织家居、睡眠家居、生活类产品,baostock+akshare
002328.SZ,新朋股份,A股,C36汽车制造业,,汽车零部件业务、金属及通信零部件业务、投资业务，同时也在满足自身使用的基础上提供厂房租赁服务。 产品：金属及通信零部件、汽车零部件、开卷落料、大型覆盖件冲压、分总成零部件焊接、小型金属零部件、金属及通信部件、房产租赁,baostock+akshare
002329.SZ,皇氏集团,A股,C14食品制造业,,乳业和信息业务。 产品：低温奶、常温奶、其他饮料及食品、云通信、信息工程、呼叫中心服务外包、光伏组件销售、EPC业务,baostock+akshare
002330.SZ,得利斯,A股,C13农副食品加工业,,生产和销售冷却肉及冷冻肉、低温肉制品、预制菜系列产品（速冻调理产品、牛肉系列产品）、发酵肉制品、速冻米面制品、即食休闲类产品等。 产品：冷却肉及冷冻肉、速冻调理产品、牛肉系列产品、低温肉制品、即食休闲产品、速冻米面制品、牛肉贸易、电力蒸汽、包装物、牛肉贸易类,baostock+akshare
002331.SZ,皖通科技,A股,I65软件和信息技术服务业,机器人本体/集成,为交通运输、港口航运、智慧城市、司法金融、政务服务、环保监测等领域提供集信息化、智能化、物联化于一体的综合解决方案。 产品：高速公路信息化业务、港口航运信息化业务、智慧城市业务、智慧环保业务、咨询规划、软硬件开发、系统集成、运维服务、智慧生产、智慧管理、智慧服务、智慧物流、城市道路综合治理、城市服务、生态环境质量监测系统建设及运营、生态环境智慧管控、数据综合分析、生态环境走航监测、新污染物监测、技术服务、产品销售,baostock+akshare
002332.SZ,仙琚制药,A股,C27医药制造业,,甾体类原料药及制剂的研制、生产与销售。 产品：皮质激素类、性激素类（妇科及计生用药）、麻醉肌松类、呼吸科类、地塞米松系列、泼尼松系列、曲安西龙系列、甲泼尼龙系列、孕激素、雄性激素、雌性激素、舒更葡糖钠注射液、注射用苯磺顺阿曲库铵、罗库溴铵注射液、注射用维库溴铵、糠酸莫米松凝胶、糠酸莫米松乳膏、丙酸氟替卡松乳膏、曲安奈德益康唑乳膏、皮质激素、妇科及计生用药、其他,baostock+akshare
002333.SZ,罗普斯金,A股,C32有色金属冶炼和压延加工业,,铝合金型材、铝合金系统门窗、光伏铝合金边框的研发、生产与销售，同时开展智能化建筑施工及建设工程、特种设备等领域的检验检测业务。 产品：建筑型材、光伏铝合金边框、智能工程施工、检测、铝合金门窗、检测收入,baostock+akshare
002334.SZ,英威腾,A股,C38电气机械和器材制造业,数据中心/云厂商;伺服系统;新能源车/储能,工业自动化、网络能源、新能源汽车、光伏储能。 产品：变频器类、数据中心类、电驱及车载电源类、逆变器类、低压/中压/高压变频器、PLC、伺服系统、人机界面、高效电机、电梯控制系统、工业物联网,baostock+akshare
002335.SZ,科华数据,A股,C38电气机械和器材制造业,数据中心/云厂商,智算业务、智慧电能、新能源三大业务。 产品：IDC服务收入、数据中心产品、智慧电能产品、新能源产品,baostock+akshare
002337.SZ,赛象科技,A股,C35专用设备制造业,,轮胎生产装备及相关数字化平台、AGV移动机器人物流装备以及飞机大部件运输夹具等产品的研发、制造与销售。 产品：通用机械设备、专用机械设备、其他设备与服务、配件及改造项目、机器人及相关设备制造,baostock+akshare
002338.SZ,奥普光电,A股,C40仪器仪表制造业,,研制光机电一体化产品。 产品：光电测控仪器设备、光电经纬仪光机分系统、航空/航天相机光机分系统、新型雷达天线座、精密转台、新型医疗仪器、光学材料、光栅传感器、高性能碳纤维复合材料制品、复合材料、光电测控仪器,baostock+akshare
002339.SZ,积成电子,A股,C38电气机械和器材制造业,,能源电力数智化、公用事业数智化及信息安全产品的研发、生产、销售和服务。 产品：变电站自动化、电网调度自动化、配用电自动化、测评服务、公用事业自动化,baostock+akshare
002340.SZ,格林美,A股,C42废弃资源综合利用业,锂电材料;电芯,关键金属资源循环利用、动力锂电池循环利用与新能源电池材料制造。 产品：关键金属的提取与回收、动力锂电池循环利用、新能源电池材料、贸易、镍资源、钴回收业务、钨资源回收利用业务、动力电池综合利用、报废汽车综合利用、三元前驱体、四氧化三钴、正极材料、镍资源(MHP、镍板),baostock+akshare
002342.SZ,巨力索具,A股,C33金属制品业,,索具及相关产品的研发、设计、生产和销售。 产品：软索具系列、链条系列、钢丝绳系列、钢丝绳索具系列、夹具吊梁系列、锻造索具系列、缆索系列、钢拉杆系列、重型装备系列、索具设备、工程及金属索具、钢丝绳及钢丝绳索具、合成纤维吊装带索具,baostock+akshare
002343.SZ,慈文传媒,A股,R87广播、电视、电影和录音制作业,,影视剧的投资、制作、发行及衍生业务，艺人经纪业务，移动休闲游戏研发推广业务和渠道推广业务，演唱会业务。 产品：电视剧、网络剧、电影、网络电影、网络微短剧、互动剧、小程序短剧、影视剧业、演唱会、游戏产品及渠道推广业,baostock+akshare
002344.SZ,海宁皮城,A股,L72商务服务业,,皮革专业市场的开发、租赁和服务。 产品：物业租赁及管理、商铺及配套物业销售、金融相关服务、商品销售及服务、健康医疗服务、酒店服务、金融服务业务、商品销售,baostock+akshare
002345.SZ,潮宏基,A股,C24文教、工美、体育和娱乐用品制造业,,中高端时尚消费品的品牌运营管理和产品的设计、研发、生产及销售。 产品：珠宝首饰、时尚女包、时尚珠宝产品、传统黄金产品、提供特许经营及相关销售,baostock+akshare
002346.SZ,柘中股份,A股,C38电气机械和器材制造业,数据中心电源,成套开关设备的生产和销售及投资业务。 产品：35KV以下各类配电柜、属通用配电设备、成套开关设备、备品备件及其他收入、建筑安装类,baostock+akshare
002347.SZ,泰尔股份,A股,C34通用设备制造业,,高端装备的研发、生产、销售和智慧运维服务。 产品：核心备件、总包服务、再制造业务、核心设备、成套设备、表面技术、新能源业务,baostock+akshare
002348.SZ,高乐股份,A股,C24文教、工美、体育和娱乐用品制造业,,玩具和互联网教育两大业务板块。 产品：IP产品、益智玩具、电动/遥控玩具、互动类玩具、季节性玩具、男孩玩具、女孩玩具、品牌玩具、其它类玩具、定制礼赠品、贸易类、塑料制品、教育信息化、玩具及相关业务、教育信息化服务行业,baostock+akshare
002349.SZ,精华制药,A股,C27医药制造业,,传统中成药制剂、化学原料药及中间体、化工医药中间体、中药材及中药饮片、大健康产品等的研发、生产和销售。 产品：中药制剂、大健康产品、中药材及中药饮片、化学原料药及医药中间体、化工医药中间体、王氏保赤丸、季德胜蛇药片、正柴胡饮颗粒、黄芪泡腾片、当归、白芍、苯巴比妥、氟尿嘧啶、二氧六环、甲基肼,baostock+akshare
002350.SZ,北京科锐,A股,C38电气机械和器材制造业,,12kV及以下配电及控制设备的研发、生产与销售，并积极布局储能、光伏等新能源业务领域。 产品：配电及控制设备、中低压开关设备（环网柜、柱上开关、高/低压成套开关柜、全系列低压开关柜、预装及箱式变电站、模块化变电站、新能源专用一体机、高/低压分支箱等）、节能配电变压器（油变、干变、美变）、配电自动化产品（FTU、DTU、TTU、故障定位、自动化项目）、电缆附件、无功补偿、超级电容、充电装置、光伏发电、电气类产品、工程服务类、其他(补充),baostock+akshare
002351.SZ,漫步者,A股,C39计算机、通信和其他电子设备制造业,,家用音响、专业音响、汽车音响、耳机及麦克风的研发、生产、销售。 产品：耳机、音响、汽车音响、其他,baostock+akshare
002352.SZ,顺丰控股,A股,G60邮政业,,综合性快递物流服务。 产品：时效快递、经济快递、快运、冷运及医药、同城即时配送、国际快递、国际货运及代理、供应链、速运及大件分部、其中:时效快递、供应链及国际分部、其中:供应链及国际、其中:快运、其中:经济快递,baostock+akshare
002353.SZ,杰瑞股份,A股,C35专用设备制造业,,高端装备制造、油气工程及技术服务、油气田开发、新能源及再生循环等。 产品：高端装备制造、油气工程及技术服务、油气田开发、新能源及再生循环、钻完井设备、天然气设备、海洋工程设备、环境清洁设备、电力设备及配件业务、油气田勘探开发及地面工程一体化解决方案、环保服务、环保设备一体化解决方案,baostock+akshare
002354.SZ,天娱数科,A股,I64互联网和相关服务,,以天星大模型为技术底座，依托数据流量优势，聚焦智能营销、智慧能源、空间智能等领域，构建了AI营销、AI应用分发、AI售电、空间智能MaaS等业务平台，并同步拓展全球化布局，形成以AI能力为核心的业务架构。 产品：数据流量业务、数字竞技平台、其他,baostock+akshare
002355.SZ,兴民智通,A股,C36汽车制造业,新能源车/储能,钢制车轮业务以及车联网运营服务。 产品：钢制车轮、智驾服务、车载信息服务、乘用车仿铝车轮、乘用车车轮、新能源汽车车轮、商用车无内胎轻量化车轮、轻卡无内胎车轮、轻卡型钢车轮、商用车型钢车轮、农林机械车轮、智驾、智算、智航、边角料、车载信息服务等,baostock+akshare
002356.SZ,赫美集团,A股,F52零售业,,综合能源站业务、风光电制绿氢绿醇及氢电共享单车业务以及商业板块业务。 产品：液化天然气、服饰、氢气、日用百货、黄金首饰、共享单车运营,baostock+akshare
002357.SZ,富临运业,A股,G54道路运输业,,汽车客运服务和汽车客运站经营。 产品：客运、运输服务、动产租赁、站务、检测修理、保险代理、软件、旅游、客运收入、其他、动产租赁行业,baostock+akshare
002358.SZ,森源电气,A股,C38电气机械和器材制造业,,高低压成套开关设备、高低压电器元器件、智能型光伏发电系统专用输变电设备、全系列智能型直交流充电桩、智能型电能质量治理装备等产品的研发、生产、销售；环卫清洁服务。 产品：输变电产品、500kV及以下电压等级的发、输、变、配开关设备、变压器及其元器件、电网一二次融合类产品、光储超充预装式配电站、以智能箱式变电站为主的光伏、风力发电设备、交、直流智能充电桩(站)等产品、电力工程总承包、智能环卫服务、智能物业服务、环卫产业服务、其他(补充),baostock+akshare
002360.SZ,ST同德,A股,C26化学原料和化学制品制造业,,民用炸药的研发、生产、销售（流通），以及为客户提供爆破工程的整体解决方案等相关服务。 产品：工业炸药、其他民爆器材、运输服务、工程爆破、乳化铵油炸药、乳化炸药、现场混装炸药,baostock+akshare
002361.SZ,神剑股份,A股,C26化学原料和化学制品制造业,,聚酯树脂系列产品的生产销售。 产品：聚酯树脂、户外型聚酯树脂、混合型聚酯树脂、户外型树脂、混合型树脂、高端装备制造,baostock+akshare
002362.SZ,汉王科技,A股,C39计算机、通信和其他电子设备制造业,服务器与终端,笔智能交互业务、AI智能终端、多模态大数据业务。 产品：笔智能交互、AI终端、多模态大数据业务,baostock+akshare
002363.SZ,隆基机械,A股,C36汽车制造业,,汽车用制动盘、制动毂等核心产品研发、生产与销售。 产品：普通制动毂、制动盘、载重车制动毂、轮毂、铸件、汽车用制动盘、制动毂,baostock+akshare
002364.SZ,中恒电气,A股,C38电气机械和器材制造业,数据中心电源;数据中心/云厂商,电力电子制造板块、电力数字化软件。 产品：通信电源系统、数据中心电源、电力操作电源系统、软件开发、销售及服务、电力管理服务及工程收入、储能项目、软件开发、销售及服务,baostock+akshare
002365.SZ,永安药业,A股,C27医药制造业,,牛磺酸产品、保健食品、特殊膳食食品（肌酸）的研发、生产和销售。 产品：牛磺酸、其他,baostock+akshare
002366.SZ,融发核电,A股,C35专用设备制造业,,高端装备机械制造及高端材料业务，为核电、水电、风电、石化、冶金及国防等提供重大技术装备、高新部件、高端材料和技术服务。 产品：核电主管道、反应堆冷却剂循环主泵泵壳、容器类锻件、核电主设备支承铸件、石化装备产品、大型环轧成型产品、其他行业用高端材料、锻造产品、反应堆一回路主管道、其他核电设备,baostock+akshare
002367.SZ,康力电梯,A股,C34通用设备制造业,,电、扶梯及自动人行步道产品的研发、设计、生产、销售、安装、维保、更新、改造服务。 产品：电梯、扶梯、零部件、安装及维保,baostock+akshare
002368.SZ,太极股份,A股,I65软件和信息技术服务业,,面向党政、智慧城市、公共安全、行业企业等领域提供信息基础设施、基础软件、公共服务平台、业务应用、数据智能等服务。 产品：云与数据服务、自主软件产品、行业解决方案、数字基础设施,baostock+akshare
002369.SZ,卓翼科技,A股,C39计算机、通信和其他电子设备制造业,服务器与终端,网络通讯、消费电子以及智能终端产品的研发、设计、生产制造与销售。 产品：网络通讯终端类、便携式消费电子类、其他类,baostock+akshare
002370.SZ,亚太药业,A股,C27医药制造业,,化学制剂的研发、生产和销售。 产品：抗生素类药品、非抗生素类药品、阿莫西林克拉维酸钾分散片、阿奇霉素分散片、注射用阿奇霉素、罗红霉素胶囊、头孢克肟胶囊、注射用头孢唑肟钠、注射用头孢美唑钠、注射用泮托拉唑钠、注射用奥美拉唑钠、奥美拉唑肠溶胶囊、兰索拉唑肠溶胶囊、注射用利巴韦林、注射用阿昔洛韦、注射用更昔洛韦、心血管药、解热镇痛药、抗生素类制剂、非抗生素类制剂、其他(补充),baostock+akshare
002371.SZ,北方华创,A股,C35专用设备制造业,,半导体基础产品的研发、生产、销售和技术服务。 产品：电子工艺装备、电子元器件、半导体装备、真空新能源装备、电阻、电容、晶体器件、模块电源、微波组件、其他(补充),baostock+akshare
002372.SZ,伟星新材,A股,C29橡胶和塑料制品业,,中高档新型塑料管道的制造与销售。 产品：PPR系列产品、PE系列产品、PVC系列产品、其他产品,baostock+akshare
002373.SZ,千方科技,A股,I65软件和信息技术服务业,,智慧交通和智慧物联，大数据和人工智能。 产品：智慧交通业务、智能物联业务、智慧交通的主要解决方案、双智路口核心硬件产品大模型一体机、城市智能路口所涉及的电警卡口、全品类交通量调查设备、非现场执法治超称重设备、雷达轮廓检测设备、摄像机、门禁报警产品、AI文教体产品、充电桩产品、产品销售、解决方案及增值服务、交通云及行业软件,baostock+akshare
002374.SZ,中锐股份,A股,C33金属制品业,,包装科技业务。 产品：防伪瓶盖、复合型防伪印刷铝板、园林工程、铝制防伪瓶盖、组合式防伪瓶盖、全塑防伪瓶盖、铝塑结合防伪瓶盖、其他产品,baostock+akshare
002375.SZ,亚厦股份,A股,E50建筑装饰、装修和其他建筑业,机器人本体/集成,建筑装饰装修工程、建筑幕墙工程、智能化系统集成。 产品：建筑装饰工程、幕墙装饰工程、智能化系统集成、装饰制品销售、设计合同,baostock+akshare
002376.SZ,新北洋,A股,C39计算机、通信和其他电子设备制造业,机器人应用,智能制造和服务运营业务。 产品：专用打印扫描、智能自助终端、智慧金融设备、智能物流装备、关键基础零部件、打印扫描产品、服务运营业务,baostock+akshare
002377.SZ,国创高新,A股,C25石油、煤炭及其他燃料加工业,,沥青系列产品的研发、生产与销售。 产品：改性沥青、道路石油沥青、其他沥青、改性沥青加工、道路工程施工及养护、其他特种沥青,baostock+akshare
002378.SZ,章源钨业,A股,C32有色金属冶炼和压延加工业,,钨矿山资源的开发利用及以钨为原料的仲钨酸铵（APT）、氧化钨、钨粉、碳化钨粉、热喷涂粉、硬质合金、高强度钨丝以及金属陶瓷刀片、超硬刀片等产品的生产及销售。 产品：钨精矿、钨粉末产品、硬质合金产品、热喷涂粉、高强度钨丝、工件表面喷涂服务、钨矿石、仲钨酸铵、氧化钨、钨粉、碳化钨粉、球齿、焊接机夹刀片、异形、冷镦模、钎片、硬质合金,baostock+akshare
002379.SZ,宏桥控股,A股,C32有色金属冶炼和压延加工业,,氧化铝、电解铝及铝深加工生产与销售。 产品：液态铝、铝合金锭、深加工产品、再生铝、氧化铝销售、氢氧化铝销售、废品销售及其他,baostock+akshare
002380.SZ,科远智慧,A股,I65软件和信息技术服务业,机器人本体/集成,工业自动化、工业AI、工业机器人。 产品：工业自动化、工业AI、工业机器人,baostock+akshare
002381.SZ,双箭股份,A股,C29橡胶和塑料制品业,,橡胶输送带系列产品的研发、生产和销售。 产品：输送带、养老服务、胶片、胶管、尼龙帆布芯输送带、聚酯帆布芯输送带、整芯输送带、钢丝绳芯输送带、芳纶输送带和陶瓷输送带、其他,baostock+akshare
002382.SZ,蓝帆医疗,A股,C29橡胶和塑料制品业,,心脑血管业务、健康防护业务及护理业务。 产品：心脑血管产品、健康防护产品、应急救护产品,baostock+akshare
002383.SZ,合众思壮,A股,C39计算机、通信和其他电子设备制造业,机器人应用,以高精度卫星导航技术为基础进行相关产品的研发、制造和销售，并在专业市场拓展行业应用，为众多用户提供北斗/GNSS高精度及时空信息产品服务，以及“北斗+”、“+北斗”行业解决方案，推进卫星导航产业全球化发展布局。 产品：测量测绘与建筑工程类、资源与公共事业类、智能制造类、卫星导航系统技术及设备,baostock+akshare
002384.SZ,东山精密,A股,C39计算机、通信和其他电子设备制造业,光芯片;光模块;液冷;数据中心/云厂商,电子电路、光模块（含光芯片）、精密组件、光电显示模组的全球设计、生产和销售。 产品：软板、硬板、软硬结合板、光芯片、数据中心光模块、电信光模块、汽车零部件、水冷板、通信设备组件、触控面板、LCD及OLED模组、电子电路产品、光电显示模组、精密组件产品,baostock+akshare
002385.SZ,大北农,A股,C13农副食品加工业,,种业、饲料、生猪、疫苗动保等相关产品的生产与销售。 产品：饲料产品、养猪产品、种业产品、植保产品、疫苗产品、兽药产品、其他产品,baostock+akshare
002386.SZ,天原股份,A股,C26化学原料和化学制品制造业,,有机和无机化工产品。 产品：聚苯乙烯类、氯碱产品类、钛化工产品类、供应链及其他类、锂电产品类、高分子材料及水泥类,baostock+akshare
002387.SZ,维信诺,A股,C39计算机、通信和其他电子设备制造业,,研发、生产和销售全尺寸OLED显示器件。 产品：OLED显示器件、OLED产品、其他产品或服务,baostock+akshare
002388.SZ,新亚制程,A股,C39计算机、通信和其他电子设备制造业,锂电材料,电子制程方案服务、电子制程产品服务、产业配套服务。 产品：电解液及六氟磷酸锂、电子设备、仪器仪表、化工材料-胶粘剂、电子元器件、化工辅料贸易、辅料及其他、电子工具,baostock+akshare
002389.SZ,航天彩虹,A股,C37铁路、船舶、航空航天和其他运输设备制造业,,从事无人机和新材料两大业务板块。 产品：航空航天产品制造、塑料薄膜制造、CH-3低成本中程多用途无人机、CH-4系列中空察打一体无人机、CH-5中高空长航时无人机、CH-9中高空长航时无人机、CH-817单兵便携式无人机蜂群系统、专为无人机研制的AR系列导弹、聚酯薄膜、光学膜、无人机及相关产品、功能性聚酯薄膜、技术服务,baostock+akshare
002390.SZ,信邦制药,A股,F51批发业,,医疗服务、医药流通及医药制造。 产品：药品、器械、医疗服务、益心舒胶囊、脉血康胶囊、关节克痹丸、银杏叶片、六味安消胶囊、贞芪扶正胶囊、益椹膏植物饮料、精山饮固体饮料、慧儿高植物固体饮料,baostock+akshare
002391.SZ,长青股份,A股,C26化学原料和化学制品制造业,,“高效、低毒、低残留”农药原药和制剂的研发、生产和销售。 产品：除草剂、杀虫剂、杀菌剂、氟磺胺草醚、吡虫啉、麦草畏、S-异丙甲草胺,baostock+akshare
002392.SZ,北京利尔,A股,C30非金属矿物制品业,,钢铁、有色、石化、建材、环保等工业用高温材料及冶金炉料辅料的研发设计、配置配套、生产制造、安装施工、使用维护与技术服务为一体的“全程在线服务”的整体承包业务。 产品：耐火材料、冶金炉料、不定形耐火材料、机压定型耐火材料、预制型耐火材料、功能性耐火材料、陶瓷纤维及制品、高纯氧化物烧成制品、耐火原料、耐火材料整体承包、其他直销、耐火材料直销,baostock+akshare
002393.SZ,力生制药,A股,C27医药制造业,,医药产品研发、生产和销售。 产品：胶囊、片剂、针剂、颗粒剂、丸剂、寿比山吲达帕胺片、三鱼氨酚咖匹林片、希福尼头孢地尼分散片、友好麻仁软胶囊、生化氢化可的松琥珀酸钠冻干粉针和碳酸氢钠片、盖胃平片、麻仁润肠丸、虎力散片,baostock+akshare
002394.SZ,联发股份,A股,C17纺织业,,集棉纺、色织、印染、家纺、针织、制衣、品牌、贸易、物流以及新能源于一体的纺织业务。 产品：面料、服装、棉纱、棉花、纱线、色织面料、印染面料、印花面料、家纺面料、其他(补充),baostock+akshare
002395.SZ,双象股份,A股,C29橡胶和塑料制品业,,人造革合成革业务、光学级PMMA/MS业务。 产品：人造革合成革、光学级PMMA材料、PU、超纤革、PMMA、PMMA板材、MS板材、超纤、MS,baostock+akshare
002396.SZ,星网锐捷,A股,C39计算机、通信和其他电子设备制造业,,ICT基础设施与AI应用方案的研发、生产和销售。 产品：网络终端、企业级网络设备、通讯产品、其它,baostock+akshare
002397.SZ,梦洁股份,A股,C17纺织业,,床上用品及床垫的研发、生产及销售。 产品：套件、被芯、枕芯、其他,baostock+akshare
002398.SZ,垒知集团,A股,C26化学原料和化学制品制造业,,综合技术服务及外加剂新材料。 产品：建设综合技术服务、新型建筑材料、建筑特种施工、软硬件销售及服务、综合技术服务、外加剂新材料、技术服务、商品混凝土,baostock+akshare
002399.SZ,海普瑞,A股,C27医药制造业,临床服务/CDMO;药企/生物科技,肝素产业链，生物大分子CDMO和创新药物的投资，开发及商业化。 产品：肝素钠、低分子肝素钠原料药、制剂、CDMO服务、依诺肝素钠制剂、肝素钠和依诺肝素钠原料药、分子药物CDMO服务、CDMO、肝素钠以及低分子肝素钠原料药,baostock+akshare
002400.SZ,省广集团,A股,L72商务服务业,,为客户提供涵盖品牌管理、媒介代理、数字营销、出海营销等一站式全营销解决方案。 产品：数字营销、媒介代理、公关活动、品牌管理、自有媒体、GIMC云、灵犀AI、鲸鹏投放,baostock+akshare
002401.SZ,中远海科,A股,I65软件和信息技术服务业,数据中心/云厂商,数字航运与供应链、数字城市与交通等业务。 产品：数字航运与供应链业务、数字城市与交通业务、船视宝平台、航运大模型、轻舟创新平台、航运管理平台、船员管理平台、“云帆”数据集成平台、“云链宝”物流供应链平台、“万舸云”计算平台、船舶航行主动安全系统、船舶岸电系统、船舶/船载系统网络安全解决方案、高速公路收费综合业务平台、智慧公路云平台、智慧公路管养平台、城市治理数字化运营平台、智能视频联网平台、图像智能化应用平台、智能图像运维平台、数字孪生底座、数字航运与供应链、数字城市与交通、其他(补充),baostock+akshare
002402.SZ,和而泰,A股,C39计算机、通信和其他电子设备制造业,,家用电器、电动工具与工业自动化、汽车电子、智能化业务等领域；以及相控阵T/R芯片的研发、生产、销售和技术服务。 产品：家用电器智能控制器、电动工具智能控制器、智能化产品智能控制器、汽车电子智能控制器、微波毫米波模拟相控阵T/R芯片,baostock+akshare
002403.SZ,爱仕达,A股,C33金属制品业,机器人本体/集成;机器人应用,厨房炊具、厨房小家电、家居用品及机器人本体、机器人应用的生产。 产品：炊具、小家电、机器人、炒锅、煎锅、汤锅、奶锅、压力锅、蒸锅、电饭锅、电压力锅、电磁炉、电水壶、破壁机、水壶、保温壶、水杯、厨房工具、工业机器人、智能制造解决方案,baostock+akshare
002404.SZ,嘉欣丝绸,A股,C18纺织服装、服饰业,,丝绸产业链运营、茧丝绸供应链管理及金融服务、自有品牌运营等。 产品：服装、五金类产品、丝类产品、面料产品、蚕茧、印染、投资性房地产相关,baostock+akshare
002405.SZ,四维图新,A股,I65软件和信息技术服务业,,导航地图、辅助驾驶、汽车智能网联、汽车电子芯片等产品的研发、生产、销售和服务。 产品：智云、智芯、智驾、智舱,baostock+akshare
002406.SZ,远东传动,A股,C36汽车制造业,,非等速传动轴、等速驱动轴及相关零部件的研发、生产与销售。 产品：非等速传动轴、等速驱动轴、重型非等速传动轴、中型非等速传动轴、轻微型非等速传动轴、工程机械非等速传动轴、整轴、配件、其他(补充),baostock+akshare
002407.SZ,多氟多,A股,C26化学原料和化学制品制造业,锂电材料;电芯,高性能无机氟化物、电子信息材料、新能源电池及材料等领域的研发、生产和销售。 产品：氟基新材料、电子信息材料、新能源材料、新能源电池、无水氟化铝、高分子比冰晶石、无水氟化氢、光伏级氢氟酸、半导体级氢氟酸、电子级硅烷、其他电子级化学品、硼同位素、六氟磷酸锂（LiPF6）、双氟磺酰亚胺锂（LiFSI）、六氟磷酸钠（NaPF6）、圆柱电池、方形铝壳系锂离子电池、钠离子电池,baostock+akshare
002408.SZ,齐翔腾达,A股,C26化学原料和化学制品制造业,,化工制造板块和国际贸易板块业务。 产品：碳四产业链、碳三产业链、催化剂业务、国际贸易、甲乙酮、顺酐、丙烯、橡胶、丁二烯、甲基丙烯酸甲酯、丁腈胶乳、叔丁醇、MTBE、环氧丙烷、丙烯酸、石油和化工各类催化剂、化工产品、化工贸易、其他(补充),baostock+akshare
002409.SZ,雅克科技,A股,C26化学原料和化学制品制造业,半导体材料,电子材料、LNG保温绝热板材、阻燃剂的研发、生产与销售。 产品：电子材料、LNG保温复合材料、阻燃剂、半导体、化工材料、光刻胶业务,baostock+akshare
002410.SZ,广联达,A股,I65软件和信息技术服务业,,数字建筑平台服务。 产品：数字成本业务、数字施工业务、数字设计业务、广联达算量系列产品、计价系列产品、工程数据服务、海外业务,baostock+akshare
002412.SZ,汉森制药,A股,C27医药制造业,,中成药制剂、化学药等医用制剂的研发、生产和销售。 产品：四磨汤口服液、缩泉胶囊、银杏叶胶囊、愈伤灵胶囊、天麻醒脑胶囊、肠胃宁、利胆止痛胶囊、胃肠灵胶囊、固体口服制剂、液体口服制剂、注射剂,baostock+akshare
002413.SZ,雷科防务,A股,C39计算机、通信和其他电子设备制造业,,雷达系统业务群、卫星应用业务群、智能控制业务群、安全存储业务群、智能网联业务群的相关产品研发、制造和销售。 产品：雷达系统、卫星应用、智能控制、安全存储、智能网联,baostock+akshare
002414.SZ,高德红外,A股,C39计算机、通信和其他电子设备制造业,,红外焦平面探测器芯片、红外热成像整机及以红外热成像为核心的综合光电系统、完整装备系统总体、传统非ZMDY及信息化DY业务。 产品：红外综合光电及完整装备系统、传统DY及信息化DY、房屋出租、技术服务、其他,baostock+akshare
002415.SZ,海康威视,A股,C39计算机、通信和其他电子设备制造业,,以智能物联为战略定位，视频技术为核心打造从研发，制造到营销的完整价值链。 产品：主业建造工程、机器人业务、智能家居业务、热成像业务、汽车电子业务、存储业务、其他创新业务、主业1产品及服务,baostock+akshare
002416.SZ,爱施德,A股,F51批发业,,数字化智慧零售、数字化智慧分销和创新业务。 产品：通信产品、非通信产品、数字化分销业务、数字化零售业务,baostock+akshare
002418.SZ,康盛股份,A股,C34通用设备制造业,液冷,制冷管路及配件、新能源商用车整车、液冷产品以及铜合金产品的研发、生产和销售。 产品：制冷管路及配件、液冷产品、铜合金线、汽车整车及部件、汽车后市场业务、其他(补充),baostock+akshare
002419.SZ,天虹股份,A股,F52零售业,,数字零售与数字产业。 产品：生鲜熟类、包装食品类、百货零售类、餐饮配套类、日用品类,baostock+akshare
002420.SZ,毅昌科技,A股,C29橡胶和塑料制品业,,汽车、新能源、医疗健康、家电零部件等产品的研发、生产和销售。 产品：汽车内外饰部件及总成、新能源热管理系统功能部件及总成、医疗健康类模具及耗材、家电零部件及总成、零部件、其他,baostock+akshare
002421.SZ,达实智能,A股,I65软件和信息技术服务业,,基于自主研发的AIoT智能物联网管控平台，聚合模块化的空间场景应用，为用户提供全生命周期的智慧服务。 产品：达实AIoT智能物联网管控平台、智慧空间物联网应用系统、智慧空间整体解决方案、智慧空间整体解决方案业务、智慧空间产品及技术服务业务、智慧空间运营服务及其他业务,baostock+akshare
002422.SZ,科伦药业,A股,C27医药制造业,,输液产品及非输液医药产品的研发、生产和销售。 产品：输液、非输液、大容量注射剂（输液）、小容量注射剂（水针）、注射用无菌粉针（含分装粉针及冻干粉针）、片剂、胶囊剂、颗粒剂、口服液、腹膜透析液、研发项目,baostock+akshare
002423.SZ,中粮资本,A股,J68保险业,,投资与资产管理；人身保险业务；期货经纪业务；信托业务。 产品：保险业务、期货业务、信托业务、保险服务收入、利息收入、手续费及佣金收入,baostock+akshare
002424.SZ,ST百灵,A股,C27医药制造业,,苗药研发、生产、销售。 产品：中成药、中药材、西药、医疗服务、银丹心脑通软胶囊、维C银翘片、咳速停糖浆及胶囊、小儿柴桂退热颗粒、金感胶囊、双羊喉痹通颗粒、泌淋清胶囊、康妇灵胶囊、复方一枝黄花喷雾剂、经带宁胶囊、消咳颗粒、糖宁通络胶囊/片、其他,baostock+akshare
002425.SZ,凯撒文化,A股,I64互联网和相关服务,,版权运营、网络游戏研发与运营等业务。 产品：游戏分成、版权运营、技术服务、其他,baostock+akshare
002426.SZ,胜利精密,A股,C39计算机、通信和其他电子设备制造业,,消费电子产品业务以及汽车零部件业务。 产品：消费电子、汽车零部件、精密金属结构件及结构模组、塑胶结构件及结构模组、光学玻璃盖板、复合材料显示盖板、镁合金结构件、其他(补充),baostock+akshare
002427.SZ,尤夫股份,A股,C28化学纤维制造业,,涤纶工业丝的研发、生产及销售。 产品：涤纶工业丝、特种纺织品、线绳产品、天花膜产品、工业丝、线绳、天花膜、帘帆布,baostock+akshare
002428.SZ,云南锗业,A股,C32有色金属冶炼和压延加工业,半导体材料,锗矿开采、火法富集、湿法提纯、区熔精炼、精深加工及研究开发。 产品：材料级锗产品、红外级锗产品、光伏级锗产品、光纤级锗产品、化合物半导体材料,baostock+akshare
002429.SZ,兆驰股份,A股,C39计算机、通信和其他电子设备制造业,,家庭视听及相关产品的研发、制造、销售与服务。 产品：多媒体视听产品、运营服务、LED产业链、多媒体视听产品及运营服务,baostock+akshare
002430.SZ,杭氧股份,A股,C35专用设备制造业,,设备工程业务和气体服务业务。 产品：气体销售、空分设备、石化产品、成套空气分离设备、低温石化设备、高端装备、各类气体产品,baostock+akshare
002431.SZ,ST棕榈,A股,E48土木工程建筑业,,绿色城乡建设业务、生态环境业务、生态城镇(运营)业务。 产品：工程施工、设计服务、城市运营、工程收入、设计收入、运营收入,baostock+akshare
002432.SZ,九安医疗,A股,C35专用设备制造业,,家用医疗器械的研发、生产及销售。 产品：iHealth系列产品、ODM/OEM产品、互联网医疗产品及服务、传统硬件产品,baostock+akshare
002434.SZ,万里扬,A股,C36汽车制造业,机器人减速器;新能源车/储能,汽车变速器及其他汽车零部件的研发、生产和销售。 产品：汽车变速器产品、新能源汽车传/驱动系统、非公路车辆传/驱动系统产品、机器人零部件产品、乘用车变速器、商用车变速器、纯电动汽车EV减速器、“三合一”和“多合一”电驱动系统、ECVT电驱动系统、乘用车DHT混动系统、商用车混动系统、电驱动系统、工程机械电驱动系统、工程机械燃油AT变速器、大马力农机CVT、混合动力CVT、中大马力农机动力换挡、机器人电机、控制器、谐波减速器、行星减速器、车辆传/驱动系统及配件、其他、储能和电力交易业务,baostock+akshare
002436.SZ,兴森科技,A股,C39计算机、通信和其他电子设备制造业,PCB,PCB印制电路板，IC封装基板和半导体测试板，双面、多层印制线路板的设计、生产、购销，数字视频监控系统制造，工业控制计算机及系统制造，伺服控制机构制造，智能车载设备制造，计算机软硬件及外围设备制造。 产品：传统高多层PCB板、软硬结合板、高密度互连HDI板、类载板（SLP）、ATE半导体测试板、封装基板、CSP封装基板、FCBGA封装基板、PCB印制电路板、IC封装基板、其他,baostock+akshare
002437.SZ,誉衡药业,A股,C27医药制造业,,药品的研发、生产和销售。 产品：维生素类药物、心脑血管药物、骨科药物、电解质类药物、抗肿瘤药物、抗感染药物、其他用药领域、糖尿病类药物、镇痛类药物,baostock+akshare
002438.SZ,江苏神通,A股,C34通用设备制造业,,冶金领域的高炉煤气全干法除尘系统、转炉煤气除尘与回收系统、焦炉烟气除尘系统、煤气管网系统的特种阀门、法兰；应用于核电站的核级蝶阀和球阀、核级法兰和锻件、非核级蝶阀和球阀及其配套设备；应用于核化工领域的专用阀门及装备，以及应用于石油石化、煤化工、超（超）临界火电、LNG超低温阀门和法兰及锻件的研发、生产和销售。 产品：蝶阀、球阀、盲板阀、水封逆止阀、调压阀组、地坑过滤器、法兰及锻件、非标阀门、闸阀、节能服务行业,baostock+akshare
002439.SZ,启明星辰,A股,I65软件和信息技术服务业,,网络软件安全产品的生产、设计和销售。 产品：安全产品、安全运营与服务、其他(补充),baostock+akshare
002440.SZ,闰土股份,A股,C26化学原料和化学制品制造业,,染料、助剂、其他化工原料的研发、生产和销售。 产品：染料、助剂、其他化工原料、其他(补充),baostock+akshare
002441.SZ,众业达,A股,F51批发业,机器人本体/集成,通过自有的销售网络分销签约供应商的工业电气元器件产品，以及进行系统集成产品和成套制造产品的生产和销售。 产品：工业电气产品、系统集成与成套制造产品、输配电产品、工业自动化产品、石油钻井平台电气控制系统配套产品、风力发电电气控制系统配套产品、风力发电水冷系统、风力发电机变桨控制系统、船用电气系统、电气控制柜、充电桩/站、低压电气产品分销、工控产品分销、中压电气产品分销,baostock+akshare
002442.SZ,龙星科技,A股,C26化学原料和化学制品制造业,,高品质纳米级炭黑、白炭黑的研发、制造和销售。 产品：炭黑、白炭黑、电、蒸汽、电及蒸汽,baostock+akshare
002443.SZ,金洲管道,A股,C33金属制品业,,焊接钢管产品研发、制造及销售。 产品：热浸镀锌钢管、钢塑复合管材管件、不锈钢管材管件、大口径卷制直缝埋弧焊接钢管、双面埋弧焊螺旋钢管、直缝埋弧焊钢管、高频电阻焊钢管、FBE/2PE/3PE防腐钢管、绿色民用类、能源输送类、其他业务,baostock+akshare
002444.SZ,巨星科技,A股,C33金属制品业,,手工具、电动工具和工业工具的研发、生产和销售。 产品：手工具、电动工具、工业工具,baostock+akshare
002445.SZ,中南文化,A股,C33金属制品业,,金属管件、法兰、管系、压力容器的生产和销售；电视剧、电影等项目的投资、策划、制作、发行、营销及其衍生品开发业务；文化产业的股权投资；屋顶分布式光伏电站的开发、投资、建设及运营。 产品：管件、法兰、管系、压力容器,baostock+akshare
002446.SZ,盛路通信,A股,C39计算机、通信和其他电子设备制造业,,民用通信和微波电子两大业务。 产品：基站天线、微波通信器件、射频器件与设备、终端天线、微波电子,baostock+akshare
002448.SZ,中原内配,A股,C36汽车制造业,,汽车核心零部件产品的研发、生产和销售。 产品：气缸套、活塞、活塞环、汽车电子、制动系统、超硬刀具、轴瓦、制动鼓/盘、其他,baostock+akshare
002449.SZ,国星光电,A股,C39计算机、通信和其他电子设备制造业,,电子元器件研发、制造与销售。 产品：外延及芯片产品、LED封装及组件产品、贸易及应用类产品、集成电路封装测试、LED外延片及芯片产品、集成电路封测产品、第三代化合物半导体封测产品、其他(补充),baostock+akshare
002451.SZ,摩恩电气,A股,C38电气机械和器材制造业,,电磁线及电缆业务。 产品：电力电缆、电气装备用电线电缆及通信光缆、电磁线及其他、漆包线、丝包线、烧结线、纸包线、换位导线、铜排、其他(补充),baostock+akshare
002452.SZ,长高电气,A股,C38电气机械和器材制造业,,输变电设备业务以及电力勘察设计和工程总包。 产品：输变电设备产品、电力设计与服务、电力工程与施工、新能源发电、隔离开关及接地开关、组合电器、成套设备、变压器、电力能源设计与服务、总包、其他,baostock+akshare
002453.SZ,华软科技,A股,C26化学原料和化学制品制造业,,精细化工产品的研发、生产与销售。 产品：AKD系列造纸化学品、医药、农药中间体、荧光增白剂、电子化学品、AKD（烷基烯酮二聚体）、氯甲酸酯类、医药、农药中间体,baostock+akshare
002454.SZ,松芝股份,A股,C36汽车制造业,液冷;新能源车/储能,移动式热管理相关产品的研发、生产和销售。 产品：大中型客车热管理产品、小车热管理产品、冷冻冷藏机组、电池热管理产品、汽车电子类产品、汽车空调压缩机产品、新能源客车多合一空调系统、群置式电池热管理系统、背置式多合一空调系统、顶置式电池热管理系统、R744热泵空调系统、R1234yf多合一空调系统、常规客车空调系统、独立式机组、新能源汽车热管理系统、热管理集成模块、热泵空调系统、冷凝器、前端冷却模块总成、散热器、空调箱总成、水冷冷凝器/电池冷却器、轻卡一体式新能源机组、轻卡双温新能源机组、中重卡高顶新能源机组、无人车新能源机组、高电压平台电动压缩机、大中型客车电动压缩机、车载重卡二合一热管理机组、车载工程车二合一热管理机组、60KW+60KW电池+PCS双液冷机组、75KW+70KW全顶置电池和PCS双液冷机组、80KW顶出风卧式机组、乘用车空调箱鼓风机、商用车空调控制面板、大中型客车空调风机、低速行人提醒装置、地板式电子油门踏板、高压电控板、悬挂式电子油门踏板、CAN模块、其他产品和服务,baostock+akshare
002455.SZ,百川股份,A股,C26化学原料和化学制品制造业,锂电材料,精细化工、新材料和新能源。 产品：化工产品类、新材料产品类、新能源产品类、醋酸酯类、多元醇类、偏苯三酸酐、醇醚类、绝缘树脂类、针状焦、丙烯酸酯类、正丁醇(或辛醇)、石墨负极材料、石墨化、磷酸铁锂电池,baostock+akshare
002456.SZ,欧菲光,A股,C39计算机、通信和其他电子设备制造业,机器人传感器,光学摄像头模组、光学镜头、指纹识别模组、机器视觉深度相机、驾驶域、车身域、座舱域和智能门锁等相关产品的设计、研发、生产和销售。 产品：智能手机产品、智能汽车产品、新领域产品、光学摄像头模组、光学镜头、指纹识别模组、机器视觉深度相机、驾驶域、车身域、座舱域和智能门锁,baostock+akshare
002457.SZ,青龙管业,A股,C30非金属矿物制品业,,高品质输水管道及相关产品的研发、生产、销售，并提供输节水领域的解决方案。 产品：混凝土管、复合钢管、塑料管材、水利设计咨询、工程安装施工服务、预应力钢筒混凝土输水管道（PCCP）、钢筋缠绕钢筒混凝土输水管道（BCCP）、聚氯乙烯（PVC）、聚乙烯（PE）、钢丝网骨架复合管、TPEP防腐钢管、涂塑复合钢管、保温钢管、本公司、宁夏塑管、水利设计院、宁夏钢管,baostock+akshare
002458.SZ,益生股份,A股,A03畜牧业,,白羽肉种鸡雏鸡、种猪、奶牛的饲养、生产与销售，以及奶牛乳品、农牧设备的生产与销售。 产品：父母代白羽肉种鸡雏鸡、商品代白羽肉鸡雏鸡、益生909小型白羽肉鸡父母代及商品代雏鸡、原种猪及二元种猪、农牧设备、乳品、鸡收入、猪收入、畜牧设备,baostock+akshare
002459.SZ,晶澳科技,A股,C38电气机械和器材制造业,半导体材料;新能源车/储能,太阳能硅片、电池及组件的研发、生产和销售，以及太阳能光伏电站的开发、建设、运营等业务，以及光伏材料与设备的研发、生产和销售等。 产品：硅棒、硅片、光伏电池、光伏组件、大型储能系统（JAGalaxy）、工商业储能系统（JAPlanet）、户用储能系统（JAStar）、晶澳星云EMS能源管理系统（JANebula）、太阳能组件、其他,baostock+akshare
002460.SZ,赣锋锂业,A股,C32有色金属冶炼和压延加工业,锂电资源,锂资源开发、锂盐深加工及金属锂冶炼、锂电池制造及退役锂电池综合回收利用。 产品：锂系列产品、锂电池系列产品、其他,baostock+akshare
002461.SZ,珠江啤酒,A股,C15酒、饮料和精制茶制造业,,啤酒生产销售及相关业务。 产品：啤酒、酵母饲料、包装材料、租赁餐饮服务、啤酒销售、其他(补充),baostock+akshare
002462.SZ,嘉事堂,A股,F51批发业,,医药流通，涵盖药品批发、医疗器械批发、连锁零售以及医药物流等多种业态。 产品：医药批发、医药物流、医药连锁,baostock+akshare
002463.SZ,沪电股份,A股,C39计算机、通信和其他电子设备制造业,PCB,印制电路板的生产、销售及相关售后服务。 产品：印制电路板、房屋销售、物业服务、销售可回收边角料、房屋出租、产品销售收入(印制电路板业务)、其他(补充)、房屋销售收入,baostock+akshare
002465.SZ,海格通信,A股,C39计算机、通信和其他电子设备制造业,,无线通信设备、北斗导航产品、模拟仿真器、民航通导设备等产品的研发、生产、销售、工程建设和提供相关的技术服务，飞机零部件加工服务和通信技术服务。 产品：无线通信、北斗导航、航空航天、数智生态,baostock+akshare
002466.SZ,天齐锂业,A股,C32有色金属冶炼和压延加工业,锂电资源,硬岩型锂矿资源的开发、锂精矿生产销售以及锂化工产品的生产销售，为清洁能源的转型发展提供可持续、高质量的锂解决方案。 产品：锂精矿产品、锂化工产品、化学级锂精矿、技术级锂精矿、碳酸锂、氢氧化锂、金属锂、氯化锂、锂化合物及衍生品、锂矿、其他,baostock+akshare
002467.SZ,二六三,A股,I64互联网和相关服务,,为企业和个人提供连接、应用与智能化的综合通信服务。 产品：智能化通信业务、全球化网络业务、其他业务,baostock+akshare
002468.SZ,申通快递,A股,G60邮政业,,快递服务业。 产品：快递业务、增值服务、快递辅料、经济快递、时效快递、其他(补充),baostock+akshare
002469.SZ,三维化学,A股,C26化学原料和化学制品制造业,,化工石化技术和产品研发、工程技术服务、催化剂及基础化工原材料生产销售。 产品：工程总承包、工程设计、醛醇酸酯类、残液加工类、催化剂销售、醋酸丁酸纤维素类,baostock+akshare
002470.SZ,金正大,A股,C26化学原料和化学制品制造业,,常规复合肥、新型肥料、磷肥以及土壤调理剂等土壤所需全系列产品的研发、生产和销售以及为种植户提供相关的种植业解决方案服务。 产品：常规复合肥、新型肥料、磷肥、原料化肥及其他,baostock+akshare
002471.SZ,中超控股,A股,C38电气机械和器材制造业,,电线电缆的研发、生产、销售和服务。 产品：电力电缆、电气装备用电线电缆、裸电线、电缆材料、电缆附件、1-35kV交联聚乙烯绝缘电力电缆、中低压电力电缆、66kV及以上高压交联聚乙烯绝缘电力电缆、110kV-500kV超高压电缆、铝合金电缆、光伏电缆、控制电缆、阻燃型、耐火型、防火型,baostock+akshare
002472.SZ,双环传动,A股,C36汽车制造业,机器人减速器,机械传动齿轮及其相关零部件的研发、设计与制造。 产品：乘用车齿轮、电动工具齿轮、工程机械齿轮、摩托车齿轮、商用车齿轮、智能执行机构、减速器、减速器及其他,baostock+akshare
002474.SZ,榕基软件,A股,I65软件和信息技术服务业,机器人本体/集成,软件和信息技术服务业务、园区开发与运营业务。 产品：系统集成、软件产品及服务、园区开发与运营、系统集成收入、软件产品及服务收入、园区开发与运营收入,baostock+akshare
002475.SZ,立讯精密,A股,C39计算机、通信和其他电子设备制造业,数据中心/云厂商;机器人本体/集成,消费电子、通信及数据中心、汽车、医疗等领域相关零组件、模组及系统集成业务。 产品：消费电子、汽车电子、通讯及数据中心,baostock+akshare
002476.SZ,新叶股份,A股,C26化学原料和化学制品制造业,,精细化工及环保水处理业务。 产品：丙烯酰胺、聚丙烯酰胺、驱油用表面活性剂、产品水、油田用化学品、环保水处理、非油田用化学品,baostock+akshare
002478.SZ,常宝股份,A股,C33金属制品业,,各种高端特种专用管材的研发、生产和销售。 产品：油井管、锅炉管、品种管、油气开采专用管、电站锅炉专用管、石化专用管、工程机械专用管、汽车专用管、特材精密管、特殊品种专用管,baostock+akshare
002479.SZ,富春环保,A股,D44电力、热力生产和供应业,,循环经济型环保公用产品的生产、销售。 产品：热电联产业务、固废（危废）资源化业务、环境监测治理业务、清洁热能、有色金属资源综合利用、清洁电能、污泥资源化利用、二�f英监测设备,baostock+akshare
002480.SZ,新筑股份,A股,C34通用设备制造业,,轨道交通业务、桥梁功能部件业务、光伏发电业务。 产品：轨道交通产品、桥梁功能部件、光伏发电、轨道交通业务,baostock+akshare
002481.SZ,双塔食品,A股,C14食品制造业,,豌豆蛋白、粉丝、膳食纤维的研发、生产及销售。 产品：粉丝、食用蛋白、豌豆干淀粉、膳食纤维、其他,baostock+akshare
002482.SZ,广田集团,A股,E50建筑装饰、装修和其他建筑业,,装饰设计与装饰工程施工。 产品：装饰施工、装饰设计、其他(补充),baostock+akshare
002483.SZ,润邦股份,A股,C34通用设备制造业,,物料起重搬运装备、海洋工程装备、船舶及配套装备等业务。 产品：高端装备业务、物料起重搬运装备、海洋工程装备、船舶及配套装备、海洋工程装备及配套装备、环保业务,baostock+akshare
002484.SZ,江海股份,A股,C39计算机、通信和其他电子设备制造业,,电容器及其材料、配件的研发、生产、销售和服务。 产品：铝电解电容、薄膜电容、超级电容、电极箔,baostock+akshare
002485.SZ,ST雪发,A股,L72商务服务业,,文化旅游业务、供应链运营管理和综合服务。 产品：供应链业务、旅游综合服务、西服套装、其他(补充),baostock+akshare
002486.SZ,嘉麟杰,A股,C18纺织服装、服饰业,,中高档针织纬编功能性面料及成衣的研发，为客户提供织造染色到成衣的优质服务。 产品：面料、成衣、防护用品、起绒类面料、纬编羊毛面料、运动功能性面料、其他(补充),baostock+akshare
002487.SZ,大金重工,A股,C33金属制品业,,生产销售海上风电单桩基础、过渡段、导管架、浮式基础以及塔筒产品，为客户提供海上风电装备的“建造+运输+交付”一站式综合解决方案，可满足全球不同地区海上风电项目的多样化需求。 产品：风电装备产品、海上风电单桩基础、过渡段、导管架、浮式基础、塔筒、新能源发电、其他(补充),baostock+akshare
002488.SZ,金固股份,A股,C36汽车制造业,,汽车车轮的研发、生产、销售。 产品：汽车零部件制造、阿凡达低碳车轮、钢贸业务、其他,baostock+akshare
002489.SZ,浙江永强,A股,C21家具制造业,,户外休闲家具及用品的研发、设计、生产和销售。 产品：休闲家具、遮阳用品、户外休闲家具、遮阳伞、帐篷、遮阳家具、金属制品,baostock+akshare
002490.SZ,山东墨龙,A股,C35专用设备制造业,,能源装备行业所需产品的设计研发、加工制造、销售服务与出口贸易。 产品：管类产品、油管、套管、管线管、锅炉管、液压支柱管、气瓶管、船舶用管及核电用管、其他、三抽设备,baostock+akshare
002491.SZ,通鼎互联,A股,C38电气机械和器材制造业,,光电通信、安全业务、新能源板块。 产品：光纤光缆、通信电缆、电力电缆、通信设备、新能源业务、安全业务,baostock+akshare
002492.SZ,恒基达鑫,A股,G59装卸搬运和仓储业,,为客户提供油品、液体化工产品及带包装危化品的装卸、仓储服务；为船舶提供码头停泊、转运、管道输送等服务。 产品：仓储、装卸/码头、管理服务、其他(补充),baostock+akshare
002493.SZ,荣盛石化,A股,C26化学原料和化学制品制造业,,各类油品、化工品、聚酯产品的研发、生产和销售。 产品：炼油产品、化工产品、PTA、聚酯化纤薄膜、贸易,baostock+akshare
002494.SZ,华斯股份,A股,C19皮革、毛皮、羽毛及其制品和制鞋业,,裘皮制品设计、研发、制造、销售。 产品：裘皮皮张、裘皮面料、裘皮饰品、裘皮服装、时装、商业综合体业务、加工,baostock+akshare
002495.SZ,佳隆股份,A股,C14食品制造业,,食品研究开发、以鸡精、鸡粉、鸡汁为主的各类调味品的生产和销售。 产品：鸡粉、鸡精、其他产品,baostock+akshare
002496.SZ,辉丰股份,A股,C26化学原料和化学制品制造业,,生物农业、石化仓储供应链。 产品：农药原药及中间体、农药制剂及肥料、小分子肥特肥、油品、化学、仓储及贸易、农药制剂、油品、化学、仓储及贸易、其他(补充),baostock+akshare
002497.SZ,雅化集团,A股,C32有色金属冶炼和压延加工业,锂电资源,锂业务和民爆业务两大板块，锂业务包括锂矿采选和锂盐产品生产，民爆业务又分为民爆生产、爆破及矿服业务，同时还涉足危化运输业务。 产品：锂产品、民爆产品、运输业务、锂业务、民爆业务,baostock+akshare
002498.SZ,汉缆股份,A股,C38电气机械和器材制造业,,电缆及附件系统、状态检测系统、输变电工程总包。 产品：电力电缆、海底电缆、装备用电缆、数据电缆、架空线、其他特种电缆、裸电线、电气装备用电线电缆,baostock+akshare
002500.SZ,山西证券,A股,J67资本市场服务,,证券经纪业务、融资融券业务、证券自营业务、证券承销业务、受托资产管理业务、商品期货经纪、金融期货经纪业务及投资与资产管理等。 产品：证券经纪、证券自营、证券资产管理、证券投资咨询、与证券交易、证券投资活动有关的财务顾问、证券投资基金代销、为期货公司提供中间介绍业务、证券经纪业务、固定收益业务、股票等其他自营投资业务,baostock+akshare
002501.SZ,*ST利源,A股,C32有色金属冶炼和压延加工业,,汽车轻量化产品、新能源产品、工业铝型材、建筑铝型材、铝合金深加工产品及轨道交通装备部件的研发、生产与销售业务等。 产品：汽车轻量化产品、新能源产品、轨道交通装备部件、工业铝型材、建筑铝型材、铝合金深加工产品、铝型材销售、铝液销售、铝型材来料加工,baostock+akshare
002506.SZ,协鑫集成,A股,C38电气机械和器材制造业,机器人本体/集成;新能源车/储能,高效电池组件、能源工程、综合能源系统集成等相关产品的研发、设计、生产、销售及一站式服务。 产品：组件、系统集成包、电池片、材料及废旧物资、发电收入、高效电池、大尺寸光伏组件、储能系统,baostock+akshare
002507.SZ,涪陵榨菜,A股,C14食品制造业,,榨菜、下饭菜、泡菜、调味菜、榨菜酱和其他佐餐开味菜等方便食品的研制、生产和销售。 产品：榨菜、萝卜、泡菜、酱类（中式调味酱、豆瓣酱、复调、火锅底料）、泡菜（餐饮泡菜、C端泡菜-含豇豆、酸菜、爆炒菜）、其他产品,baostock+akshare
002508.SZ,老板电器,A股,C38电气机械和器材制造业,,厨房电器产品的研发、生产、销售和综合服务。 产品：吸油烟机、燃气灶、一体机、集成灶、蒸箱、烤箱、洗碗机、消毒柜、热水器、净水器、橱柜、其他小家电,baostock+akshare
002510.SZ,天汽模,A股,C36汽车制造业,,汽车车身覆盖件模具及其配套产品的研发、设计、生产与销售。 产品：汽车车身覆盖件模具、汽车车身冲压件、检具及装焊夹具、模具检具、冲压件、航空产品,baostock+akshare
002511.SZ,中顺洁柔,A股,C22造纸和纸制品业,,高档生活用纸系列产品、纸巾盒的研发、生产、加工、销售。 产品：生活用纸、护理用品、家清用品、健康精品、护肤用品、母婴用品、商旅一次性用品、湿巾系列、湿厕纸系列、商用系列、柔巾系列、女性护理系列、衣服清洁系列、家居环境清洁系列、个人护理系列、护肤系列、一次性用品、成品、半成品及其他,baostock+akshare
002512.SZ,ST达华,A股,C39计算机、通信和其他电子设备制造业,,信息服务业务、卫星通信业务、显示制造业务。 产品：电视机主板类、信息服务平台与解决方案、卫星通信产品与服务、显示制造产品、项目开发及集成类、其他,baostock+akshare
002513.SZ,蓝丰生化,A股,C38电气机械和器材制造业,,以太阳能电池片及组件的研发、生产、销售为主，同时陆续开发光伏、风电、储能等新能源领域业务。 产品：N型高效SNP电池及组件、农药制剂、农药原药、化工产品、N型高效SNP双面电池、N型高效SNP双面组件、多菌灵系列、甲基硫菌灵系列、氟环唑系列、苯菌灵系列、霜霉威系列、异菌脲系列、吡虫啉系列、啶虫脒系列、菊酯产品系列、哒螨灵系列、丁硫克百威系列、乙酰甲胺磷系列、乐果系列、环嗪酮系列、甲基硫菌灵原药、丁硫克百威原药、环嗪酮原药、硫酸、表面活性剂、组件、电池片、农药原药及制剂,baostock+akshare
002514.SZ,*ST宝馨,A股,C33金属制品业,机器人应用,智能制造业务、新能源业务。 产品：光伏电池、组件及配套产品销售、充换电桩及配套产品销售、项目服务、设备配件、智能一体机、灵活性调峰技术服务,baostock+akshare
002515.SZ,金字火腿,A股,C13农副食品加工业,,中式火腿、欧式发酵火腿等火腿产品，香肠、酱肉、腊肉、咸肉、烤肠、XO酱等特色肉制品的研发、生产和销售。 产品：火腿、火腿制品、特色肉制品、品牌肉、冷链服务,baostock+akshare
002516.SZ,旷达科技,A股,C17纺织业,,汽车内饰材料及内饰件的研发、生产和销售，及光伏电站的投资运营。 产品：面料、合成革、座套、电力、其他,baostock+akshare
002517.SZ,恺英网络,A股,I64互联网和相关服务,,网络游戏的开发及运营与移动应用产品分发。 产品：移动游戏、用户平台、网页游戏、复古情怀类游戏、创新精品类游戏,baostock+akshare
002518.SZ,科士达,A股,C38电气机械和器材制造业,数据中心电源;数据中心/云厂商,"研发,生产及销售UPS,太阳能逆变器及UPS配套的阀控式密封铅酸蓄电池。 产品：智慧电源、数据中心产品、光储充产品及系统、新能源能源收入、配套产品、UPS产品、温控产品、铅酸电池、锂电池、IDU、IDM、IOU、IDB、一体化电力模块、光伏逆变器、直流充电桩、智慧电源、数据中心产品",baostock+akshare
002519.SZ,银河电子,A股,C39计算机、通信和其他电子设备制造业,服务器与终端,新能源、人工智能、智能机电业务。 产品：智能机电业务、新能源业务、智能特种装备、新能源精密结构件、智能终端、智能网关、其他主营业务,baostock+akshare
002520.SZ,日发精机,A股,C34通用设备制造业,机器人本体/集成;机器人应用,提供柔性线制造、系统集成、管控系统开发于一体的综合性智能制造装备。 产品：数字化智能机床及产线、航空航天智能装备及产线、固定翼工程、运营及租售、固定翼工程、运营及租售,baostock+akshare
002521.SZ,齐峰新材,A股,C22造纸和纸制品业,,高档装饰原纸的研发、生产和销售。 产品：装饰原纸系列、乳胶纸系列、个人卫材系列、其他系列,baostock+akshare
002522.SZ,浙江众成,A股,C29橡胶和塑料制品业,,食品用塑料包装容器工具制品销售，塑料制品、塑料加工专用设备制造和销售；热塑性弹性体产品的研发、生产和销售。 产品：POF热收缩膜、热塑性弹性体、热收缩膜、其他(补充),baostock+akshare
002523.SZ,天桥起重,A股,C34通用设备制造业,,起重运输机械、物料搬运装备、有色冶炼智能装备、选煤机械、港口码头装卸船机、环保装备、工业自动化控制系统等研发、生产和销售。 产品：有色冶炼专用起重设备、港机设备、物料搬运装备、配件及其他,baostock+akshare
002524.SZ,光正眼科,A股,Q84卫生,,为眼疾患者提供各种眼科疾病的诊断、治疗等医疗服务。 产品：屈光项目、白内障项目、视光项目、眼综合项目、视光服务项目、钢结构制作、安装,baostock+akshare
002526.SZ,山东矿机,A股,C35专用设备制造业,,煤炭机械设备和智能散料输送装备、印刷设备等产品的生产与销售。 产品：煤机产品、配件产品、智能散料输送装备、智能化产品电液控、其他业务及综合管理、一体化物料输送解决方案、全流程工程总包服务、智能化电液控制系统、煤炭机械设备、印刷设备,baostock+akshare
002527.SZ,新时达,A股,C34通用设备制造业,,电梯控制产品及系统业务、机器人产品及系统业务、通用控制与驱动产品及系统业务。 产品：电梯控制产品及系统、通用控制与驱动产品及系统、机器人产品及系统,baostock+akshare
002528.SZ,*ST英飞,A股,C39计算机、通信和其他电子设备制造业,,人物互联为核心特色战略的新型智慧城市建设与运营服务。 产品：物联产品、平台产品、应用产品、智能家居解决方案、智慧建筑解决方案、智慧园区解决方案、智慧城市解决方案、解决方案,baostock+akshare
002529.SZ,海源复材,A股,C34通用设备制造业,,复合材料轻量化制品与光伏组件的研发、制造与销售。 产品：光伏业务、复合材料业务、压机及整线装备、其他(补充),baostock+akshare
002530.SZ,金财互联,A股,C33金属制品业,机器人减速器,热处理装备制造、商业热处理加工服务、热处理售后服务、精密耐热合金制造。 产品：热处理装备制造、商业热处理加工服务、热处理售后服务、精密耐热合金制造、轴承及零部件产品制造、可控气氛热处理设备、真空热处理设备、高频感应加热设备、底料盘系列、托盘系列、料筐系列、风扇系列、料架系列、RV减速器零部件、谐波减速器零部件、精密机床主轴轴承、行星减速机用轴承、热处理加工、热处理设备销售、其他(补充),baostock+akshare
002531.SZ,天顺风能,A股,C38电气机械和器材制造业,,国内海上风电装备业务、海外海上风电装备业务、油气船舶业务。 产品：风电陆上装备、风电海工装备、发电,baostock+akshare
002532.SZ,天山铝业,A股,C32有色金属冶炼和压延加工业,,电解铝、氧化铝、预焙阳极、高纯铝、铝深加工产品及材料的生产和销售。 产品：自产铝锭、高纯铝、外购铝锭、自产铝制品、氧化铝、铝箔、铝箔坯料、销售自产铝锭、销售氧化铝、销售铝箔及铝箔坯料,baostock+akshare
002533.SZ,金杯电工,A股,C38电气机械和器材制造业,,扁电磁线与电线电缆生产，为客户提供集研发、生产制造和销售服务于一体的电能绿色传输解决方案。 产品：扁电磁线、电线电缆、电气装备用、电力电缆、特种电缆、架空裸导线、铜芯聚氯乙烯电线、铝合金电缆、低压电缆、中压电缆、柔性防火电缆、电线电缆产品、电磁线产品、冷链及汽车后市场服务,baostock+akshare
002534.SZ,西子洁能,A股,C34通用设备制造业,,余热锅炉、清洁环保能源发电装备等产品的咨询、研发、生产、销售、安装及工程总承包业务，为客户提供节能环保设备和能源利用整体解决方案。 产品：余热锅炉、清洁环保能源装备、解决方案、备件及服务、燃机余热锅炉、干熄焦余热锅炉、烧结机余热锅炉、水泥窑余热锅炉、热水锅炉、电站锅炉、电站辅机、垃圾焚烧锅炉、生物质锅炉、天然气锅炉（L型及D型）、废水废气废物锅炉、熔盐吸热器、熔盐换热器、熔盐储罐、低氮燃烧、SCR\SNCR设备、核电设备、导热油换热器、石化化工换热器、海水淡化装置、气化炉、过热器、省煤器、技术服务、项目改造工程、维修维保,baostock+akshare
002535.SZ,林州重机,A股,C35专用设备制造业,,煤矿机械及综合服务业务、军工业务。 产品：煤矿机械、煤矿综合服务、军工产品系列、煤炭机械、其他(补充),baostock+akshare
002536.SZ,飞龙股份,A股,C36汽车制造业,液冷;新能源车/储能,汽车领域热管理部件和民用领域热管理部件的制造、销售。 产品：发动机热管理重要部件、发动机热管理节能减排部件、新能源汽车及民用液冷领域部件、非发动机其他部件,baostock+akshare
002537.SZ,海联金汇,A股,C36汽车制造业,,汽车零部件业务、移动信息服务业务、第三方支付服务业务。 产品：家电配件、汽车零部件、移动信息服务、第三方支付服务,baostock+akshare
002538.SZ,ST司特,A股,C26化学原料和化学制品制造业,,各类磷复肥、专用测土配方肥、生物有机肥料及新型肥料等肥料的研发、生产、销售与服务。 产品：三元复合肥、磷酸一铵、其他副产品、矿产品、医疗服务、化学肥料产品,baostock+akshare
002539.SZ,云图控股,A股,C26化学原料和化学制品制造业,,复合肥的研发、生产和销售。 产品：常规复合肥、新型复合肥及磷肥、黄磷、纯碱、磷酸铁、复合肥、磷肥（磷酸一铵）、纯碱（联产氯化铵）、贸易,baostock+akshare
002540.SZ,亚太科技,A股,C32有色金属冶炼和压延加工业,,汽车热管理系统和轻量化系统领域的重要铝材的提供。 产品：热管理系统铝材、底盘安全系统铝材、汽车零部件、三电车身系统铝材、航空及其他铝材、铸棒,baostock+akshare
002541.SZ,鸿路钢构,A股,C33金属制品业,,钢结构及配套产品制造业务和钢结构装配式建筑工程业务。 产品：H型钢结构、箱型十字型结构、管型结构、桁架结构、次结构,baostock+akshare
002542.SZ,*ST中岩,A股,E48土木工程建筑业,,工程服务、通用航空、文化旅游业务。 产品：地基处理、机场工程、市政工程,baostock+akshare
002543.SZ,万和电气,A股,C38电气机械和器材制造业,,家用电器制造。 产品：燃气热水器、电热水器、燃气采暖炉、空气能热泵、厨房电器、生活热水、其他,baostock+akshare
002544.SZ,普天科技,A股,I65软件和信息技术服务业,机器人应用,面向数字时代提供ICT融合服务。 产品：公网通信、专网通信与智慧应用、智能制造,baostock+akshare
002545.SZ,东方铁塔,A股,C26化学原料和化学制品制造业,,钢结构与钾肥业务。 产品：钢结构、角钢塔、钢管塔、氯化钾、发电、溴化钠、建筑安装,baostock+akshare
002546.SZ,新联电子,A股,C40仪器仪表制造业,,专业从事电力产品研发、生产、销售与服务。 产品：主站系统、专变终端、集中器、采集器、电力产品、数据服务、其他(补充),baostock+akshare
002547.SZ,*ST春兴,A股,C33金属制品业,,通信系统设备、汽车零部件等精密铝合金结构件的研发、生产和销售及其他相关业务。 产品：移动通信、汽车零部件、通信射频器件、精密轻金属结构件、汽车精密铝合金结构件、钣金件、汽车件、精密铝合金结构件、移动通信射频器件、其他,baostock+akshare
002548.SZ,金新农,A股,C13农副食品加工业,,饲料生产及生猪养殖。 产品：猪用饲料、种猪、仔猪、商品猪、教槽料、保育料、小猪料、中猪料、大猪料、种猪料、纯种猪、二元母猪、种公猪、生猪、反刍饲料,baostock+akshare
002549.SZ,凯美特气,A股,N77生态保护和环境治理业,,以石油化工尾气（废气）、火炬气为原料，研发、生产多种气体产品。 产品：高纯二氧化碳、氢气、液化气、戊烷、特种气体、二氧化碳、燃料类产品,baostock+akshare
002550.SZ,千红制药,A股,C27医药制造业,,生物医药品的研发、生产和销售。 产品：多糖类、蛋白酶类、常生千红、千红怡诺、千红怡达、千红怡那、怡开、千红怡美、常生、千红怡甘、制剂药品系列、原料药系列、其他,baostock+akshare
002551.SZ,尚荣医疗,A股,C35专用设备制造业,,医疗产品生产销售、医疗服务、健康产业运营等。 产品：医疗产品生产销售、医疗服务、健康产业运营、医疗产品生产销售收入、医疗服务收入、健康产业运营收入,baostock+akshare
002552.SZ,宝鼎科技,A股,C39计算机、通信和其他电子设备制造业,PCB,电子铜箔、覆铜板设计、研发、生产及销售。 产品：电子铜箔、覆铜板、金精矿、成品金、高温高延伸性铜箔（HTE箔）、低轮廓铜箔（LP箔）、反转处理铜箔（RTF箔）、超低轮廓铜箔（HVLP箔）、玻纤布基覆铜板（FR-4）、复合基覆铜板、铝基覆铜板、铜箔,baostock+akshare
002553.SZ,南方精工,A股,C36汽车制造业,,精密轴承、单向离合器、单向滑轮总成和其他精密零部件的研发、生产和销售业务。 产品：精密轴承、单向离合器、单向滑轮总成、集成电路设计及软硬件销售、电动涡旋压缩机、其他精密零配件,baostock+akshare
002554.SZ,惠博普,A股,B11开采专业及辅助性活动,,油气工程及运营服务（EPCC）、环境工程及服务、油气资源开发及利用。 产品：油气工程及服务、环境工程及服务、油气资源开发及利用、EPCC总承包服务、工艺技术研发、系统设计、装备提供、工程技术服务,baostock+akshare
002555.SZ,三七互娱,A股,I64互联网和相关服务,,网络游戏的研发及运营。 产品：移动游戏、网页游戏、其他主营业务,baostock+akshare
002556.SZ,辉隆股份,A股,F52零售业,,化肥、农药产品的内外贸分销业务，自主品牌复合肥、农药和精细化工产品的生产和销售。 产品：农资产品、精细化工产品、农副产品、其他、间氯苯胺、硫代硫酸钠、间甲酚、百里香酚、农副产品及其他,baostock+akshare
002557.SZ,洽洽食品,A股,C13农副食品加工业,,生产坚果炒货类休闲食品。 产品：葵花子、坚果类、其他产品,baostock+akshare
002558.SZ,巨人网络,A股,I64互联网和相关服务,,互联网游戏的研发和运营。 产品：移动端网络游戏收入、电脑端网络游戏收入、其他游戏相关业务收入、《征途》、《征途2》、《绿色征途》、《征途怀旧版》、《征途》手游、《征途2》手游、《原始征途》手游、《王者征途》、《超自然行动组》、《球球大作战》、《太空杀》、移动端网络游戏、电脑端网络游戏、其他游戏相关业务,baostock+akshare
002559.SZ,亚威股份,A股,C34通用设备制造业,机器人本体/集成;机器人应用,金属成形机床、激光加工装备、智能制造解决方案。 产品：金属成形机床业务、激光加工装备业务、智能制造解决方案业务、数控折弯机、数控折边机、数控转塔冲床、伺服压力机、机械压力机、钣金自动化柔性加工设备、智能冲压线、卷板加工机械、板材激光切割机、管材激光切割机、三维数控激光切割机、三维激光焊接设备、激光柔性切割单元及自动化生产线、精密激光加工设备、工业机器人、工业管理软件、工业互联网大数据平台、仓储物流自动化系统、设备自动化、产线智能化改造、金属成形机床、激光加工装备、智能制造解决方案,baostock+akshare
002560.SZ,通达股份,A股,C38电气机械和器材制造业,新能源车/储能,电线电缆生产、销售、航空器零部件精密加工及装配、铝基复合新材料三大板块。 产品：电线电缆、机械加工、有色金属、材料销售、特高压、超高压用钢芯铝绞线系列、铝合金绞线系列、铝包钢绞线、电气化铁路、城市轨道交通用接触线、承力索系列、城市配网用电力电缆、架空绝缘电缆、控制电缆、环保型阻燃长寿命布电线、光伏发电系统用电缆、风力发电系统用电缆、新能源汽车用线缆、电力储能系统用电缆、防火电缆、高压电力电缆、盾构机专用电缆、变频电缆、同轴同芯电缆、补偿导线及耐高温线、轨交用直流电缆等系列、铝板带产品、特高压、超高压工程用线缆、电力电缆,baostock+akshare
002561.SZ,徐家汇,A股,F52零售业,,百货零售。 产品：商品零售、场地租赁、商业服务、商品销售、租赁、供应商服务,baostock+akshare
002562.SZ,兄弟科技,A股,C27医药制造业,,维生素、香料、皮革化学品、铬盐、催化剂等精细化学品以及特色原料药、制剂等医药系列产品的研发、生产和销售。 产品：医药食品、特种化学品、维生素K3、维生素B1、维生素B3、维生素B5、铬鞣剂、铬酐、对苯二酚邻苯二酚、香兰素乙基香兰素、碘造影剂、其他,baostock+akshare
002563.SZ,森马服饰,A股,C18纺织服装、服饰业,,休闲服饰、儿童服饰的生产、制造和销售。 产品：休闲服饰、儿童服饰、其他、其他(补充),baostock+akshare
002564.SZ,天沃科技,A股,C35专用设备制造业,,压力容器设备、船舶、其他专用设备的设计制造、电力工程勘察设计及运维服务、仓储物流等。 产品：压力容器设备、其他专用设备、船舶、仓储物流、电力工程勘察设计及运维服务,baostock+akshare
002565.SZ,顺灏股份,A股,C22造纸和纸制品业,,特种环保纸的研发、生产及销售，印刷品的研发、生产及销售，工业大麻精深加工及应用场景研发，新型烟草的研发、生产与销售。 产品：镀铝纸、复膜纸、白卡纸、印刷品、光学防伪膜、新型烟草、其他(补充),baostock+akshare
002566.SZ,益盛药业,A股,C27医药制造业,,药品的研发、生产和销售。 产品：胶囊类产品、针剂类产品、化妆品、人参类产品、蜂制品、振源胶囊、心悦胶囊、生脉注射液、消痔灵注射液、红参片、西洋参（饮片）,baostock+akshare
002567.SZ,唐人神,A股,C13农副食品加工业,,饲料、生猪、肉制品、动物保健品等研发、生产和销售。 产品：饲料、牲猪及其他饲养、屠宰及肉类、动物保健、饲料产品、生猪、家禽、肉类产品,baostock+akshare
002568.SZ,百润股份,A股,C15酒、饮料和精制茶制造业,,包括预调鸡尾酒、烈酒在内的酒类产品和香精香料产品的研发、生产和销售。 产品：鸡尾酒、烈酒、食用香精、酒类产品、其他(补充),baostock+akshare
002569.SZ,*ST步森,A股,C18纺织服装、服饰业,,男装品牌服装的设计、生产和销售。 产品：衬衫、裤装、西服、外套、针织衫,baostock+akshare
002570.SZ,贝因美,A股,C14食品制造业,,婴幼儿配方奶粉、营养米粉和其他婴幼儿辅食、营养品的研发、生产和销售。 产品：奶粉类、米粉类、用品类、其他类,baostock+akshare
002571.SZ,德力股份,A股,C30非金属矿物制品业,,日用玻璃制品研发、生产与销售。 产品：餐厨用具、酒具水具、其他用具、光伏玻璃,baostock+akshare
002572.SZ,索菲亚,A股,C21家具制造业,,全屋家具（包括衣柜、橱柜、门窗、墙板、地板、家品、家电、卫浴等）的设计研发和生产销售。 产品：衣柜及其配套产品、橱柜及其配件、木门、衣柜、橱柜、门窗、墙板、地板、家品、家电、卫浴,baostock+akshare
002573.SZ,清新环境,A股,N77生态保护和环境治理业,,水务投资与运营、工业烟气治理与能源服务业务。 产品：大气治理业务、水治理业务、危废品处理业务、能源化工业务、余热发电业务,baostock+akshare
002574.SZ,明牌珠宝,A股,C24文教、工美、体育和娱乐用品制造业,,黄金、铂金等中高档贵金属和宝石首饰产品的设计、研发、生产、销售及服务。 产品：黄金饰品、铂金饰品、镶嵌饰品、房产营销服务、新能源光伏电池片产品,baostock+akshare
002575.SZ,群兴玩具,A股,F51批发业,,酒类销售、智算业务、物业管理及物业租赁。 产品：酒、物业租赁及物业管理服务、智算业务,baostock+akshare
002576.SZ,通达动力,A股,C38电气机械和器材制造业,伺服系统;新能源车/储能,电动机、发电机、新能源汽车定转子铁芯的研发、生产、销售和服务。 产品：定转子冲片和铁心、成品定转子、电气设备、模具、材料销售、国标普通电机、新能源汽车驱动电机、高效电机、风力发电机、柴油发电机、伺服电机、牵引电机、其他,baostock+akshare
002577.SZ,雷柏科技,A股,C39计算机、通信和其他电子设备制造业,,消费电子产品的自主研发、设计及销售。 产品：计算机外设、其他消费电子、游戏鼠标、游戏键盘、游戏耳机、游戏手柄、游戏耳麦、无线充电器、TWS无线影音、多功能扩展坞、电源适配器、摄像头、租赁,baostock+akshare
002578.SZ,闽发铝业,A股,C32有色金属冶炼和压延加工业,,建筑铝型材、工业铝型材和建筑铝模板的研发、生产、销售。 产品：铝型材销售、铝模板销售、铝模板租赁及安装、净水剂、其他(补充),baostock+akshare
002579.SZ,中京电子,A股,C39计算机、通信和其他电子设备制造业,PCB,印制电路板(PCB)的研发、生产、销售与服务。 产品：刚性电路板（RPCB）、高密度互联板（HDI）、柔性电路板（FPC）、刚柔结合板（R-F）、柔性电路板组件（FPCA）、刚性电路板(含HDI板)、柔性电路板及其应用模组、其他(补充),baostock+akshare
002580.SZ,圣阳股份,A股,C38电气机械和器材制造业,数据中心/云厂商;电芯,储能电池及系统的设计、研发、制造和销售。 产品：锂离子电池及电源系统、铅蓄电池及系统、型铝壳磷酸铁锂电池、圆柱三元锂离子电池、AGM电池、GEL电池、新型高功率电池、高温电池、铅炭电池、通信、数据/算力中心、储能及电力、其他场景,baostock+akshare
002581.SZ,*ST未名,A股,C27医药制造业,医药商业化,鼠神经生长因子、干扰素和疫苗等生物医药业务。 产品：鼠神经生长因子、干扰素、中药饮片、药品流通,baostock+akshare
002582.SZ,好想你,A股,C13农副食品加工业,,“红枣+健康锁鲜食品”的研发、生产与销售。 产品：枣博士、健康情、红小派、红枣芝麻丸、低GI黑金枣、健康锁鲜食品、红枣制品、其他类、健康锁鲜类,baostock+akshare
002583.SZ,海能达,A股,C39计算机、通信和其他电子设备制造业,机器人应用,对讲机终端、集群系统等专业无线通信设备的研发、生产、销售和服务以及部分OEM业务。 产品：窄带数字专网产品及解决方案、公专融合产品及解决方案、智能指挥调度解决方案、应急通信产品及解决方案、宽带产品及解决方案、卫星通信产品及解决方案、EMS智能制造业务、终端、系统、OEM及其他,baostock+akshare
002584.SZ,西陇科学,A股,C26化学原料和化学制品制造业,锂电材料,化学试剂的研发、生产、销售，以及原料药及食品添加剂生产、销售，并从事部分化工原料贸易等业务。 产品：电子化学品、通用试剂、原料药及食品添加剂、化工原料、专用化学品、锂电池正极材料,baostock+akshare
002585.SZ,双星新材,A股,C29橡胶和塑料制品业,,高性能功能性高分子材料研发制造。 产品：光学材料、新能源材料、节能窗膜材料、信息材料、热收缩材料、光学基材、光学膜片、透明强化背板PET基膜、太阳能电池背材基膜、太阳能电池背板膜、PET复合铜箔膜、节能建筑膜、车用太阳膜、家居安全膜、护肤膜、调光玻璃膜、TTR碳带膜、高端TTR膜、双向拉伸PETG收缩膜、抗UV白色PETG收缩膜、PVC收缩膜、PVC功能膜、聚酯功能、可变信息材料,baostock+akshare
002586.SZ,ST围海,A股,E48土木工程建筑业,,各类水利水电工程、房屋建筑工程、市政工程、港口与航道工程及辅助生产设施工程等施工。 产品：海堤工程、城市防洪工程、河道工程、水库工程、市政工程、其他工程、设计及技术服务、销售设备,baostock+akshare
002587.SZ,奥拓电子,A股,C39计算机、通信和其他电子设备制造业,,向客户提供方案设计、产品研发、精品制造、软件及内容定制、工程实施于一体的全流程解决方案及服务。 产品：LED视频显示系统、网点智能化集成与设备、智能景观亮化工程、软件及内容、服务及其它,baostock+akshare
002588.SZ,史丹利,A股,C26化学原料和化学制品制造业,,复合肥料的研发、生产和销售，磷肥的生产销售。 产品：硫基复合肥、氯基复合肥、新型肥料及其他、原料化肥,baostock+akshare
002589.SZ,瑞康医药,A股,F51批发业,药企/生物科技,商业流通板块、中医药板块、数字医疗板块、医药物流板块、微生态医学板块、高端医疗器械板块、教育板块。 产品：商业流通板块、中医药板块、数字医疗板块、医药物流板块、微生态医学板块、高端医疗器械板块、教育板块、药械流通业务、SPD（医院供应链管理）业务、体外诊断（IVD）业务、中药种植与饮片加工、中药创新药研发、药食同源与电商布局保险服务、医疗服务、医学风控和控费、支付连接、医药物流、微生态医学、三维乳腺超声CT成像系统（USCT）、动态血糖监测系统（CGM）、教育、药品销售、器械销售、其他产品销售,baostock+akshare
002590.SZ,万安科技,A股,C36汽车制造业,,汽车底盘控制系统的研发、生产和销售。 产品：液压制动系统、副车架、转向系统、气压盘式制动器、组合踏板、变速操纵器、气阀类产品、制动气室、离合器助力器、自动调整臂、气压ABS、EBS、AEBS、ESC、EPB、ECAS、XEPS、气压制动系统、其他,baostock+akshare
002591.SZ,恒大高新,A股,C26化学原料和化学制品制造业,交换机/服务器,节能环保和互联网业务。 产品：防磨抗蚀、隔音降噪工程、余热发电、移动信息服务、AI算力服务器,baostock+akshare
002592.SZ,ST八菱,A股,C36汽车制造业,,汽车热管理产品和外饰件产品的研发、生产和销售业务。 产品：热交换器、车用空调、车身结构件、高低温散热器、中冷器、油冷器、Chiller、冷凝器、HVAC、汽车保险杠、外饰件、其他,baostock+akshare
002593.SZ,日上集团,A股,C36汽车制造业,,汽车车轮的研发、生产、销售和钢结构建筑的设计、制作、安装。 产品：汽车车轮、钢结构、汽车零部件（钢制车轮）、汽车零部件（锻造铝轮）、金属制品业（钢结构）、金属制品业(钢结构)、汽车零部件(钢制车轮)、其他(补充),baostock+akshare
002594.SZ,比亚迪,A股,C36汽车制造业,新能源车/储能,以新能源汽车为主的汽车业务、手机部件及组装业务，二次充电电池及光伏业务，同时利用自身的技术优势积极拓展城市轨道交通业务领域。 产品：手机部件、组装及其他产品、汽车、汽车相关产品及其他产品、汽车、汽车相关产品及其他产品、手机部件、组装及其他产品、其他,baostock+akshare
002595.SZ,豪迈科技,A股,C35专用设备制造业,,子午线轮胎活络模具的生产及销售、大型零部件机械产品的铸造及精加工、机床装备相关产品的研发、生产和销售。 产品：汽车轮胎装备行业、大型零部件机械产品、数控机床、轮胎模具、机床产品、模具、其他,baostock+akshare
002596.SZ,海南瑞泽,A股,C30非金属矿物制品业,,商品混凝土生产与销售、市政环卫业务以及其他业务。 产品：商品混凝土、市政环卫,baostock+akshare
002597.SZ,金禾实业,A股,C14食品制造业,,食品添加剂、日化香料、大宗化学品及中间体的研发、生产和销售。 产品：食品添加剂、大宗化学品、专用化学品、日化香料、电子化学品、三氯蔗糖、安赛蜜、甲基麦芽酚、乙基麦芽酚、甲基环戊烯醇酮（MCP）、佳乐麝香溶液、食品制造业、基础化学原料制造业、专用化学产品制造业,baostock+akshare
002598.SZ,ST章鼓,A股,C34通用设备制造业,,生产和销售风机、工业泵及相关配套产品、工业废水治理运营。 产品：风机、渣浆泵、水处理、电气设备、气力输送,baostock+akshare
002599.SZ,盛通股份,A股,C23印刷和记录媒介复制业,,印刷综合服务业务和科技教育服务业务。 产品：印刷综合服务、科技教育服务、出版印刷、包装印刷、学员服务、机构服务、印刷综合服务-出版印刷、印刷综合服务-包装印刷、科技教育服务-学员服务,baostock+akshare
002600.SZ,领益智造,A股,C39计算机、通信和其他电子设备制造业,机器人应用,向全球客户提供全方位的智能制造服务与解决方案。 产品：AI手机及折叠屏手机、AIPC及平板电脑、影像显示、材料、电池电源、热管理（散热）、AI眼镜及XR可穿戴设备、精品组装及其他、传感器及相关模组、机器人、AI终端、其他、汽车及低空经济,baostock+akshare
002601.SZ,龙佰集团,A股,C26化学原料和化学制品制造业,锂电材料,钛白粉、海绵钛、锆制品、锂电正负极材料等产品的生产与销售。 产品：钛白粉、海绵钛、锆制品、锂电正负极材料、铁系产品,baostock+akshare
002602.SZ,世纪华通,A股,I64互联网和相关服务,,互联网游戏、人工智能云数据和汽车零部件制造。 产品：汽车零部件、电脑端游戏、移动端游戏、网页端游戏、云数据服务、互联网游戏业务、人工智能云数据业务、汽车零部件制造业务,baostock+akshare
002603.SZ,以岭药业,A股,C27医药制造业,,专利创新中药的研发、生产和销售。 产品：心脑血管类、呼吸系统类、其他专利产品、其他类、通心络胶囊、参松养心胶囊、芪苈强心胶囊、连花清瘟胶囊/颗粒、连花清咳片、芪防鼻通片、津力达颗粒、通络明目胶囊、益肾养心安神片、解郁除烦胶囊、枣椹安神口服液、养正消积胶囊、参灵蓝胶囊、八子补肾胶囊、夏荔芪胶囊、乳结泰胶囊、妇血安片,baostock+akshare
002605.SZ,姚记科技,A股,I64互联网和相关服务,,精品手机游戏的研发与运营，深耕休闲益智类细分领域，奉行“聚焦精品、研运一体化”原则，致力于打造精美原创的互联网手机游戏。 产品：扑克牌、游戏、数字营销,baostock+akshare
002606.SZ,大连电瓷,A股,C38电气机械和器材制造业,,输电线路用瓷、复合绝缘子，电站用瓷、复合绝缘子，以及电瓷金具的研发、生产及销售。 产品：悬式瓷绝缘子、复合绝缘子、瓷支柱绝缘子、悬瓷绝缘子、支柱绝缘子,baostock+akshare
002607.SZ,中公教育,A股,P83教育,,为大学生、大学毕业生及各类职业专才等知识型就业人群提供个性化和专业化的就业服务。 产品：公务员序列、事业单位序列、教师序列、综合序列,baostock+akshare
002608.SZ,江苏国信,A股,D44电力、热力生产和供应业,,电力、热力生产、相关电力服务、煤炭销售业务及售电业务，固有业务和信托业务。 产品：电力、热力、煤炭、金融,baostock+akshare
002609.SZ,捷顺科技,A股,I65软件和信息技术服务业,,智能停车场管理系统、智能通道闸管理系统、智能门禁管理系统等产品的销售和服务。 产品：智能硬件、停车资产运营、软件、云服务、智慧停车运营、物业租赁、软件及云服务,baostock+akshare
002611.SZ,东方精工,A股,C35专用设备制造业,,智能瓦楞纸包装装备、工业互联网行业解决方案、数字印刷解决方案以及水上动力产品。 产品：智能包装装备、水上动力设备、智能瓦楞纸包装装备、数码印刷设备、工业互联网行业解决方案、舷外机产品、通机产品、瓦楞纸板生产线、水上动力产品及通机产品、瓦楞纸箱印刷包装设备,baostock+akshare
002612.SZ,朗姿股份,A股,C18纺织服装、服饰业,,品牌女装的设计、生产与销售。 产品：女装上衣、女装裤子、女装裙子、女装外套、婴童服装、婴童用品、手术类医疗美容、非手术类医疗美容,baostock+akshare
002613.SZ,北玻股份,A股,C35专用设备制造业,,玻璃深加工设备及产品的研发、设计、制造及销售。 产品：玻璃钢化设备、风机设备、玻璃深加工预处理设备、玻璃仓储、自动化连线、深加工玻璃、真空镀膜设备,baostock+akshare
002614.SZ,奥佳华,A股,C38电气机械和器材制造业,,研发、销售一类医疗器械、保健器具、康复理疗器具（不含假肢、矫形器（辅助器具））、健身器材、美容器具、家居产品。 产品：按摩椅、按摩小电器、新风系统、空气净化器、保健按摩、其中:保健按摩-按摩椅、其中:保健按摩-按摩小电器、健康环境、其他,baostock+akshare
002615.SZ,哈尔斯,A股,C33金属制品业,,保温器皿的生产与销售。 产品：真空器皿、铝瓶、铝瓶及其他、其他(补充),baostock+akshare
002616.SZ,长青集团,A股,N77生态保护和环境治理业,,生物质热电联产、工业园区燃煤集中供热和生活垃圾发电业务。 产品：环保热能、电力、热力、其他,baostock+akshare
002617.SZ,露笑科技,A股,C38电气机械和器材制造业,,碳化硅业务、登高机业务、光伏发电业务、漆包线业务。 产品：漆包线、高空作业设备、高空作业设备配件、光伏发电、机电设备、汽车配件,baostock+akshare
002620.SZ,*ST瑞和,A股,E50建筑装饰、装修和其他建筑业,,建筑装饰工程的设计与施工。 产品：公共装修、住宅装修、装饰设计、光伏业务、出租业务、建筑装饰业务、光伏发电业务,baostock+akshare
002622.SZ,皓宸医疗,A股,Q84卫生,,口腔医疗服务与永磁开关及高低压成套设备的研发、生产及销售。 产品：医疗口腔服务、实业开关产品、其他,baostock+akshare
002623.SZ,亚玛顿,A股,C30非金属矿物制品业,,光伏玻璃镀膜技术及双玻组件的研发以及光伏镀膜玻璃、双玻组件和电子玻璃显示器产品的生产和销售。 产品：太阳能玻璃、太阳能组件、电子玻璃及其他玻璃产品、超薄双玻组件、光伏电站业务、电子玻璃及显示器系列产品、电力销售,baostock+akshare
002624.SZ,完美世界,A股,I64互联网和相关服务,,网络游戏的研发、发行及运营业务，同时布局电视剧、短剧制作等影视业务。 产品：PC端网络游戏、移动网络游戏、主机游戏、电视剧及短剧、游戏相关其他业务、影视相关其他业务,baostock+akshare
002625.SZ,光启技术,A股,C37铁路、船舶、航空航天和其他运输设备制造业,,超材料复杂功能结构件的研发、生产及销售。 产品：超材料功能结构件、先进高分子材料、功能预浸料、柔性超材料载体、复合材料结构件、超材料蜂窝芯材、超材料产品、超材料研发业务、其他,baostock+akshare
002626.SZ,金达威,A股,C14食品制造业,,营养原料的研发、生产及销售，以及保健食品的制剂生产和品牌运营。 产品：维生素A系列、辅酶Q10系列、营养保健食品、其他,baostock+akshare
002627.SZ,三峡旅游,A股,N78公共设施管理业,,旅游综合服务业务、综合交通服务业务。 产品：旅游综合服务业务、综合交通服务业务、游轮旅游服务、旅游交通服务、旅行社服务、旅游港口服务、旅游景区运营、旅客出行服务、车辆延伸服务、商贸物流服务、旅行社业务、观光游轮服务、商贸物流,baostock+akshare
002628.SZ,成都路桥,A股,E48土木工程建筑业,,公路、桥梁、隧道等交通基础设施建设以及房屋建设和建筑装饰的施工业务。 产品：公路市政工程施工、房建施工、自产萤石矿、其他行业,baostock+akshare
002629.SZ,仁智股份,A股,B11开采专业及辅助性活动,,新能源电力工程服务业务、油田环保治理、井下作业技术服务、管具检维修服务及新材料的研发、生产与销售等。 产品：新能源电力工程、油气田技术服务、新材料及石化产品、钻井工程服务、其他,baostock+akshare
002630.SZ,*ST华西,A股,C34通用设备制造业,,装备制造、工程总包、投资营运三大业务板块。 产品：装备制造、工程总包、投资营运、高效节能锅炉、洁净燃煤锅炉、环保锅炉、新能源综合利用锅炉及其配套产品、工程总承包服务、总承包项目、锅炉及配套产品、其他业务,baostock+akshare
002631.SZ,德尔未来,A股,C20木材加工和木、竹、藤、棕、草制品业,,木地板及定制家具等大家居产品的研发、生产和销售；石墨烯制备设备的研发、生产和销售，以及石墨烯等新材料相关产品的应用推广。 产品：强化复合地板、实木复合地板、实木地板、定制衣柜、定制橱柜、石墨烯相关制备设备和应用产品、地板类、定制家居类、商标使用费,baostock+akshare
002632.SZ,道明光学,A股,C26化学原料和化学制品制造业,,反光材料及延伸产品、微纳光学显示材料及电子功能材料的生产、研发与销售。 产品：反光材料、光学显示材料、新材料、微纳光学显示材料、电子功能材料,baostock+akshare
002633.SZ,申科股份,A股,C34通用设备制造业,,厚壁滑动轴承及重型结构件的研发、生产与销售，并提供重型精密机加工服务。 产品：轴承系列、轴承部套件、加工业务、配件及其他、DQY端盖式滑动轴承系列、ZQ/ZQKT座式滑动轴承系列、ZH动静压座式滑动轴承系列、VTBS立式推力轴承系列、1000MW/600MW/300MW轴承系列、重型精密结构件、重型精密机加工,baostock+akshare
002634.SZ,*ST棒杰,A股,C18纺织服装、服饰业,,无缝服装的设计、研发、生产和营销；光伏电池片的研发、生产和销售。 产品：无缝服装、N型TOPCon太阳能电池、其他(补充),baostock+akshare
002635.SZ,安洁科技,A股,C39计算机、通信和其他电子设备制造业,服务器与终端;新能源车/储能,研发、生产与销售精密功能性器件、精密结构件和模组类等产品。 产品：精密功能性器件、精密结构件、模组件、智能终端功能件和精密结构件以及模组类产品、新能源汽车类产品、信息存储类产品,baostock+akshare
002636.SZ,金安国纪,A股,C39计算机、通信和其他电子设备制造业,PCB,电子行业基础材料覆铜板的研发、生产和销售。 产品：覆铜板及其相关产品、PCB、医疗器械、医药、覆铜板(含半固化片)、医用器械,baostock+akshare
002637.SZ,赞宇科技,A股,C26化学原料和化学制品制造业,,研发、生产和销售表面活性剂、油脂化学品和洗护用品（OEM/ODM加工）。 产品：表面活性剂、油脂化学品、AES/AOS/LAS、硬脂酸、氢化油、单甘酯、油酸、表面活性剂(含洗护用品)、贸易及其他业务,baostock+akshare
002638.SZ,勤上股份,A股,C38电气机械和器材制造业,,半导体照明业务。 产品：户外照明、庭院照明、景观照明、部分室内照明、显示屏产品、户外庭院用品、景观亮化,baostock+akshare
002639.SZ,雪人集团,A股,C34通用设备制造业,数据中心/云厂商;机器人本体/集成,以热能动力技术为核心的先进装备制造。 产品：制冰设备、压缩机（组）、数据中心冷却系统集成、油气技术服务、压缩机(组),baostock+akshare
002640.SZ,跨境通,A股,F52零售业,,跨境出口电商业务、跨境进口电商业务。 产品：服装类、家居类、配饰类、母婴类、保健品类、母婴用品等、服饰家居类,baostock+akshare
002641.SZ,公元股份,A股,C29橡胶和塑料制品业,,塑料管道产品的研发、生产和销售。 产品：PVC管材管件、PPR管材管件、PE管材管件、电器产品、灯具及组件,baostock+akshare
002642.SZ,荣联科技,A股,I65软件和信息技术服务业,机器人本体/集成,企业服务、物联网和大数据、生命科学。 产品：系统集成、系统产品、技术开发与服务,baostock+akshare
002643.SZ,万润股份,A股,C26化学原料和化学制品制造业,,电子信息材料产业、环保材料产业、新能源材料产业以及生命科学与医药产业四个领域产品的研发、生产和销售。 产品：功能性材料、生命科学与医药产品、其他(补充),baostock+akshare
002644.SZ,佛慈制药,A股,C27医药制造业,,中成药研发、生产和销售，中药材种植和销售，中药饮片加工和销售，大健康产品研发、生产和销售等业务。 产品：中药、中药材及防护用品、食品保健品、药品包装材料、六味地黄丸、逍遥丸、二陈丸、香砂养胃丸、安宫牛黄丸、参茸固本还少丸、阿胶、中成药、中药材,baostock+akshare
002645.SZ,华宏科技,A股,C42废弃资源综合利用业,,再生资源装备及运营、电梯零部件高端制造、稀土资源综合利用和稀土磁材四大业务。 产品：再生资源装备及运营业务、电梯零部件、稀土资源综合利用、稀土磁材业务、各类金属破碎、液压剪切、金属打包、金属压块、各类非金属打包、压缩设备、报废汽车拆解设备、废钢加工、报废汽车综合回收利用、限速器、张紧装置、液压缓冲器、安全钳、氧化镨、氧化钕、氧化镨钕、氧化镝、氧化铽、氧化铕、氧化钆、氧化钬、稀土永磁材料、磁性材料销售、电梯零部件销售,baostock+akshare
002646.SZ,天佑德酒,A股,C15酒、饮料和精制茶制造业,,以青稞为原料的酒类、葡萄酒的研发、生产和销售。 产品：青稞白酒、葡萄酒、其他青稞酒类产品、酒制造、电子商务平台业务、其他(补充),baostock+akshare
002647.SZ,仁东控股,A股,J69其他金融业,,第三方支付服务。 产品：第三方支付、机具销售、租赁业务、小额贷款业务,baostock+akshare
002648.SZ,卫星化学,A股,C26化学原料和化学制品制造业,,（聚）丙烯、丙烯酸及酯、乙二醇、环氧乙烷、环氧丙烷和聚乙烯等产品的研发、生产和销售。 产品：功能化学品、高分子新材料、新能源材料、HDPE、AA/AE、EO、EG、SAP、其他业务,baostock+akshare
002649.SZ,博彦科技,A股,I65软件和信息技术服务业,,提供咨询、行业解决方案与数智技术服务。 产品：产品解决方案、研发工程、IT运营维护、产品及解决方案,baostock+akshare
002650.SZ,ST加加,A股,C14食品制造业,,酱油、植物油、食醋、鸡精、蚝油、料酒、味精等的生产及销售。 产品：酱油类、味精类、食醋类、鸡精类、食用植物油、酱油、植物油、食醋、鸡精、蚝油、料酒、味精、其他,baostock+akshare
002651.SZ,利君股份,A股,C35专用设备制造业,,粉磨系统及其配套设备制造业务和航空航天零部件制造业务。 产品：辊压机及配套、高压辊磨机及配套、辊系（子）、航空航天零部件制造、辊系(子),baostock+akshare
002652.SZ,扬子新材,A股,C33金属制品业,,有机涂层板的研发、生产和销售业务。 产品：有机涂层板、材料、其他、原材料,baostock+akshare
002653.SZ,海思科,A股,C27医药制造业,药企/生物科技,新药研发、生产制造、推广营销业务。 产品：创新药、环泊酚注射液、苯磺酸克利加巴林胶囊、考格列汀片、安瑞克芬注射液、自主生产产品、合作生产产品、其他产品(服务),baostock+akshare
002654.SZ,万润科技,A股,L72商务服务业,,LED元器件封装、LED照明应用及广告传媒业务。 产品：贴片式产品（SMD）、直插式产品（LAMP）、红外发射接收模组（IRM）、中大尺寸背光产品、数字营销、半导体存储器、LED照明及相关,baostock+akshare
002655.SZ,共达电声,A股,C39计算机、通信和其他电子设备制造业,,微型精密电声元器件及电声组件的研发、生产和销售及电子元器件分销。 产品：MEMS声学传感器、驻极体声学传感器（ECM）、车载语音模组、RNC振动传感器模组、微型扬声器/受话器及其阵列模组、车载显示屏、K歌麦克风、车载无线充、车载USB充、汽车喇叭、毫米波雷达模组、电子元器件及电声组件,baostock+akshare
002656.SZ,*ST摩登,A股,C18纺织服装、服饰业,,服饰的研发设计、品牌推广和零售管理；电缆附件及电工材料业务。 产品：服饰及配件（自有品牌）、服饰及配件（代理品牌）、电缆附件、电工材料、服饰及配件,baostock+akshare
002657.SZ,中科金财,A股,I65软件和信息技术服务业,数据中心/云厂商;机器人本体/集成,计算机软件技术开发；计算机系统集成及服务；与计算机技术相关的产品销售及其他衍生业务。 产品：金融科技综合服务、数据中心综合服务、人工智能综合服务,baostock+akshare
002658.SZ,雪迪龙,A股,C40仪器仪表制造业,,环境监测、碳监测碳计量、工业过程分析、科学仪器、环境综合服务等相关业务。 产品：生态环境监测系统、工业过程分析系统、环境监测系统、智慧监测监管平台、污染源碳排放监测系列产品、大气环境温室气体监测系列产品、碳计量数据采集终端系列产品、高精度智能碳排放计量系统、碳计量数据综合管理平台、其他,baostock+akshare
002659.SZ,凯文教育,A股,P83教育,,素质教育和职业教育板块。 产品：教育服务业务、培训服务业务、AI+教育业务、K12学校运营业务、素质教育业务、职业教育业务、其他(补充),baostock+akshare
002660.SZ,茂硕电源,A股,C39计算机、通信和其他电子设备制造业,,开关电源的研发、生产、销售和技术服务。 产品：SPS开关电源、LED驱动电源、光伏发电,baostock+akshare
002661.SZ,克明食品,A股,C14食品制造业,,米面制品的生产与销售、生猪养殖及销售、生猪屠宰及冷藏。 产品：面条、外销面粉、方便食品、屠宰、生猪养殖、其他,baostock+akshare
002662.SZ,峰璟股份,A股,C36汽车制造业,,中高档汽车零部件的研发、生产、销售，专为中高档乘用车提供内外饰件系统的配套研发和相关服务。 产品：汽车内外装饰件、车门外水切、门框条、A柱饰板、B柱饰板、C柱饰板、风窗饰条、中控台总成、中控台装饰框、门把手装饰框、烟灰盒盖板、外饰件产品、其他产品和服务、内饰件产品,baostock+akshare
002663.SZ,普邦股份,A股,E48土木工程建筑业,,"园林工程施工、园林景观设计、建筑设计、苗木种植生产以及园林养护业务,可为客户提供包括建筑设计、景观设计、园林工程在内的一体化综合服务。 产品：工程建设、规划设计、城市运营、水环境治理、林业与园林技术咨询、绿色建材",baostock+akshare
002664.SZ,信质集团,A股,C36汽车制造业,新能源车/储能,各类电机核心零部件的研发、制造和销售。 产品：汽车零部件、电动车零部件、冰压机零部件、其他电机及配件、新能源汽车驱动电机定转子铁芯、扁线定子总成、圆线定子总成、同步转子总成、铸铝异步转子总成、轮毂电机定子总成、燃料电池电动车电机、冰箱压缩机定转子铁芯及总成、电梯曳引机定子及总成、洗衣机定子铁芯、其他(补充),baostock+akshare
002666.SZ,德联集团,A股,C26化学原料和化学制品制造业,,汽车精细化学品制造、汽车销售服务、汽车维修保养。 产品：汽车精细化学品、汽车销售与维修、电镀中间体、汽车销售及维修、其他,baostock+akshare
002667.SZ,*ST威领,A股,C32有色金属冶炼和压延加工业,锂电资源,锂矿选矿、基础性锂电原料锂盐加工及冶炼业务；钨锡铅锌矿的开采。 产品：锂化合物及衍生品、锂精矿及伴生品、振动筛及PC生产线、原矿,baostock+akshare
002668.SZ,TCL智家,A股,C38电气机械和器材制造业,,家用冰箱、冷柜及洗衣机的研发、生产及销售。 产品：冰箱、冷柜、洗衣机、冰箱、冷柜、其他(补充),baostock+akshare
002669.SZ,康达新材,A股,C26化学原料和化学制品制造业,,胶粘剂与特种树脂新材料、电子信息材料和电子科技三大板块。 产品：环氧类产品、丙烯酸类产品、聚氨酯类产品、风电叶片专用结构胶系列、风电叶片专用树脂系列、丙烯酸酯AB胶、无溶剂复膜胶、新材料、电子科技,baostock+akshare
002670.SZ,国盛证券,A股,J67资本市场服务,,证券经纪业务、信用业务、证券自营业务、投资银行业务、期货业务、资产管理业务。 产品：证券经纪业务、信用业务、证券自营业务、投资银行业务、期货业务、资产管理业务、证券经纪服务、证券及金融产品、权益类、固定收益类、直接投资类、衍生类产品及其他金融产品的交易和做市业务、股票承销保荐、债券承销、并购重组财务顾问、新三板推荐挂牌、融资融券、股票质押式回购、约定购回、期货经纪服务、资产管理产品及相关服务,baostock+akshare
002671.SZ,龙泉股份,A股,C30非金属矿物制品业,,预应力钢筒混凝土管（PCCP）等混凝土管道的生产、销售及售后服务以及中高压合金材料金属管件的研发、生产与销售。 产品：PCCP等管道、金属管件、阀门、预应力钢筒混凝土管（PCCP）等混凝土管道、电站阀门、防腐钢管,baostock+akshare
002672.SZ,东江环保,A股,C42废弃资源综合利用业,,工业和市政废物的资源化利用与无害化处理、稀贵金属回收利用业务，并配套开展水治理、环境工程、环境检测等业务。 产品：工业废物资源化利用、工业废物处理处置、稀贵金属回收利用、市政废物处理处置、再生能源利用、环境工程及服务、电子废弃物拆解,baostock+akshare
002673.SZ,西部证券,A股,J67资本市场服务,,证券经纪业务、投资银行业务、自营业务、资产管理业务、信用交易业务、固定收益业务、中小企业融资服务业务、研究咨询业务。 产品：财富管理、自营投资、投资银行、信用业务、资产管理、经纪业务、投资银行业务、资产管理业务、信用交易业务、固定收益业务、中小企业融资服务业务、研究咨询业务、自营投资业务、财富管理业务、总部及其他,baostock+akshare
002674.SZ,兴业科技,A股,C19皮革、毛皮、羽毛及其制品和制鞋业,,天然牛皮革的研发、生产与销售。 产品：天然牛皮、鞋包带用皮革、汽车内饰用皮革、家具用皮革、特殊功能性皮革、二层皮胶原产品原料,baostock+akshare
002675.SZ,东诚药业,A股,C27医药制造业,,放射性核素药物、抗凝血肝素类原料药及其下游制剂的生产销售。 产品：原料药相关产品、制剂产品、核药产品、肝素钠原料药、硫酸软骨素、核素药物,baostock+akshare
002676.SZ,顺威股份,A股,C29橡胶和塑料制品业,,塑料空调风叶、改性塑料及汽车零部件的生产和销售。 产品：塑料空调风叶、汽车零部件、改性塑料、贯流风叶、轴流风叶、离心风叶、AS、ABS、PA、PP、PC及其合金、PBT、PPO、PPS、汽车风机、汽车座椅、汽车风叶、汽车立柱、工程塑料,baostock+akshare
002677.SZ,浙江美大,A股,C38电气机械和器材制造业,,专注研发、设计、生产与销售以集成灶为核心的新兴集成智慧厨电及全屋家居产品。 产品：集成灶、橱柜、其他,baostock+akshare
002678.SZ,珠江钢琴,A股,C24文教、工美、体育和娱乐用品制造业,,乐器、演艺灯产品的研发、制造、销售与服务，物业出租、景区运营、教育培训等文化相关业务。 产品：乐器销售及售后服务、文化产业服务、演艺灯光、其他业务,baostock+akshare
002679.SZ,福建金森,A股,A02林业,,森林培育营造，森林保有管护，木材生产销售。 产品：杉原木、杉小径、松原木、松小径、杂原木、杂小径、苗木、短材、薪材、生物监测及其他服务、租赁收入、碳汇业务、木片销售、木材,baostock+akshare
002681.SZ,奋达科技,A股,C39计算机、通信和其他电子设备制造业,,消费电子整机及其核心部件的研发、设计、生产与销售。 产品：电声产品、健康电器、智能可穿戴产品、智能门锁,baostock+akshare
002682.SZ,龙洲股份,A股,G54道路运输业,,客运、货运、客运站经营、专用汽车改装、汽车（含配件）销售、石油销售、沥青供应链业务等。 产品：沥青供应链、港口码头服务、汽车制造、销售及服务、汽车客运及站务服务、成品油及天然气销售,baostock+akshare
002683.SZ,广东宏大,A股,B11开采专业及辅助性活动,,矿山工程服务、民用爆破器材生产与销售、防务装备以及能化产品生产与销售。 产品：露天矿山开采、地下矿山开采、工业炸药、起爆器材、防务装备、液化天然气、化工产品,baostock+akshare
002685.SZ,华东重机,A股,C34通用设备制造业,,集装箱装卸设备的研发、生产和销售。 产品：岸桥、轨道吊、轮胎吊、集装箱装卸设备、芯片领域产品、光伏电池片及其他,baostock+akshare
002686.SZ,亿利达,A股,C34通用设备制造业,,风机业务、其他业务。 产品：空调风机及配件、建筑通风机、水盘、新材料、汽车零部件,baostock+akshare
002687.SZ,乔治白,A股,C18纺织服装、服饰业,,中国职业装与校服市场的品牌运营、研发设计与生产销售。 产品：职业装、校服、其他、衬衫、上衣、西裤,baostock+akshare
002688.SZ,金河生物,A股,C27医药制造业,,动物保健品业务、环保业务及农产品加工业务。 产品：兽用化学药品、兽用生物制品、药物饲料添加剂、环保业务、淀粉及联产品、兽用疫苗,baostock+akshare
002689.SZ,ST远智,A股,C34通用设备制造业,,客梯、自动扶梯、自动人行道及配套件的研发、生产、销售及整机产品的安装、维保业务。 产品：客梯、货梯、医用梯、观光梯、家用梯、自动扶梯、自动人行道、配套件、直梯、电梯安装及维保费、扶梯,baostock+akshare
002690.SZ,美亚光电,A股,C35专用设备制造业,,光电智能识别装备的研发制造。 产品：色选机、高端医疗影像设备、工业检测设备、口腔CBCT、口内扫描仪、耳鼻部CT、移动CT、骨科手术导航定位设备、医疗设备、X射线工业检测机,baostock+akshare
002691.SZ,*ST冀凯,A股,C35专用设备制造业,,支护机具、安全钻机、掘进设备和运输机械等矿用机械产品的研发、制造、销售及服务。 产品：安全钻车、采掘装备、运输机械、支护机具,baostock+akshare
002692.SZ,远程股份,A股,C38电气机械和器材制造业,,电线、电缆产品的研发、生产与经营。 产品：500kV及以下电压等级电力电缆、特种电缆、裸导线、电气装备用电线电缆、电力电缆、其他(补充),baostock+akshare
002693.SZ,双成药业,A股,C27医药制造业,,药品注射剂、固体制剂、原料药的研发、生产、销售。 产品：多肽类产品、复杂制剂、注射用紫杉醇（白蛋白结合型）、注射用胸腺法新、注射用生长抑素、注射用比伐芦定、依替巴肽注射液、醋酸奥曲肽注射液、受托研发,baostock+akshare
002694.SZ,*ST顾地,A股,C29橡胶和塑料制品业,,塑料管道的研发、生产和销售。 产品：PVC管道、PP管道、PE管道,baostock+akshare
002695.SZ,煌上煌,A股,C13农副食品加工业,,酱卤肉制品、米制品及冻干食品等其他产品的开发、生产和销售。 产品：快捷消费酱卤肉制品、米制品、冻干食品、佐餐凉菜食品、鲜货产品、米制品业务,baostock+akshare
002696.SZ,百洋股份,A股,C13农副食品加工业,,水产品加工及生物制品业务、饲料及饲料原料业务、远洋捕捞加工业务。 产品：水产品加工及生物制品业务、饲料及饲料原料业务、远洋捕捞加工业务、冻罗非鱼片、条冻罗非鱼、胶原蛋白、明胶、普通水产饲料产品、虾饲料产品、特种水产饲料产品、部分畜禽料产品、动保产品、鱼粉、鱼油、其他经济鱼、章鱼、墨鱼、鱿鱼、饲料、水产品加工、饲料原料,baostock+akshare
002697.SZ,红旗连锁,A股,F52零售业,,便利超市的连锁经营。 产品：食品、烟酒、日用百货,baostock+akshare
002698.SZ,博实股份,A股,C34通用设备制造业,机器人应用,自动化成套设备的研发、生产和销售。 产品：固体物料后处理智能制造装备、橡胶后处理智能制造装备、机器人+、智能物流与仓储系统、运维、售后类工业服务、补充类工业服务及其它、环保工艺技术及成套装备、运维、售后类工业服务,baostock+akshare
002700.SZ,万憬能源,A股,D45燃气生产和供应业,,天然气输配、天然气销售及燃气入户安装服务。 产品：天然气、入户安装、其他(补充),baostock+akshare
002701.SZ,奥瑞金,A股,C33金属制品业,,为食品饮料等快消品客户提供综合包装解决方案，具体涵盖包装方案策划、包装产品设计与制造（以金属易拉罐为主）、灌装服务及智能包装信息化服务。 产品：三片罐、二片罐、塑胶包装、工业钢桶、包装产品及服务、其他(补充)、灌装服务,baostock+akshare
002702.SZ,海欣食品,A股,C13农副食品加工业,,速冻鱼肉制品和肉制品、速冻米面制品、速冻菜肴制品、常温鱼肉制品和肉制品的生产和销售。 产品：速冻鱼肉制品、肉制品类、速冻米面类、速冻菜肴类、常温休闲类、速冻烘焙类、火锅丸滑、鱼丸、肉丸、福袋、鱼豆腐、黑金包、蛋黄烧麦、黑猪肉小笼包、鲍鱼、带鱼、烤芝士卷、松叶蟹柳、金牌飞鱼籽福袋、瑞士卷系列、碱水面包系列、欧包系列、速冻鱼肉制品及肉制品、速冻菜肴制品、常温休闲食品,baostock+akshare
002703.SZ,浙江世宝,A股,C36汽车制造业,,汽车转向器及其他转向系统关键零部件的研发、制造及销售。 产品：转向系统及部件、配件及其他、其他(补充),baostock+akshare
002705.SZ,新宝股份,A股,C38电气机械和器材制造业,,西式小家电的出口销售。 产品：厨房电器、家居电器、电热水壶、电热咖啡机、面包机、打蛋机、多士炉、搅拌机、果汁机、吸尘器、电烤箱、食物处理器、空气炸锅、电熨斗、空气清新机、电动牙刷、暖奶器、打奶机、净水器、加湿器、煮茶器、制冰机、其他产品,baostock+akshare
002706.SZ,良信股份,A股,C38电气机械和器材制造业,,终端电器、配电电器、控制电器以及智能家居、中低压智能配电柜等产品及相关软件系统的研发、生产和销售。 产品：配电电器、终端电器、控制电器、智能电工、物联网仪表、中低压元件系列产品、智能配电系列产品、智慧人居系列产品、直流接触器系列产品,baostock+akshare
002707.SZ,众信旅游,A股,L72商务服务业,,旅游批发、旅游零售、整合营销、目的地运营及旅游全产业链服务等业务。 产品：旅游批发、旅游零售、整合营销服务,baostock+akshare
002708.SZ,光洋股份,A股,C36汽车制造业,,新能源与燃油汽车精密零部件、高端工业装备、智能机器人零部件、电子线路板及电子元器件的研发、生产与销售。 产品：轴承产品、同步器行星排产品、毛坯加工、线路板业务、滚针轴承、交叉滚子轴承、圆柱滚子轴承、离合器分离轴承、圆锥滚子轴承、深沟球轴承、轮毂轴承单元、同步器中间环、同步器（齿毂、齿套、结合齿等）、行星排、离合器毂、薄壁型圈环类精密锻件、空心轴、驱动半轴、高压共轨轴,baostock+akshare
002709.SZ,天赐材料,A股,C39计算机、通信和其他电子设备制造业,电芯,精细化工新材料的研发、生产和销售。 产品：锂离子电池材料、日化材料及特种化学品、其他,baostock+akshare
002712.SZ,思美传媒,A股,L72商务服务业,,媒介广告代理、品牌管理、影视投资及制作、综艺商业推广及影视剧宣发、数字阅读及版权衍生业务等。 产品：营销服务、影视内容、数字版权运营及服务、其他(补充),baostock+akshare
002713.SZ,*ST东易,A股,E50建筑装饰、装修和其他建筑业,,面对个人客户的整体家装设计、工程施工、主材代理、自产的木作产品配套、软装设计及精装后的家居产品等家居综合服务。 产品：家居综合服务、整体家装设计、工程施工、主材代理、自产的木作产品配套、软装设计、精装后的家居产品、工程收入、设计收入、其他(补充),baostock+akshare
002714.SZ,牧原股份,A股,A03畜牧业,,生猪的养殖销售、生猪屠宰。 产品：商品猪、仔猪、种猪、白条、分割品、副产品、生猪、屠宰、肉食产品、饲料原料,baostock+akshare
002715.SZ,登云股份,A股,C36汽车制造业,,汽车发动机进排气门系列产品的研发、生产与销售。 产品：配套产品柴油机气门、配套产品汽油机气门、配套产品天然气机气门、维修市场气门、电磁阀、合质金,baostock+akshare
002716.SZ,湖南白银,A股,C32有色金属冶炼和压延加工业,,铅锌银矿勘探、采选、冶炼、贸易及白银产品深加工。 产品：白银、银深加工产品、黄金、电铅、综合回收产品、矿产品、银锭、金锭、铅锭、硝酸银、精铋、精碲、锑白、电积铜、钯粉、银制工艺品,baostock+akshare
002717.SZ,*ST岭南,A股,N77生态保护和环境治理业,,生态环境建设业务、水务水环境治理业务和文化旅游业务。 产品：生态环境建设与修复业务、水务水环境治理业务、文化旅游业务,baostock+akshare
002718.SZ,友邦吊顶,A股,C41其他制造业,,提供集成吊顶、墙面家居系统。 产品：功能模块、基础模块、辅助模块、石膏模块、墙柜模块、集成吊顶、集成阳台、挂挂墙、百变柜,baostock+akshare
002719.SZ,ST麦趣,A股,C14食品制造业,,乳制品、烘焙食品制造、分销及烘焙连锁门店为核心业态，并辅以节日食品、冷冻饮品等产品的研发、加工与销售。 产品：乳制品、烘焙食品、节日食品、其他,baostock+akshare
002721.SZ,金一文化,A股,C24文教、工美、体育和娱乐用品制造业,,黄金珠宝零售、软件与信息技术服务。 产品：珠宝首饰、投资金条、纯金制品、纯银制品、原材料、锦鲤足金开口戒指、福禄足金南红项链、圆满素圈戒指、生肖守护佛-千手观音、点钻红宝梅开五福耳饰、圆明园“马上有乾”手环、十二生肖午马挂坠、多宝静心珠串、珠宝行业-珠宝首饰、软件与信息技术服务业-财富管理与金融市场业务解决方案、软件与信息技术服务业-支付清算业务解决方案、软件与信息技术服务业-智能数字化客户服务解决方案,baostock+akshare
002722.SZ,物产金轮,A股,C33金属制品业,,纺织梳理器材、不锈钢装饰材料领域的研发、生产和销售以及特种钢丝和装备制造。 产品：纺织梳理器材、不锈钢装饰板、特种钢丝、装备制造、不锈钢板、其他、金属针布,baostock+akshare
002723.SZ,小崧股份,A股,C38电气机械和器材制造业,,可充电备用照明灯具及可充电交直流两用风扇的研发、生产和销售。 产品：可充电照明灯具、可充电交直流两用风扇、健康光照明产品、健康环境电器、高效节能热泵电器、智能宠物电器、电子烟、工程类、集团总部、影视业务,baostock+akshare
002724.SZ,海洋王,A股,C38电气机械和器材制造业,,特殊环境照明设备的研发、生产与销售。 产品：照明设备、城市及道路照明工程建造业务、管养服务、设计服务,baostock+akshare
002725.SZ,跃岭股份,A股,C36汽车制造业,,铝合金车轮的研发、设计、制造与销售。 产品：汽轮涂装轮、低压轮、旋压轮,baostock+akshare
002726.SZ,ST龙大,A股,C13农副食品加工业,,屠宰、肉类加工业及进口贸易。 产品：鲜冻肉、熟食制品、预制食品、进口贸易,baostock+akshare
002727.SZ,一心堂,A股,F52零售业,,医药零售连锁和医药分销。 产品：中西成药、医疗器械、计生用品、消毒用品、中药、其他、医疗器械及计生、消毒用品,baostock+akshare
002728.SZ,特一药业,A股,C27医药制造业,,中成药品、化学制剂药品、化学原料药的研发、生产和销售。 产品：中成药、化学药制剂、化学原料药、止咳宝片、感冒灵颗粒、血塞通分散片、银杏叶分散片、益心舒颗粒、铝碳酸镁咀嚼片、枫蓼肠胃康片、奥美拉唑肠溶胶囊、皮肤病血毒丸、小儿咳喘灵颗粒、金匮肾气片、降糖舒丸、独活寄生颗粒、脑乐静胶囊,baostock+akshare
002729.SZ,好利科技,A股,C39计算机、通信和其他电子设备制造业,,过流、过温、过压熔断器等被动式电路保护元器件的研发、生产、销售，并积极向主动式电路保护领域发展。 产品：电子熔断器、电力熔断器、电力熔断器及配件、电子熔断器及配件、其他(补充),baostock+akshare
002730.SZ,电光科技,A股,C35专用设备制造业,,智慧矿山业务、防爆电气业务、电力设备业务、驱动设备业务、算力服务业务。 产品：矿用防爆产品、永磁电机产品、石化及工厂防爆产品、电力成套设备、高低压变频器、馈电开关、起动器、高爆、移动变压器、永磁同步变频调速一体机、永磁直驱同步变频电机、永磁滚筒、矿用隔爆高速永磁电机、变频通用永磁电机、防爆照明设备、防爆操作柱、防爆控制箱、防爆启动器、防爆正压柜、移变用组合开关柜、低压抽出式开关柜、真空软启动柜、金属封闭开关柜、矿用防爆开关、智能化装备及系统类、驱动设备、算力服务,baostock+akshare
002731.SZ,ST萃华,A股,C24文教、工美、体育和娱乐用品制造业,,珠宝饰品设计、加工、批发和零售和锂盐产品的生产、销售和加工。 产品：黄金产品、铂金产品、镶嵌产品、其他珠宝、黄金加工、锂产品、锂产品加工、锂产品及加工、其他(补充),baostock+akshare
002732.SZ,燕塘乳业,A股,C14食品制造业,,乳制品和含乳饮料的研发、生产与销售。 产品：液体乳类、花式奶、乳酸菌乳饮料类、巴氏杀菌奶、超高温灭菌奶、酸奶、乳酸菌乳饮料,baostock+akshare
002733.SZ,雄韬股份,A股,C38电气机械和器材制造业,数据中心电源;电芯,化学电源、新能源储能、燃料电池、钠离子电池的研发、生产和销售。 产品：UPS电源-蓄电池、通信-蓄电池、储能-蓄电池、锂电池及材料、蓄电池材料配件、燃料电池、密封铅酸蓄电池、锂离子电池、氢燃料电池、钠离子电池、蓄电池及材料、其他(补充),baostock+akshare
002734.SZ,利民股份,A股,C26化学原料和化学制品制造业,,高效、低毒、低残留的农药（兽药）原药、制剂的研发、生产和销售。 产品：农药、兽药、农用杀菌剂、杀虫剂、除草剂、兽药原料药、粉剂、预混剂、水针剂系列制剂、其他(补充),baostock+akshare
002735.SZ,王子新材,A股,C29橡胶和塑料制品业,,塑料包装业务、军工电子业务、薄膜电容业务以及其他业务。 产品：塑料包装业务、军工电子业务、薄膜电容业务、塑料包装膜、塑料托盘、塑料缓冲材料（主要是EPE缓冲材料）、聚苯乙烯泡沫（EPS）、聚合发泡材料（EPO）、纸质包装材料、复合包装材料、集中控制设备、加固计算机与外设、光电设备、信号处理设备、高效射频功放、特种方舱、软件定制开发、薄膜电容器、移动电源类产品、塑料包装产品、电子元器件、军工电子产品,baostock+akshare
002736.SZ,国信证券,A股,J67资本市场服务,,财富管理与机构业务、投资银行业务、投资与交易业务、资产管理业务。 产品：财富管理与机构业务、投资银行、投资与交易、资产管理,baostock+akshare
002737.SZ,葵花药业,A股,C27医药制造业,,中成药、“化学药、生物药”和“健康养生品”的研发、制造与营销。 产品：中成药、化学药、营养保健品,baostock+akshare
002738.SZ,中矿资源,A股,C32有色金属冶炼和压延加工业,锂电资源,锂电新能源原料开发与利用业务、稀有轻金属（铯、铷）资源开发与利用业务、固体矿产勘查和矿权开发业务。 产品：锂电新能源原料、稀有轻金属、固体矿产勘查、矿权开发、电池级碳酸锂、电池级氢氧化锂、电池级氟化锂、碳酸铯、硫酸铯、硝酸铯、氢氧化铯、碘化铯、甲酸铯、销售商品、经营租赁、其他,baostock+akshare
002739.SZ,儒意电影,A股,R87广播、电视、电影和录音制作业,,电影放映、广告代理及影视剧投资等业务。 产品：院线业务、影视剧集业务、潮玩业务、战略投资业务、游戏业务、电影放映、餐饮及商品销售、广告发布、电影投资制作发行、剧集投资制作发行、潮玩IP、战略投资、网络游戏、观影及商品、餐饮销售收入、其他、广告收入,baostock+akshare
002741.SZ,光华科技,A股,C39计算机、通信和其他电子设备制造业,PCB,PCB化学品、锂电池材料的研发、生产和销售。 产品：PCB化学品、化学试剂产品、锂电池材料、化学试剂,baostock+akshare
002742.SZ,冀衡医药,A股,C30非金属矿物制品业,,医药制造业务。 产品：商品混凝土、减水剂、膨胀剂、硫酸、水泥构件、药品及中间体、医药中间体、原料药和制剂产品,baostock+akshare
002743.SZ,富煌钢构,A股,C33金属制品业,,对外承包工程、钢结构产品的生产和销售。 产品：重型钢结构、轻型钢结构、实木复合门、高档门窗、建造工程、钢结构销售、门窗销售,baostock+akshare
002745.SZ,木林森,A股,C38电气机械和器材制造业,机器人应用,品牌照明业务和LED智能制造业务。 产品：LED封装器件、通用照明、智能照明、朗德万斯、木林森、其他(补充),baostock+akshare
002746.SZ,仙坛股份,A股,C13农副食品加工业,,饲料生产、父母代肉种鸡养殖、雏鸡孵化、商品代肉鸡养殖与屠宰、鸡肉产品加工、销售。 产品：鸡肉产品、商品代肉鸡、商品代肉鸡及其他,baostock+akshare
002747.SZ,埃斯顿,A股,C34通用设备制造业,机器人本体/集成;机器人应用,自动化核心部件及运动控制系统和工业机器人及智能制造系统业务。 产品：自动化核心部件及运动控制系统、工业机器人及智能制造系统,baostock+akshare
002748.SZ,世龙实业,A股,C26化学原料和化学制品制造业,,AC发泡剂、氯化亚砜、氯碱等化工产品的研发、生产和销售。 产品：AC系列产品、氯碱系列产品、氯化亚砜系列产品、医、农药中间体、新材料助剂、日用化工系列产品、蒸汽,baostock+akshare
002749.SZ,国光股份,A股,C26化学原料和化学制品制造业,,植物生长调节剂为主的农药制剂和高端水溶性肥料的研发、生产和销售。 产品：农药、肥料、园林资材、农药原药、农药制剂、水溶肥、生物有机肥/菌肥、园林资材等,baostock+akshare
002752.SZ,昇兴股份,A股,C33金属制品业,,食品饮料包装容器的研发、设计、生产和销售及提供饮料灌装服务。 产品：饮料罐、食品罐、三片罐、二片罐、铝瓶产品、易拉罐&铝瓶、其他(补充)、盖子,baostock+akshare
002753.SZ,永东股份,A股,C26化学原料和化学制品制造业,,煤焦油加工及炭黑产品、煤焦油精细加工产品的生产和销售。 产品：炭黑产品、煤焦油加工产品、炭黑、煤焦油精制及深加工、其他(补充),baostock+akshare
002755.SZ,奥赛康,A股,C27医药制造业,,原料药及制剂的研发、生产、销售。 产品：抗感染类、抗肿瘤类、慢性病类、消化类,baostock+akshare
002756.SZ,永兴材料,A股,C32有色金属冶炼和压延加工业,锂电资源;PACK/BMS,不锈钢棒线材及特殊合金材料的研发、生产和销售。 产品：特钢新材料业务、锂电新能源业务、不锈钢棒线材、特殊合金材料、方形铝壳钛酸锂电池及其模组、PACK与系统、棒材、线材、碳酸锂,baostock+akshare
002757.SZ,南兴股份,A股,C35专用设备制造业,数据中心/云厂商;机器人应用,家居智能制造装备和智能生产线的研发、生产、销售及服务。 产品：自动封边机、数控钻、多排钻、裁板锯、加工中心、配件、IDC及云计算相关服务、IDC增值服务、数控钻、多排钻,baostock+akshare
002758.SZ,浙农股份,A股,F51批发业,,涵盖农资、汽车，同时经营医药的城乡一体化商贸流通与综合服务。 产品：农业综合服务、汽车商贸服务、医药生产销售、化肥、农药、原材料、整车销售、汽车后市场服务、西药、中成药、中药材、中药饮片,baostock+akshare
002759.SZ,天际股份,A股,C26化学原料和化学制品制造业,锂电材料,六氟磷酸锂及相关氟化工产品，次磷酸钠及相关磷化工产品，小家电系列产品的生产和销售。 产品：六氟磷酸锂、氟硼酸钾、次磷酸钠、四羟甲基磷化物、双磷酸、其他化工产品、小家电产品,baostock+akshare
002760.SZ,凤形股份,A股,C33金属制品业,,耐磨材料与船电系统解决方案及特种电机的生产和销售。 产品：高铬耐磨产品、船电系统解决方案、特种电机、“凤形”牌系列高铬合金铸球、铸段及衬板、高效环保陆用、船用发电机、永磁励磁高压、特种发电机、船电系统解决方案及特种电机、其他(补充),baostock+akshare
002761.SZ,浙江建投,A股,E48土木工程建筑业,,建筑工程、设备安装、建筑机械制造、设备租赁和建筑材料生产、销售。 产品：建筑施工业务、工业制造业务、工程相关其他业务,baostock+akshare
002762.SZ,金发拉比,A股,C18纺织服装、服饰业,,中高端母婴消费品的设计、研发、生产及销售。 产品：婴童服饰、母婴棉制用品、其他母婴用品、医美服务、其他,baostock+akshare
002763.SZ,汇洁股份,A股,C18纺织服装、服饰业,,内衣人体工学研究、产品设计、生产制造、市场营销、品牌推广。 产品：文胸、背心、内裤、家居、保暖、功能、泳衣、运动、袜品、女士护肤品、美妆产品,baostock+akshare
002765.SZ,蓝黛科技,A股,C36汽车制造业,新能源车/储能,动力传动业务、触控显示业务。 产品：触控显示模组总成、触控显示零部件、动力传动总成、动力传动零部件、包括新能源汽车电驱系统零部件、汽车变速器总成及其齿轮轴等零部件、汽车发动机平衡轴总成及齿轮轴零部件、汽车发动机缸体、转向器壳体,baostock+akshare
002766.SZ,索菱股份,A股,C39计算机、通信和其他电子设备制造业,新能源车/储能,车载信息终端的生产和销售。 产品：拳头产品、新兴产品、培育产品、智能网联终端、4GRedcapMIFI/Dongle、4GCPE/MIFI、智能舱驾域控制器、商用车影音系统、播放器、中控、显示器、车联网平台及相关产品、智能网联5G终端及系列产品、5GRedcapMIFI/Dongle、5GCPE/MIFI、电子后视镜、商用车新国标终端、电子仪表、电动屏、新能源车联网平台及相关产品、智能网联5G产品、出海TBOX、高性价比TBOX、5G-AWA/eMBB、AI+5GFWA/eMBB、舱驾一体域控产品、智慧交通云控平台及车路云一体化等产品、商用车智能舱驾与5G终端、智能舱驾、智能网联、其他,baostock+akshare
002767.SZ,先锋电子,A股,C40仪器仪表制造业,,智能燃气表控制装置及整机等的研发、生产和销售。 产品：民用IC卡智能燃气表、无线远传智能燃气表(含物联网表)、工商用智能燃气表、其他,baostock+akshare
002768.SZ,国恩股份,A股,C29橡胶和塑料制品业,,塑料原料及产品、改性塑料、塑料合金材料、功能塑料板材、模具、复合材料及制品的研究开发、生产、销售。 产品：绿色石化材料及新材料、有机高分子改性材料、有机高分子复合材料、明胶、胶原蛋白及其衍生品、生物医药（空心胶囊）、绿色石化新材料、可降解材料、光显材料、运动健康材料,baostock+akshare
002769.SZ,普路通,A股,L72商务服务业,,新能源业务和智慧供应链管理服务。 产品：供应链、新能源,baostock+akshare
002771.SZ,真视通,A股,I65软件和信息技术服务业,数据中心/云厂商,多媒体视讯业务、人工智能业务和新能源充电桩业务。 产品：多媒体信息系统、生产监控与应急指挥系统、数据中心系统建设及服务、新能源充电桩业务,baostock+akshare
002772.SZ,众兴菌业,A股,A01农业,,从事食（药）用菌研发、工厂化培植与销售业务。 产品：金针菇、双孢菇、北虫草、冬虫夏草、冬虫夏草(生态繁育),baostock+akshare
002773.SZ,康弘药业,A股,C27医药制造业,,药品（包括生物制品、中成药、化学药）和医疗器械（主要是眼科医疗器械）的研发、生产与销售。 产品：中成药、化学药、生物药、医疗器械,baostock+akshare
002774.SZ,快意电梯,A股,C34通用设备制造业,,电梯、自动扶梯和自动人行道的研发设计、制造、销售及相关产品的安装、改造、修理和维保服务。 产品：乘客电梯、消防电梯、病床电梯、观光电梯、家用电梯、杂物电梯、载货电梯、防防爆电梯、自动扶梯、自动人行道、直梯、安装维保、扶梯,baostock+akshare
002775.SZ,文科股份,A股,E48土木工程建筑业,,生态景观、环境基础设施的设计、工程建设、养护管理及苗木种植；新能源利用设施的建设、投资和运营；生态研学及旅行社服务。 产品：生态工程、景观设计、园林养护、苗木销售、科教文旅、绿色能源,baostock+akshare
002777.SZ,久远银海,A股,I65软件和信息技术服务业,机器人本体/集成,医疗医保、数字政务、智慧城市。 产品：软件、运维服务、系统集成,baostock+akshare
002778.SZ,中晟高科,A股,C25石油、煤炭及其他燃料加工业,,环境工程业务、土壤修复业务、污水处理设施委托运营业务、环境咨询服务。 产品：润滑油销售业务、油品贸易及其他、环境工程业务、污水处理设施委托运营业务、环境咨询服务,baostock+akshare
002779.SZ,中坚科技,A股,C35专用设备制造业,,园林机械的研发、设计、生产及销售；先进智能机器人的研发与制造。 产品：链锯、割灌机、割草机、吹风机、绿篱机、打草机、手推式割草机、坐骑式割草机、其他,baostock+akshare
002780.SZ,三夫户外,A股,F52零售业,,销售户外运动用品、组织户外赛事、活动、团建、运营亲子户外乐园等。 产品：服装类、鞋袜类、装备类,baostock+akshare
002782.SZ,可立克,A股,C39计算机、通信和其他电子设备制造业,电芯,电子变压器和电感等磁性元件以及电源适配器、动力电池充电器和定制电源等开关电源产品的开发、生产和销售。 产品：磁性元件、开关电源、电源变压器、开关电源变压器、电感、电源适配器、动力电池充电器、定制电源、其他(补充),baostock+akshare
002783.SZ,凯龙股份,A股,C26化学原料和化学制品制造业,,民用爆破器材、硝酸铵及复合肥、纳米碳酸钙及石材产品的生产和销售，并提供爆破服务。 产品：民用爆破器材、硝酸铵及复合肥、合成氨、工程爆破服务、石料、纳米碳酸钙、膨化硝铵炸药、改性铵油炸药、乳化炸药、震源药柱、工业雷管、硝酸铵、民用爆炸物品、爆破服务,baostock+akshare
002785.SZ,万里石,A股,C30非金属矿物制品业,,建筑装饰石材及景观石材的设计、加工、销售和安装。 产品：建筑装饰材料、景观石材、工程施工,baostock+akshare
002786.SZ,银宝山新,A股,C35专用设备制造业,,以精密模具及结构件为基石，聚焦先进半导体装备领域，为客户提供从研发设计到量产的一站式制造服务。 产品：精密模具、精密结构件、先进半导体装备整机制造、保险杠、翼子板、尾门、门槛条、门板、CCB仪表板横梁、中控箱、手套箱、内饰护板总成模具、车载冰箱结构件、OMS车内监控系统、前端模块框架、控制臂及卡钳、AGS主动进气格栅、减震塔、油箱、方向盘、安全气囊盖、钢塑的CCB仪表横梁、全塑前端模块、主动进气格栅\电动充电口盖、车载冰箱、IML＆IME零部件金属件、汽车三电系统中的电控箱体、电源箱体结构件、路由器、机顶盒、网关、机箱机柜、基站天线、基站射频设备等壳体、平板电脑、数据卡、网卡、手机配件等壳体、遥控器、机芯、音箱、电动工具、电视机前框、电视机后壳及底座、智能光伏结构件、充电桩结构件、站点能源结构件、塑胶产品、五金产品、模具产品,baostock+akshare
002787.SZ,华源控股,A股,C33金属制品业,,包装产品的研发、生产及销售。 产品：化工罐、食品包装、注塑产品、吹塑产品、吹塑产品和其他,baostock+akshare
002788.SZ,鹭燕医药,A股,F51批发业,,药品、中药饮片、医疗器械等产品的分销业务以及医药零售连锁业务。 产品：药品、医疗器械、中药饮片,baostock+akshare
002789.SZ,*ST建艺,A股,E50建筑装饰、装修和其他建筑业,,建筑工程总承包及装饰业务、绿色能源科技业务、商业发展业务、石材矿开采加工销售业务。 产品：装饰工程、装饰设计、新能源、建筑工程、商业运营,baostock+akshare
002790.SZ,瑞尔特,A股,C29橡胶和塑料制品业,,卫浴空间和家庭水系统解决方案相关产品的研发、生产、销售。 产品：卫浴冲水系统产品、智能卫浴产品、同层排水系统产品、卫浴适老产品解决方案、节水型冲水组件、静音缓降盖板、挂式水箱、一体式智能坐便器、智能坐便盖、隐藏式水箱、卫浴管道、升降坐便辅助器、无障碍抗菌扶手、智能坐便器及盖板、水箱及配件,baostock+akshare
002791.SZ,坚朗五金,A股,C33金属制品业,,中高端建筑五金系统及建筑构配件等相关产品的研发、生产和销售。 产品：建筑门窗幕墙五金、门控五金系统、不锈钢护栏构配件、智能锁、新风系统等智能家居、卫浴及精装房五金产品、门窗五金系统、家居类产品、其他建筑五金产品,baostock+akshare
002792.SZ,通宇通讯,A股,C39计算机、通信和其他电子设备制造业,光模块,通信天线及射频器件产品的研发、生产及销售。 产品：基站天线、射频器件、微波天线、卫星天线、光模块,baostock+akshare
002793.SZ,罗欣药业,A股,C27医药制造业,,医药产品的研发、生产与销售。 产品：消化系统类、抗生素类、呼吸系统类、其他类、代理产品,baostock+akshare
002795.SZ,永和智控,A股,C34通用设备制造业,,流体智控产品（含阀门、管件等）的研发、制造和销售；医疗健康业务（专科医院）的运营；太阳能电池片的研发、制造和销售。 产品：阀门管件类、医疗服务及其他,baostock+akshare
002796.SZ,世嘉科技,A股,C39计算机、通信和其他电子设备制造业,,移动通信设备业务和精密箱体系统业务。 产品：天线、射频器件、电梯轿厢系统、专用设备箱体系统、精密金属结构件及其他产品,baostock+akshare
002797.SZ,第一创业,A股,J67资本市场服务,,证券经纪；证券投资咨询；与证券交易、证券投资活动有关的财务顾问；证券（不含股票、中小企业私募债券以外的公司债券）承销；证券自营；证券资产管理；融资融券；证券投资基金代销；为期货公司提供中间介绍业务；代销金融产品等服务。 产品：资产管理业务、固定收益业务、投资银行业务、证券经纪及信用业务、私募股权基金管理及另类投资业务、自营投资及交易业务、证券经纪、证券投资咨询、融资融券、金融产品销售、股票质押式回购、资产管理及基金管理业务,baostock+akshare
002798.SZ,帝欧水华,A股,C30非金属矿物制品业,,高品质卫浴全系产品、建筑陶瓷及环保新材料（亚克力）的研发、生产与销售。 产品：陶瓷墙地砖、卫浴产品、亚克力板,baostock+akshare
002799.SZ,环球印务,A股,C22造纸和纸制品业,,医药包装产品的研发、生产、销售，并为客户提供方案策划、平面设计、结构设计、仓储管理、物流配送等一体化的包装解决方案。 产品：医药及其他纸盒、互联网数字营销、印刷包装供应链业务,baostock+akshare
002800.SZ,天顺股份,A股,G54道路运输业,,第三方物流和供应链管理业务。 产品：国际航空物流、第三方物流、供应链管理、物流园区经营、国际铁路物流、国际航空物流服务、第三方物流业务、供应链管理业务,baostock+akshare
002801.SZ,微光股份,A股,C38电气机械和器材制造业,伺服系统;新能源车/储能,电机、风机、微特电机、驱动与控制器、机器人与自动化装备、泵、新能源汽车零部件的研发、生产、销售。 产品：制冷电机及风机、伺服电机、其他,baostock+akshare
002802.SZ,洪汇新材,A股,C26化学原料和化学制品制造业,,氯乙烯-醋酸乙烯共聚树脂和氯乙烯共聚乳液的研发、生产和销售。 产品：氯乙烯-醋酸乙烯共聚树脂二元系列、羧基三元系列、羟基三元系列、氯乙烯共聚乳液及其改性水性丙烯酸系列、环氧系列、氯醋乳液系列、二元系列、丙烯酸系列、水性乳液（树脂）、氯醋树脂、水性乳液(树脂)、其他(补充),baostock+akshare
002803.SZ,吉宏股份,A股,F52零售业,,跨境电商业务、环保包装及食品包装的生产和销售。 产品：纸盒纸箱、食品包装、纸袋、其他类型包装、电商业务及其他、电商业务、包装-纸盒纸箱、包装-食品包装,baostock+akshare
002805.SZ,丰元股份,A股,C39计算机、通信和其他电子设备制造业,锂电材料,锂电池正极材料业务及草酸业务。 产品：锂电池正极材料类、草酸类、锂电池正极材料、草酸类产品、其他(补充),baostock+akshare
002806.SZ,华锋股份,A股,C39计算机、通信和其他电子设备制造业,新能源车/储能,新能源汽车电控及驱动系统的研发、生产、销售以及技术服务，同时保持电极箔的研发、生产、销售。 产品：电极箔、新能源汽车电控及驱动系统、智能整车控制器、电驱动与传动系统、高压集成控制器、高压线束总成、其他,baostock+akshare
002807.SZ,江阴银行,A股,J66货币金融服务,,存贷款业务的发放、代理与销售。 产品：公司业务、个人业务、资金业务、对公贷款、开立票据、贸易融资、对公存款业务、汇款业务、零售贷款业务、储蓄存款业务、信用卡业务、交易性金融工具、债券投资、回购及返售债券业务、同业拆借业务,baostock+akshare
002808.SZ,恒久退,A股,C34通用设备制造业,,影像耗材业务和信息安全业务两大产业。 产品：激光OPC鼓、碳粉、硒鼓及其他耗材、商业保理、分级保护业务-硬件、分级保护业务-软件、软件开发及运维、光伏发电项目技术及运维、光伏发电项目EPC业务,baostock+akshare
002809.SZ,红墙股份,A股,C26化学原料和化学制品制造业,,精细化学品（非离子表面活性剂，羟基酯和聚醚多元醇等）、混凝土外加剂的研发、生产、销售。 产品：聚羧酸系外加剂、萘系外加剂、其他外加剂、其他精细化工产品、精细化工,baostock+akshare
002810.SZ,山东赫达,A股,C26化学原料和化学制品制造业,,水溶性高分子化合物系列产品、食品添加剂的生产、销售。 产品：自产纤维素醚产品、植物空心胶囊产品、石墨产品、双丙酮产品、原乙酸三甲酯产品、其他化工产品,baostock+akshare
002811.SZ,郑中设计,A股,M74专业技术服务业,,建筑室内设计及装修。 产品：设计业务、软装业务、装饰工程业务,baostock+akshare
002812.SZ,恩捷股份,A股,C29橡胶和塑料制品业,锂电材料;电芯,锂离子电池隔膜产品的研发以及无菌包装业务。 产品：锂电池隔离膜、BOPP薄膜、无菌包装、膜类产品、其他(补充),baostock+akshare
002813.SZ,路畅科技,A股,C39计算机、通信和其他电子设备制造业,,汽车信息化、智能化相关产品的开发、生产、销售及服务。 产品：座舱域控产品、抬头显示产品、视听声光产品、流媒监控产品、其他产品、智能座舱、智能影像、智能网联及其他产品、矿渣微粉,baostock+akshare
002815.SZ,崇达技术,A股,C39计算机、通信和其他电子设备制造业,PCB,印制电路板的设计、研发、生产和销售。 产品：高多层板、HDI板、高频高速板、厚铜板、背板、软硬结合板、埋容板、立体板、铝基板、FPC、IC载板、PCB、其他(补充),baostock+akshare
002816.SZ,*ST和科,A股,C34通用设备制造业,半导体设备,精密清洗设备的研发、设计、生产与销售。 产品：精密清洗设备、线束产品、半导体设备、水处理设备、储能设备、清洗产品、半导体产品,baostock+akshare
002817.SZ,黄山胶囊,A股,C27医药制造业,,明胶空心胶囊和肠溶明胶空心胶囊的研发、生产与销售。 产品：明胶空心胶囊、肠溶明胶空心胶囊、植物胶囊、羟丙甲纤维素空心胶囊、普鲁兰多糖空心胶囊、植物胶囊及其他,baostock+akshare
002818.SZ,富森美,A股,L72商务服务业,,装饰建材、家居的卖场运营和泛家居平台服务。 产品：市场租赁及服务、营销广告策划、委托经营管理、装饰装修工程收入、其他(补充),baostock+akshare
002819.SZ,东方中科,A股,F51批发业,机器人本体/集成;新能源车/储能,提供包括电子测量仪器销售、租赁和系统集成在内的一站式综合服务。 产品：通用测试业务、（新能源）汽车测试业务、专业服务业务、政务集成业务、(新能源)汽车测试业务,baostock+akshare
002820.SZ,桂发祥,A股,C14食品制造业,,传统特色及其他休闲食品的研发、生产和销售。 产品：传统特色休闲食品、糕点、天津风味方便食品、甘栗及传统小食等其他休闲食品、麻花产品、外采食品、糕点及方便食品,baostock+akshare
002821.SZ,凯莱英,A股,C27医药制造业,临床服务/CDMO,为国内外制药公司、生物技术公司提供药品全生命周期的一站式服务。 产品：小分子CDMO解决方案、新兴业务、其他(补充),baostock+akshare
002822.SZ,ST中装,A股,E50建筑装饰、装修和其他建筑业,,建筑装饰业务、物业管理服务。 产品：建筑装饰工程、物业管理服务、物业管理及服务、装饰、园林工程、设计及其他,baostock+akshare
002823.SZ,凯中精密,A股,C38电气机械和器材制造业,电芯,核心精密零组件研发、设计、制造及销售。 产品：连接器及集成组件、换向器、排放管理及其他精密零组件、通信及消费领域产品、动力电池零组件、驱动电机连接器、电控系统连接器、汽车轻量化零件、排放管理、其他精密零组件、换向器、排放管理及其他精密零组件、其他(补充),baostock+akshare
002824.SZ,和胜股份,A股,C36汽车制造业,,工业铝挤压材及深加工制产品的研发、生产和销售。 产品：铝合金型材及其制品、模具、五金零部件、金属材料、铝型材、其他、受托加工,baostock+akshare
002825.SZ,纳尔股份,A股,C29橡胶和塑料制品业,,精密涂布业务领域的数码喷印材料、汽车功能膜、光学及电子功能膜材、磁性材料等产品的研发、生产和销售。 产品：数码喷印材料、汽车功能膜、光学及电子功能膜、磁性材料、其他复合材料,baostock+akshare
002826.SZ,易明医药,A股,C27医药制造业,,药品生产销售及药品市场推广服务。 产品：化学药、中成药、其他,baostock+akshare
002827.SZ,高争民爆,A股,C26化学原料和化学制品制造业,,民爆器材生产销售运输和爆破服务业务。 产品：民爆器材、电子控制模块、运输服务、爆破服务、制氧设备、工业炸药、电子雷管、工业导火索、工业导爆索、电子雷管芯片模组,baostock+akshare
002828.SZ,贝肯能源,A股,B11开采专业及辅助性活动,,提供涵盖地质建模、钻井工程、固井工程、定导向技术、酸化压裂工程、试油试气等一揽子技术服务及绿色能源业务。 产品：油气工程技术一体化服务、绿色能源业务、钻井工程、产品销售、其他,baostock+akshare
002829.SZ,星网宇达,A股,C37铁路、船舶、航空航天和其他运输设备制造业,,信息感知、卫星通信以及无人系统业务。 产品：信息感知、卫星通信、无人系统,baostock+akshare
002830.SZ,名雕股份,A股,E50建筑装饰、装修和其他建筑业,,家装及家居综合服务。 产品：装饰施工、装饰设计、建筑材料及木制品销售、自有物业租赁、综合管理服务费、装饰施工收入、综合管理服务费收入,baostock+akshare
002831.SZ,裕同科技,A股,C22造纸和纸制品业,,纸质精品包装、包装配套产品、环保纸塑产品及其他产品的研发、生产和销售。 产品：纸制品包装、纸质包装、植物纤维环保包装、可降解新材料制品、软包装、功能材料模切、文化创意印刷产品、标签、炫光膜、消费电子零部件及其他新材料、纸制精品包装、包装配套产品、环保纸塑产品,baostock+akshare
002832.SZ,比音勒芬,A股,C18纺织服装、服饰业,,高端服饰的研发设计、品牌运营、营销网络建设及供应链管理。 产品：上装类、下装类、外套类、比音勒芬（比音勒芬生活、比音勒芬户外、比音勒芬高尔夫）、意大利品牌VENISE威尼斯、英国品牌KENT＆CURWEN肯迪文、法国品牌CERRUTI1881,baostock+akshare
002833.SZ,弘亚数控,A股,C35专用设备制造业,,家具装备研发、生产、销售及服务。 产品：封边机、数控钻（含多排钻）、加工中心、裁板锯、配件、自动化、木门设备及机器人、数控钻(含多排钻),baostock+akshare
002835.SZ,同为股份,A股,C39计算机、通信和其他电子设备制造业,交换机/服务器,研发、制造、销售前端网络摄像机、智能摄像机、前端模拟高清摄像机、网络高清高速球、网络拼接摄像机、后端网络高清录像机、智能网络录像机、后端模拟高清录像机、智能服务器、视频监控综合管理平台软件及配套服务器等全系列高中低端软硬件产品。 产品：前端视频监控产品、后端视频监控产品、前端网络摄像机、智能摄像机、前端模拟高清摄像机、网络高清高速球、网络拼接摄像机、后端网络高清录像机、智能网络录像机、后端模拟高清录像机、智能服务器、视频监控综合管理平台软件及配套服务器、其他产品,baostock+akshare
002836.SZ,新宏泽,A股,C23印刷和记录媒介复制业,,烟标的设计、生产及销售。 产品：包装印刷、医疗用品、其他印刷、烟标、口罩、其他印刷品、其他(补充),baostock+akshare
002837.SZ,英维克,A股,C35专用设备制造业,,提供精密温控节能解决方案和产品。 产品：机房温控节能产品、机柜温控节能产品、客车空调、轨道交通列车空调及服务、电子散热业务、其他,baostock+akshare
002838.SZ,道恩股份,A股,C29橡胶和塑料制品业,,改性塑料、热塑性弹性体、色母料和可降解材料等功能性高分子复合材料的生产和销售。 产品：改性塑料类、热塑性弹性体类、色母粒类、热塑性弹性体、改性塑料、色母粒、其他产品,baostock+akshare
002839.SZ,张家港行,A股,J66货币金融服务,,存贷款等金融类业务。 产品：存放同业、存放中央银行、拆出资金、发放贷款及垫款、买入返售金融资产、金融投资、公司银行业务、资金业务、个人银行业务,baostock+akshare
002840.SZ,华统股份,A股,C13农副食品加工业,,畜禽养殖、畜禽屠宰、肉制品深加工、饲料加工等业务。 产品：生鲜猪肉、生鲜禽肉、生猪、火腿、饲料、金华火腿、其他,baostock+akshare
002841.SZ,视源股份,A股,C39计算机、通信和其他电子设备制造业,服务器与终端,液晶显示主控板卡和交互智能平板等产品的设计、研发与销售，涵盖一系列数字化软硬件产品、数据管理及智能化应用的综合解决方案。 产品：智能控制部件、智能终端及应用、交互智能平板、其中:智能终端及应用-商用显示设备及系统、其中:智能控制部件-液晶显示主控板卡、其中:智能控制部件-其他、其中:智能控制部件-家用电器控制器,baostock+akshare
002842.SZ,翔鹭钨业,A股,C32有色金属冶炼和压延加工业,,钨制品的开发、生产与销售。 产品：粉末制品、硬质合金、钨丝系列、氧化钨、钨粉、碳化钨粉、钨合金粉及钨硬质合金、光伏用超细钨丝,baostock+akshare
002843.SZ,泰嘉股份,A股,C34通用设备制造业,数据中心电源;数据中心/云厂商,锯切业务和电源业务。 产品：锯切业务、电源业务、高速钢带锯条、硬质合金带锯条、消费电子电源、新能源智能光伏/储能电源、数据中心电源、站点能源电源业务、带锯条、大功率电源,baostock+akshare
002845.SZ,同兴达,A股,C39计算机、通信和其他电子设备制造业,,CD、OLED显示模组、光学摄像头模组及半导体先进封测的研发、设计、生产和销售。 产品：智能手机类、平板及笔记本电脑类、智能穿戴类、专业显示类、液晶显示模组、摄像类产品、其他,baostock+akshare
002846.SZ,英联股份,A股,C33金属制品业,,金属包装产品研发、生产和销售。 产品：快消品金属包装、复合集流体、干粉易开盖、罐头易开盖、饮料易开盖、锂电复合集流体、其他产品,baostock+akshare
002847.SZ,盐津铺子,A股,C14食品制造业,,休闲类食品的研发、生产和销售。 产品：魔芋零食、海味零食、健康蛋制品、休闲豆制品、果干果冻、烘焙薯类、深海零食、蜜饯炒货、休闲素食、肉鱼产品、其他,baostock+akshare
002848.SZ,高斯贝尔,A股,C39计算机、通信和其他电子设备制造业,,数字电视软硬件产品、新材料、消费电子的研发、生产、销售与技术服务。 产品：数字电视产品、新材料、智慧项目、消费电子产品、其他(补充),baostock+akshare
002849.SZ,威星智能,A股,C40仪器仪表制造业,,智能计量终端及燃气管理系统平台的研发、生产和销售。 产品：IC卡智能燃气表、远传智能燃气表、电子式燃气表、智慧水燃信息系统平台、智能燃气表终端、智慧水务终端、新一代电子计量仪表、其他,baostock+akshare
002850.SZ,科达利,A股,C33金属制品业,电芯;新能源车/储能,电池精密结构件和汽车结构件研发及制造。 产品：锂电池结构件、汽车结构件、其他结构件、新能源汽车动力电池精密结构件、储能电池精密结构件、消费类电池精密结构件、汽车零部件、电池结构件、其他(补充),baostock+akshare
002851.SZ,麦格米特,A股,C38电气机械和器材制造业,新能源车/储能,电能的变换、自动化控制和应用。 产品：电源产品、新能源及轨道交通部件、智能家电电控产品、工业自动化、智能装备、精密连接、网络电源产品、医疗设备电源、电力设备电源、工业导轨电源、光伏、储能、充电桩核心部件、LED显示电源、显示设备相关电源、OA电源、新能源汽车电力电子集成模块、电机驱动器、车载充电机、DCDC模块、车载压缩机、轨道交通车辆空调电气部件、热管理系统核心部件、液压悬架系统及部件、分布式电驱、各类变频家电功率控制器、空气源热泵控制器、智能卫浴整机及部件、伺服及变频驱动器、可编程逻辑控制器、液压伺服泵、直线电机、编码器、数字化焊机、工业微波设备、智能采油设备、异形电磁线、同轴线、超微细扁线、FFC、FPC,baostock+akshare
002852.SZ,道道全,A股,C13农副食品加工业,,食用植物油产品的研发、生产和销售。 产品：包装油、粕类、散装油、包装食用植物油、包括菜籽油、茶油、大豆油、玉米油、葵花油、花生油及其调和油等植物油品种,baostock+akshare
002853.SZ,皮阿诺,A股,C21家具制造业,,中高端定制橱柜、衣柜、木门及其配套家居产品的研发、设计、生产、销售、安装与售后等服务。 产品：整体橱柜、全屋定制、门墙、定制橱柜、厨电、卫浴柜、阳台柜、定制衣柜、书柜、酒柜、木门、墙板、定制橱柜及其配套产品、定制衣柜及其配套产品,baostock+akshare
002855.SZ,捷荣技术,A股,C39计算机、通信和其他电子设备制造业,,提供精密模具、精密结构件及高外观需求的硬件组件的设计、研发、制造和销售服务。 产品：精密模具、精密结构件、硬件组件、手机电脑配件代理,baostock+akshare
002856.SZ,*ST美芝,A股,E50建筑装饰、装修和其他建筑业,,建筑装饰工程的设计与施工。 产品：装饰装修、装饰设计、材料及加工、建筑工程施工、工程技术服务、投资性房地产处置,baostock+akshare
002857.SZ,三晖电气,A股,C40仪器仪表制造业,,生产和销售电能表标准与校验装置、电能计量配套产品、储能产品、具身智能产品。 产品：电能表标准与校验装置产品系列、电能计量配套产品系列、储能设备、康养机器人、标准检测设备系列、自动化流水线型检定系列、智能化仓储管理设备系列、用电信息采集系统、互感器、储能产品、机器人产品,baostock+akshare
002858.SZ,力盛体育,A股,R89体育,,体育赛事经营、体育场馆经营、市场营销服务、体育俱乐部经营、体育装备制造与销售、数字体育业务。 产品：体育场馆经营、体育赛事经营、体育俱乐部经营、体育装备制造与销售、市场营销服务、数字体育,baostock+akshare
002859.SZ,洁美科技,A股,C39计算机、通信和其他电子设备制造业,,电子封装材料和电子级薄膜材料的研发、生产和销售。 产品：电子封装材料、电子级薄膜材料、纸质载带、电子胶带、塑料载带、离型膜、流延膜、芯片承载盘（IC-tray盘）、其他,baostock+akshare
002860.SZ,星帅尔,A股,C38电气机械和器材制造业,新能源车/储能,研发、生产和销售各种类型的制冷压缩机用热保护器、起动器、密封接线柱，小家电用温度控制器，电机产品，以及太阳能光伏组件。 产品：家电及新能源汽车等领域配套产品、核心零部件、太阳能光伏组件、光通信、光传感、光伏组件、热保护器、起动器、密封接线柱、光传感器组件、温度控制器、电机、家电及新能源汽车等领域配套产品、核心零部件、其他,baostock+akshare
002861.SZ,瀛通通讯,A股,C39计算机、通信和其他电子设备制造业,,通讯类线材、耳机线材及耳机配件的研发、生产和销售。 产品：声学产品、电源及数据传输产品、精密零组件、声学产品及精密零组件、电源、数据传输产品及精密零组件、其他产品及其他业务收入,baostock+akshare
002862.SZ,实丰文化,A股,C24文教、工美、体育和娱乐用品制造业,,各类玩具的研发设计、生产与销售。 产品：玩具、游戏、光伏、玩具业务,baostock+akshare
002863.SZ,今飞凯达,A股,C36汽车制造业,,铝合金轮毂及铝合金型材业务。 产品：铝合金轮毂、铝合金型材、汽车铝合金车轮、摩托车铝合金车轮、低碳高强韧非热处理一体化压铸铝合金新材料、低碳铝挤压型材新型产业及中间合金、汽轮、其他(补充)、型材、摩轮,baostock+akshare
002864.SZ,盘龙药业,A股,C27医药制造业,,药材规范化种植、药品生产、研发、销售和医药物流。 产品：自产中成药、中药饮片、医药商业配送、大健康产品、中成药及中药饮片销售、医药商业、其他,baostock+akshare
002865.SZ,钧达股份,A股,C38电气机械和器材制造业,,光伏电池的研发、生产与销售业务。 产品：光伏电池、新一代N型太阳能电池、光伏电池片、其他(补充),baostock+akshare
002866.SZ,传艺科技,A股,C39计算机、通信和其他电子设备制造业,,各类输入类设备的设计、研发、制造和销售业务。 产品：笔记本电脑键盘薄膜开关线路板（MTS）、笔记本电脑触控板及按键、笔记本电脑等消费电子产品所用柔性印刷线路板（FPC）、笔记本及台式机电脑键盘等输入设备及配件、新能源电池系统及其材料、笔记本电脑触控板及按键(Button/Touchpad)、笔记本电脑等消费电子产品所用柔性印刷线路板(FPC),baostock+akshare
002867.SZ,周大生,A股,F51批发业,,“周大生”品牌珠宝首饰的设计、推广和连锁经营。 产品：素金首饰、镶嵌首饰、其他首饰、黄金首饰、钻石镶嵌首饰、品牌使用费,baostock+akshare
002868.SZ,绿康生化,A股,C27医药制造业,,兽药研发、生产和销售。 产品：动保系列、植保系列、光伏胶膜、兽药原料药、制剂、益生菌以及绿色微生物功能添加剂、生物农药、生物肥料和农药制剂、POE、EVA、EPE胶膜、食品添加剂系列（生物防腐剂纳他霉素等）、动物保健品,baostock+akshare
002869.SZ,金溢科技,A股,C39计算机、通信和其他电子设备制造业,服务器与终端,一站式数字交通与能源装备制造商。 产品：智能终端、智能路侧、汽车电子,baostock+akshare
002870.SZ,香山股份,A股,C36汽车制造业,新能源车/储能,智能座舱部件和新能源充配电系统的设计、开发、制造和销售。 产品：汽车智能座舱部件、新能源汽车配件、充配电业务及其他、智能座舱部件、新能源充配电系统、新能源汽车配件、充配电业务及其他、衡器产品,baostock+akshare
002871.SZ,伟隆股份,A股,C34通用设备制造业,,阀门及其配件、管件、汽车农机配件铸件的生产、销售及相关业务。 产品：阀门、过滤器、阀门零件及管件、机械铸件及其他、阀门销售、阀门零件及管件销售,baostock+akshare
002872.SZ,ST天圣,A股,C27医药制造业,,药物研发、生产、销售、中药材种植加工。 产品：儿科用药、消化系统用药、妇科用药、心脑血管用药、局部麻醉用药、糖尿病用药、骨科用药、泌尿系统用药、心内科用药、心内科/呼吸科用药、小儿肺咳颗粒、延参健胃胶囊、地贞颗粒、益母草颗粒、血塞通注射液、盐酸利多卡因注射液、益气消渴颗粒、藤黄健骨丸、呋塞米注射液、丹参颗粒、银参通络胶囊、氨茶碱注射液、自制口服固体制剂、自制小容量注射液、自制大容量注射液,baostock+akshare
002873.SZ,新天药业,A股,C27医药制造业,,中成药新药研发、生产及销售。 产品：妇科类、泌尿系统类、清热解毒类、坤泰胶囊、宁泌泰胶囊、苦参凝胶、夏枯草口服液、当归益血口服液,baostock+akshare
002875.SZ,安奈儿,A股,C18纺织服装、服饰业,,为3-12岁儿童及其家人提供超级舒适的多场合休闲服饰。 产品：大童装、小童装、其他(补充),baostock+akshare
002876.SZ,三利谱,A股,C39计算机、通信和其他电子设备制造业,,偏光片产品的研发、生产和销售。 产品：偏光片、TFT系列、黑白系列偏光片、TFT偏光片、黑白偏光片、其他(补充),baostock+akshare
002877.SZ,智能自控,A股,C34通用设备制造业,,设计、研发、生产和销售全系列智能控制阀产品。 产品：控制阀、检维修、配件、单座阀、球阀、套筒阀、防腐阀、蝶阀,baostock+akshare
002878.SZ,元隆雅图,A股,L72商务服务业,,“全案营销”和“IP文创”两大业务。 产品：礼赠品（促销品）、促销服务、新媒体营销服务、IP文创产品、特许纪念品经营、礼赠品(促销品),baostock+akshare
002879.SZ,长缆科技,A股,C38电气机械和器材制造业,,电力电缆附件及配套产品研发、生产、销售与服务。 产品：电缆附件、配套产品及其他、变压器绝缘油、超高压电缆附件、高压电缆附件、中低压电缆附件、电力金具、电工器材、电缆敷设成套设备、电工材料以及电力设备在线监测平台、矿物绝缘油、天然酯绝缘油、合成酯绝缘油、绝缘油产品、其他及辅助类、1kV至35kV产品、220kV产品、66kV至110kV产品,baostock+akshare
002880.SZ,卫光生物,A股,C27医药制造业,,血液制品。 产品：白蛋白、免疫球蛋白、凝血因子、人血白蛋白、静注人免疫球蛋白、狂犬病人免疫球蛋白、人纤维蛋白原、人凝血因子Ⅷ、人凝血酶原复合物、其他血液制品、物业租赁,baostock+akshare
002881.SZ,美格智能,A股,C39计算机、通信和其他电子设备制造业,,以智能模组为核心的无线通信模组和泛物联网、智能网联车、无线宽带行业解决方案业务。 产品：无线通信模组、以模组技术为核心的行业解决方案、无线通信模组及解决方案业务、其他(补充),baostock+akshare
002882.SZ,金龙羽,A股,C38电气机械和器材制造业,,电线电缆的研发、生产、销售与服务。 产品：电线、电缆、普通电线、特种电线、普通电缆、特种电缆,baostock+akshare
002883.SZ,*ST中设,A股,M74专业技术服务业,,围绕交通、市政、建筑、环境四大业务领域提供全过程工程设计咨询和工程总承包业务。 产品：规划咨询及勘察设计、新材料销售及施工、工程监理、项目管理、工程总承包,baostock+akshare
002884.SZ,凌霄泵业,A股,C34通用设备制造业,,民用离心泵的研发、设计、生产及销售。 产品：不锈钢泵、通用泵、塑料卫浴泵、浴缸泵、SPA泵、泳池泵、化工泵、海水泵、不锈钢卧式单级、卧式多级泵、不锈钢立式多级泵、清水泵、潜水泵、潜污泵、管道泵、消防泵、深水潜污泵,baostock+akshare
002885.SZ,京泉华,A股,C39计算机、通信和其他电子设备制造业,,磁性器件、电源类产品的研发、生产、销售、服务。 产品：磁性元器件、电源类产品、特种变压器、电源,baostock+akshare
002886.SZ,沃特股份,A股,C29橡胶和塑料制品业,,改性工程塑料、改性通用塑料以及高性能功能高分子材料的研发、生产、销售和技术服务。 产品：特种高分子材料、工程塑料合金、改性通用塑料,baostock+akshare
002887.SZ,绿茵生态,A股,N77生态保护和环境治理业,,生态修复、绿地养护、文旅运营及林业经济四大业务。 产品：生态修复项目、绿地维护项目、市政绿化项目、文旅项目、生态环境修复与绿地维护、其他项目,baostock+akshare
002888.SZ,惠威科技,A股,C39计算机、通信和其他电子设备制造业,,各类音响设备、扬声器的研发、生产和销售。 产品：家庭影院系列、专业音响系列、公共广播系列、多媒体系列、喇叭系列、汽车音响系列、耳机系列、多媒体音响系列、家庭影院音响系列,baostock+akshare
002889.SZ,东方嘉盛,A股,L72商务服务业,,为客户提供一体化供应链服务和产品采购分销交易服务。 产品：服务模式平台、交易模式平台、全球消费品品牌一站式数字供应链交付平台、国际物流服务、AI智能数字报关平台、冷链物流服务、跨境电商数字交易服务平台、医疗健康数字交易服务平台、服务模式、交易模式,baostock+akshare
002890.SZ,弘宇股份,A股,C35专用设备制造业,,农用拖拉机提升器的研发、生产和销售。 产品：大马力提升器、中马力提升器、配件、提升器总成、其他配件,baostock+akshare
002891.SZ,中宠股份,A股,C13农副食品加工业,,宠物食品的研发、生产和销售。 产品：宠物零食、宠物主粮、宠物用品、物干粮、湿粮、零食、饼干、洁齿骨、狗咬胶、宠物用品及其他,baostock+akshare
002892.SZ,科力尔,A股,C38电气机械和器材制造业,,电机与智能驱控产品的开发、生产与销售。 产品：智能家居类产品、健康与护理类产品、运动控制类产品,baostock+akshare
002893.SZ,京能热力,A股,D44电力、热力生产和供应业,机器人本体/集成,热力供应、综合能源及节能技术服务。 产品：传统能源供热服务、系统集成安装、新能源供能服务、节能技术服务、热力服务收入、工程收入、其他,baostock+akshare
002895.SZ,川恒股份,A股,C26化学原料和化学制品制造业,,磷酸及磷酸盐产品的生产销售。 产品：磷酸、饲料级磷酸二氢钙、磷酸一铵、磷酸铁、磷矿石、聚磷酸铵、肥料级磷酸氢钙、硫酸铵、水溶肥、掺混肥、磷酸一铵（湿基）、饲料级二氢钙、消防用一铵等磷酸盐产品,baostock+akshare
002896.SZ,中大力德,A股,C34通用设备制造业,机器人减速器;伺服系统,机械传动与控制应用领域关键零部件的研发、制造、销售、服务。 产品：减速电机、精密减速器、智能执行单元、微型永磁齿轮减速电机、微型交流齿轮减速电机、小型交流齿轮减速电机、直角轴齿轮减速电机、传动行星减速电机、永磁同步减速电机、行星减速器、精密摆线针轮减速器、谐波减速器、伺服驱动、永磁直流减速电机,baostock+akshare
002897.SZ,意华股份,A股,C38电气机械和器材制造业,,以通讯为主的连接器及其组件产品研发、生产和销售；光伏跟踪支架核心零部件的研发、生产与销售。 产品：通讯连接器产品、消费电子连接器产品、其他连接器及组件产品、太阳能支架,baostock+akshare
002898.SZ,赛隆退,A股,C27医药制造业,交换机/服务器,医药制造业务和AI服务器业务。 产品：AI服务器、药品销售、饮品销售、代加工业务、注射用艾司奥美拉唑钠、门冬氨酸鸟氨酸注射液、注射用帕瑞昔布钠、注射用胸腺法新、阿加曲班注射液、注射用替加环素、注射用克林霉素磷酸酯、注射用泮托拉唑钠、注射用奥美拉唑钠、盐酸左氧氟沙星注射液、米力农注射液、注射用氨曲南、注射用赖氨匹林、氨甲环酸注射液、阿哌沙班片、普瑞巴林胶囊、盐酸艾司洛尔注射液、氟尿嘧啶注射液、注射用伏立康唑、法莫替丁注射液、托拉塞米注射液、吡拉西坦注射液、注射用尼可地尔、注射用脑蛋白水解物（Ⅲ）、药品销售(代理),baostock+akshare
002899.SZ,英派斯,A股,C24文教、工美、体育和娱乐用品制造业,,全品类、多系列健身器材开发制造及销售、品牌化运营。 产品：数字化健身房、商用产品、家用产品、户外产品、冰雪运动产品、R系列、X系列、P系列、AC系列、G系列、FG系列、ISR系列EXO-FORM系列、ECP系列、IT系列、SL系列（含SL-ELITERACK）、IF系列、IFP系列、ENCORE系列、HI-ULTRA系列、RE-LIFE系列、HSP系列（含力量训练架器械、力量训练架选配附件、配套训练器械、气阻训练器械）、Zone系列、家用跑步机系列、家用健身车系列、浪加系列、风帆系列、非凡系列、亲子互动系列、常规系列、智慧路径、场地设施、滑雪模拟机、仿真冰场地设施、其他,baostock+akshare
002900.SZ,哈三联,A股,C27医药制造业,,化学药品制剂及特色原料药的研发、生产和销售。 产品：医药、动保、大健康、米氮平片、奥拉西坦注射液、注射用盐酸艾司洛尔、注射用炎琥宁、氯化钠注射液、葡萄糖注射液、羟喜树碱注射液、盐酸氨溴索葡萄糖注射液、维生素ADE注射液、美洛昔康注射液、乙酰氨基酚双氯芬酸钠注射液、面膜、修护贴、Ⅱ类医疗器械修复贴、胶原蛋白肽饮品、大输液、固体制剂、冻干粉针剂、小容量注射剂、其他(补充),baostock+akshare
002901.SZ,大博医疗,A股,C35专用设备制造业,,医用高值耗材的生产、研发与销售。 产品：骨科创伤类植入耗材、脊柱类植入耗材、关节类植入耗材、运动医学及神经外科类植入耗材、微创外科类耗材、口腔种植类植入耗材、髓内钉、空心钉、普通钉板、锁定钉板、手、足钉板产品、外固定支架、骨针、线缆、小儿产品、脊柱接骨板（前路）、脊柱内固定器（后路）、椎体成形、颅骨修复钛网系列、微小型接骨板、螺钉系统、髋关节假体、膝关节假体、不可吸收带线锚钉、带袢钛板、种植体系统、一次性腹腔镜穿刺器系列、创伤类产品、脊柱类产品、微创外科类产品、其他产品,baostock+akshare
002902.SZ,铭普光磁,A股,C39计算机、通信和其他电子设备制造业,光器件;光模块;数据中心电源;交换机/服务器;新能源车/储能,磁性元器件、光通信产品及各类电源产品等的研发、生产、销售与服务。 产品：磁性元器件、光通信产品、电源适配器、通信供电系统设备、新能源电动汽车充电业务、通信设备用磁性元器件、AI智算中心服务器电源用磁性元器件、新能源光伏发电、储能设备及新能源电动汽车、充电桩用磁性元器件、光器件、光模块、个人终端充电器、定制电源、便携储能电源、通信电源系统、通信储能系统、通信光伏供电系统、家用及工商业用光伏储能系统、充电桩、太阳能电动车充电站、公路自行车、骑行码表、运动手表、踏频传感器、智能自行车灯、360度全景相机,baostock+akshare
002903.SZ,宇环数控,A股,C34通用设备制造业,机器人本体/集成;机器人应用,数控磨削设备、拉削设备及智能装备的研发、生产、销售与服务。 产品：数控磨床、数控研磨抛光机、数控拉床、智能装备系列产品、数控端面磨床、数控凸轮轴磨床、数控气门磨床、外圆磨床、复合磨床系列产品、其他磨床、数控单双面研磨抛光机、复杂型面抛光机、数控多工位抛光机、高速数控硬拉床、数控螺旋拉床、端面齿拉床、自动化产线装备、冶金能源自动化装备、工业机器人应用、拉床、配件及其他,baostock+akshare
002905.SZ,金逸影视,A股,R87广播、电视、电影和录音制作业,,院线发行、电影放映及相关衍生业务、影视制作的投资、生产和研发。 产品：电影放映、院线发行、卖品、广告服务、影视剧、设备租赁、投资性房地产、电影放映收入、卖品收入、广告服务收入,baostock+akshare
002906.SZ,华阳集团,A股,C39计算机、通信和其他电子设备制造业,,汽车电子、精密压铸的研发、生产、销售。 产品：汽车电子、精密压铸、新能源三电系统、动力系统、制动系统、转向系统、车身控制系统、智能座舱系统、汽车高速高频连接器、光通讯模块、其他,baostock+akshare
002907.SZ,华森制药,A股,C27医药制造业,,中成药、化学药的研发、生产和销售。 产品：消化系统用药、耳鼻喉科用药、激素及调节内分泌功能药物、精神神经系统用药、其他领域用药、医药商业、医药零售,baostock+akshare
002908.SZ,德生科技,A股,I65软件和信息技术服务业,,社保卡的生产、销售及信息化服务。 产品：一卡通应用、人社运营及大数据服务,baostock+akshare
002909.SZ,集泰股份,A股,C26化学原料和化学制品制造业,,建筑类用胶、工业类用胶、涂料产品的研发、生产和销售。 产品：建筑类用胶、工业类用胶、涂料,baostock+akshare
002910.SZ,庄园牧场,A股,C14食品制造业,,乳制品和含乳饮料的生产、加工、销售及奶牛养殖业务。 产品：液体乳、生乳、饮料、液体乳及乳制品制造业、其他、畜牧业,baostock+akshare
002911.SZ,佛燃能源,A股,D45燃气生产和供应业,,城市燃气业务、新能源业务、科技研发与装备制造业务、供应链业务、延伸业务。 产品：城市燃气业务、新能源业务、科技研发与装备制造业务、供应链业务、延伸业务、冷热能业务、光伏及储能业务、SOFC固体氧化物燃料电池、窑炉热工装备制造与节能减排、管道检测、氢能装备制造研发、石油化工供应链业务、天然气供应链业务、工程服务业务、生活服务业务、能源化工服务业务,baostock+akshare
002912.SZ,中新赛克,A股,I65软件和信息技术服务业,,网络可视化基础架构、网络内容安全、数据运营、数据与网络安全等产品的研发、生产、销售。 产品：宽带网产品、移动网产品、网络内容安全产品、数据运营产品、数据与网络安全产品、其他,baostock+akshare
002913.SZ,奥士康,A股,C39计算机、通信和其他电子设备制造业,PCB,高精密印制电路板的研发、生产与销售。 产品：单/双面板、四层板及以上板、高精密印制电路板（PCB）、其他(补充),baostock+akshare
002915.SZ,中欣氟材,A股,C26化学原料和化学制品制造业,,研发、生产、销售精细化工业务、基础化工业务及矿产资源开采业务、含氟制冷剂。 产品：氟化工、萤石、氟精细化学品、无机氟产品、新型环保制冷剂、含氟新能源材料、酸级萤石精粉、高品位萤石块矿、基础氟化工产品、农药化工产品、新材料和电子化学品、医药化工产品、制冷剂,baostock+akshare
002916.SZ,深南电路,A股,C39计算机、通信和其他电子设备制造业,PCB,印制电路板、封装基板及电子装联产品的研发、生产及销售。 产品：印制电路板产品、封装基板产品、电子装联、印制电路板、封装基板,baostock+akshare
002917.SZ,金奥博,A股,C26化学原料和化学制品制造业,机器人本体/集成,为客户提供民用爆破行业智能装备、软件系统、工艺技术、关键化工原辅材料、工业炸药、起爆器材、爆破一体化服务，以及各类六轴、并联和柔性协作工业机器人的应用及其解决方案。 产品：专用设备、化工材料、民爆产品、工程爆破、全自动连续化工业炸药生产线、移动式和固定式工业炸药生产地面站、现场混装型工业炸药露天混装车、现场混装型工业炸药地下装药车及井下装药器、基质运输车、远程基质分级配送系统、机器人智能包装生产线、装卸机器人系统、工业雷管全自动装配生产线、起爆药全自动智能化生产线、工业互联网智慧民爆信息管理软件、乳化剂、复合蜡、一体化复合油相、工业炸药、工业雷管及系列民爆器材、起爆器材,baostock+akshare
002918.SZ,蒙娜丽莎,A股,C30非金属矿物制品业,,高品质建筑陶瓷产品研发、生产和销售。 产品：瓷质有釉砖、瓷质无釉砖、非瓷质有釉砖、陶瓷板、薄型陶瓷砖、陶瓷板、薄型陶瓷砖,baostock+akshare
002919.SZ,名臣健康,A股,I64互联网和相关服务,,健康护理用品的研发、生产与销售；网络游戏与互联网技术服务的研发、运营。 产品：网络游戏、日化用品、其他(补充),baostock+akshare
002920.SZ,德赛西威,A股,C39计算机、通信和其他电子设备制造业,,汽车电子产品的研发、生产和销售。 产品：汽车电子、智能座舱、智能驾驶、网联服务及其他,baostock+akshare
002921.SZ,联诚精密,A股,C34通用设备制造业,机器人本体/集成,各类精密机械零部件的研发设计、生产制造与销售。 产品：汽车发动机配件、汽车变速箱配件、工程机械、农业机械零部件、压缩机零部件、环保及水处理设备、工业机器人、休闲娱乐、水泵壳体、叶轮、轮毂、油泵盖、减震轮/环、进气管、出水管、支架总成、飞轮壳、分配壳、减震器壳体、曲轴箱体、悬挂支架、汽车用汽缸盖、法兰、变速箱体、过桥壳体、割草机用支架、支撑座、拖拉机用前惰轮支轴、转向节、联接座、刹车盘、行星轮、铲臂、拖拉机前桥、提升器、轴承座、机架、曲轴箱、涡旋、环保设备阀门执行机构、水处理设备零部件、底座、大臂、转座、连接体、农机/工程机械零件、乘用车零件、商用车零件、压缩机零件,baostock+akshare
002922.SZ,伊戈尔,A股,C38电气机械和器材制造业,数据中心/云厂商;新能源车/储能,工业及消费领域用电源及电源组件产品的研发、生产及销售。 产品：变压设备产品、照明产品、其他产品、新能源产品、数据中心产品、配电产品、工业控制产品、照明电源、灯具、车载电感产品、车载电源产品、通讯电源产品、新能源汽车充电桩,baostock+akshare
002923.SZ,润都股份,A股,C27医药制造业,,化学药制剂、化学原料药、中间体的研发、生产和销售。 产品：制剂、原料药、中间体、其他(补充),baostock+akshare
002925.SZ,盈趣科技,A股,C39计算机、通信和其他电子设备制造业,机器人应用,提供智能控制部件、创新消费电子、健康环境、汽车电子及精密结构件等产品的研发、生产，并为中小型企业提供智能制造解决方案。 产品：创新消费电子产品、智能控制部件、汽车电子产品、健康环境产品、创新消费电子、健康环境、汽车电子及精密结构件、其他产品,baostock+akshare
002926.SZ,华西证券,A股,J67资本市场服务,,经纪及财富管理业务、信用业务、投资银行业务、资产管理业务、投资业务、公募基金管理业务以及其他业务。 产品：经纪及财富管理业务、投资业务、信用业务、投资银行业务、资产管理业务,baostock+akshare
002927.SZ,泰永长征,A股,C38电气机械和器材制造业,机器人本体/集成,低压断路器、双电源自动转换开关、变压器、工控自动化产品等中低压电器元器件及其系统集成成套设备的研发、生产、销售与服务。 产品：电源电器、配电电器、配网设备、电源自动转换开关电器（ATSE）、断路器类配电产品、配网电器设备类产品、新能源充电类产品、TYTFUTURE智能云能源管理平台,baostock+akshare
002928.SZ,华夏航空,A股,G56航空运输业,,国内、国际的航空客货运输业务。 产品：客运、货运、客运收入、其他、货运收入,baostock+akshare
002929.SZ,润建股份,A股,I65软件和信息技术服务业,,算力服务、数据服务、平台服务等业务。 产品：通信网络业务、能源网络业务、数字网络业务、算力网络业务,baostock+akshare
002930.SZ,宏川智慧,A股,G59装卸搬运和仓储业,,为境内外石化产品生产商、贸易商和终端用户提供仓储综合服务及其他相关服务。 产品：码头储罐综合服务、化工仓库综合服务、中转服务、物流链管理服务、洗舱服务、污水处理服务、危化车辆公路港服务、智慧客服服务、运输物流服务、中转及其他服务,baostock+akshare
002931.SZ,锋龙股份,A股,C35专用设备制造业,,园林机械零部件、汽车零部件和液压零部件的研发、生产和销售。 产品：电控类产品、机械类产品、其他(补充),baostock+akshare
002932.SZ,*ST明德,A股,C27医药制造业,,体外诊断试剂和诊断仪器的研发、生产、销售和服务。 产品：体外诊断产品+信息化产品形成解决方案、其他医疗健康产品和服务、急危重症解决方案、感染性疾病类诊断试剂、心脑血管疾病类诊断试剂、甲状腺功能诊断试剂、肾脏疾病类诊断试剂、激素类诊断试剂、糖尿病类诊断试剂、优生优育类诊断试剂、健康体检试剂、病原体核酸PCR检测、病原体核酸测序检测系统、药物代谢基因检测、体外诊断产品和解决方案、经营业务及其他,baostock+akshare
002933.SZ,新兴装备,A股,C37铁路、船舶、航空航天和其他运输设备制造业,,以伺服控制技术为核心的航空装备产品的研发、生产、销售及相关服务。 产品：机载设备、技术服务、机载悬挂/发射装置类、飞机信息管理与记录系统类、外挂封严装置、技术测试、技术服务及其他,baostock+akshare
002935.SZ,天奥电子,A股,C39计算机、通信和其他电子设备制造业,,时间频率、北斗卫星应用产品的研发、设计、生产和销售。 产品：频率系列产品、时间同步系列产品、北斗卫星应用产品,baostock+akshare
002936.SZ,郑州银行,A股,J66货币金融服务,,公司银行业务、零售银行业务和金融市场业务等。 产品：公司贷款、国际业务及服务、公司存款、手续费及佣金类业务产品和服务、公司银行业务、资金业务、零售银行业务,baostock+akshare
002937.SZ,兴瑞科技,A股,C39计算机、通信和其他电子设备制造业,服务器与终端,精密零组件制造及研发。 产品：电子连接器、结构件、镶嵌注塑集成件、汽车电子、智能终端、其它,baostock+akshare
002938.SZ,鹏鼎控股,A股,C39计算机、通信和其他电子设备制造业,PCB;交换机/服务器,各类印制电路板的研发、设计、制造、销售与服务。 产品：印制电路板、通讯用板、消费电子及计算机用板、汽车服务器及其他用板、汽车、服务器用板及其他用板,baostock+akshare
002939.SZ,长城证券,A股,J67资本市场服务,,财富管理业务、投资银行业务。 产品：财富管理业务、投资银行业务、资产管理业务、证券投资及交易业务,baostock+akshare
002940.SZ,昂利康,A股,C27医药制造业,,化学原料药、化学制剂及特色中间体系列产品的研发、生产和销售。 产品：抗感染类、心血管类、泌尿系统类（肾病类）、麻醉疼痛类、抗雄性激素类、制剂、原料药、特色中间体,baostock+akshare
002941.SZ,新疆交建,A股,E48土木工程建筑业,,土木工程建筑行业的基础设施领域，包括交通、水利、能源和新基建等战略性领域。 产品：施工业、贸易、勘测设计与试验检测及车辆通行、租赁、运输及其他、勘测设计与试验检测及车辆通行等,baostock+akshare
002942.SZ,新农股份,A股,C26化学原料和化学制品制造业,,化学农药原药、制剂及精细化工中间体的研发、生产和销售。 产品：制剂、原药、中间体、原药及中间体、其他(补充),baostock+akshare
002943.SZ,宇晶股份,A股,C34通用设备制造业,半导体材料,高精密切、磨、抛数控设备研发、生产、销售与服务，同时为客户提供设备与工艺综合解决方案。 产品：高精密数控切、磨、抛设备、硅片及切片加工服务、热场系统系列产品、金刚石线、设备改造及服务、高精密数控切、磨、抛设备、其他,baostock+akshare
002945.SZ,华林证券,A股,J67资本市场服务,,财富管理业务、投资银行业务、资产管理业务、自营业务、其他业务。 产品：财富管理业务、自营业务、投资银行业务、资产管理业务、其他业务,baostock+akshare
002946.SZ,新乳业,A股,C14食品制造业,,乳制品及含乳饮料的研发、生产和销售。 产品：液体乳、含乳饮料、奶粉、其他(补充),baostock+akshare
002947.SZ,恒铭达,A股,C39计算机、通信和其他电子设备制造业,,消费电子、通讯和新能源领域的精密柔性结构件、精密金属结构件的研发、生产和销售。 产品：精密柔性结构件、精密金属结构件、精密柔性结构件产品、其他(补充),baostock+akshare
002948.SZ,青岛银行,A股,J66货币金融服务,,向客户提供公司及个人存款、贷款、支付结算等服务和产品。 产品：公司银行业务、零售银行业务、金融市场业务、公司类贷款、存款服务、代理服务、汇款和结算服务、个人类贷款、银行间市场进行同业拆借交易、回购交易、债务工具投资、非标准化债权投资,baostock+akshare
002949.SZ,华阳国际,A股,M74专业技术服务业,,建筑设计与咨询、建筑科技创新、工程造价咨询及产业链延伸业务。 产品：居住建筑设计、公共建筑设计、商业综合体设计、造价咨询、全过程咨询、代建管理及其他、数字文化业务、其他业务、工程造价咨询,baostock+akshare
002950.SZ,奥美医疗,A股,C27医药制造业,,医用耗材及一次性医疗器械、感染防护用品、家庭护理产品的研发、生产和销售。 产品：外科与伤口护理、感染防护、高级敷料、卫生护理、其他类,baostock+akshare
002951.SZ,金时科技,A股,C23印刷和记录媒介复制业,新能源车/储能,储能系统和储能消防安全系统的研发、生产、销售及技术服务。 产品：储能系统设备、混合储能系列产品、超级电容炭及超级电容器、储能消防装置、储能设备、储能消防、其他(补充),baostock+akshare
002952.SZ,亚世光电,A股,C39计算机、通信和其他电子设备制造业,,研发、设计、生产和销售定制化液晶显示器及电子纸显示模组等光电显示产品。 产品：中小尺寸的液晶显示屏及模组、电子纸显示模组、液晶显示屏及模组、电子纸、其他,baostock+akshare
002953.SZ,日丰股份,A股,C38电气机械和器材制造业,,特种装备电缆、新能源电缆、通信装备以及其他电气设备电缆的研发、生产、销售。 产品：特种装备电缆、新能源电缆、通信装备组件、空调连接线组件、小家电配线组件,baostock+akshare
002955.SZ,鸿合科技,A股,C39计算机、通信和其他电子设备制造业,,智能交互显示产品及智能视听解决方案的设计、研发、生产与销售。 产品：IWB产品、其他智能交互产品、智能视听解决方案,baostock+akshare
002956.SZ,西麦食品,A股,C14食品制造业,,以燕麦为代表的健康谷物食品的研发、生产与销售。 产品：纯燕麦片、复合燕麦片、冷食燕麦片、其他,baostock+akshare
002957.SZ,科瑞技术,A股,C35专用设备制造业,,工业自动化设备的研发、设计、生产、销售和技术服务，以及精密零部件制造业务。 产品：自动化检测设备、自动化装配设备、自动化设备配件、高精密度零部件、自动化设备、精密零部件,baostock+akshare
002958.SZ,青农商行,A股,J66货币金融服务,,公司银行业务、零售银行业务、资金业务及国际业务。 产品：公司贷款、公司存款、中间业务、国际贸易融资及结算服务、公司银行业务、零售银行业务、资金业务,baostock+akshare
002959.SZ,小熊电器,A股,C38电气机械和器材制造业,,小家电研发、设计、生产和销售。 产品：厨房小家电、生活小家电、个护小家电、母婴小家电、其他小家电,baostock+akshare
002960.SZ,青鸟智控,A股,C39计算机、通信和其他电子设备制造业,,消防安全及智慧控制系统产品的研发、生产和销售。 产品：国内民商用消防业务、工业与行业领域的消防业务、海外消防业务、国内其他消防安全服务与非消防安全产品,baostock+akshare
002961.SZ,瑞达期货,A股,J67资本市场服务,,期货经纪业务、资产管理业务、期货交易咨询业务，并通过全资子公司分别开展风险管理业务、境外金融业务和证券投资基金业务。 产品：期货经纪业务、资产管理业务、期货交易咨询业务、风险管理业务、境外金融业务、证券投资基金业务,baostock+akshare
002962.SZ,五方光电,A股,C39计算机、通信和其他电子设备制造业,,精密光电薄膜元器件研发、生产和销售。 产品：红外截止滤光片、生物识别滤光片、光学棱镜、视窗玻璃,baostock+akshare
002963.SZ,豪尔赛,A股,E50建筑装饰、装修和其他建筑业,,照明工程施工及与之相关的照明工程设计、研发、照明产品销售。 产品：照明工程施工业务、照明工程设计业务、照明产品销售业务、其他,baostock+akshare
002965.SZ,祥鑫科技,A股,C36汽车制造业,电芯;新能源车/储能,汽车五金模具、汽车零部件、新能源金属制品、机器人、自动化设备、机械手等产品的研发和产销。 产品：汽车精密冲压模具、动力电池箱体、轻量化车身结构件、热交换系统精密部件、底盘系统部件、光伏逆变器、储能机柜、充电桩、数据机柜、新能源汽车精密冲压模具和金属结构件、储能设备精密冲压模具和金属结构件、燃油汽车精密冲压模具和金属结构件,baostock+akshare
002966.SZ,苏州银行,A股,J66货币金融服务,,公司业务、个人业务、资金业务及其他业务。 产品：公司业务、个人业务、资金业务、其他业务、信用贷款、保证贷款、抵押贷款、质押贷款,baostock+akshare
002967.SZ,广电计量,A股,M74专业技术服务业,,计量服务、检测服务、检测装备研发等专业技术服务。 产品：计量服务、可靠性与环境试验、集成电路测试与分析、电磁兼容检测、生命科学、数据科学分析与评价、EHS评价服务,baostock+akshare
002968.SZ,新大正,A股,K70房地产业,,为各类城市公共建筑提供物业服务，专注于智慧城市公共建筑与设施的运营和管理。 产品：基础业务、创新业务、城市服务、基础物业、创新服务,baostock+akshare
002969.SZ,嘉美包装,A股,C33金属制品业,,食品饮料包装容器的研发、设计、生产和销售及提供饮料灌装服务。 产品：三片罐、二片罐、无菌纸包装、金属包装、灌装、其他,baostock+akshare
002970.SZ,锐明技术,A股,I65软件和信息技术服务业,,商用车(涵盖物流运输车辆、公共出行车辆及特种作业车辆)安全、合规和效率提升的AIoT智能物联解决方案。 产品：AI解决方案、视频设备、其他(补充),baostock+akshare
002971.SZ,和远气体,A股,C26化学原料和化学制品制造业,半导体材料,各类气体产品的研发、生产、销售、服务以及工业尾气回收循环利用。 产品：大宗气体、电子特气及电子化学品、硅基功能性新材料、清洁能源、尾气回收、工业级化学品、氧气、工业氧气、食品氮气、工业氮气、氩气、氦气、二氧化碳、乙炔、丙烷、各类混合气体、氢气、纯氢、超纯氢、液化天然气、硅基、氟基、氨基、氯基、碳基,baostock+akshare
002972.SZ,科安达,A股,C39计算机、通信和其他电子设备制造业,机器人本体/集成,围绕轨道交通领域提供产品、服务和系统解决方案。 产品：系统集成、道岔融雪系统、综合防雷系统、铁路信号监测诊断系统、铁路信号电缆监测系统、雷电防护装置在线监测系统、电力设备、股道过标及股道运用安全系统、计轴系统集成、网络信息安全系统集成、安全防范系统集成、电厂通信系统集成、RDK5-INSV道岔融雪系统、防雷分线柜、通信机械室电源综合管理系统、电缆成端柜、电源防雷箱、智能防雷配电箱、5T信号防雷箱、5T电源防雷箱、浪涌保护器、二次测防雷设备、防雷检测服务、接闪接地材料、信号监测防雷分线柜、铁路信号集中监测设备、智能监测诊断和分析系统、变配电综合自动化系统、交直流电源设备、杂散电流监测防护系统、基于列车定位监测系统的行车辅助系统、防雷及智能诊断、道岔融雪,baostock+akshare
002973.SZ,侨银股份,A股,N78公共设施管理业,,生活垃圾的清扫、收集、运输及处理等业务。 产品：城乡环卫保洁、生活垃圾处置、其他环卫服务、其他(补充),baostock+akshare
002975.SZ,博杰股份,A股,C35专用设备制造业,,电子测试设备、工业自动化设备的研发、生产和销售。 产品：工业自动化设备、设备配件、技术服务,baostock+akshare
002976.SZ,瑞玛精密,A股,C33金属制品业,,精密金属冲压结构件、紧固件及精密模具，汽车座椅线束与通风、加热、按摩等座椅舒适系统产品，汽车空气悬挂系统总成与部件，5G通讯滤波器与天线设备等产品的研发、生产和销售。 产品：精密金属结构件、汽车电子、通信设备、模具、精密零部件、座椅舒适系统部件与小总成系统、底盘舒适空气悬架系统、通讯设备,baostock+akshare
002977.SZ,*ST天箭,A股,C39计算机、通信和其他电子设备制造业,,高波段、大功率固态微波前端研发、生产和销售。 产品：固态发射机、新型相控阵产品,baostock+akshare
002978.SZ,安宁股份,A股,B09有色金属矿采选业,,钒钛磁铁矿的开采、洗选和销售。 产品：钛精矿、综合利用产品、钒钛铁精矿、钒钛铁精(61%),baostock+akshare
002979.SZ,雷赛智能,A股,C40仪器仪表制造业,伺服系统,聚焦智能装备运动控制核心部件的研发、生产、销售与服务，为国内外数万家智能装备制造企业提供稳定可靠、高附加值的运动控制核心部件及系统级解决方案。 产品：控制技术类产品、步进系统类产品、伺服系统类产品、伺服系统类、步进系统类、控制技术类,baostock+akshare
002980.SZ,华盛昌,A股,C40仪器仪表制造业,,测试测量仪器仪表产品的研发、生产与销售。 产品：专业仪表、通用仪表、专业测试和科学分析仪器、医学诊断和生命科学分析仪器、新能源产品,baostock+akshare
002981.SZ,朝阳科技,A股,C39计算机、通信和其他电子设备制造业,,声学产品（耳机、音响）业务、精密零组件业务等。 产品：耳机成品、音响类、精密零组件及其他、TWS耳机、头戴耳机、OWS耳机、入耳式耳机、无线颈挂式耳机、医疗助听器、电影还音系统、专业音响系统、民用音响系统、智能蓝牙音箱以及其他光电产品、精密模具、塑胶、高频传输连接器、通讯线材、耳机皮套及各类电声配件,baostock+akshare
002982.SZ,湘佳股份,A股,A03畜牧业,,种禽繁育，家禽饲养及销售，禽类屠宰加工及销售，饲料、生物肥生产及销售。 产品：冰鲜、活禽、商品蛋、生猪,baostock+akshare
002983.SZ,芯瑞达,A股,C39计算机、通信和其他电子设备制造业,,新型显示材料、模组与终端的全产业链开发设计、生产制造、销售及技术服务的整体方案解决。 产品：新型显示光源及其在传感和健康领域的延伸应用、显示光电系统或模组、车载显示、商业与智能显示、显示模组、显示终端、其他(补充),baostock+akshare
002984.SZ,森麒麟,A股,C29橡胶和塑料制品业,,子午线轮胎和航空轮胎的研发、生产和销售。 产品：轮胎、半钢子午线轮胎、全钢子午线轮胎、航空轮胎、其他(补充),baostock+akshare
002985.SZ,北摩高科,A股,C37铁路、船舶、航空航天和其他运输设备制造业,,军民两用航空航天飞行器起落架着陆系统及坦克装甲车辆、高速列车等高端装备刹车制动产品的研发、生产和销售。 产品：飞机起降系统产品、检测服务业务、刹车盘业务、刹车控制系统及机轮业务、起落架着陆系统、起降系统产品、检测试验、其他,baostock+akshare
002986.SZ,宇新股份,A股,C26化学原料和化学制品制造业,,甲基叔丁基醚、顺酐、丁酮等产品的研发、生产和销售。 产品：化工及新材料、能源类、其他,baostock+akshare
002987.SZ,京北方,A股,I65软件和信息技术服务业,,为银行、非银金融机构以及优质非金融企业客户，提供人工智能与大数据创新产品、金融科技解决方案及全链条数智化运营服务。 产品：软件开发及服务、金融科技解决方案、人工智能及大数据创新产品、智慧客服及消费金融精准营销、数智化运营及服务,baostock+akshare
002988.SZ,豪美新材,A股,C32有色金属冶炼和压延加工业,,轻质高强铝基新材料的研发、制造与销售。 产品：建筑用铝型材、汽车轻量化铝型材、工业用铝型材、系统门窗,baostock+akshare
002989.SZ,中天精装,A股,E50建筑装饰、装修和其他建筑业,,提供批量精装修施工和设计服务。 产品：批量精装修、设计、设备代采、租赁、算力服务、服务业务、设备代采业务,baostock+akshare
002990.SZ,盛视科技,A股,I65软件和信息技术服务业,机器人应用,人工智能、机器人、多模态大模型等新一代信息技术的研究，为用户提供符合未来发展需求的智能产品及“AI+行业”解决方案。 产品：智慧口岸、智能交通、智慧机场、自助查验系统、无感通关系统、海关智能旅检人脸识别系统、智能检疫系统、智能查验系统、口岸服务机器人、交通管控平台、交通信号控制机、交通流检测器、自助值机、自助托运、自助安检、智慧口岸查验系统解决方案、智能交通及其他、其他(补充),baostock+akshare
002991.SZ,甘源食品,A股,C13农副食品加工业,,休闲食品的研发、生产和销售。 产品：青豌豆系列、瓜子仁系列、蚕豆系列、综合果仁及豆果系列、其他系列,baostock+akshare
002992.SZ,宝明科技,A股,C39计算机、通信和其他电子设备制造业,,LED背光源和复合铜箔的研发、生产和销售以及液晶面板深加工业务。 产品：LED背光源、液晶面板深加工、复合铜箔、其他,baostock+akshare
002993.SZ,奥海科技,A股,C39计算机、通信和其他电子设备制造业,数据中心电源;交换机/服务器;服务器与终端;PACK/BMS;新能源车/储能,AI能源设备、新能源汽车电控与电源系统解决方案、绿色能源转换产品的设计、研发、生产和销售。 产品：智能终端电源、服务器电源、移动电源、新能源汽车电控类、光储充类、有线/无线充电器、适配器、电机控制器MCU、电池管理系统BMS、整车控制器VCU、动力域控PDCU、整车域控VDC、区域域控ZCU、逆变模块、交直流充电桩、OBC、DC-DC转换器、PDU、充电模块、随车充、光伏/储能逆变器、充电器及适配器、新能源汽车与低空经济电源及电控产品、算力电源及其他,baostock+akshare
002995.SZ,天地在线,A股,L72商务服务业,,提供互联网广告及企业级SaaS营销服务。 产品：数字化营销服务、数智化综合服务、其他,baostock+akshare
002996.SZ,顺博合金,A股,C42废弃资源综合利用业,,循环经济领域再生铝合金锭（液）系列产品的生产和销售。 产品：铝合金锭（液）、铝合金锭受托、压延铝材、铝棒、铝合金锭、其他(补充),baostock+akshare
002997.SZ,瑞鹄模具,A股,C35专用设备制造业,机器人本体/集成,汽车制造装备业务及汽车轻量化零部件业务。 产品：冲压模具（覆盖件模具、高强板模具等）及检具、焊装自动化生产线、机器人系统集成、多车型总拼柔性切换系统、智能装备产品（AGV、AMR机器人）、模检具、自动化生产线、汽车零部件及配件、其他(补充),baostock+akshare
002998.SZ,优彩资源,A股,C28化学纤维制造业,,涤纶纤维及其制品的研发、生产、销售。 产品：低熔点涤纶短纤维、涤纶热熔丝、再生有色涤纶短纤维、涤纶非织造布、PET切片、产品销售、其他(补充),baostock+akshare
002999.SZ,天禾股份,A股,F52零售业,,化肥、农药等农资产品的销售并提供专业的农技服务、农业社会化服务。 产品：化肥、农药、化工、农技服务,baostock+akshare
003000.SZ,劲仔食品,A股,C13农副食品加工业,,以中式风味休闲零食研发、生产与销售。 产品：鱼制品、禽类制品、豆制品,baostock+akshare
003001.SZ,中岩大地,A股,E48土木工程建筑业,,岩土工程服务。 产品：岩土工程、环境修复、产品销售、技术服务及其他,baostock+akshare
003002.SZ,壶化股份,A股,C26化学原料和化学制品制造业,,各类民爆物品的研发、生产、销售与进出口。 产品：工业雷管、工业炸药、爆破服务、导爆索类、起爆具,baostock+akshare
003003.SZ,天元股份,A股,C23印刷和记录媒介复制业,,快递电商包装印刷产品的研发、设计、生产、销售和服务。 产品：电子标签、塑胶包装、快递封套、缓冲包装、电子标签系列、塑胶包装系列、快递封套系列、缓冲包装系列、缠绕膜系列、票据系列、塑胶料、纸类及油品贸易业务、其他,baostock+akshare
003004.SZ,声迅股份,A股,I65软件和信息技术服务业,,提供智能化、信息化、行业化的安防整体解决方案和安防运营服务。 产品：综合安防解决方案、安防运营服务、轨道交通智慧安检解决方案、轨道交通综合安防解决方案、金融单位综合安防解决方案、智慧医院综合安防解决方案、低空安全无人机探测与防控系统、智慧停车整体解决方案、监控报警运营服务、安检运营服务、集中判图服务、智能安防解决方案、城市安全运营服务、其他(补充),baostock+akshare
003005.SZ,竞业达,A股,I65软件和信息技术服务业,,面向教育信息化、城市轨道交通安防和智慧城市领域提供行业信息化产品和解决方案的研发、生产、销售和服务。 产品：智慧教学与校园、智慧招考、智慧轨道、解决方案、产品销售、其他,baostock+akshare
003006.SZ,百亚股份,A股,C22造纸和纸制品业,,一次性个人卫生用品的研发、生产和销售。 产品：卫生巾、婴儿纸尿裤、成人失禁用品、ODM、纸尿裤,baostock+akshare
003007.SZ,直真科技,A股,I65软件和信息技术服务业,机器人本体/集成,提供智能化运营支撑系统（OSS）的软件产品及整体解决方案。 产品：网络管理支撑系列产品、服务运营支撑系列产品、企业运营支撑系列产品、算力业务系列产品、软件开发及技术服务、算力服务、系统集成,baostock+akshare
003008.SZ,开普检测,A股,M74专业技术服务业,,新型电力系统装备的检测服务、其他技术服务以及检测设备销售等。 产品：电力系统保护与控制设备检测、新能源控制设备及系统检测、电动汽车充换电系统检测、检测设备、检测服务、其中:检测服务-电力系统保护与控制设备检测、其中:检测服务-新能源控制设备及系统检测,baostock+akshare
003009.SZ,中天火箭,A股,C37铁路、船舶、航空航天和其他运输设备制造业,机器人本体/集成,小型固体火箭及其延伸产品的研发、生产和销售。 产品：增雨防雹火箭及配套装备、军用小型固体火箭、炭/炭热场材料、固体火箭发动机耐烧蚀组件、智能计重系统及测控类系统集成、增雨防雹火箭、探空火箭和小型制导火箭、其他民品,baostock+akshare
003010.SZ,若羽臣,A股,I64互联网和相关服务,,品牌管理、自有品牌及代运营业务。 产品：自有品牌、品牌管理、电商运营业务、LYCOCELLE绽家、FineNutri斐萃、NuiBay纽益倍、零售收入、渠道分销收入、运营服务收入,baostock+akshare
003011.SZ,海象新材,A股,C29橡胶和塑料制品业,,PVC地板的研发、生产和销售。 产品：LVT地板、SPC地板、WPC地板、PVC地板,baostock+akshare
003012.SZ,东鹏控股,A股,C30非金属矿物制品业,,生产销售瓷砖、岩板、卫浴、集成墙板、辅材、新型绿色建材等产品和“装到家”服务，为用户提供装修一站式多品类硬装产品及服务解决方案。 产品：有釉砖、无釉砖、卫生陶瓷、卫浴产品、抛釉砖、仿古砖、瓷片、抛光砖、智能马桶、洗手盆、浴室柜、淋浴房、浴缸、龙头五金、瓷砖、洁具、其他,baostock+akshare
003013.SZ,地铁设计,A股,M74专业技术服务业,,轨道交通、市政、建筑等领域的勘察设计、规划咨询、工程总承包业务以及数智技术、低碳技术服务等。 产品：勘察设计、规划咨询、工程总承包、工程监理、项目管理、涉轨服务与技术咨询、数智科技、低碳技术服务,baostock+akshare
003015.SZ,日久光电,A股,C39计算机、通信和其他电子设备制造业,,光学、触控显示应用材料的研发、生产和销售，并定制化开展相关功能性薄膜的研发和加工服务。 产品：导电膜产品、光学膜产品、OCA光学胶产品、导电膜、光学膜和OCA光学胶,baostock+akshare
003016.SZ,欣贺股份,A股,C18纺织服装、服饰业,,服装、鞋袜、帽子、手套、箱包、皮草皮革、饰品、眼镜、针织品及钩织品的生产、加工。 产品：成衣、配件、服装、鞋袜、帽子、手套、箱包、皮草皮革、饰品、眼镜、针织品、配件等、其他(补充),baostock+akshare
003017.SZ,大洋生物,A股,C26化学原料和化学制品制造业,,基础化学原料制造和销售、化学产品制造和销售。 产品：无机盐产品、精细化工产品、其他产品,baostock+akshare
003018.SZ,金富科技,A股,C29橡胶和塑料制品业,,应用于饮料、食品等领域的包装产品研发、设计、生产和销售。 产品：饮料包装制品、瓶装饮用水型、功能饮料型、桶装饮用水型、新型拉环盖、调味品系列瓶盖、其它产品,baostock+akshare
003019.SZ,宸展光电,A股,C39计算机、通信和其他电子设备制造业,,智能交互显示器、智能交互产业电脑、智能车载显示器等产品的研发设计、生产制造、售后技术支持等全流程服务。 产品：智能交互显示器、智能交互产业电脑、智能车载显示器、智能车载显示屏、智能交互一体机、触控显示模组及其他,baostock+akshare
003020.SZ,立方制药,A股,C27医药制造业,,药品制剂及原料药的研发、生产、销售，药品与医疗器械的批发、零售。 产品：心脑血管类、精神麻醉类、消化系统类、眼科类、皮肤外用类、其他类、硝苯地平控释片、非洛地平缓释片、甲磺酸多沙唑嗪缓释片（国内首仿）、盐酸曲美他嗪缓释片、葛酮通络胶囊（独家品种）、盐酸羟考酮缓释片（10mg、40mg）、盐酸哌甲酯缓释片（国内首仿）、帕利哌酮缓释片、盐酸文拉法辛缓释片、益气和胃胶囊（独家品种）、虎地肠溶胶囊（独家品种）、亮菌口服溶液、金珍滴眼液（独家品种）、加替沙星滴眼液、吡嘧司特钾滴眼液、苄达赖氨酸滴眼液、马来酸噻吗洛尔滴眼液、盐酸丙美卡因滴眼液、丹皮酚软膏、克痤隐酮凝胶（独家品种）、复方土荆皮凝胶（独家品种）、尿素维E乳膏、坤宁颗粒、二甲双胍格列吡嗪片、伊曲康唑口服液（国内首仿）、药品销售,baostock+akshare
003021.SZ,兆威机电,A股,C38电气机械和器材制造业,机器人本体/集成,微型传动及驱动系统的研发、生产和销售业务，为各类客户提供一站式微型驱动系统解决方案。 产品：微型传动系统、微型电机系统和电控系统、中控屏偏摆执行器、中控屏旋转执行器、热管理执行器、车载雷达升降驱动系统、尾翼升降执行器、后排屏运动机构、EPB制动执行器、学习机摄像头模组、IPD瞳距调节、割草机器人行走执行器微型驱动系统、洗地机驱动系统、微创电动吻合器驱动系统、医疗胰岛素注射泵、骨科手术创面清洗泵系统、电动滚筒驱动系统、风/水阀执行器、5G基站RCU模组、天馈系统微型传动模组、人形机器人核心驱动模组、灵巧手、精密零件、精密模具及其他产品,baostock+akshare
003022.SZ,联泓新科,A股,C26化学原料和化学制品制造业,半导体材料,新能源材料、生物材料、电子材料、特种材料等新材料的研发、生产和销售。 产品：VA光伏胶膜料、EVA电线电缆料、PP薄壁注塑专用料、EOD特种表面活性剂、UHMWPE、锂电溶剂及添加剂、电子特气、特种树脂、新能源光伏材料、副产品及其他、特种精细化学品,baostock+akshare
003023.SZ,彩虹集团,A股,C38电气机械和器材制造业,,家用柔性取暖器具、家用卫生杀虫用品、家庭清洁产品与农用喷雾器具研发、生产和销售。 产品：家用柔性取暖系列、家用卫生杀虫用品系列、电热毯、暖手器、电热蚊香液、气雾杀虫剂、家庭清洁产品、农用喷雾器具、其他产品,baostock+akshare
003025.SZ,思进智能,A股,C34通用设备制造业,,多工位高速自动冷成形装备和压铸设备的研发、生产与销售。 产品：冷成形设备、压铸设备、多工位高速自动冷成形装备、其他(补充),baostock+akshare
003026.SZ,中晶科技,A股,C39计算机、通信和其他电子设备制造业,半导体材料,半导体单晶硅材料及其制品的研发、生产和销售。 产品：半导体单晶硅棒、研磨片、化腐片、抛光片、半导体功率芯片及器件、半导体单晶硅片,baostock+akshare
003027.SZ,同兴科技,A股,N77生态保护和环境治理业,锂电材料,除尘、脱硫、脱硝等烟气治理环保工程总承包；低温SCR脱硝、一氧化碳脱除等各类催化剂的研发、生产及服务；二氧化碳捕集、封存及资源化利用；钠离子电池关键材料及器件的研发、生产与服务。 产品：烟气治理工程服务、烟气治理产品、二氧化碳捕集封存及资源化利用、钠离子电池正极材料、低温SCR脱硝催化剂、脱硝设备、除尘设备、烟气治理工程与设备、催化剂、其他(补充),baostock+akshare
003028.SZ,振邦智能,A股,C39计算机、通信和其他电子设备制造业,,智能控制器和新能源业务，以及提供集硬件、软件和系统为一体的综合解决方案。 产品：电动工具、机器人及创新智能产品、汽车电子控制器、新能源、智能电器控制器、新能源产品,baostock+akshare
003029.SZ,吉大正元,A股,I65软件和信息技术服务业,,网络安全产品销售、网络安全技术开发和网络安全生态建设。 产品：网络安全产品、网络安全生态、网络安全服务,baostock+akshare
003030.SZ,祖名股份,A股,C13农副食品加工业,,豆制品的研发、生产和销售。 产品：生鲜豆制品、植物蛋白饮品、休闲豆制品、其他,baostock+akshare
003031.SZ,中瓷电子,A股,C39计算机、通信和其他电子设备制造业,,电子陶瓷系列产品研发、生产和销售。 产品：电子陶瓷材料及元件、第三代半导体器件及模块、氮化镓通信基站射频芯片与器件、碳化硅功率模块及其应用、电子陶瓷,baostock+akshare
003032.SZ,传智教育,A股,P83教育,,高精尖数字化人才培养。 产品：短期培训、学历教育、非学历教育、AI开发课程、AI应用课程、其他(补充),baostock+akshare
003033.SZ,征和工业,A股,C37铁路、船舶、航空航天和其他运输设备制造业,,专注于各类链传动系统的研发、制造与销售。 产品：车辆链系统、农业机械链系统、工业设备链系统、摩托车链系统产品、汽车链系统产品、农机链系统产品、工业设备链系统产品,baostock+akshare
003035.SZ,南网能源,A股,M75科技推广和应用服务业,,通过整合先进节能环保技术，利用高效节能环保设备，以“投资+服务+产品”的业务形式，向客户提供诊断、检测、规划设计、建设改造、投资运维、聚合交易、涉碳业务、数智服务等综合能源解决方案和运营服务。 产品：合同能源管理服务、咨询及工程服务、资源综合利用、工业节能服务、建筑节能服务、城市照明节能服务、节能改造工程、节能咨询技术服务、综合资源利用、节能设备销售、智慧能源项目、节能降碳项目、综合资源利用项目,baostock+akshare
003036.SZ,泰坦股份,A股,C35专用设备制造业,,高端纺织机械装备的研发和制造。 产品：纺纱设备、织造设备、转杯纺纱机、倍捻机、加弹机、精密络筒机、并条机、剑杆织机、喷气织机、喷水织机、横编机、纺织纱线,baostock+akshare
003037.SZ,三和管桩,A股,C30非金属矿物制品业,,提供新型基础建材解决方案。 产品：桩类产品、混凝土预制构件、预制桩类产品、预制构件产品、其他(补充),baostock+akshare
003038.SZ,鑫铂股份,A股,C32有色金属冶炼和压延加工业,,新能源光伏、汽车轻量化、其他铝制品以及铝镁合金的研发、生产与销售。 产品：新能源光伏、汽车轻量化、其他,baostock+akshare
003039.SZ,顺控发展,A股,D46水的生产和供应业,,水务业务、固废处理业务、包装印刷业务，同时配套提供市政工程及环境安装工程服务。 产品：水务业务、固废处理业务、包装印刷业务、工程业务,baostock+akshare
003040.SZ,楚天龙,A股,C39计算机、通信和其他电子设备制造业,,嵌入式安全产品、智能硬件等产品的研发、生产和销售。 产品：嵌入式安全产品、智能硬件、软件及服务、智能卡、多形态数字人民币硬钱包、eSIM、智慧档案、社保“一卡通”平台,baostock+akshare
003041.SZ,真爱美家,A股,C17纺织业,,毛毯为主的家用纺织品研发、设计、生产与销售。 产品：毛毯、地毯、床上用品、床上用品（套件、被芯、枕芯等）、其他,baostock+akshare
003042.SZ,中农联合,A股,C26化学原料和化学制品制造业,,农药中间体、原药及制剂产品的研发、生产和销售。 产品：农药原药、农药制剂、中间体、吡虫啉、啶虫脒、烯啶虫胺、哒螨灵、杀虫剂、杀菌剂、除草剂、化工材料,baostock+akshare
003043.SZ,华亚智能,A股,C33金属制品业,半导体设备,高端精密金属零部件的研发、生产和销售以及生产物流智能化方案的设计与优化和相关智能装备系统的研发、制造、集成和销售。 产品：精密金属结构件、智能物流装备、半导体设备维修,baostock+akshare
003816.SZ,中国广核,A股,D44电力、热力生产和供应业,,建设、运营及管理核电站，销售该等核电站所发电力，组织开发核电站的设计及科研工作。 产品：电力、销售电力、建筑安装和设计服务、提供劳务,baostock+akshare
300001.SZ,特锐德,A股,C38电气机械和器材制造业,机器人本体/集成;机器人应用,“智能制造+系统集成”业务以及电动汽车充电网业务。 产品：高压预制舱变电站、中压预制舱变电站、变配电核心设备、电动汽车充电设备、电力设备相关产品、充电业务相关产品及服务、其中:电力设备相关产品-中压预制舱变电站、其中:充电业务相关产品及服务-电动汽车充电设备、其中:电力设备相关产品-变配电核心设备、其中:电力设备相关产品-高压预制舱变电站,baostock+akshare
300002.SZ,神州泰岳,A股,I64互联网和相关服务,,软件与信息技术服务和游戏业务。 产品：AI-云服务、游戏、物联网/通讯、创新服务,baostock+akshare
300003.SZ,乐普医疗,A股,C35专用设备制造业,,医疗器械及其配件的技术开发、生产，销售。 产品：医疗器械、药品、医疗服务、健康管理、医疗服务及健康管理,baostock+akshare
300004.SZ,南风股份,A股,C34通用设备制造业,,通风与空气处理系统的研发、生产和销售。 产品：通风与空气处理系统、3D打印服务业务、通风与空气处理系统设备、3D打印服务,baostock+akshare
300005.SZ,探路者,A股,C18纺织服装、服饰业,,户外用品的研发设计、运营管理及销售。 产品：户外服装、户外鞋品、户外装备、芯片类产品,baostock+akshare
300006.SZ,莱美药业,A股,C27医药制造业,,医药制造。 产品：抗肿瘤药、消化系统药、肠外营养药、抗感染类、特色专科类、大输液类、医药流通类,baostock+akshare
300007.SZ,汉威科技,A股,I65软件和信息技术服务业,,传感器、仪器仪表的研发、生产、销售以及物联网数智化综合服务。 产品：传感器、智能仪表、智慧化综合解决方案、探测器、报警控制器、便携式检测仪、家用检测仪、酒精检测仪、公用事业,baostock+akshare
300008.SZ,天海防务,A股,C37铁路、船舶、航空航天和其他运输设备制造业,,船海工程、防务装备、新能源三大业务。 产品：运输船舶、海工船舶、特种船舶、其他产品、新能源、传统能源、干散货运输船、油化船、支线集装箱船、滚装船、风电安装平台、搅拌船、风电运维船、公务船舶、科考船舶、LNG加注船舶、打捞工程船、LNG、甲醇、电等新能源为动力燃料的船舶、以燃油为动力燃料的船舶、船海工程设计建造总承包业务、防务装备及产品业务、船海工程设计技术服务业务,baostock+akshare
300009.SZ,安科生物,A股,C27医药制造业,,基因工程药品、生物检测试剂的研发、生产、销售。 产品：基因工程药、人干扰素α2b注射液、注射用人干扰素α2b、人干扰素α2b滴眼液、注射用人生长激素、人生长激素注射液、注射用曲妥珠单抗、绒促卵泡激素αN01注射液（晟诺娃）、注射用隆培生长激素（商品名：维臻高）、抗精子抗体检测试剂盒（混合抗球蛋白凝集法）、抗缪勒氏管激素（AMH）检测试剂盒（酶联免疫法）、瘦素检测试剂盒（酶联免疫法）及系列生殖检测试剂盒、其他、外用贴膏,baostock+akshare
300010.SZ,ST豆神,A股,I65软件和信息技术服务业,,人工智能（AI）教育业务、艺术类学习服务业务、直播电商销售业务、智慧教育服务业务、文旅游研学业务。 产品：内容（安全）管理解决方案及服务、教育产品及管理解决方案、内容(安全)管理解决方案及服务收入、其他(补充),baostock+akshare
300011.SZ,鼎汉技术,A股,C37铁路、船舶、航空航天和其他运输设备制造业,液冷;机器人应用;新能源车/储能,轨道交通多种电气化高端装备研发、生产、销售和维护及提供智慧化解决方案，同时根据客户需求提供其他配套产品和服务。 产品：轨道交通地面电气装备解决方案、轨道交通车辆电气装备解决方案、轨道交通智慧化解决方案、新能源热管理相关产品、智能制造、售后维修及运营维护服务体系、地面电源解决方案、轨道交通制动能量管理系统、轨道交通专用锂电储能系统、车辆空调系统解决方案、车辆辅助电源系统解决方案、车辆特种电缆解决方案、智慧货运/运输解决方案、智慧客运解决方案、智慧运维解决方案、新能源商用车/工程机械热管理系统解决方案、储能液冷/风冷热管理系统解决方案、车辆电气装备、地面电气装备、智慧化解决方案,baostock+akshare
300012.SZ,华测检测,A股,M74专业技术服务业,,食农及健康产品服务、环境检测业务、建筑工程及工业服务、计量与数字化服务、海事及自然资源服务、消费品服务、汽车及金属材料服务等。 产品：生命科学、工业测试、消费品测试、贸易保障、医药及医学服务、医药及医学服务等领域的检测服务,baostock+akshare
300013.SZ,新宁物流,A股,G59装卸搬运和仓储业,,仓运配一体化综合服务、国际货代业务、智慧供应链服务。 产品：仓储及仓储增值服务、通关服务、送货服务、货运代理、车辆卫星定位配套硬件、车辆卫星定位服务、软件开发,baostock+akshare
300014.SZ,亿纬锂能,A股,C38电气机械和器材制造业,电芯;新能源车/储能,消费电池（包括锂原电池、小型锂离子电池、圆柱电池）、动力电池（包括新能源车电池及其电池系统）和储能电池的研发、生产和销售。 产品：消费电池、动力电池、储能电池、锂原电池、小型锂离子电池、圆柱电池、软包三元电池、方形三元电池、大圆柱电池、大方形电池、方形磷酸铁锂电池、圆柱铁锂电池,baostock+akshare
300015.SZ,爱尔眼科,A股,Q84卫生,,各类眼科疾病诊疗、手术服务与医学验光配镜服务。 产品：屈光项目、白内障项目、眼前段项目、眼后段项目、视光服务项目,baostock+akshare
300016.SZ,北陆药业,A股,C27医药制造业,,对比剂系列、降糖类及原料药等化学药品以及中成药的生产、研发、营销。 产品：对比剂、中药制剂、降糖药、原料药、钆喷酸葡胺注射液、钆布醇注射液、钆贝葡胺注射液、钆特酸葡胺注射液、碘海醇注射液、碘帕醇注射液、碘克沙醇注射液、碘美普尔注射液、碘普罗胺注射液、格列美脲片、瑞格列奈片、吡格列酮二甲双胍片、盐酸普拉克索缓释片、盐酸帕罗西汀肠溶缓释片、复方聚乙二醇电解质散(III)、西甲硅油乳剂、枸橼酸西地那非口崩片、钆喷酸葡胺及辅料、钆布醇及辅料、钆特酸葡胺及辅料、钆贝葡胺及辅料、碘海醇原料药、碘克沙醇原料药、碘帕醇原料药、碘普罗胺原料药、碘美普尔原料药、九味镇心颗粒、养阴镇静片、金莲花颗粒（无糖+有糖）、金莲花片、连翘败毒丸、栀子金花丸、清肺抑火丸、清胃黄连丸、明目上清丸、感冒清热颗粒、芎菊上清丸、防风通圣丸、五子衍宗丸、补肾强身片、济生肾气丸、舒肝和胃丸、香砂六君丸、小儿复方鸡内金散、越鞠保和丸、快胃舒肝丸、参苓白术散、开胸顺气丸、木香顺气丸、舒肝健胃丸、九气拈痛丸、香砂养胃丸、消栓通络片、腰息痛胶囊、肾石通颗粒、利肝隆片、益肝颗粒、龙胆泻肝颗粒、原料药及其他,baostock+akshare
300017.SZ,网宿科技,A股,I65软件和信息技术服务业,液冷;数据中心/云厂商,CDN及边缘计算、安全及增值服务、算力云、绿色数据中心以及设备销售。 产品：内容分发（CDN）、算力、安全及增值服务、IDC和液冷节能解决方案、边缘云主机、边缘云容器、边缘云存储、边缘应用、边缘AI网关、边缘模型推理、边缘AI应用、Web安全、办公与生产安全、基础设施安全、CDN及边缘计算、IDC及液冷,baostock+akshare
300018.SZ,中元股份,A股,C38电气机械和器材制造业,,电力系统智能化记录分析、时间同步、配网自动化设备及综合自动化系统相关产品的研发、制造、销售和服务。 产品：电力故障录波装置、时间同步装置、变电配网自动化设备及综合自动化系统、智能电网测试仪器仪表、其他,baostock+akshare
300019.SZ,硅宝科技,A股,C26化学原料和化学制品制造业,,高端有机硅密封胶等新材料的研发、生产及销售。 产品：高端有机硅密封胶、热熔胶、硅烷偶联剂、硅碳负极、建筑类用胶、工业类用胶,baostock+akshare
300020.SZ,ST银江,A股,I65软件和信息技术服务业,,智慧城市、智慧交通和智慧医疗等领域的工程项目的开发、实施和维护。 产品：智慧交通、智慧医疗、智慧城市、基层治理,baostock+akshare
300021.SZ,大禹节水,A股,N76水利管理业,,农业水利工程的设计、施工及信息化建设，以及节水灌溉产品的研发、生产及销售。 产品：智慧农水项目建设、农水科技销售与服务、农水设计服务、农水信息化和项目运营服务,baostock+akshare
300022.SZ,吉峰科技,A股,F51批发业,,低空业务、农机连锁销售服务、高端特色农机研发制造及农事综合服务。 产品：农机流通、农机制造、低空业务、载货汽车,baostock+akshare
300024.SZ,机器人,A股,C34通用设备制造业,机器人本体/集成,机器人产业链相关业务，涵盖机器人核心零部件、机器人本体到机器人系统解决方案。 产品：工业机器人、物流与仓储自动化成套装备、自动化装配与检测生产线及系统集成、交通自动化系统、半导体装备,baostock+akshare
300025.SZ,华星创业,A股,I65软件和信息技术服务业,,提供移动通信技术服务包括通信网络优化服务、通信网络工程服务、网络设计规划服务、通信网络维护服务。 产品：网络优化及服务、系统产品、其他,baostock+akshare
300026.SZ,红日药业,A股,C27医药制造业,,药品及医疗器械的生产经营和研究开发。 产品：中药配方颗粒及饮片、血必净注射液、医疗器械产品、药械智慧供应链、辅料药、低分子量肝素钙注射液、原料药、依诺肝素钠注射液、盐酸莫西沙星氯化钠注射液、药品、原辅料、医疗器械,baostock+akshare
300027.SZ,ST华谊,A股,R87广播、电视、电影和录音制作业,,影视娱乐、品牌授权与实景娱乐板块、互联网娱乐。 产品：影视娱乐、品牌授权、实景娱乐、互联网娱乐、其他(补充),baostock+akshare
300029.SZ,天龙退,A股,,,新能源电站的投资、新能源EPC工程、设备销售及电站运维。 产品：新能源EPC业务、新能源电站设备销售、新能源电站运维,baostock+akshare
300030.SZ,阳普医疗,A股,C35专用设备制造业,,精准医疗、智慧医疗和检验服务。 产品：智慧实验室产品、IVD（体外诊断）产品、检验服务、真空采血系统、微生物转运系统、仪器、试剂、软件产品及服务,baostock+akshare
300031.SZ,宝通科技,A股,I64互联网和相关服务,,输送带制造、输送系统技术服务及手机网络游戏运营业务。 产品：移动游戏产品、智能输送数字化产品制造、智能输送系统产品服务,baostock+akshare
300032.SZ,金龙机电,A股,C38电气机械和器材制造业,,马达、硅橡胶、塑胶结构件及触控显示产品及电子雾化器的生产及销售。 产品：电子元器件、结构件、电子雾化器及相关配件、马达、触控显示模组、微特驱动电机、振动马达、硅橡胶、塑胶结构件、盖板玻璃、触摸屏、显示模组、一次性电子烟、换弹式电子烟、烟弹,baostock+akshare
300033.SZ,同花顺,A股,J69其他金融业,,为各类机构客户提供各类基于AI的软件产品和系统维护服务、金融数据服务、智能推广服务，为个人投资者提供各类基于AI的金融资讯、投资理财分析工具、理财产品投资交易服务等。 产品：互联网金融信息服务、增值电信服务、软件销售及维护、广告及互联网业务推广服务、基金销售及其他交易手续费等其他业务,baostock+akshare
300034.SZ,钢研高纳,A股,C32有色金属冶炼和压延加工业,,铸造合金制品、变形合金制品和新型合金材料及制品的生产、销售。 产品：铸造合金制品、变形合金制品、新型合金制品,baostock+akshare
300035.SZ,中科电气,A股,C39计算机、通信和其他电子设备制造业,锂电材料,锂电负极业务以及磁电装备业务。 产品：石墨类负极材料、连铸EMS、起重磁力设备、中间包、其他(补充),baostock+akshare
300036.SZ,超图软件,A股,I65软件和信息技术服务业,,地理信息软件和空间智能领域的技术研发和应用服务。 产品：GIS基础软件业务及产品、行业应用软件业务及产品、空间智能（GIS+AI）业务及产品、国际化业务、自规住建和大数据业务及产品、勘测规划设计业务及产品、水利和气象业务及产品、企业业务及产品、GIS软件、其他(补充),baostock+akshare
300037.SZ,新宙邦,A股,C39计算机、通信和其他电子设备制造业,,新型电子化学品及功能材料的研发、生产、销售和服务。 产品：电池化学品、有机氟化学品、电子信息化学品,baostock+akshare
300039.SZ,上海凯宝,A股,C27医药制造业,,现代中药研发、生产、销售。 产品：针剂、胶囊剂、片剂,baostock+akshare
300040.SZ,九洲集团,A股,D44电力、热力生产和供应业,,电力电子设备的研发、生产和销售以及新能源电站发电等。 产品：智能开关成套设备、变压器及箱式变电站、电力电子设备、新能源、新能源工程,baostock+akshare
300041.SZ,回天新材,A股,C26化学原料和化学制品制造业,,胶粘剂等新材料研发、生产、销售。 产品：有机硅胶、聚氨酯胶、其他胶类产品,baostock+akshare
300042.SZ,朗科科技,A股,C39计算机、通信和其他电子设备制造业,存储芯片;SSD/存储模组,存储产品研发、生产和销售，为全球存储应用领域提供解决方案。 产品：存储产品、消费类电子产品、SSD固态硬盘、DRAM内存条、嵌入式存储、移动存储、可穿戴设备、电脑外设、自产自销、贸易业务、租赁,baostock+akshare
300043.SZ,星辉娱乐,A股,I64互联网和相关服务,,玩具业务、游戏业务。 产品：玩具业务、游戏业务、遥控车模、合金车模、拼装积木玩具、婴童玩具、智能玩具及户外骑行等产品、游戏、车模及婴童用品、电视转播权、球员转会,baostock+akshare
300044.SZ,*ST赛为,A股,I65软件和信息技术服务业,,适用于不同场景的机器人、无人机及图像与视频识别软件系统的研发。 产品：人工智能、智慧城市、人工智能硬件产品、人工智能平台产品、无人机系列产品、城市空中救护创新应用、无人驾驶轨道交通综合监控系统、车载乘客信息系统、综合安防集成平台软件、赛为智能智慧运维管控平台、赛为智能智慧车站可视化管理平台、智慧城市领域、其他领域、人工智能领域,baostock+akshare
300045.SZ,华力创通,A股,C39计算机、通信和其他电子设备制造业,,卫星应用、仿真测试、信号处理和无人系统。 产品：卫星应用、仿真测试、信号处理、无人系统、芯片、模块、终端、平台与系统解决方案、标准化产品、智慧试验与仿真测试平台、射频测试产品线、信号处理平台产品线、干扰设备产品线、中高速无人训练机、中大型复合翼无人机、机电仿真测试、仿真应用集成、其他,baostock+akshare
300046.SZ,台基股份,A股,C39计算机、通信和其他电子设备制造业,,功率半导体器件的研发、制造、销售及服务。 产品：晶闸管、模块、大功率晶闸管、整流管、IGBT、电力半导体模块、脉冲功率开关等功率半导体器件及组件、其他,baostock+akshare
300047.SZ,天源迪科,A股,I65软件和信息技术服务业,机器人本体/集成,软件和信息技术服务、ICT产品销售及增值服务。 产品：应用软件及服务、运营业务、系统集成工程、ICT产品销售,baostock+akshare
300048.SZ,合康新能,A股,C38电气机械和器材制造业,,绿色能源解决方案、户用储能及光伏并网逆变器、高压变频器三大业务。 产品：高压变频器、光伏EPC、户用储能、户用光伏、工商业综合能源解决方案、美墅绿电解决方案、虚拟电厂与售电业务、户用储能及光伏并网逆变器业务、高压变频器业务、光伏EPC类、高压变频器类、其他,baostock+akshare
300049.SZ,福瑞医科,A股,C35专用设备制造业,,肝病领域的药品生产与销售、诊断设备研发与销售以及医疗服务相关业务。 产品：复方鳖甲软肝片、设备及技术、药品、医疗服务及其他,baostock+akshare
300050.SZ,世纪鼎利,A股,I65软件和信息技术服务业,,通信业务及职业教育业务。 产品：无线通信产品、大数据产品、无线通信服务、职业教育装备产品、职业教育服务,baostock+akshare
300051.SZ,琏升科技,A股,I65软件和信息技术服务业,,提供太阳能电池和专业的移动通信转售业务等产品和服务。 产品：太阳能电池及组件、移动通信转售产品、房屋租赁、企业信息技术服务、HJT电池片、G12-0BB天王星PRO双面双玻异质结组件、G12-0BB金星PRO单面双玻异质结组件,baostock+akshare
300052.SZ,中青宝,A股,I64互联网和相关服务,数据中心/云厂商,云计算业务、网络游戏业务、数字孪生与文旅业务。 产品：云计算业务、网络游戏业务、其中:手机游戏,baostock+akshare
300053.SZ,航宇微,A股,C39计算机、通信和其他电子设备制造业,,宇航电子、人工智能芯片/模块/算法、卫星星座及卫星大数据、地理信息及智能测绘、智能安防和智能交通五大业务。 产品：SOC芯片、SIP芯片、EMBC、卫星数据及产品应用、地理信息及智能测绘、大数据运维、AI芯片及算法、智能安防及智能交通,baostock+akshare
300054.SZ,鼎龙股份,A股,C39计算机、通信和其他电子设备制造业,半导体材料,半导体制造用CMP工艺材料和晶圆光刻胶、半导体显示材料、半导体先进封装材料三个细分板块。 产品：CMP抛光垫、CMP抛光液、CMP清洗液、YPI、PSPI、TFE-INK、临时键合胶、半导体封装PI、芯片、半导体材料及芯片产品(含CMP抛光垫、CMP抛光液、CMP清洗液、YPI、PSPI、TFE-INK、临时键合胶、半导体封装PI、芯片)、打印复印通用耗材产品(含彩色聚合碳粉、显影辊、载体、硒鼓、墨盒)、其他(补充),baostock+akshare
300055.SZ,万邦达,A股,C26化学原料和化学制品制造业,,新材料生产销售和综合环保服务。 产品：异戊二烯、间戊二烯、双环戊二烯、碳五石油树脂、弹性体SIS、石油化工产品、固废处理服务、托管运营,baostock+akshare
300056.SZ,中创环保,A股,C35专用设备制造业,,有色金属材料、过滤材料和环境治理。 产品：过滤材料、环保工程、有色金属材料（危固废资源化产品）、环卫服务,baostock+akshare
300057.SZ,万顺新材,A股,C32有色金属冶炼和压延加工业,锂电材料,铝加工、纸包装材料、功能性薄膜等的加工、制造、研发、生产及销售业务。 产品：铝箔、铝板带、转移纸、复合纸、高阻隔膜、导电膜、车衣膜、节能膜、铝加工产品、其他业务,baostock+akshare
300058.SZ,蓝色光标,A股,L72商务服务业,,全案推广服务、全案广告代理以及元宇宙相关业务。 产品：全案推广服务、全案广告代理、出海广告投放,baostock+akshare
300059.SZ,东方财富,A股,J67资本市场服务,,证券业务、金融电子商务服务业务、金融数据服务业务。 产品：证券业务、金融电子商务服务业务、金融数据服务业务、证券服务、金融电子商务服务、金融数据服务,baostock+akshare
300061.SZ,旗天科技,A股,L72商务服务业,,为客户提供专业、领先、高效的全流程、一站式用户全生命周期管理解决方案。 产品：数字生活营销业务、商品邮购分期、信用卡账单分期、数据服务业务、保险经纪业务、软件即服务SAAS业务、数字生活营销、银行卡商品邮购分期,baostock+akshare
300062.SZ,中能电气,A股,C38电气机械和器材制造业,,输配电开关控制设备的研发、生产、销售。 产品：中压配电柜、高低压成套设备、箱式变电站、电缆附件、电网智能化产品、电力施工服务、新能源储、充产品,baostock+akshare
300063.SZ,天龙集团,A股,L72商务服务业,,互联网营销、林产化工和油墨化工。 产品：互联网营销板块、林产化工板块、油墨化工板块、效果营销服务、品牌营销服务、蒎烯、莰烯、月桂烯、二氢月桂烯、松油醇、水性油墨、食品包装水性油墨、环保型溶剂油墨、工业油墨、水性固体丙烯酸树脂、水性丙烯酸乳液、水性光油、数字营销、林产化工、油墨化工,baostock+akshare
300065.SZ,海兰信,A股,C39计算机、通信和其他电子设备制造业,数据中心/云厂商,智能航海、海洋观探测及海底数据中心业务。 产品：海洋观探测装备与系统、智能船舶与智能航行系统、智能船舶与智能航行、海洋观探测、其他,baostock+akshare
300066.SZ,三川智慧,A股,C40仪器仪表制造业,,智慧水务和稀土资源回收利用。 产品：机械水表、智能水表、稀土氧化物、水务、软件、二次供水设备、NB-IoT无磁远传水表、电磁水表、超声远传水表、多感知5G物联网水表、无磁OPEN阀控远传水表、无负压管网叠压稳流给水设备、纯净水（直饮水）设备、智慧水务云平台2.0、氧化镨钕、水表、其他,baostock+akshare
300067.SZ,安诺其,A股,C26化学原料和化学制品制造业,,中高端差异化染料的研发、生产和销售。 产品：分散染料、活性染料、酸性染料、毛用活性染料、锦棉染色专用染料、活性色粉/色浆/墨水、算力、数码AI、算力、数码AI、新材料、环保及其他行业,baostock+akshare
300068.SZ,ST南都,A股,C38电气机械和器材制造业,锂电资源;电芯,提供以锂离子电池和铅电池为核心的系统化产品、解决方案及运营服务。 产品：锂离子电池及系统、铅蓄电池及系统及锂、铅资源再生产品、电芯、模组、电池包、电池柜、软件管理系统、高温型节能环保产品、高功率电池、核级阀控式电池、新型铅炭电池产品、碳酸锂、镍钴锰混合盐、粗铅、成品铅、合金铅、锂离子电池产品、铅蓄电池产品、再生铅产品,baostock+akshare
300069.SZ,金利华电,A股,C38电气机械和器材制造业,,玻璃绝缘子的研发、生产、销售及相关技术服务业务。 产品：玻璃绝缘子、戏剧影视、覆盖10kV至1000kV线路电压等级的高压、超高压、特高压交、直流输电线路上用于绝缘和悬挂导线用的盘型悬式高强度玻璃绝缘子、其他(补充),baostock+akshare
300070.SZ,碧水源,A股,N77生态保护和环境治理业,,环境保护及水处理业务。 产品：环保整体解决方案、运营服务、光科技整体解决方案、市政与给排水,baostock+akshare
300071.SZ,福石控股,A股,L72商务服务业,,AIGC数智化平台赋能的数字营销、体验营销、公关广告。 产品：数字营销、公关广告、体验营销,baostock+akshare
300072.SZ,海新能科,A股,C26化学原料和化学制品制造业,,生物柴油的生产和销售；环保材料的生产和销售；特色化工产品的生产和销售。 产品：液化天然气LNG、新戊二醇、合成氨、催化剂、净化剂、生物能源产品、烃基生物柴油(HVO)、环保材料及化工产品、生物航煤(SAF),baostock+akshare
300073.SZ,当升科技,A股,C39计算机、通信和其他电子设备制造业,锂电材料;电芯,多元材料、磷酸（锰）铁锂、钴酸锂等锂离子电池正极材料和多元前驱体等材料的研发、生产和销售。 产品：多元材料、钴酸锂、磷酸（锰）铁锂、钠电正极材料、智能装备、磷酸(锰)铁锂、钠电正极材料,baostock+akshare
300074.SZ,华平股份,A股,I65软件和信息技术服务业,,通过“视讯+”技术的行业化创新应用，推进各行业业务模式的革新和人们生活智能化水平的提升，为用户提供领先的视音频通讯产品以及专业的行业可视化应用解决方案。 产品：智慧城市、应急指挥、视频通讯、医疗医保信息产品及服务,baostock+akshare
300075.SZ,数字政通,A股,I65软件和信息技术服务业,机器人本体/集成,专业智慧城市应用软件的开发和销售，并提供技术支持和后续服务。 产品：系统软件类业务、系统集成类业务、运营服务类业务,baostock+akshare
300076.SZ,*ST宁视,A股,C39计算机、通信和其他电子设备制造业,机器人本体/集成,智能拼接显示产品的研发、生产以及销售。 产品：大屏拼接显示系统、系统集成业务、其他(补充),baostock+akshare
300077.SZ,国民技术,A股,C39计算机、通信和其他电子设备制造业,锂电材料;PACK/BMS,锂电池材料的制造和销售。 产品：集成电路和关键元器件、负极材料、通用MCU芯片、高等级安全芯片、电源管理BMS芯片、无线射频芯片、负极材料销售及加工、芯片类产品、其他,baostock+akshare
300078.SZ,思创智联,A股,C39计算机、通信和其他电子设备制造业,,商业智能、物联网业务。 产品：商业智能、智慧医疗、智慧医院板块、区域医疗协同板块、医疗健康数据要素化板块、数字化人工智能服务平台板块、出售房产,baostock+akshare
300079.SZ,数码视讯,A股,C39计算机、通信和其他电子设备制造业,,视频、安全、人工智能与通信服务等前沿技术的创新研发。 产品：软件技术服务、视频技术产品及服务、网络传输系统、信息服务终端、金融科技产品、公共安全产品、其他,baostock+akshare
300080.SZ,易成新能,A股,C38电气机械和器材制造业,锂电材料;电芯,石墨电极及相关产品、全钒液流储能电站、锂电池、太阳能边框以及石墨产品的生产与销售，光伏电站的建设与运营等业务。 产品：新能源电站、储能电站、锂离子电池、光伏铝边框、石墨电极、负极材料、光伏、风力电站、储能电站系统、锂电池、光伏边框、石墨电极产品、其他产品、其中:煤焦油深加工、太阳能边框产品、负极材料(石墨产品)、石墨电极及相关产品,baostock+akshare
300081.SZ,ST恒信,A股,I65软件和信息技术服务业,机器人本体/集成,数字文化创意、内容生产与技术服务。 产品：数字创意产品应用及服务、互联网视频应用产品及服务、算力系统集成及技术服务,baostock+akshare
300082.SZ,奥克股份,A股,C26化学原料和化学制品制造业,,专注于环氧乙烷、乙烯衍生绿色低碳精细化工高端新材料的研发与生产销售。 产品：聚醚单体、聚乙二醇、碳酸酯、脂肪醇醚、环氧乙烷,baostock+akshare
300083.SZ,创世纪,A股,C34通用设备制造业,,数控机床的研发、生产及销售。 产品：高端智能装备、整体解决方案、钻铣加工中心系列、立式加工中心系列、卧式加工中心系列、龙门加工中心系列、五轴联动加工中心系列、数控车床系列、型材加工中心系列、创世纪AI云平台、高端机床数字化解决方案、行业解决方案、自动化柔性线解决方案、数控机床、经营租赁、其他业务/产品,baostock+akshare
300084.SZ,海默科技,A股,B11开采专业及辅助性活动,,油气田高端装备制造、油气田技术服务和油气田数字化业务。 产品：多相计量产品及相关服务、井下测试井及增产仪器、工具及相关服务、压裂设备及相关服务、油田特种车辆、环保设备及相关服务、井下测/试井、增产仪器、油气销售、井下测/试井及增产仪器、工具及相关服务,baostock+akshare
300085.SZ,银之杰,A股,I65软件和信息技术服务业,数据中心/云厂商,为银行等金融机构提供软件开发、数字金融解决方案、金融专用设备和技术服务；为银行等金融机构和大型企业提供数字化转型、大数据平台、分布式云计算架构等基础架构建设及治理服务，以及基于数字化架构的数据中台、智能中台、影像平台的解决方案和交付服务。 产品：金融软件、金融专用设备、短彩信通讯服务、移动互联网应用服务、电子商务,baostock+akshare
300086.SZ,康芝药业,A股,C27医药制造业,,儿童用药、母婴健康用品的研发、生产和销售。 产品：儿童药、成人药、母婴健康用品、医疗器械、自产、其中:自产-儿童药、代理、其中:代理-儿童药、其中:自产-成人药,baostock+akshare
300087.SZ,ST荃银,A股,A05农、林、牧、渔专业及辅助性活动,,优良水稻、玉米、小麦等主要农作物种子的研发、繁育、推广、服务，以及利用公司优质特色品种带动的订单农业业务。 产品：农作物种子、订单农业业务、水稻种子、玉米种子、小麦种子、棉花种子、瓜菜种子、大豆种子、其他作物种子、订单粮食、青贮饲料、皮棉、棉籽、农机、农化及其他业务、订单粮食、青贮饲料、皮棉、棉籽、农机、农化及其他业务,baostock+akshare
300088.SZ,长信科技,A股,C39计算机、通信和其他电子设备制造业,,汽车电子和消费电子等业务。 产品：汽车电子业务、超薄液晶显示面板减薄业务、超薄玻璃盖板（UTG）业务、消费电子业务、触控显示器件材料,baostock+akshare
300091.SZ,*ST金灵,A股,C34通用设备制造业,机器人本体/集成,以工业鼓风机、离心空气压缩机、新型高效蒸汽轮机、工业锅炉等流体机械制造为核心的装备制造及系统集成与改造服务。 产品：鼓风机、压缩机、汽轮机、锅炉销售、发电机组、系统集成建设类项目、系统集成运营类项目、工业鼓风机、多级高压离心鼓风机、高效离心空气压缩机、高速离心蒸汽压缩机、单级压缩机、新型高效蒸汽轮机、燃油燃气锅炉、高效洁净煤粉锅炉、生物质锅炉、循环流化床锅炉、各类余热锅炉,baostock+akshare
300092.SZ,科新机电,A股,C35专用设备制造业,机器人本体/集成,核电军工、新能源、新材料、天然气化工、石油炼化、煤化工等领域生产环节的高端重型过程装备及系统集成的设计、研发及制造。 产品：大型反应器、热交换器、塔器、炉类设备、各类容器、核电军工、油气橇装设备、天然气化工设备、石油炼化设备、煤化工设备,baostock+akshare
300093.SZ,金刚光伏,A股,C38电气机械和器材制造业,,异质结(HJT)高效电池片、高效太阳能组件的研发、制造、销售。 产品：太阳能电池片、太阳能组件、N型单晶异质结电池、N型异质结组件、太阳能电池及组件、玻璃门窗及其他、算力服务,baostock+akshare
300094.SZ,国联水产,A股,C13农副食品加工业,,水产品的研究、开发、收购、冷冻、加工和销售；水产饲料的制造和销售；水产种苗的引进、繁育、养殖及销售；速冻水产品、速冻食品的加工和销售。 产品：精深加工类、初加工类、全球海产精选类、牛蛙、风味鱼、小龙虾、快煮、裹粉、米面、调理、火锅、生熟带头、生熟虾仁、鱼片、阿根廷红虾、沙特虾、黑虎虾、北极甜虾、新西兰青口贝、鳕鱼、帝王蟹、巴沙鱼、水产食品、饲料、其他,baostock+akshare
300095.SZ,华伍股份,A股,C34通用设备制造业,PACK/BMS,工业制动器及其驱动、控制系统的研发、设计、制造、销售和服务。 产品：各种常规工业制动器、风电制动器产品、矿卡制动器产品、轨道交通制动系统、摩擦材料、航空工艺装备、盘式制动器、鼓式制动器、钳盘式制动器、带式制动器、多盘式制动器、防风铁楔、液压轮边制动器、电动轮边制动器、夹轨器、顶轨器、制动状态监测系统（BMS）、驱动控制单元、华伍智能云平台、高速轴制动器、偏航制动器、转子制动器、液压锁销、电动锁销、机械锁销、偏航电机尾端制动器、液压站、液压干盘制动器、湿式多盘制动器、工装夹具、成型模具、装配型架、起重运输制动系统、风电制动系统、金属管件、阀门产品,baostock+akshare
300096.SZ,ST易联众,A股,I65软件和信息技术服务业,机器人本体/集成,数字人社业务、数字医保业务、数字医疗业务、数字科技业务和数字服务业务。 产品：定制软件及IC、技术服务、系统集成及硬件、保险经纪,baostock+akshare
300097.SZ,智云股份,A股,C35专用设备制造业,机器人应用,成套智能装备的研发、设计、生产与销售，并提供相关的技术配套服务。 产品：触控显示模组段自动化设备、汽车动力总成智能制造装备、全自动COG、全自动FOG、双面FOG、全自动COF、全自动COP、全自动FOP、全自动FOF等高精度邦定类设备、全自动封胶、精密点胶类设备、AOI检测、粒子检测等全自动检测类设备、自动玻璃清洗机、全自动POL贴附机、精度检测机、全自动端子清洗机、ACF贴附机、背光组装机、OCA全自动贴合设备、3D贴合设备、曲面贴合设备、OLED全自动折弯机等设备、CCM摄像头检测装配设备、车载智能模块线、指纹模组全自动生产线、自动检测设备、自动装配设备、清洗过滤设备、物流搬运设备及多工位专用加工设备、汽车智能制造装备、触控显示模组段设备、其他(补充),baostock+akshare
300098.SZ,高新兴,A股,I65软件和信息技术服务业,,以通用无线通信技术为基础，融合大数据和人工智能等技术，构筑物联网大数据应用产业集群，致力于成为全球智慧城市物联网领先的产品和服务提供商。 产品：车载终端、智慧政法及视频云、动力环境监控、其中:车载终端-1.1汽车车载产品、其中:车载终端-1.2轨交终端产品,baostock+akshare
300099.SZ,尤洛卡,A股,C35专用设备制造业,,智慧矿山领域的多场景应用机器人和矿山安全监测监控业务。 产品：智慧矿山多场景应用机器人、智慧矿山数字化监测预警平台、军工制导、智能柴油单轨运输机器人、智能锂电单轨运输机器人、智能履带运输机器人、智能轨道安装机器人、隔爆兼本安型巡检机器人、智慧矿山、国防军工、其他,baostock+akshare
300100.SZ,双林股份,A股,C36汽车制造业,机器人核心部件,汽车部件的研发、制造与销售业务的专业智造企业。 产品：传动驱动智能、内外饰件、汽车内外饰及精密零部件、智能控制系统部件、动力系统、轮毂轴承、滚柱丝杠、滚珠丝杠、其他,baostock+akshare
300101.SZ,振芯科技,A股,I65软件和信息技术服务业,机器人传感器,高端集成电路、北斗导航、机器视觉与人工智能领域的产品研发与系统服务。 产品：集成电路业务、北斗导航综合应用、智慧城市建设运营服务、机器感知与智能化产品、射频类、视讯类、北斗类、模块及微系统,baostock+akshare
300102.SZ,乾照光电,A股,C39计算机、通信和其他电子设备制造业,,半导体光电产品的研发、生产和销售业务。 产品：外延片、芯片、LED外延片及芯片、砷化镓太阳能电池产品、感测及光通信芯片、外延片及芯片、其他,baostock+akshare
300103.SZ,达刚控股,A股,C42废弃资源综合利用业,,高端路面装备研制及新能源设备业务。 产品：高端路面装备研制业务、城市道路智慧运维业务、新能源相关业务、智能型沥青洒布车、沥青碎石同步封层车、微表处/稀浆封层车、液态沥青运输车、自行式碎石撒布机、粉料撒布车、冷再生机、多功能路肩（侧边）摊铺机、沥青路面养护车、水泥净浆洒布车、沥青脱桶设备、路面吸尘车、机场道面快速修复车、小型生活垃圾无害化处理设备、环保型垃圾处理设备、沥青混合料搅拌设备、再生一体机设备、高端路面装备研制业务分部、新能源相关业务分部、城市道路智慧运维业务分部,baostock+akshare
300105.SZ,龙源技术,A股,C38电气机械和器材制造业,,节能业务、环保业务及新能源业务。 产品：综合节能改造业务、节油业务、低氮燃烧业务、智能化（软件）业务、混氨业务、清洁供暖业务、其他业务、分布式光伏项目,baostock+akshare
300106.SZ,西部牧业,A股,C14食品制造业,,乳制品加工销售、饲料生产销售和牛羊肉加工销售。 产品：生鲜乳、乳制品、种畜销售、饲料、牛羊肉、属畜牧业、其他业务,baostock+akshare
300107.SZ,建新股份,A股,C26化学原料和化学制品制造业,,以间氨基苯磺酸为基础，发展复合材料和新材料中间体、医药和农药中间体、染料和日化中间体、纸张化学品四个系列。 产品：染料和日化中间体、医药和农药中间体、纸张化学品、复合材料和新材料中间体,baostock+akshare
300109.SZ,新开源,A股,C26化学原料和化学制品制造业,,精细化工和精准医疗。 产品：PVPK30、PVP-I、PVP系列及其他、欧瑞姿系列、肿瘤早期诊断、分子诊断服务、基因检测技术服务、精准医疗服务、PVP系列其他,baostock+akshare
300110.SZ,华仁药业,A股,C27医药制造业,,原料药、制剂、医疗器械、医用包材、大健康产品的研发、生产、销售。 产品：基础输液、治疗制剂、腹透液,baostock+akshare
300111.SZ,向日葵,A股,C27医药制造业,,抗感染类、心血管类、消化系统类等药物的研发、生产和销售。 产品：原料类产品、制剂药产品、克拉霉素原料药、克拉霉素片、阿奇霉素分散片、注射用阿奇霉素、罗红霉素胶囊、拉西地平分散片、辛伐他汀片、注射用奥美拉唑钠、其他(补充),baostock+akshare
300112.SZ,万讯自控,A股,C40仪器仪表制造业,,研发、生产与销售智能自动化仪表并提供相关解决方案。 产品：工业自动化仪表、民用仪表、MEMS传感器、阀门定位器、执行机构、流量仪表、物液位仪表、温度仪表、压力仪表、气体分析仪表、气体探测器、报警器、燃气截止阀、现场仪表、二次仪表及其他、压力仪表及配件,baostock+akshare
300113.SZ,顺网科技,A股,I64互联网和相关服务,,软件产品开发、销售，软件服务，网络广告及推广服务，互联网增值服务，游戏服务，承办大型行业会展、提供展览展示及相关服务。 产品：网络广告及增值业务、游戏业务、展会业务、网络广告及增值,baostock+akshare
300115.SZ,长盈精密,A股,C39计算机、通信和其他电子设备制造业,服务器与终端,开发、生产、销售智能终端及电子产品精密零组件、新能源关键结构件及连接组件、具身智能与新兴科技硬件。 产品：智能终端及电子产品、新能源关键结构件及连接组件、具身智能与新兴科技硬件、其他,baostock+akshare
300118.SZ,东方日升,A股,C38电气机械和器材制造业,新能源车/储能,太阳能电池组件以及太阳能灯具等产品的生产和销售、太阳能光伏电站的建造、运营和出售。 产品：太阳能电池及组件、太阳能电站EPC与转让、光伏电站电力、储能系统、灯具及辅助光伏产品、储能系统、灯具及辅助光伏产品,baostock+akshare
300119.SZ,瑞普生物,A股,C27医药制造业,,兽用生物制品、兽用药物制剂（化学药品、中兽药、消毒剂等）、兽用原料药、兽用功能性添加剂的研发、生产、销售及提供动物疫病整体防治解决方案。 产品：生物制品、药物制剂及原料药、宠物供应链、疫控服务、禽用生物制品、制剂及原料药、畜用生物制品、宠物疫苗和药品、动保业务,baostock+akshare
300120.SZ,经纬辉开,A股,C39计算机、通信和其他电子设备制造业,,液晶显示和触控显示模组、电磁线的研发、生产和销售。 产品：铜产品、铝产品、液晶显示模组、触控显示模组、保护屏、家电组件贸易,baostock+akshare
300121.SZ,阳谷华泰,A股,C26化学原料和化学制品制造业,,橡胶助剂的生产、研发、销售。 产品：防焦剂CTP、不溶性硫磺、胶母粒、促进剂NS、促进剂CBS、微晶石蜡、高性能橡胶助剂、多功能橡胶助剂、其他,baostock+akshare
300122.SZ,智飞生物,A股,C27医药制造业,,疫苗、生物制品研发、生产、销售、推广、配送及进出口。 产品：盟威克、盟纳康、喜菲贝、盟纳克、智克威得、宜卡、微卡、优威克、四价流感病毒裂解疫苗、佳达修、佳达修9、乐儿德、纽莫法、维康特、欣安立适、代理产品、自主产品、其他(补充),baostock+akshare
300123.SZ,ST亚光,A股,C39计算机、通信和其他电子设备制造业,,船舶制造与军工电子。 产品：微波混合集成电路、小型标准化微封装器件、微波单片集成电路、半导体分立器件、基片与壳体、公务船艇、防务装备、游艇游船、电子元器件、船艇产品、维修等零星收入,baostock+akshare
300124.SZ,汇川技术,A股,C38电气机械和器材制造业,伺服系统;机器人核心部件;机器人本体/集成;新能源车/储能,通用自动化、新能源汽车、智慧电梯、轨道交通。 产品：通用自动化、智慧电梯、新能源汽车、轨道交通、其他、PLC、HMI、CNC、运动控制卡、低压变频器、中高压变频器、通用伺服系统、专用伺服系统、工业机器人、电机、丝杠、直线导轨、气动产品、传感器、工业视觉、电梯一体化/变频器、人机界面、门系统、线束线缆、井道电气、电机控制器、高性能电机、电驱总成、DC/DC、OBC、电源总成、牵引变流器、辅助变流器、高压箱、牵引电机、数字化平台、工业互联网、储能、工业自动化与数字化、新能源汽车动力系统、新兴产业,baostock+akshare
300125.SZ,*ST聆达,A股,C38电气机械和器材制造业,,高效光伏太阳能电池片业务、光伏发电业务。 产品：太阳能电池、光伏发电、EPC工程、EPC工程业务、光伏发电业务、其他(补充),baostock+akshare
300126.SZ,锐奇股份,A股,C34通用设备制造业,,高等级、高效能专业电动工具的研发、生产和销售。 产品：电动工具、配件、电钻、电动扳手、电锤、电镐、角向磨光机、电磨、抛光机、修边机、电圆锯、斜切锯、型材切割机、云石机、其他(补充),baostock+akshare
300127.SZ,银河磁体,A股,C39计算机、通信和其他电子设备制造业,,粘结钕铁硼（BonedNdFeB）稀土磁体元件及部件、钐钴磁体和热压钕铁硼磁体的研发、生产和销售。 产品：粘结磁体、热压磁体、钐钴磁体、粘结钕铁硼磁体、热压钕铁硼磁体,baostock+akshare
300128.SZ,锦富技术,A股,C39计算机、通信和其他电子设备制造业,,液晶显示模组及整机、消费电子元器件、检测治具及自动化设备、锂电池部件、汽车零部件、石油树脂产品的生产和销售。 产品：消费电子、新能源、其他化工材料、检测治具及自动化设备、液晶显示模组及整机、消费电子元器件、锂电池部件、汽车零部件,baostock+akshare
300129.SZ,泰胜风能,A股,C38电气机械和器材制造业,,风电及海工装备制造业务、零碳业务、创新及其他业务。 产品：陆上风电装备（含混凝土塔筒）、海上风电及海洋工程装备、陆上风电装备(含混凝土塔筒)、其他(补充),baostock+akshare
300130.SZ,新国都,A股,C35专用设备制造业,,支付终端设备的设计、研发、生产、销售、服务。 产品：POS机、密码键盘、外接设备、智能POS终端、扫码POS终端、刷脸支付终端、智能云音箱及新型支付终端、收单及增值服务、电子支付产品、其他,baostock+akshare
300131.SZ,英唐智控,A股,F51批发业,,电子元器件分销，芯片设计制造及软件研发销售等业务。 产品：物联网产品、电子元器件产品（分销）、芯片设计制造、软件销售、维护、电子元器件分销,baostock+akshare
300132.SZ,青松股份,A股,C26化学原料和化学制品制造业,,面膜、护肤品、湿巾等化妆品的设计、研发与制造业务。 产品：面膜系列产品、护肤系列产品、湿巾系列产品、护肤品系列产品,baostock+akshare
300133.SZ,华策影视,A股,R87广播、电视、电影和录音制作业,,影视项目的投资、制作、发行及基于影视内容的衍生业务。 产品：电视剧制作发行、电视剧版权发行、广告及衍生、经纪业务、音乐、影院票房、电影销售、算力业务、电视剧制作发行收入、电视剧版权发行收入,baostock+akshare
300134.SZ,大富科技,A股,C39计算机、通信和其他电子设备制造业,服务器与终端,智能设计制造赋能服务，面向移动通信行业、消费类电子行业、汽车零部件行业、航天航空以及军工领域提供高精密机电一体化产品及智能装备。 产品：射频产品、智能终端结构件、汽车零部件、智能装备系列产品,baostock+akshare
300135.SZ,宝利国际,A股,C25石油、煤炭及其他燃料加工业,,沥青业务和通用航空业务。 产品：道路石油沥青、通用改性沥青、成品油、飞行器租售及运营、商品销售、其他收入、飞行器及航材租赁,baostock+akshare
300136.SZ,信维通信,A股,C39计算机、通信和其他电子设备制造业,,天线及模组、无线充电及模组、EMI\EMC器件、高精密连接器、声学器件、汽车互联产品、被动元件等。 产品：天线及模组、无线充电模组及相关产品、EMI\EMC器件、高精密连接器、声学器件、汽车互联产品、被动元件、射频零、部件,baostock+akshare
300137.SZ,先河环保,A股,C40仪器仪表制造业,,环境监测设备的生产与销售、运营和咨询服务、建筑工程施工业务。 产品：环境监测系统、运营及咨询服务、生态环境监测、“双碳”技术服务、生态大脑、自然生态监测、运维服务、环境大数据分析及决策支持服务、工业污染深度治理、区域污水治理、社会化检测、新能源项目的开发、投资、建设、运营维护业务、其他,baostock+akshare
300138.SZ,晨光生物,A股,C13农副食品加工业,,天然植物提取。 产品：天然色素、香辛料、营养及药用类产品、天然香辛料提取物和精油、天然营养及药用提取物、天然甜味剂、保健食品、油脂和蛋白、色素/香辛料/营养及药用类产品、棉籽类业务、其他,baostock+akshare
300139.SZ,晓程科技,A股,B09有色金属矿采选业,,黄金开采及销售业务、太阳能发电业务和集成电路设计业务。 产品：集成电路芯片、集成电路模块、电能表、载波抄表集中器、黄金、太阳能发电、精准扶贫光伏发电、加纳关口表项目,baostock+akshare
300140.SZ,节能环境,A股,N77生态保护和环境治理业,,生活垃圾焚烧发电业务、协同类垃圾处理业务、资源综合利用及其他业务。 产品：固废综合处理、电工装备业务、环保装备业务、建造服务,baostock+akshare
300141.SZ,和顺电气,A股,C38电气机械和器材制造业,,电力成套设备、电力电子设备及充换电设备的研发、制造、销售和服务，并为用户提供全方位综合性电力应用解决方案。 产品：电力成套设备、防窃电电能计量装置、储充装置、光伏发电、氢能、安装施工,baostock+akshare
300142.SZ,沃森生物,A股,C27医药制造业,,人用疫苗等生物技术药的研发、生产和销售。 产品：自主疫苗、技术服务、中间产品、13价肺炎结合疫苗、双价HPV疫苗、23价肺炎多糖疫苗、b型流感嗜血杆菌结合疫苗、A群C群脑膜炎球菌多糖结合疫苗、ACYW135群脑膜炎球菌多糖疫苗、A群C群脑膜炎球菌多糖疫苗、吸附无细胞百白破联合疫苗,baostock+akshare
300143.SZ,盈康生命,A股,Q84卫生,,提供以肿瘤为特色的医疗服务以及关键场景、关键设备医疗器械的研发、创新和服务。 产品：医疗设备及耗材产品、医疗服务-主营、医疗服务-其他,baostock+akshare
300144.SZ,宋城演艺,A股,R88文化艺术业,,现场演艺业务和旅游服务业务。 产品：杭州宋城旅游区、三亚千古情景区、丽江千古情景区、九寨千古情景区、桂林千古情景区、张家界千古情景区、西安千古情景区、上海千古情景区、广东千古情景区、电子商务、设计策划、电子商务手续费,baostock+akshare
300145.SZ,南方泵业,A股,C34通用设备制造业,锂电材料,通用设备制造（泵业）和环境治理两大类业务。 产品：不锈钢冲压泵、铸造泵、污水泵、消防泵及撬装、二次供水产品、排水产品、净水产品、智慧数字化解决方案、工业泵、屏蔽泵、计量泵、气动隔膜泵、成套加药装置、立式多级冲压泵、立式多级离心泵VDROO、组合泵及高压泵、高压泵VTPX/VTPN、卧式多级冲压泵、浸入式多级冲压泵、潜水深井泵、立式管道泵、立式管道泵TDROO、卧式端吸泵、自吸排污泵、污水污物潜水电泵、管道排污泵、柴油机消防泵组、DRL恒压变频供水设备、CDE数字变频供水设备、第六代管网叠压（无负压）变频供水设备、NFPS一体化预制泵站、NFST一体化污水处理设备、NF-ZSIW一体化智慧水厂、NFTC-M系列一体化膜法净水设备、智慧水务综合数字孪生管理平台、通用设备制造业板块、勘察设计板块、废弃资源综合利用板块,baostock+akshare
300146.SZ,汤臣倍健,A股,C14食品制造业,,膳食营养补充剂的生产销售。 产品：片剂、粉剂、胶囊,baostock+akshare
300147.SZ,*ST香雪,A股,C27医药制造业,医药商业化,中药制造，集现代中药及中药饮片的研发、生产与销售和细胞免疫治疗肿瘤创新生物药的研发转化，辅之医疗器械、少量西药产品及医药流通等业务为一体。 产品：医药产品、医疗器械、医药流通、高亲和性T细胞受体（TCR）细胞治疗新药、抗病毒口服液、板蓝根颗粒、橘红系列、甲硝唑芬布芬胶囊、头孢羟氨苄胶囊、白云医用胶、高迅医用导管、药品流通业务、中药材、其他,baostock+akshare
300148.SZ,天舟文化,A股,R86新闻和出版业,,图书出版与发行，教育服务，手机游戏的研发、发行、代理与运营等业务。 产品：青少年类图书、社科类图书、移动网络游戏、社科类图书及其他,baostock+akshare
300149.SZ,睿智医药,A股,M73研究和试验发展,,提供涵盖化学药研发以及生物药从早期发现到开发与规模化生产阶段的一体化服务。 产品：化学业务、药效药动业务、大分子业务、医药研发服务及生产外包服务收入、益生元产品收入、其他收入,baostock+akshare
300150.SZ,世纪瑞尔,A股,I65软件和信息技术服务业,机器人本体/集成,铁路行车安全监控系统、铁路通信系统、乘客资讯系统及相关技术服务的开发、销售、系统集成与技术支持。 产品：铁路行车安全监控系统、城市轨道交通乘客信息系统、铁路综合信息化、铁路综合信息化业务,baostock+akshare
300151.SZ,昌红科技,A股,C35专用设备制造业,服务器与终端;机器人应用,精密模具和自动化生产集成的整体解决方案。 产品：医疗器械及高分子塑料耗材、智能制造产品、半导体耗材、模具产品、基因测序类、生命科学实验室类、辅助生殖类、体外诊断类、血液透析耗材、实时血糖检测、胰岛素治疗泵、智能办公设备（OA）、智能家居、智能医疗、智能机器人、手持智能终端、半导体晶圆载具、洁净包装物、CMP设备耗材、光罩载具、精密模具、医疗器械及耗材、精密模具及自动线设备,baostock+akshare
300152.SZ,*ST动力,A股,C34通用设备制造业,,节能燃烧。 产品：洁净燃烧、锅炉节能、洁净燃烧及锅炉节能提效经营分部、其他(补充),baostock+akshare
300153.SZ,科泰电源,A股,C38电气机械和器材制造业,,发电机组产品的开发、设计、生产和销售，并为客户提供技术咨询、培训、安装、维护保养等售前和售后服务。 产品：环保低噪声柴油发电机组、工程劳务零配件、设备厂房租赁、新能源销售、安装劳务零配件,baostock+akshare
300154.SZ,瑞凌股份,A股,C34通用设备制造业,,逆变焊割设备、焊接自动化系列产品、激光焊和焊接材料配件类产品、精密钣金型材机加类结构件产品的研发、生产、销售和服务。 产品：逆变焊割设备系列产品、焊接自动化系列产品、焊接配件类产品、精密钣金、型材机加类结构件产品、焊接材料、精密钣金、型材机加类结构件产品,baostock+akshare
300155.SZ,安居宝,A股,C39计算机、通信和其他电子设备制造业,机器人本体/集成,楼宇对讲系统、智能家居系统、停车场系统、监控系统等智慧社区安防智能化设备及系统的研发设计、生产制造和销售。 产品：楼宇对讲系统、智能家居系统、停车场系统及道闸广告业务、监控及系统集成、楼宇对讲、智能家居、智慧社区领域、其他,baostock+akshare
300157.SZ,新锦动力,A股,C34通用设备制造业,,为石油、化工、天然气、电力、新能源等领域提供大型核心机械设备及其研发、制造、测试、成套等全生命周期服务。 产品：装备及备件销售、油气开采与销售、技术服务、软件销售、其他业务,baostock+akshare
300158.SZ,振东制药,A股,C27医药制造业,药企/生物科技,肿瘤、皮科、消化、泌尿、心脑等仿制药、创新药的研发、生产、销售，以及种子种苗抚育、种植、加工、仓储、饮片于一体的中药材全产业链。 产品：中成药、化药、复方苦参注射液、米诺地尔搽剂、生白颗粒、舒血宁注射液、西黄丸、独一味颗粒、复方胰酶散、大山楂丸、中药、非药品收入,baostock+akshare
300159.SZ,新研股份,A股,C35专用设备制造业,,中高端农牧机械的研发、设计、生产与销售。 产品：农牧及农副产品加工机械、航空航天飞行器零部件、4QZ-3000B/3000C自走式青（黄）贮饲料收获机、4YZT-10自走式玉米籽粒收获机、4QZ-2600型自走式青饲料收获机、4YZX-4S自走式穗茎兼收鲜食玉米机收获机、4JZ-3600A/3600B自走式辣椒收获机、4YZLB-4/5/7自走履带式玉米收获机、4YZB-4B(G4)/4BS(G4)型自走式穗茎兼收玉米收获机,baostock+akshare
300160.SZ,秀强股份,A股,C30非金属矿物制品业,,玻璃深加工产品的研发、生产和销售。 产品：家电玻璃产品、新能源玻璃产品、玻璃制品、其他(补充),baostock+akshare
300161.SZ,华中数控,A股,C34通用设备制造业,机器人本体/集成;新能源车/储能,机床数控系统、工业机器人及智能产线、教育教学领域、新能源汽车配套业务、特种装备。 产品：数控系统与机床、机器人、智能产线、特种装备、新能源汽车配套、机器人与智能产线、其他,baostock+akshare
300162.SZ,雷曼光电,A股,C39计算机、通信和其他电子设备制造业,,LED超高清显示及LED照明业务。 产品：LEDMAN雷曼超高清显示大屏、LEDMAN雷曼智慧会议交互显示系统、LEDMAN雷曼智慧教室教育交互显示系统、LEDMAN雷曼超高清家庭巨幕、LED创意显示屏、LED智慧照明、LED显示屏、LED照明、其他(补充),baostock+akshare
300163.SZ,先锋新材,A股,C17纺织业,,高分子复合遮阳材料（阳光面料）及遮阳成品的研发、生产与销售。 产品：遮阳面料、遮阳成品、阳光面料、涂层面料、遮阳帘、窗帘窗饰门店定制、窗饰及遮阳、租赁收入,baostock+akshare
300164.SZ,通源石油,A股,B11开采专业及辅助性活动,,为石油、天然气开发提供技术支持和技术服务，涵盖定向钻井、测井、射孔、压裂增产、天然气回收处理、CCUS（二氧化碳驱油、压裂、吞吐）等一体化业务。 产品：射孔销售及服务项目、其他油田服务,baostock+akshare
300165.SZ,天瑞仪器,A股,C40仪器仪表制造业,,分析检测仪器的研发与制造、体外诊断试剂的研发与生产、第三方检测服务、环境治理。 产品：实验分析仪器及系统、环境监测仪器及系统、环保工程及服务、医疗仪器及试剂、第三方检测、运维检测、配件销售、运维检测及配件销售,baostock+akshare
300166.SZ,东方国信,A股,I65软件和信息技术服务业,数据中心/云厂商;机器人本体/集成,为客户提供企业级大数据、人工智能、云计算、工业互联网等平台、产品、服务及行业整体解决方案。 产品：定制软件开发及服务、系统集成业务、软件产品、算力服务、智算中心,baostock+akshare
300167.SZ,ST迪威迅,A股,I65软件和信息技术服务业,,软件外包和算力系统解决方案。 产品：综合信息化建设、园区建设、软件开发、软件外包服务、算力解决方案,baostock+akshare
300168.SZ,万达信息,A股,I65软件和信息技术服务业,机器人本体/集成,提供智慧城市中的软件开发、服务和整体解决方案。 产品：医卫健康业务、民生服务业务、ICT业务、智慧卫健、智慧医保、医药、智慧医疗、康养管理、智慧政务、市民云、网信集成业务、信息安全业务、数智治理业务、软件开发、运营维护、系统集成,baostock+akshare
300169.SZ,天晟新材,A股,C29橡胶和塑料制品业,,高分子材料的研究、开发、生产和销售。 产品：软质发泡材料产品、硬质发泡材料产品、功能性应用产品,baostock+akshare
300170.SZ,汉得信息,A股,I65软件和信息技术服务业,,提供全链条数字化智能化产品和解决方案。 产品：财务数字化-GMC、产业数字化-C2M、泛ERP、IT外包-ITO,baostock+akshare
300171.SZ,东富龙,A股,C35专用设备制造业,药企/生物科技,为全球制药企业提供制药工艺、核心装备、系统工程整体解决方案。 产品：制剂装备板块、生物工艺装备及耗材板块、制药工程板块、食品工程及装备板块、制剂装备事业部、生物工艺装备及耗材事业部、制药工程事业部,baostock+akshare
300172.SZ,中电环保,A股,D46水的生产和供应业,,生态环境治理装备的研发、制造、销售和服务。 产品：凝结水精处理、给水处理、废污水处理及中水回用、自动化控制、固废污泥处理、烟气脱硫脱硝处理、建造、安装工程承包、工业水处理、城镇水环境治理、污泥耦合处理、烟气治理,baostock+akshare
300173.SZ,ST福能,A股,C35专用设备制造业,机器人应用,高端智能制造装备的研发、生产、销售、服务。 产品：锂电池设备及自动化生产线、3C专用设备及自动化生产线、精密功能结构件、信息技术服务、切叠一体机、焊接机、X-Ray检测机、包装机、真空隧道炉、注液机、物流线、除气终封机、铝塑膜成型封装机、EV方形动力装配线、适用于锂电池生产的整线设备、锂电池装备制造,baostock+akshare
300174.SZ,元力股份,A股,C26化学原料和化学制品制造业,,活性炭、硅酸钠、硅胶、白炭黑等化工产品的研发、生产与销售。 产品：活性炭、硅酸钠、二氧化硅,baostock+akshare
300175.SZ,朗源股份,A股,C13农副食品加工业,数据中心/云厂商,农副产品加工业务、数据中心业务。 产品：鲜果、果干、坚果、果仁、葡萄干、新鲜苹果、松子及松子仁、坚果、果仁,baostock+akshare
300176.SZ,鸿特科技,A股,C36汽车制造业,新能源车/储能,研发、生产和销售用于中高档汽车发动机、变速箱、底盘以及新能源汽车零部件、结构件等制造的铝合金精密压铸件及其总成。 产品：传统燃油压铸件、新能源压铸件、缸体、油底壳总成、缸体群架、下缸体、变速箱外延室总成、发动机前盖总成、凸轮轴承座总成、飞轮壳、差速器、油泵座、减震塔、电池托盘、前后梁、电机壳、逆变器壳体、冷却壳体、冷却盖板、电机盖板、DC/DC壳体、翼子板支架、新能源汽车部件、其他(补充),baostock+akshare
300177.SZ,中海达,A股,C39计算机、通信和其他电子设备制造业,,高精度导航定位技术产业链相关软硬件产品和服务的研发、制造和销售。 产品：高精度卫星导航定位技术产品、激光雷达技术产品、海洋探测技术产品、光电技术产品、导航控制技术产品、高精度测量型接收机（RTK）、激光RTK、SLAM-RTK、一体化监测型接收机、连续运行参考站接收机、北斗高精度控制器、智能穿戴终端、车载终端、地面激光系统、车载三维激光移动测量系统、机载激光系统、手持SLAM、单波束测深仪、多波束测深仪、单双频声学多普勒流速剖面仪、多频走航式声学多普勒流速剖面仪、无人船、工程型全站仪、安卓智能全站仪（2.0升级）、长测程彩屏全站仪、自动照准测量0.5秒全站仪、小型化全站仪、机器人全站仪、惯性测量单元（IMU）、智能化定位天线、多元融合算法、北斗导航农机自动驾驶系统、无人船导航与控制、复合地基施工系统、土石方施工系统、路面施工系统、高精度定位装备及行业解决方案、时空数据及信息化,baostock+akshare
300179.SZ,四方达,A股,C30非金属矿物制品业,,超硬材料及其相关制品的研发、生产和销售。 产品：复合超硬材料制品、CVD金刚石、资源开采/工程施工类、精密加工类、其他,baostock+akshare
300180.SZ,华峰超纤,A股,C29橡胶和塑料制品业,,超纤材料的研发、生产和销售。 产品：超纤纤维底胚、超纤绒面材料、超细纤维合成革、超细纤维底坯、尼龙6、绒面材料,baostock+akshare
300181.SZ,佐力药业,A股,C27医药制造业,,药品的研发、生产和销售。 产品：成药、中药饮片、配方颗粒、多种微量元素注射液、乌灵胶囊、灵泽片、灵莲花颗粒、百令片、百令胶囊、三七粉、川贝粉、灵芝孢子粉、聚卡波非钙片/颗粒、多种微量元素注射液（Ⅰ）、乌灵系列、中药饮片系列、其他,baostock+akshare
300182.SZ,捷成股份,A股,R87广播、电视、电影和录音制作业,,影视内容制作与发行、新媒体版权运营及数字化营销服务。 产品：音视频整体解决方案、影视剧内容制作、影视版权运营及服务、数字化营销服务板块,baostock+akshare
300183.SZ,东软载波,A股,C40仪器仪表制造业,PACK/BMS,以创新研发的物联网核心技术为依托，聚焦能源互联网与数智化场景，提供“芯片、软件、终端、系统、服务”一体化解决方案。 产品：电力线载波通信系列产品、集成电路、智能化业务、电力线载波通信/无线通信芯片、通用（包括Cortex-M0、M3及RISC-V）微控制器系列芯片、BMS微控制器芯片、Sub-1G系列射频前端、2.4G射频前端、低功耗蓝牙系列芯片、微波段射频前端芯片、带高精度ADC、高分辨率DAC模拟前端的微控制器芯片、通用8位微控制器系列芯片,baostock+akshare
300184.SZ,力源信息,A股,F51批发业,,电子元器件代理（技术）分销、自研芯片以及智能电网产品的研发、生产及销售。 产品：电子元器件、结构模块器件（模组）、电力产品、自研芯片、电力产品、自研芯片等其他业务、结构模块器件(模组),baostock+akshare
300185.SZ,通裕重工,A股,C33金属制品业,,为能源电力（含风电、水电、火电、核电）、石化、船舶、海工装备、冶金、航空航天、矿山、水泥等行业提供大型高端装备的核心部件。 产品：风电主轴（含锻造、铸造主轴）、铸件、风电装备模块化业务、其他锻件、锻材、结构件及成套设备（含冶金设备、核电业务）、粉末冶金产品、风电主轴(含锻造、铸造主轴),baostock+akshare
300187.SZ,永清环保,A股,N77生态保护和环境治理业,,新能源业务、环境治理业务。 产品：新能源业务、环境治理业务、垃圾焚烧发电、新能源投资建设运营、新能源建设工程、土壤修复、危废处置、大气治理、咨询检测、环境运营服务、环境工程服务、环境咨询服务,baostock+akshare
300188.SZ,国投智能,A股,I65软件和信息技术服务业,,电子数据取证和网络信息安全产品及相关服务。 产品：电子数据取证、公共安全大数据、数字政务、企业数字化、数字政务与企业数字化,baostock+akshare
300189.SZ,神农种业,A股,A05农、林、牧、渔专业及辅助性活动,,优质杂交水稻种子和其他农作物良种的选育、推广、销售。 产品：农作物种子、农副产品、水产品、杂交水稻种子、油菜种子、其他种子、玉米种子,baostock+akshare
300190.SZ,维尔利,A股,N77生态保护和环境治理业,,城市环境业务与生物能源业务。 产品：环保工程、设备销售、运营服务、BOT项目运营、节能服务,baostock+akshare
300191.SZ,潜能恒信,A股,B07石油和天然气开采业,,石油勘探开发技术、工程服务和油气资源的勘探、开发、生产业务。 产品：油气开采、石油勘探技术服务、租赁,baostock+akshare
300192.SZ,科德教育,A股,P83教育,,教育业务；胶印油墨和UV油墨的研发、生产和销售。 产品：教育培训业务、油墨化工业务、中等职业学校、全日制学校、职业技能培训、单张纸胶印油墨系列、冷固轮转胶印油墨系列、热固轮转胶印油墨系列、UV紫外光固化油墨系列、油墨产品、职校和全日制学校、其他(补充),baostock+akshare
300193.SZ,佳士科技,A股,C34通用设备制造业,,焊割设备的研发、生产和销售以及焊割配件、焊接材料和焊接机器人的销售。 产品：电焊机、焊割配件、焊接材料、焊接机器人、气保焊系列、氩弧焊系列、手工焊系列、埋弧焊系列、手持激光焊系列、等离子切割系列、逆变电焊机与配件、其他(补充),baostock+akshare
300194.SZ,福安药业,A股,C27医药制造业,,化学药品的研发、生产、销售。 产品：抗生素类、抗肿瘤类、特色专科药类、庆大霉素、头孢唑肟钠、头孢美唑钠、拉氧头孢钠、头孢他啶、枸橼酸托瑞米芬片（制剂）、盐酸昂丹司琼（原料药、制剂）、盐酸格拉司琼（原料药、多索茶碱（原料药、尼麦角林胶囊、舒林酸片、谷胱甘肽、注射用甲泼尼龙琥珀酸钠、注射用氢化可的松琥珀酸钠、盐酸乐卡地平、制剂、原料药及中间体、其他(补充),baostock+akshare
300195.SZ,长荣股份,A股,C35专用设备制造业,,定制化、智能化、数字化的印刷包装解决方案及印刷包装智慧工厂整厂解决方案。 产品：印刷装备及服务、物业租赁服务、铸件产品、融资租赁服务、智能化系统服务、医疗器械及设备、装备制造及系统解决方案、经营租赁、融资租赁,baostock+akshare
300196.SZ,长海股份,A股,C30非金属矿物制品业,,玻璃纤维及其制品、玻纤复合材料制品的研发、生产和销售。 产品：玻璃纤维及制品、化工制品、玻璃钢制品、玻纤纱、短切毡、湿法薄毡、玻纤织物、复合隔板、涂层毡、网格布、热塑性玻纤及制品,baostock+akshare
300197.SZ,节能铁汉,A股,N77生态保护和环境治理业,,生态修复工程和园林绿化工程、环保工程设计与施工、环境污染治理设施营运服务、苗木生产和销售。 产品：生态环保、生态景观、生态旅游、设计维护、其它,baostock+akshare
300198.SZ,*ST纳川,A股,C29橡胶和塑料制品业,,给排水管材研发制造销售、管道修复、管道工程服务、管网投资运营业务，以及新能源业务。 产品：高密度聚乙烯（HDPE）缠绕结构壁管、钢骨架聚乙烯（PE）塑料复合管、绿色安全PE实壁管（含核级管道）、连续缠绕玻璃纤维增强管、聚酯增强复合顶管、新能源业务、管道业务、工程服务业务,baostock+akshare
300199.SZ,翰宇药业,A股,C27医药制造业,,多肽制剂、原料药、小核酸与CRDMO的研发、销售。 产品：制剂、原料药、客户肽、固体类、大消费品、多肽制剂、小核酸与CRDMO、其他(补充),baostock+akshare
300200.SZ,高盟新材,A股,C26化学原料和化学制品制造业,,复合粘接材料、交通功能材料、电气功能材料、低碳涂层材料、光学显示材料。 产品：复合粘接材料、交通功能材料、电气功能材料、胶粘剂及树脂、NVH隔音减振降噪材料、其他(补充),baostock+akshare
300201.SZ,海伦哲,A股,C35专用设备制造业,,特种车辆产品的研发、生产、销售和服务业务。 产品：高空作业车、电源车、抢修车、备件修理服务、军品、消防车、军品及消防车,baostock+akshare
300203.SZ,聚光科技,A股,C40仪器仪表制造业,,研发、生产和销售应用于环境监测、工业过程分析等领域的仪器仪表。 产品：仪器、相关软件、耗材、运营服务、检测服务、咨询服务、环境设备及工程、仪器、相关软件及耗材、运营服务、检测服务及咨询服务,baostock+akshare
300204.SZ,舒泰神,A股,C27医药制造业,,生物药物的研发、生产和营销。 产品：苏肽生、舒泰清、注射用鼠神经生长因子(苏肽生)、聚乙二醇电解质散剂(舒泰清)、其他,baostock+akshare
300205.SZ,*ST天喻,A股,C39计算机、通信和其他电子设备制造业,,金融行业业务、通信与物联网行业业务。 产品：智能卡、终端、技术服务与开发、金融智能卡,baostock+akshare
300206.SZ,理邦仪器,A股,C35专用设备制造业,,医疗电子设备产品和体外诊断产品的研发、生产、销售、服务。 产品：病人监护、妇幼健康、心电诊断、体外诊断、超声影像、病人监护业务、心电诊断业务、超声影像业务,baostock+akshare
300207.SZ,欣旺达,A股,C38电气机械和器材制造业,电芯;新能源车/储能,锂离子电池、电动汽车电池模组、储能电池及储能系统、锂离子电池材料、高性能膜材料、自动化设备及产线、电子产品的研发、生产和销售。 产品：锂离子电池电芯及模组、消费类电池、电动汽车类电池、其他,baostock+akshare
300209.SZ,行云科技,A股,F52零售业,,内贸及出口B2B业务。 产品：B2B业务、B2C业务、软硬件、配件、软件开发、运维服务、软件开发及运维服务、跨境电商销售,baostock+akshare
300210.SZ,森远股份,A股,C35专用设备制造业,,公路养护高端设备制造。 产品：大型再生设备、预防性养护设备、除冰雪设备、环卫设备、3D打印设备、就地热再生重铺机组、就地冷再生机、厂拌热再生设备、移动式厂拌冷再生设备、水泥混凝土搅拌站、激光道路检测车、道路灌缝设备、沥青路面养护车、沥青混合料再生修补车、沥青混合料保温运输车、微表处施工车、薄层罩面机、防撞车、除雪铲、除雪滚刷、独立除雪滚刷、融雪剂撒布机、中置滚刷、加热融冰机、多功能除雪车、电动除雪车、抛雪机、热吹除雪车、热吹除雪车（后吹式）、皮卡除雪车、载货底盘除雪车、综合除冰车、六合一除冰雪车、三合一机场除雪车、洗扫车、绿化综合养护车、前置绿化修剪机、多功能抑尘车、自装卸式垃圾车、垃圾对接转运车、车厢可卸式垃圾车、餐厨垃圾车、喷墨砂型3D打印机、轮廓失效激光3D打印、应急抢险设备、沥青路面再生设备、拌合设备,baostock+akshare
300211.SZ,*ST亿通,A股,C39计算机、通信和其他电子设备制造业,,广播电视设备的研发、生产和销售、承接智能化视频监控工程服务，以及集成电路、芯片及传感器的研发、设计与销售。 产品：有线电视网络传输设备、视频监控项目、芯片及传感器、前端光传输设备、光工作站、光传输平台、RF-PON产品、光发射机、光接收机、EDFA光放大器、光开关、射频放大器、无源器件、GEPON设备、数字光工作站、EOC设备、家庭互联产品、智能化监控工程服务、超低功耗人工智能处理器芯片、健康监测类生物传感器、芯片及传感器模组、智能化监控工程、医疗器械,baostock+akshare
300212.SZ,*ST易录,A股,I65软件和信息技术服务业,,智能交通管理系统、公共安全系统、智慧城市系统的研发、生产和销售。 产品：数字化系统及底座、数据运营及服务、解决方案、服务咨询、产品销售,baostock+akshare
300213.SZ,佳讯飞鸿,A股,C39计算机、通信和其他电子设备制造业,,为轨道交通、国防、政府、能源、金融等关键领域提供数智化解决方案及高端专业服务。 产品：指挥调度类、智能应用类、行业物联网应用类、“飞鸿云”私有云平台、“飞鸿数”大数据平台、“飞鸿安视”智能视觉平台、“飞鸿物联”物联网平台、铁路作业管控智能化解决方案、多元感知融合巡防/周界方案、信号设备状态监测与健康管理方案,baostock+akshare
300214.SZ,日科化学,A股,C26化学原料和化学制品制造业,,塑料和橡胶改性剂、人工智能算力两大业务。 产品：ACR系列产品、ACM系列产品、ACS系列产品、氯碱类产品、算力服务、塑料和橡胶改性剂、氯碱产品,baostock+akshare
300215.SZ,电科院,A股,M74专业技术服务业,,各类高低压电器的技术检测和校准服务。 产品：高压电器检测、低压电器检测、环境检测,baostock+akshare
300217.SZ,东方电热,A股,C35专用设备制造业,液冷;新能源车/储能,家用电器（元器件）、新能源（装备制造、汽车元器件及电池材料）和光通信（材料）相关产品的研发、生产、销售等。 产品：家用电器元器件、新能源汽车元器件、新能源装备制造、光通信材料、锂电池材料、空调、厨卫用电加热器、PTC电加热器、智能座舱模组、液冷及风冷散热模组、熔盐储能电加热器、多晶硅生产设备、硅碳负极设备、预镀镍材料、钢（铝）塑复合材料,baostock+akshare
300218.SZ,安利股份,A股,C29橡胶和塑料制品业,,生态功能性聚氨酯合成革及复合材料的研发、生产、销售与服务。 产品：生态功能性合成革、普通合成革、其他(补充),baostock+akshare
300219.SZ,鸿利智汇,A股,C39计算机、通信和其他电子设备制造业,,LED半导体封装和LED汽车照明。 产品：LED半导体封装业务、LED汽车照明业务、MiniLED、白光LED、车规级LED、UVLED、LED支架、前大灯、信号灯、警示灯、前照灯、工作灯、室内灯、尾灯、雾灯、氛围灯、发光前保、阅读灯、智能化车灯、LED封装产品、汽车照明产品、其他(补充),baostock+akshare
300220.SZ,金运激光,A股,C39计算机、通信和其他电子设备制造业,,高端数字激光装备制造业务和IP衍生品运营业务。 产品：X-Y轴系列产品、振镜系列产品、裁床系列产品、固体激光产品系列-光纤、智能零售终端系列产品、IP衍生品运营、3D、固体激光产品系列、振镜系列、3D及其他,baostock+akshare
300221.SZ,银禧科技,A股,C29橡胶和塑料制品业,,高性能高分子新材料研发、生产和销售。 产品：改性塑料、智能氛围照明、节日氛围灯、工程线性照明、消费类智能灯带、智能灯具、智能圣诞灯串、智能泡串、智能窗帘灯、智能冰条灯、智能瀑布灯、屋檐灯、IP20软灯带、IP67硅胶霓虹灯带、IP65硅胶套装灯带、车载照明及周边、智能照明相关产品、其他类产品,baostock+akshare
300222.SZ,科大智能,A股,C34通用设备制造业,机器人应用;新能源车/储能,数字能源、智能机器人应用。 产品：数字能源、智能机器人、智能配用电设备、储能系统产品、整体综合解决方案、其他(补充),baostock+akshare
300223.SZ,北京君正,A股,C39计算机、通信和其他电子设备制造业,存储芯片,集成电路的设计、开发及产业化，包括处理器芯片及平台式解决方案的研发。 产品：存储芯片、计算芯片、模拟与互联芯片,baostock+akshare
300224.SZ,正海磁材,A股,C30非金属矿物制品业,新能源车/储能,高性能钕铁硼永磁材料和新能源汽车电机驱动系统的研发、生产、销售和服务。 产品：钕铁硼永磁材料及组件、新能源汽车电机驱动系统,baostock+akshare
300225.SZ,金力泰,A股,C26化学原料和化学制品制造业,,涂料的研发、生产和销售。 产品：阴极电泳漆、面漆、陶瓷涂料、阴极电泳涂料、其他,baostock+akshare
300226.SZ,上海钢联,A股,L72商务服务业,,大宗商品及相关产业的数据服务、生产与处理。 产品：产业数据服务、钢材交易服务、数据订阅服务、商务推广服务、会务培训服务、研究咨询服务、寄售交易服务、供应链服务、供应链服务业务,baostock+akshare
300227.SZ,光韵达,A股,C39计算机、通信和其他电子设备制造业,机器人应用,电子信息和航天航空领域提供激光应用服务和智能制造创新解决方案。 产品：电子制造服务、航空零部件、激光器、通信终端,baostock+akshare
300228.SZ,富瑞特装,A股,C35专用设备制造业,,天然气液化和LNG储存、运输、终端应用全产业链装备制造及提供一站式整体技术解决方案及运维服务、重型装备制造。 产品：低温储运应用设备、重装设备、装卸设备、液化工厂装置、LNG/L-CNG加气站设备、低温液体运输车、低温液体罐式集装箱、LNG储罐、车（船）用LNG供气系统、速必达、系列低温阀门、各类化工及海工等方面的塔器、换热器、反应器等压力容器及LNG船罐、LNG加工运维服务及销售、LNG销售及运维服务,baostock+akshare
300229.SZ,拓尔思,A股,I65软件和信息技术服务业,机器人本体/集成,融媒体业务、金融科技业务、数字政府业务、数字企业、公共安全业务。 产品：大数据软件产品及服务、人工智能软件产品及服务、安全产品、系统集成及其他,baostock+akshare
300230.SZ,永利股份,A股,C29橡胶和塑料制品业,,高分子材料轻型输送带与高端精密模塑产品两类业务。 产品：轻型输送带、电子、电信及精密玩具塑料件、电子、电信及精密玩具模具塑料件,baostock+akshare
300231.SZ,银信科技,A股,I65软件和信息技术服务业,数据中心/云厂商;机器人本体/集成,为数据中心IT基础设施提供一站式IT整体解决方案。 产品：IT基础设施运维服务、系统集成服务、软件开发与销售、算力服务业务,baostock+akshare
300232.SZ,洲明科技,A股,C39计算机、通信和其他电子设备制造业,,LED显示屏、LED灯饰、LED照明灯、电子产品的生产及销售。 产品：智慧显示、智能照明、其他,baostock+akshare
300233.SZ,金城医药,A股,C27医药制造业,药企/生物科技,医药中间体、原料药、口服及外用制剂以及注射剂的研发、生产和销售。 产品：头孢侧链活性酯系列产品、生物制药及特色原料药、制剂以及其他医药化工产品、硝呋太尔制霉素阴道软胶囊、硝呋太尔胶囊、普罗雌烯乳膏、普罗雌烯氯喹那多阴道片以及注射用头孢唑林钠、注射用头孢他啶、注射用头孢呋辛钠、头孢羟氨苄胶囊、头孢克洛分散片、烟碱、4-AA、4-BMA、EDC、DIC、制剂产品、其他、生物制药及特色原料药系列产品,baostock+akshare
300234.SZ,开尔新材,A股,C30非金属矿物制品业,,新型功能性搪瓷（珐琅）材料的研发、设计、推广、制造与销售。 产品：内立面装饰搪瓷材料、工业保护搪瓷材料、珐琅板绿色建筑幕墙材料、幕墙装饰工程,baostock+akshare
300235.SZ,方直科技,A股,I65软件和信息技术服务业,,中小学教育产品以及“人工智能+教育数字化”产品的研发、设计、销售及持续服务。 产品：中小学教育、AI教育与技术服务、学生教材配套软件、教师用书配套软件、数字化教育应用与产品、教育信息化智能化服务、AIGC实训解决方案、AI数字化课程生产系统、自主产品、技术开发、服务、集成项目,baostock+akshare
300236.SZ,上海新阳,A股,C39计算机、通信和其他电子设备制造业,半导体材料;晶圆制造,集成电路制造及先进封装用关键工艺材料及配套设备的研发、生产、销售和服务，为客户提供整体化解决方案、环保型、功能性涂料的研发、生产及相关服务业务以及专业的整体涂装业务解决方案。 产品：电子电路、晶圆制造及先进封装用电镀液及添加剂系列产品、晶圆制造用清洗液系列产品、集成电路制造用高端光刻胶系列产品、晶圆制造用化学机械研磨液系列产品、晶圆制造用蚀刻液系列产品、半导体封装用电子化学材料、配套设备产品、氟碳涂料产品系列、集成电路材料、涂料品、集成电路材料配套设备及配件,baostock+akshare
300237.SZ,ST美晨,A股,C36汽车制造业,,各种流体输送系统产品、悬架减振系统产品、热管理系统产品的研发、设计、制造和销售、园林业务。 产品：流体输送系统、悬架减振系统、热管理系统、园林业务、汽车配件、其他收入、园林,baostock+akshare
300238.SZ,冠昊生物,A股,C35专用设备制造业,,材料、药业、细胞三大业务。 产品：第三类植入性医疗器械、化学药品第1类、技术服务、生物型硬脑（脊）膜补片、B型硬脑（脊）膜补片、无菌生物护创膜、艾瑞欧TM乳房补片、胸普外科修补膜片、安润可降解泪小管栓、欣比克本维莫德乳膏、细胞技术服务、代理品、B型硬脑(脊)膜补片、生物型硬脑(脊)膜补片、本维莫德,baostock+akshare
300239.SZ,东宝生物,A股,C27医药制造业,,明胶和胶原蛋白及其衍生产品的研发、设计、生产、销售。 产品：明胶、胶原蛋白、空心胶囊、TOC端系列产品、胶囊业务、明胶系列产品及副产品磷酸氢钙、胶原蛋白业务,baostock+akshare
300240.SZ,飞力达,A股,G58多式联运和运输代理业,机器人应用,向智能制造企业提供供应链管理服务。 产品：国际货运代理、综合物流服务、入厂物流管理服务、生产物流管理服务、成品物流、陆运仓配物流、多式联运、流通加工、服务外包、全球售后备件物流、低碳绿色循环包装、海运物流、空运物流,baostock+akshare
300241.SZ,瑞丰光电,A股,C39计算机、通信和其他电子设备制造业,,LED封装及提供相关解决方案。 产品：LED产品、电子纸产品、其他(补充),baostock+akshare
300242.SZ,佳云科技,A股,L72商务服务业,,互联网营销业务。 产品：互联网营销业务、美妆护肤业务、其他,baostock+akshare
300243.SZ,瑞丰高材,A股,C26化学原料和化学制品制造业,,PVC塑料助剂、工程塑料助剂、生物可降解材料及聚酯材料、合成生物材料、新能源电池专用材料等化工新材料的研发、生产和销售。 产品：ACR加工助剂、ACR抗冲改性剂、MBS抗冲改性剂、MC抗冲改性剂、工程塑料助剂、ACR助剂,baostock+akshare
300244.SZ,迪安诊断,A股,Q84卫生,,医学诊断服务及体外诊断产品销售。 产品：诊断服务、渠道产品、自产产品,baostock+akshare
300245.SZ,ST天玑,A股,I65软件和信息技术服务业,,IT支持与维护服务、IT外包服务、IT专业服务、IT软件服务等技术服务以及软、硬件销售业务。 产品：IT支持与维护、IT外包服务、IT专业服务、IT软件服务、软硬件销售、自有产品销售,baostock+akshare
300246.SZ,宝莱特,A股,C35专用设备制造业,,医疗器械产品研发、生产、销售、服务。 产品：医疗监护设备及配套产品、血液透析产品、监护仪设备、心电图机、输注液泵、脉搏血氧仪、中央监护系统、可穿戴医疗产品、血液透析设备（机）、血液透析器、透析液过滤器、血液透析粉/透析液、透析管路、穿刺针、消毒液、透析用制水设备、消毒系统、浓缩液集中配供液系统、腹膜透析设备、配套使用的腹膜透析管路、血透产品、监护仪产品、其他(补充),baostock+akshare
300247.SZ,融捷健康,A股,C38电气机械和器材制造业,,健康产品的产销。 产品：远红外理疗系列、便携桑拿系列、空气净化系列、健身器械系列、远红外理疗桑拿房、便携式桑拿产品、空气净化器、冰桶、健身器材、销售商品、其他(补充),baostock+akshare
300248.SZ,新开普,A股,I65软件和信息技术服务业,,校园校务管理、后勤生活服务信息化，教育教学信息化解决方案建设。 产品：智慧校园应用解决方案、智慧校园云平台解决方案、智慧政企应用解决方案、运维服务,baostock+akshare
300249.SZ,依米康,A股,I65软件和信息技术服务业,液冷,信息数据领域温控设备的研发、生产和销售。 产品：一体化温控产品、精密空调、风墙、AHU、干冷器、磁悬浮制冷、冷板、CDU、液冷机柜、预制化冷却系统、ICT领域产品,baostock+akshare
300250.SZ,初灵信息,A股,I65软件和信息技术服务业,,产业数智化应用市场，致力于建设“云边端”协同的边缘计算生态。 产品：智能连接、数据感知、智能应用开发、智能应用服务,baostock+akshare
300251.SZ,光线传媒,A股,R87广播、电视、电影和录音制作业,,影视项目的投资、制作、发行。 产品：影视业务、动漫业务、内容关联业务、产业投资、电影、电视剧（网剧）、动画影视、动漫题材的真人影视、IP运营、艺人经纪、音乐、文学、游戏、实景娱乐、影视剧及相关衍生业务、经纪业务及其他,baostock+akshare
300252.SZ,金信诺,A股,C38电气机械和器材制造业,PCB,通信电缆及光纤光缆、通信组件及连接器、PCB系列、卫星及无线通讯产品的研发、生产和销售。 产品：通信电缆及光纤光缆、通信组件及连接器、PCB系列、卫星及无线通讯产品,baostock+akshare
300253.SZ,卫宁健康,A股,I65软件和信息技术服务业,机器人本体/集成,集研发、销售和技术服务为一体，为客户提供“一体化”的解决方案，致力于提供医疗卫生健康信息化解决方案。 产品：智慧医院、智慧卫生、智慧医疗生态、软件及服务、系统集成、互联网医疗健康,baostock+akshare
300254.SZ,仟源医药,A股,C27医药制造业,,医药、保健食品的研发、生产、销售及医学检验、基因保存等医疗健康服务及商业业务等。 产品：抗感染药、抗过敏药、泌尿系统药、戒烟药、儿童用药、呼吸系统药、抗抑郁药、肾病药、医药原料及中间体、保健食品、医疗健康服务、磷霉素氨丁三醇散、盐酸坦索罗辛缓释胶囊、依巴斯汀片、酒石酸伐尼克兰片、维生素AD滴剂、盐酸氨溴索分散片、蒙脱石散、盐酸氟西汀胶囊、盐酸西那卡塞片、阿哌沙班片、利伐沙班片、精氨酸培哚普利片、依伏卡塞片、盐酸氨基葡萄糖（原料药）、保灵孕宝口服液、医学检验、基因保存服务,baostock+akshare
300255.SZ,常山药业,A股,C27医药制造业,,肝素系列产品的研发、生产和销售。 产品：普通肝素原料药、低分子肝素原料药、低分子肝素制剂、普通肝素制剂、水针制剂、肝素原料药、其他,baostock+akshare
300256.SZ,星星科技,A股,C39计算机、通信和其他电子设备制造业,,各种视窗防护屏、触控显示模组及精密结构件的研发和制造。 产品：触控显示类产品、视窗防护屏类产品、结构件类产品、电动自行车、电动摩托车、电动车配件、结构件类、触控显示类、视窗防护屏类,baostock+akshare
300257.SZ,开山股份,A股,C34通用设备制造业,,压缩机及膨胀发电机研发、制造、销售；地热资源勘探、钻井工程、地热电站建设（提供地热电站EPC工程总包服务或出售地热井口模块电站成套发电设备）、地热资源管理及地热电站运营维护；绿色氢氨醇及衍生化学产品。 产品：压缩机系列产品、地热发电业务、其他,baostock+akshare
300258.SZ,精锻科技,A股,C36汽车制造业,新能源车/储能,汽车差速器锥齿轮、汽车变速器结合齿齿轮、汽车变速器轴类件、EDL（电子差速锁齿轮）、同步器齿圈、离合器驱动盘毂类零件、驻车齿轮、新能源汽车用电机轴和差速器总成、高端农业机械用齿轮的生产与销售。 产品：齿轴类、总成类、汽车差速器锥齿轮、汽车变速器结合齿齿轮、汽车变速器轴类件、EDL（电子差速锁齿轮）、同步器齿圈、离合器驱动盘毂类零件、驻车齿轮、新能源汽车用电机轴、差速器总成、高端农业机械用齿轮、其他(补充),baostock+akshare
300259.SZ,新天科技,A股,C40仪器仪表制造业,,物联网智能水表、智能燃气表、智能热量表以及工商业智能电磁流量计、智慧水务、智慧农业节水等产品的研发、生产、销售。 产品：物联网民用智能表系统（含智能水表、智能燃气表、智能热量表）、智能工商业水表及流量计、智慧水务系统、智慧农业节水系统、智慧热力、智慧燃气、民用智能水表及系统、智能燃气表及系统、其他(智慧农业节水、智慧水务、智慧热力等),baostock+akshare
300260.SZ,新莱应材,A股,C34通用设备制造业,,洁净应用材料和高纯及超高纯应用材料的研发、生产与销售。 产品：高洁净真空系统、高纯气体传输系统、无菌包材、高纯及超高纯应用材料、洁净应用材料,baostock+akshare
300261.SZ,雅本化学,A股,C26化学原料和化学制品制造业,,医药和农药中间体产品的研发、生产、销售等。 产品：农药中间体及原药、农药制剂、医药中间体及原料药、酶产品、农药中间体、医药中间体、其它业务收入,baostock+akshare
300263.SZ,隆华科技,A股,C34通用设备制造业,,电子新材料、高分子复合材料、工业换热节能装备的研发、生产及销售；环保水处理产品及服务。 产品：电子新材料、高分子复合材料、节能环保产品及服务,baostock+akshare
300264.SZ,佳创视讯,A股,I65软件和信息技术服务业,机器人本体/集成,大视频端到端整体解决方案的研发与推广。 产品：音视频软件产品及解决方案、系统集成及服务、游戏及云服务、VR业务产品及服务、佳创智能视频云平台创视云、佳创畅流直播产品、软终端APP产品、全网CDN系统、智能媒资拆条系统、基于AI超分辨率的自主元宇宙视听交互系统与装备研发项目、街机类项目、虚拟仿真类项目、数字人项目,baostock+akshare
300265.SZ,通光线缆,A股,C38电气机械和器材制造业,,电力和通信用线缆的生产和销售。 产品：光纤光缆、输电线缆、装备线缆、通信光缆、电力光缆、海底光电缆、通信光纤、输电导线、电力电缆、航空航天用耐高温电缆、通信用高频电缆、柔性电缆,baostock+akshare
300266.SZ,兴源环境,A股,N77生态保护和环境治理业,,装备制造、数智能碳、环境治理三大业务。 产品：压滤机、农牧装备、环境综合治理、数智能碳、环保及农牧装备,baostock+akshare
300267.SZ,尔康制药,A股,C27医药制造业,,辅料、原料药、成品药、新能源材料的生产和销售。 产品：辅料、成品药、原料药、新能源材料、药用甘油、药用乙醇、药用氢氧化钠、磺胺嘧啶、改性淀粉及淀粉胶囊、复合辅料,baostock+akshare
300268.SZ,佳沃食品,A股,C13农副食品加工业,,狭鳕鱼、北极甜虾等品类的加工和销售。 产品：三文鱼产品、狭鳕鱼、北极甜虾等海产品、北极甜虾、比目鱼、大西洋红鱼、三文鱼、狭鳕鱼、北极甜虾等海产品、其他,baostock+akshare
300269.SZ,联建光电,A股,C39计算机、通信和其他电子设备制造业,,为国内外客户提供LED高端显示设备及显控系统的研发、制造、工程安装和售后服务等整体解决方案。 产品：数字设备、房屋出租、其他,baostock+akshare
300270.SZ,中威电子,A股,C39计算机、通信和其他电子设备制造业,机器人本体/集成,视频监控系统设备的研发、生产和销售。 产品：智能安防产品、智能视频云平台、智能机器人产品、道路运输车辆卫星定位系统、核心场景解决方案、系统集成、产品销售、其他,baostock+akshare
300271.SZ,华宇软件,A股,I65软件和信息技术服务业,,电子政务系统、教育信息化系统的产品开发与服务，主要面向政府、法院、检察院、高校等领域的客户提供应用软件、系统建设服务和运行维护服务。 产品：应用软件、系统建设服务、运维服务,baostock+akshare
300272.SZ,开能健康,A股,C38电气机械和器材制造业,机器人应用,全屋净水机、全屋软水机、商用净化饮水机、RO膜反渗透净水机、多路控制阀、复合材料压力容器、膜元件等人居水处理产品及核心部件的研发、制造、销售与服务。 产品：全屋净水机（中央净水机）、全屋软水机（中央软水机）、商用净化饮水机、RO膜反渗透净水机、多路控制阀（家用控制阀）、复合材料压力容器、终端业务及服务、智能制造及核心部件、细胞业务及服务,baostock+akshare
300274.SZ,阳光电源,A股,C38电气机械和器材制造业,新能源车/储能,光伏逆变器、储能系统、风电变流及传动产品、新能源汽车电控及电源系统、充电设备、氢能装备等新能源电源设备的研产销服和新能源投资开发，并布局AIDC电源业务，提供固态变压器SST及电源解决方案。 产品：光伏逆变器、储能系统、新能源投资开发、风电变流及传动产品、智慧运营、新能源汽车电控及电源系统、水面光伏系统、充电设备、氢能装备、微型逆变器、户用逆变器、组串逆变器、集中逆变器、模块化逆变器、PowerTitan3.0交流智储平台、电力储能系统、工商业储能系统、模块化工商业储能系统、户用电池、集中式光伏电站、风电场、家庭光伏电站、家庭能源电站、工商业能源电站、充电站、双馈4.xMW-16MW风电变流器、全功率5.xMW-30MW风电变流器、风电变桨驱动器、风电变桨系统、传动变频器、电网模拟电源、智慧能源运营服务、HEM系列乘用车混动双电控、EB系列逆变砖、四合一控制器、车载电源、EM37系列电驱桥、欧标480KW隔离风冷一体式超充、欧标ChargeStack1000兆瓦级超充系统、2880/1920/960/800kW分体超充、PWM整流电源、PWM直流变换电源、碱性水电解制氢设备、HyGrow2000+Nm3/h系列大型碱性水电解槽、PEM电解水制氢设备、HyBrain智慧氢能管理系统、HyDoc电解槽数字化管理系统、光伏逆变器等电力电子转换设备,baostock+akshare
300275.SZ,梅安森,A股,I65软件和信息技术服务业,,物联网及安全领域成套技术与装备的研发、设计、生产、营销及运维服务。 产品：煤矿产品、非煤矿山产品、其他产品、AI+行业应用、传输通信网络、物联感知数据处理系统、应用软件、智能地质保障、智能主煤流、智能辅助运输、智能通风、智能抽采、智能供电与给排水、智能安全监控、智能洗选、智慧园区与经营管理、其他(补充),baostock+akshare
300276.SZ,三丰智能,A股,C35专用设备制造业,机器人本体/集成,自动化智能输送成套设备的研发设计、制造、安装、调试与技术服务。 产品：智能输送成套装备、智能焊装生产线、高低压成套、电控设备、移动机器人、智能仓储系统集成、配件销售、智能输送成套设备、移动机器人及智能仓储系统集成,baostock+akshare
300277.SZ,汽轮科技,A股,I65软件和信息技术服务业,机器人本体/集成,电力信息化系统集成业务。 产品：制造工业汽轮机、燃气轮机、电力信息化系统集成、软件开发与销售、技术及咨询服务、系统集成,baostock+akshare
300278.SZ,华昌达,A股,C35专用设备制造业,机器人本体/集成,自动化智能装备的自主研发、设计、生产制造、现场安装调试、售后服务等。 产品：工业4.0新能源解决方案、机器人自动化产品解决方案、物流仓储自动化设备解决方案、智能输送系统整体解决方案、数字化工厂解决方案、自动化输送智能装配生产线、物流与仓储自动化设备系统、工业机器人集成装备,baostock+akshare
300279.SZ,和晶科技,A股,C39计算机、通信和其他电子设备制造业,,智能硬件、应用软件等物联网软硬件研发、制造、应用及服务。 产品：家电类智能控制器、汽车电子类智能控制器、其他类智能控制器、软件和信息技术服务业,baostock+akshare
300281.SZ,金明精机,A股,C35专用设备制造业,,薄膜装备制造及高端薄膜新材料的研发、设计、生产、销售和服务。 产品：薄膜吹塑机组、薄膜流延机组、薄膜拉伸机组、涂布复合生产线、挤出复膜生产线、高阻隔功能性软包膜、双向拉伸薄膜、薄膜吹塑机、薄膜及袋制品、其他设备,baostock+akshare
300283.SZ,温州宏丰,A股,C38电气机械和器材制造业,,新材料技术研发、生产、销售与服务。 产品：颗粒及纤维增强电接触功能复合材料及元件、层状复合电接触功能复合材料及元件、一体化电接触组件、硬质合金、锂电铜箔、电接触材料、金属基功能复合材料、硬质合金材料、高性能极薄锂电铜箔、半导体蚀刻引线框架材料,baostock+akshare
300284.SZ,苏交科,A股,M74专业技术服务业,,工程咨询和工程承包。 产品：勘察设计及其他咨询服务、综合检测、项目管理、环境业务、基础设施工程咨询报告、项目可行性研究报告、项目概算书、设计文件和图纸等、土木检测报告、道路检测系统服务、工程监理服务、环境检测（监测）报告、环境影响评价报告、基础设施工程承包服务,baostock+akshare
300285.SZ,国瓷材料,A股,C26化学原料和化学制品制造业,PCB,各类高端陶瓷材料及制品的研发、生产和销售。 产品：电子材料板块、催化材料板块、生物医疗材料板块、新能源材料板块、精密陶瓷板块、数码打印及其他材料板块、MLCC介质粉体、电子浆料、消费电子用纳米级复合氧化锆粉体、氧化性催化转化器载体（DOC）、选择性催化还原载体（SCR）、三元催化转化器载体（TWC）、颗粒捕捉器（DPF、GPF）、铈锆固溶体、分子筛、牙科用纳米级复合氧化锆粉体、氧化锆瓷块、玻璃陶瓷瓷块、复合树脂陶瓷、高纯超细氧化铝、勃姆石、锂电池正极添加剂、锂电池正负极研磨用氧化锆微珠、碱水制氢用纳米粉体、固态电解质、陶瓷轴承球、陶瓷套筒、陶瓷插芯、陶瓷基板及金属化、陶瓷管壳、陶瓷墨水、陶瓷色釉料、纺织墨水、覆铜板用填充材料、膜用填充材料,baostock+akshare
300286.SZ,安科瑞,A股,C40仪器仪表制造业,,中低压企业微电网能效管理所需的设备和系统的研发、生产、销售及服务。 产品：电力监控及变电站综合监测系统、能效管理产品及系统、消防及用电安全产品、企业微电网、电量传感器、其他,baostock+akshare
300287.SZ,飞利信,A股,I65软件和信息技术服务业,,音视频与控制、数据软件及服务、物联网与智能化三大业务板块。 产品：音视频与控制板块、数据软件及服务板块、物联网与智能化板块、国产化会议系统、AI增强型设备、音视频一体化产品、会议管控平台、利智方平台、可信数据空间、低空经济解决方案、声闻盾、精图地球APP、KingMap多维感知平台、人大信访信息管理系统、民情民意感知系统、人大代表履职服务平台、事业单位“一件事”服务平台、诺玛大数据平台、睿时信RFID系列、PhiliCube（小飞数方）物联网平台、光传输通讯设备、分布式光纤传感与光缆监测系统、物联网与智能化、数据、软件及服务、音视频与控制,baostock+akshare
300288.SZ,朗玛信息,A股,I63电信、广播电视和卫星传输服务,,计算机技术及软件开发、销售;计算机硬件及耗材销售;计算机网络互联设备销售;计算机系统工程设计、施工和项目承揽;互联网信息服务;电话对对碰服务;网络游戏开发及运营。 产品：IPTV业务及电话对对碰业务、移动转售业务、医疗信息服务、医疗服务,baostock+akshare
300289.SZ,利德曼,A股,C27医药制造业,,体外诊断试剂、诊断仪器、生物化学原料的研发、生产和销售。 产品：体外诊断试剂产品、生物化学原料产品、自产诊断仪器、生化类、免疫类、全自动化学发光免疫分析仪、生物酶、辅酶、抗原、抗体、精细化学品、体外诊断试剂、其他(补充)、仪器,baostock+akshare
300290.SZ,ST荣科,A股,I65软件和信息技术服务业,机器人本体/集成,智慧医疗、智慧城市和人工智能应用领域。 产品：智慧医院业务、智慧平台业务、智慧城市业务、智慧医疗、智慧服务、智慧管理、智慧民生、智慧能源、云服务、自主产品及服务、系统集成、其他(补充),baostock+akshare
300291.SZ,百纳千成,A股,R87广播、电视、电影和录音制作业,,多格式影视业务、文旅业务、营销业务、IP运营。 产品：营销、策划运营服务、电影、剧集,baostock+akshare
300292.SZ,吴通控股,A股,I65软件和信息技术服务业,,企业移动信息化服务业务。 产品：移动信息服务、通讯基础连接产品、电子制造服务,baostock+akshare
300293.SZ,蓝英装备,A股,C35专用设备制造业,,工业清洗系统及表面处理业务和智能装备制造业务。 产品：工业清洗系统及表面处理、智能装备制造、橡胶智能设备、电气自动化及集成,baostock+akshare
300294.SZ,博雅生物,A股,C27医药制造业,,血液制品的研发、生产和销售。 产品：白蛋白、免疫球蛋白、凝血因子、人血白蛋白、人免疫球蛋白、静注人免疫球蛋白（含10%高浓度剂型）、冻干静注人免疫球蛋白、乙肝人免疫球蛋白、破伤风免疫球蛋白、狂犬病人免疫球蛋白、人纤维蛋白原、人凝血酶原复合物、人凝血因子Ⅷ、血液制品业务其他、静注人免疫球蛋白,baostock+akshare
300295.SZ,*ST三六五,A股,I64互联网和相关服务,,“365淘房”业务、“365金服”业务。 产品：房地产网络营销相关服务、互联网金融服务、金融服务、其他(补充),baostock+akshare
300296.SZ,利亚德,A股,C39计算机、通信和其他电子设备制造业,,LED显示技术开发及LED显示产品的生产销售及服务，同时聚焦智能显示、文旅夜游、AI与空间计算三大业务板块。 产品：智能显示、文旅夜游、AI与空间计算、境外板块、LED产品销售、文化旅游业务,baostock+akshare
300298.SZ,三诺生物,A股,C35专用设备制造业,,血糖监测系统、糖化血红蛋白检测系统、血脂检测系统、血压计等生产和销售。 产品：血糖监测系统、糖尿病营养、护理等辅助产品、血脂检测系统、iPOCT监测系统、糖化血红蛋白检测系统、血压计、经营品、糖尿病营养、护理等辅助产品,baostock+akshare
300299.SZ,富春股份,A股,I64互联网和相关服务,,移动游戏业务和通信信息业务。 产品：技术服务及配套、游戏业务、集成业务、其他(补充),baostock+akshare
300300.SZ,海峡创新,A股,I65软件和信息技术服务业,,对外承包工程业务、互联网信息服务、电影放映业务、医疗服务。 产品：智慧城市与金融、智慧医疗与商业,baostock+akshare
300301.SZ,ST长方,A股,C39计算机、通信和其他电子设备制造业,,LED离网照明、应急照明、电风扇、便携式储能产品等其他电子产品及LED照明光源器件的研发、设计、生产和销售。 产品：贴片式LED(含大功率)、移动照明应用产品、其他电子产品、移动照明应用产品及其他电子产品、其他(补充),baostock+akshare
300302.SZ,同有科技,A股,I65软件和信息技术服务业,服务器与终端,企业级存储系统和特殊行业及工业级固态存储的研究、开发和应用。 产品：存储系统、固态存储,baostock+akshare
300303.SZ,聚飞光电,A股,C39计算机、通信和其他电子设备制造业,,SMDLED产品的研发、生产与销售。 产品：LED产品、SMDLED产品、其他产品、其他(补充),baostock+akshare
300304.SZ,云意电气,A股,C36汽车制造业,,汽车电子产品的研发、生产和销售。 产品：智能控制器及部件、传感器类产品、半导体功率器件、新能源连接类零组件、智能雨刮系统产品、光伏发电业务,baostock+akshare
300305.SZ,裕兴股份,A股,C29橡胶和塑料制品业,PCB;电芯,功能聚酯薄膜的研发、生产与销售。 产品：电子材料用聚酯薄膜、光电显示用聚酯薄膜、车用功能聚酯薄膜、电气绝缘用聚酯薄膜、光伏用聚酯薄膜、纺织综丝用聚酯薄膜、彩色离型膜保护膜、MLCC用离型膜保护膜基膜、PCB感光干膜基膜、电子元器件包装带、背光模组相关聚酯薄膜、偏光片保护膜、OCA光学胶用离型膜保护膜、窗膜及窗膜基膜、车衣膜离型膜保护膜、汽车改色膜离型膜保护膜、动力电池用聚酯薄膜、空调、冰箱压缩机用聚酯薄膜、变压器、电机用聚酯薄膜、聚酯薄膜、其他(补充)、涂布膜,baostock+akshare
300306.SZ,远方信息,A股,C40仪器仪表制造业,光芯片,智能检测识别信息系统及服务。 产品：智能检测信息系统、智能检测信息服务、学车信息系统及服务、金融生物识别信息系统、身份识别信息系统、光谱仪积分球系列、分布光度计系列、热阻及老化寿命系列、光辐射安全检测、频闪及眩光检测、植物照明系列检测、医疗器械光学特性检测、紫外辐射检测系列、红外辐射检测系列、VCSEL检测系列、汽车照明检测、显示检测、亮度计系列检测设备、OLED产业链专业检测、分光测色仪、标准光源箱及光泽仪、（紫外-可见-近红外）透反射测试、材料测试系统、功率分析仪、数字功率计、电源测试系统、EMS电磁抗扰度测试系统、EMI电磁骚扰测试系统、屏蔽室和电波暗室、其他(补充),baostock+akshare
300307.SZ,慈星股份,A股,C35专用设备制造业,,针织机械的研发、生产和销售。 产品：横机业务、移动互联网、自动化设备与项目集成业务、电脑针织横机、简易横机、鞋面机、一线成型电脑横机、自动化设备与项目集成、其他,baostock+akshare
300308.SZ,中际旭创,A股,C39计算机、通信和其他电子设备制造业,光器件;光模块,高端光通信收发模块的研发、生产及销售。 产品：光通信收发模块、光组件、汽车光电子、其他,baostock+akshare
300310.SZ,宜通世纪,A股,I63电信、广播电视和卫星传输服务,,通信网络技术服务、系统解决方案、通信设备生产销售业务、物联网平台运营及行业应用。 产品：通信服务及设备、物联网、ICT业务、网络工程服务、网络维护服务、网络优化服务、系统解决方案、通信网络设备销售,baostock+akshare
300311.SZ,ST任子行,A股,I65软件和信息技术服务业,,网络犯罪治理、网络空间资源安全治理、信息安全治理。 产品：全维感知综合分析平台、公共安全AI信息官、互联网管理综合应用平台、灵犀威胁情报中心、燎原产品、反诈产品、专项数据分析产品、网络合规审计产品、LED大屏监管产品、网资管理、网络安全、其他(补充),baostock+akshare
300313.SZ,天山生物,A股,A03畜牧业,,种牛、奶牛的养殖、销售和进出口；冻精、胚胎的生产、销售和进出口；牛只养殖、销售；相关畜牧科技咨询、技术服务等；饲料种植、加工和销售；鲜肉批发、鲜肉零售；食用农产品初加工、批发与零售；食品销售（仅销售预包装食品）；农作物、中草药种植；场地租赁服务。 产品：活畜、资产租赁、冻精、肉类,baostock+akshare
300314.SZ,戴维医疗,A股,C35专用设备制造业,,儿产科保育设备、微创外科手术器械等产品的研发、生产和销售。 产品：儿产科保育设备、微创外科手术器械、急救手术ICU产品、婴儿培养箱、婴儿辐射保暖台、新生儿黄疸治疗设备、黄疸检测设备、配套脑电监测仪、亚低温治疗仪、经皮黄疸仪、婴儿T组合复苏器、医用空氧混合器、医用电动吸引器、新生儿专用监护仪、医用加热仪、医用婴儿床、多种型号的一次性吻合器、监护设备、输液设备、手术设备、呼吸支持设备、急救设备、体外循环设备、其他,baostock+akshare
300315.SZ,掌趣科技,A股,I64互联网和相关服务,,网络游戏尤其是移动游戏产品的开发、发行和运营。 产品：移动终端游戏、互联网页面游戏、其他(补充),baostock+akshare
300316.SZ,晶盛机电,A股,C35专用设备制造业,,半导体装备、半导体衬底材料、耗材及零部件的研发、生产和销售。 产品：半导体装备、半导体衬底材料、半导体耗材及零部件、半导体集成电路装备、化合物半导体装备、新能源光伏装备、半导体耗材、半导体精密零部件、设备及其服务、材料、其他,baostock+akshare
300317.SZ,珈伟新能,A股,C38电气机械和器材制造业,PCB;机器人本体/集成;新能源车/储能,新能源发电相关业务及光伏消费产品的研发、生产与销售。 产品：智慧照明业务、光伏电力业务、储能业务、其他业务、太阳能草坪灯、庭院灯、低压景观灯、光伏小板、配套智能安防照明产品、光伏电站EPC、BT、投资运营、电站运维服务、储能系统集成、项目实施、能源管理服务、园区物业租赁、资产运营管理、光伏照明、光伏电站EPC及开发服务、运维、光伏发电、光伏电站BT业务,baostock+akshare
300318.SZ,博晖创新,A股,C35专用设备制造业,,体外诊断产品的研发、生产与销售。 产品：人体微量元素检测系统、人乳头瘤病毒（HPV）检测系统、检测仪器、检测软件、检测试剂、校准品、质控品、国家标准物质、人血白蛋白、静注人免疫球蛋白、其他生物制品、质谱相关检测产品,baostock+akshare
300319.SZ,麦捷科技,A股,C39计算机、通信和其他电子设备制造业,,高端电子元器件及模组的研发、生产和销售。 产品：磁性元器件、射频器件、显示模组、一体成型电感、共模电感、叠层片式电感、PFC电感、TLVR电感、电感变压器、集成变压器、铁硅、铁硅铝系列、LTCC射频器件、射频模组、声表面波双工器、LCDLCM、电子元器件、LCM液晶显示模组、其他(补充),baostock+akshare
300320.SZ,海达股份,A股,C29橡胶和塑料制品业,,橡胶制品、塑料制品、金属制品、通用设备、专用设备的制造、加工。 产品：轨道交通用产品、建筑用产品、汽车用产品、航运用产品、轻量化铝制品,baostock+akshare
300321.SZ,同大股份,A股,C29橡胶和塑料制品业,,超细纤维合成革的研发、生产、销售与服务。 产品：超纤绒面革、超纤光面革、超纤基布,baostock+akshare
300322.SZ,硕贝德,A股,C39计算机、通信和其他电子设备制造业,,研发、生产和销售无线通信终端天线及通信产品配件，以及指纹模组、线束等产品。 产品：天线及模组、散热器件及模组、线束及连接件、传感器智能模组,baostock+akshare
300323.SZ,华灿光电,A股,C39计算机、通信和其他电子设备制造业,,LED芯片、LED外延片、蓝宝石衬底及第三代半导体化合物GaN电力电子器件的研发、生产和销售。 产品：LED芯片、外延片、蓝宝石产品、GaN电力电子器件产品、其他(补充)、LED衬底片,baostock+akshare
300324.SZ,旋极信息,A股,I65软件和信息技术服务业,服务器与终端,嵌入式系统测试产品及服务，电子元器件测试、筛选及可靠性保障服务，健康管理装备研制，通信产品研制，智能产品研制。 产品：行业数字化、行业数据智能、安全可信相关产品、数据高速采集转换产品、新一代总线产品、控制和执行类产品、数字智能终端设备产品、装备智能保障类产品、高速数据处理类产品、云服务和平台类产品、数字孪生类产品、城市精细化管理和监测产品、加密和密码类产品、面向装备的安全可信产品、通信安全类产品、可信计算类产品、装备一致性检测、元器件可靠性和安全性检测筛选、税务数字共享产品、安全可信,baostock+akshare
300326.SZ,ST凯利,A股,C35专用设备制造业,,骨科植入医疗器械的生产、研发、销售及服务。 产品：椎体成形微创产品、骨科脊柱或创伤产品、射频消融产品、其他医疗器械、器械消毒服务业,baostock+akshare
300327.SZ,中颖电子,A股,C39计算机、通信和其他电子设备制造业,,芯片的设计研发及销售。 产品：工规MCU、电池管理芯片(BMIC)、AMOLED显示驱动芯片、车规MCU、工业控制、消费电子、其他(补充),baostock+akshare
300328.SZ,宜安科技,A股,C33金属制品业,,新材料研发、设计、生产、销售。 产品：铝制品、镁制品、模具、电木制品、液态金属、有机硅胶,baostock+akshare
300329.SZ,海伦钢琴,A股,C24文教、工美、体育和娱乐用品制造业,,钢琴产品的研发、制造、销售与服务，并布局艺术教育等文化产业。 产品：立式钢琴、三角钢琴、智能数码钢琴、码克、钢琴配件、小乐器、艺术培训,baostock+akshare
300331.SZ,苏大维格,A股,C39计算机、通信和其他电子设备制造业,,微纳光学产品的设计、开发与制造服务。 产品：微纳光学产品及设备、反光材料、其他(补充),baostock+akshare
300332.SZ,天壕能源,A股,D45燃气生产和供应业,,天然气供应及管输运营的燃气板块和膜产品研发生产销售的膜业务板块。 产品：天然气贸易及销售、长输管道输送、城市燃气输配、燃气工程设计及技术服务、赛诺SMT压力式产品系列、SMT浸没式产品系列、赛诺MBR产品系列、赛诺RetrofitTM系列、赛诺EasyIns系列、赛诺WTM净水系列、燃气供应及安装业务、膜产品销售收入、其他,baostock+akshare
300333.SZ,兆日科技,A股,I65软件和信息技术服务业,,金融票据防伪技术、银行对公业务平台、纸纹防伪技术的研发及销售。 产品：电子支付密码器系统及密码芯片、银企通对公业务平台、纸纹核验设备、纸纹验货APP及小程序、金融票据纸纹防伪系统终端及模块、电子支付密码器系统、银企通系统、其他(补充),baostock+akshare
300334.SZ,津膜科技,A股,C35专用设备制造业,,高性能膜材料及膜组件、膜分离及水处理设备的研发与应用。 产品：水处理工程、分离膜、水处理设备、污水处理、设计服务、分离膜及水处理设备,baostock+akshare
300335.SZ,迪森股份,A股,D44电力、热力生产和供应业,,提供清洁能源综合服务、家用和工业锅炉的生产与销售。 产品：电锅炉、余热锅炉、生物质锅炉、商用锅炉、天然气锅炉、热水锅炉、工业热泵、个性化清洁能源解决方案、节能减排服务、燃气壁挂炉、空气源热泵、五恒空调系统、清洁能源投资及运营-B端运营、智能舒适家居制造及服务-C端产品与服务、清洁能源应用装备-B端装备,baostock+akshare
300337.SZ,银邦股份,A股,C32有色金属冶炼和压延加工业,,铝合金复合和非复合材料、多金属复合材料的研发、生产和销售，为客户提供轻量化材料解决方案。 产品：铝热传输材料、多金属复合材料、铝钢复合材料、铝合金复合防护材料、铝基系列、铝钢复合系列、多金属系列,baostock+akshare
300338.SZ,*ST开元,A股,P83教育,电芯,职业教育业务。 产品：学历中介产品、教育培训产品、图书产品、储能电池产品、加盟业务产品,baostock+akshare
300339.SZ,润和软件,A股,I65软件和信息技术服务业,,金融科技业务、智能物联业务、智慧能源信息化业务、智能供应链信息化业务。 产品：金融科技业务、智能物联业务、智慧能源信息化业务、智能供应链信息化业务、外购软硬件、房租物业、智慧能源信息化,baostock+akshare
300340.SZ,科恒股份,A股,C39计算机、通信和其他电子设备制造业,锂电材料,新能源正极材料、智能装备和稀土功能材料研发、生产、制造。 产品：材料业务、装备业务、容量型钴酸锂、倍率型钴酸锂、中镍三元材料、高镍三元材料、容量型锰酸锂、动力型锰酸锂、倍率型锰酸锂、高压实型磷酸铁锂、高压实型磷酸锰铁锂、新能源正极材料、新能源智能装备、稀土功能材料,baostock+akshare
300341.SZ,麦克奥迪,A股,C40仪器仪表制造业,,智能电气、数智医疗、智慧光学。 产品：电气产品、显微镜产品、医疗产品及服务,baostock+akshare
300342.SZ,天银机电,A股,C34通用设备制造业,,冰箱压缩机零配件业务、雷达与航天电子业务。 产品：冰箱压缩机起动器、吸气消音器、变频控制产品、冰箱变频控制系统、冰箱压缩机用配套、雷达与航天信息化装备,baostock+akshare
300343.SZ,联创股份,A股,C26化学原料和化学制品制造业,,含氟新材料和聚氨酯新材料的研发、生产和销售。 产品：含氟新材料产品、聚氨酯新材料产品、含氟制冷剂、含氟聚合物―PVDF、偏二氟乙烷、二氟一氯乙烷、聚偏氟乙烯、偏氟乙烯、含氟新材料、聚氨酯新材料,baostock+akshare
300345.SZ,华民股份,A股,C38电气机械和器材制造业,半导体材料,光伏新能源产品制造、应用。 产品：光伏领域、耐磨材料、单晶硅棒、单晶硅片、异质结专用硅片、新型铬锰钨系抗磨铸铁磨球、台阶形节能衬板、低合金钢锤头、光伏产品、耐磨产品、其他(补充),baostock+akshare
300346.SZ,南大光电,A股,C39计算机、通信和其他电子设备制造业,半导体材料,先进前驱体材料、电子特气、光刻胶及配套材料三类关键半导体材料的研发、生产和销售。 产品：前驱体材料、MO源、氢类电子特气、含氟电子特气、光刻胶及配套材料、二异丙胺硅烷（DIPAS）、双（二乙氨基）硅烷（BDEAS）、四（二甲氨基）钛（TDMAT）、六氯乙硅烷（HCDS）、正硅酸乙酯（TEOS）、二乙氧基甲基硅烷（DEOMS）、alpha�C松油烯（ATRP）、四甲基硅烷（4MS）、八甲基环四硅氧烷（OMCTS）、三甲基镓、三甲基铟、三乙基镓、三甲基铝、高纯磷烷、高纯砷烷、安全源磷烷、安全源砷烷、安全源三氟化硼、混气产品、三氟化氮、六氟化硫、ArF光刻胶（干式及浸没式）、光刻配套稀释剂、特气产品、前驱体材料(含MO源)、其他,baostock+akshare
300347.SZ,泰格医药,A股,M73研究和试验发展,药物发现/CRO,为新药研发提供临床试验全过程专业服务的合同研究组织（CRO），为全球医药和医疗器械创新企业提供全面而综合的临床研究解决方案。 产品：临床试验技术服务、临床试验相关及实验室服务、临床运营、临床药理、注册与法规事务、科学事务、医学翻译、药物警戒、真实世界研究、第三方稽查、培训等服务、数据管理及统计分析、临床试验现场管理、受试者招募、医学影像、实验室、临床试验相关服务及实验室服务、其他(补充),baostock+akshare
300348.SZ,长亮科技,A股,I65软件和信息技术服务业,,为金融机构提供覆盖核心业务、数字金融、大数据应用及全财务价值链管理的全栈IT解决方案。 产品：数字金融业务解决方案、大数据应用系统解决方案、全财务价值链业务管理解决方案,baostock+akshare
300349.SZ,金卡智能,A股,I65软件和信息技术服务业,,为客户提供高价值、高性能的产品及数字化端到端整体解决方案。 产品：智能民用燃气终端及系统、智能工商业燃气终端及系统、智能水务终端及系统、智慧公用事业管理系统及其他,baostock+akshare
300350.SZ,华鹏飞,A股,G58多式联运和运输代理业,,全球综合性现代物流服务业。 产品：国内综合物流服务、国际物流服务、供应链业务,baostock+akshare
300351.SZ,永贵电器,A股,C39计算机、通信和其他电子设备制造业,液冷,电连接器、连接器组件及精密智能产品的研发、制造、销售和技术支持。 产品：轨道交通与工业、车载与能源信息、特种装备、新兴产业、连接器、门系统、计轴系统、贯通道、电池系统、受电弓、高压连接器及线束组件、mini-FAKRA、车载以太网连接器、高压分线盒（PDU）/BDU、充/换电接口及线束、交/直流充电枪、大功率液冷直流充电枪、通讯电源/信号连接器、储能连接器、高速连接器、电池充电/放电连接器、以太网通讯连接器、关节断点连接器、控制器连接器、相机模组连接器、特种装备及其他,baostock+akshare
300352.SZ,ST信源,A股,I65软件和信息技术服务业,机器人本体/集成,为客户提供涵盖网络与信息安全的软件开发、运维管理及系统集成在内的行业级、城市级体系化信息服务解决方案。 产品：信息安全及信创、高安全通信及移动办公、国防智能及生态建设、软件产品、技术服务、其他(补充)、系统集成,baostock+akshare
300353.SZ,东土科技,A股,C39计算机、通信和其他电子设备制造业,,工业互联网核心硬件及软件技术的研发、生产与销售。 产品：工业操作系统及相关软件服务、智能控制器、工业网络通信、工业智能化解决方案,baostock+akshare
300354.SZ,东华测试,A股,C40仪器仪表制造业,,智能化测控系统的研发和生产。 产品：传感器、数据采集、控制分析系统、控制与分析软件平台、加速度传感器、速度传感器、位移传感器、冲击传感器、应变传感器、转速传感器、压力传感器、多维力传感器、扭矩传感器、各类缓变量传感器、集中式数据采集分析系统、分布式数据采集分析系统、坚固性数据采集分析系统、便携式数据采集分析系统、监视测量与控制系统及设备、隔离型数据采集分析高性价比故障诊断(PHM)系统、高性能故障诊断(PHM)系统、自定义测控系统、电化学工作站、数据采集与管理模块、疲劳寿命评估分析模块、实验模态分析模块、阶次分析模块、智能在线监测软件平台、故障预测与健康管理软件平台、结构力学性能测试分析系统、结构安全在线监测及防务装备PHM系统,baostock+akshare
300355.SZ,蒙草生态,A股,N77生态保护和环境治理业,,草原生态修复、荒漠化治理、矿山修复业务，服务国家“三北”工程；持续推进草种业“保育繁推”一体化产业体系建设。 产品：生态环境建设与运营、草种及乡土植物、设计、肥料、肥料销售、草种及乡土植物销售,baostock+akshare
300357.SZ,我武生物,A股,C27医药制造业,,过敏性疾病诊断及治疗产品的研发、生产和销售。 产品：滴剂、皮肤点刺试剂、粉尘螨滴剂、黄花蒿花粉变应原舌下滴剂、粉尘螨皮肤点刺诊断试剂盒、屋尘螨皮肤点刺诊断试剂盒、黄花蒿花粉变应原皮肤点刺液、白桦花粉变应原皮肤点刺液、��草花粉变应原皮肤点刺液、悬铃木花粉变应原皮肤点刺液、德国小蠊变应原皮肤点刺液、猫毛皮屑变应原皮肤点刺液、皮肤点刺液,baostock+akshare
300358.SZ,楚天科技,A股,C35专用设备制造业,机器人本体/集成,化学药、生物药、原料药、中药等专用生产设备及其整体技术解决方案的研发、生产、销售及服务。 产品：制药用水、生物工程、无菌制剂、固体制剂、检测后包、中药制剂、智能与信息化、EPCMV服务、细胞与基因治疗、净化工程、制药用水制备、储存分配系统、工艺罐群、公用工程、污水处理、生物反应系统、配液系统、分离纯化系统、过滤系统、一次性反应系统、生物相关耗材、无菌分装系统、粉末分装系统、冻干机进出料系统、预灌装系统、隔离系统、特种分装系统流化、造粒、压片、包衣、胶囊、铝塑包装、智能灯检、检测系统、智能后包系统、物流和仓储系统、中药提取、浓缩、干燥、纯化分离、反应、结晶、AI与信息化系统、设计与咨询、信息化建设、验证服务、全自动智能化细胞培养设备及工艺耗材、净化工程与服务、检测包装解决方案及单机、无菌制剂解决方案及单机、配件及售后服务、制药用水装备及工程系统集成、生物工程解决方案及单机,baostock+akshare
300359.SZ,全通教育,A股,P83教育,,家校互动升级业务、继续教育业务及教育信息化业务。 产品：家校互动升级业务、教育信息化项目建设及运营、继续教育业务,baostock+akshare
300360.SZ,炬华科技,A股,C40仪器仪表制造业,,能源物联网设备研发、生产、销售与服务。 产品：智慧计量与采集系统、智能电力终端及系统、智能流量仪表及系统、智能配用电产品及系统、物联网传感器及配件,baostock+akshare
300363.SZ,博腾股份,A股,C27医药制造业,临床服务/CDMO,为小分子药物、大分子药物及基因细胞治疗等不同类型的药物及疗法提供CDMO服务。 产品：小分子原料药业务、小分子制剂业务、细胞与基因治疗业务、新分子业务、临床后期及商业化业务、临床早期业务、新兴业务,baostock+akshare
300364.SZ,中文在线,A股,R86新闻和出版业,,提供数字阅读产品、数字出版运营服务和数字内容增值服务。 产品：网络文学及相关业务、短剧及IP衍生品、AI漫剧、AI赋能、网络文学、IP授权、短剧、AI仿真人、IP衍生品、AI小说、AI视频剧、AIAgent、短剧及IP衍生品业务、其他(补充),baostock+akshare
300365.SZ,恒华科技,A股,I65软件和信息技术服务业,机器人本体/集成,软件开发和技术服务。 产品：BIM平台及软件、智能设计咨询、软件服务、系统集成、技术服务,baostock+akshare
300366.SZ,ST创意,A股,I65软件和信息技术服务业,,大数据与人工智能和国产数据库等业务。 产品：大数据、人工智能、数据库、物联网、技术开发及服务、大数据/人工智能、物联网产品,baostock+akshare
300368.SZ,汇金股份,A股,I65软件和信息技术服务业,机器人应用,智能制造业务和信息化综合解决方案业务。 产品：金融专用、智能办公及自助终端设备、运维加工服务、配件耗材销售、信息化业务、供应链业务、运维、加工服务及配件耗材销售、金融专用、智能办公及自助终端设备,baostock+akshare
300369.SZ,绿盟科技,A股,I65软件和信息技术服务业,,提供企业级全线网络安全产品、全方位安全解决方案和体系化安全运营服务。 产品：AI安全、数据安全、实战攻防、安全产品、安全服务、第三方产品和服务,baostock+akshare
300370.SZ,安控科技,A股,C40仪器仪表制造业,,以工业自动化、能源技术创新应用为核心的产品及场景解决方案和产品的研发、生产、销售及运营。 产品：自动化业务、能源技术创新应用业务、数字经济业务、E-IIP工业互联网平台、功能安全SIS系统、模块化RTU、一体化RTU、PLC、行业专用控制器、扩展I/O、传感器及仪表、工业智能穿戴、整体解决方案、产品销售、运维及服务,baostock+akshare
300371.SZ,汇中股份,A股,C40仪器仪表制造业,,提供集“产品+方案+服务”为一体的智慧供水、智慧供热整体解决方案。 产品：供水计量全系产品、供热计量全系产品、超声流量计全系产品、超声测流技术与产品解决方案、供水系列产品、智慧供水软件产品、智慧供水、节水整体解决方案、AI+智慧水务、供热系列产品、智慧供热软件产品、智慧供热、节能整体解决方案、AI+智慧供热、超声水表及系统、超声热量表及系统、其他,baostock+akshare
300373.SZ,扬杰科技,A股,C39计算机、通信和其他电子设备制造业,半导体材料,半导体器件、半导体芯片、半导体硅片等半导体分立器件产品的研发、生产和销售。 产品：材料板块（单晶硅棒、硅片、外延片）、晶圆板块（5�肌�6�肌�8�脊杌�及6�继蓟�硅等各类电力电子器件芯片）及封装器件板块（MOSFET、IGBT、SiC系列产品、整流器件、保护器件、小信号及其他产品系列）、晶圆板块（5��、6��、8�脊杌�及6�继蓟�硅等各类电力电子器件芯片）、封装器件板块（MOSFET、半导体器件、半导体芯片、其他(补充),baostock+akshare
300374.SZ,中铁装配,A股,C30非金属矿物制品业,机器人应用,装配式建筑服务及装配式建筑产品的研发、生产和销售。 产品：装配式智能制造产品、装配式智慧建造服务、装配式墙体材料、装配式结构材料、装配式装饰材料、装配式园林景观材料、集成房屋、装配式建筑服务、装配式建筑产品、其他(补充),baostock+akshare
300375.SZ,鹏翎股份,A股,C29橡胶和塑料制品业,,汽车流体管路和汽车密封部件的设计、研发、生产和销售。 产品：汽车流体管路及总成、汽车密封部件及总成、热管理系统管路及总成、燃油系统管路及总成、进气系统管路及总成、车身其他附件管路及总成一体化解决方案、玻璃导槽密封条、门框密封条、窗框密封条、车门内外水切、前后挡风玻璃密封条、发动机舱密封条、行李箱密封条、天窗密封条、车顶饰条、流体管路产品、密封部件、其他(补充),baostock+akshare
300376.SZ,易事特,A股,C38电气机械和器材制造业,数据中心电源;数据中心/云厂商;新能源车/储能,UPS电源、数据中心、光伏产品集成、新能源汽车充电桩、储能等产品的研发、生产和销售。 产品：高端电源装备及数据中心、新能源发电设备及开发、新能源汽车充电设施、新能源能源收入、储能产品及系统,baostock+akshare
300377.SZ,赢时胜,A股,I65软件和信息技术服务业,,为金融机构的资产管理和资产托管业务系统提供系统解决方案和服务。 产品：资产管理软件、资产托管软件、软件技术服务、服务费收入、定制软件开发和销售,baostock+akshare
300378.SZ,鼎捷数智,A股,I65软件和信息技术服务业,,基于“领先的数据和智能方案提供商”的业务定位，运用数据和智能技术创新生产力，为客户与合作伙伴提供数智化综合解决方案。 产品：自研数智软件产品、数智一体化软硬件解决方案、数智技术服务,baostock+akshare
300380.SZ,安硕信息,A股,I65软件和信息技术服务业,,向以银行为主的客户提供信贷风险业务管理咨询、软件开发与服务。 产品：信贷管理类系统、风险管理类系统、非银行金融机构系统、数据仓库系统、商业智能类系统、数据仓库和商业智能类系统,baostock+akshare
300381.SZ,溢多利,A股,C27医药制造业,,生物酶制剂、生物合成品及植物提取物的研发、生产、销售和服务，并向客户提供整体生物技术解决方案。 产品：生物酶制剂、生物合成品、植物提取物、饲料和饲料添加剂,baostock+akshare
300382.SZ,斯莱克,A股,C35专用设备制造业,电芯,高速易拉盖、易拉罐等金属包装制品生产设备的研发、设计、生产、装配调试，相关精密模具、智能检测设备、零备件的研发、加工制造等业务。 产品：易拉盖高速生产设备及系统改造、易拉罐高速生产设备及系统改造、智能检测设备、其他专用设备及零备件、电池壳业务、光伏发电及其他、易拉盖/易拉罐高速生产设备和系统改造、新能源动力、储能电池壳、数码印罐迷你线、光伏发电、易拉罐高速生产设,baostock+akshare
300383.SZ,光环新网,A股,I65软件和信息技术服务业,数据中心/云厂商,互联网数据中心业务（IDC及其增值服务）和云计算业务。 产品：互联网宽带接入服务、IDC及其增值服务、云计算及相关服务、其他,baostock+akshare
300384.SZ,三联虹普,A股,M74专业技术服务业,机器人本体/集成,聚合物成套生产工艺技术提供，为客户的高端应用需求提供定制化系统集成服务。 产品：新材料及合成材料工艺解决方案、再生材料及可降解材料工艺解决方案、工业AI集成应用解决方案、工业AI应用集成解决方案,baostock+akshare
300385.SZ,ST雪浪,A股,C35专用设备制造业,,烟气净化与灰渣处理系统的设计、销售及安装和危废处置相关业务。 产品：烟气净化系统设备、灰渣处理设备、废物处理,baostock+akshare
300386.SZ,飞天诚信,A股,I65软件和信息技术服务业,服务器与终端,提供身份认证设备和支付终端设备，及相关的软件支持。 产品：身份认证产品、智能终端、安全芯片、USBKey、OTP、令牌、加密锁、其他,baostock+akshare
300387.SZ,富邦科技,A股,C26化学原料和化学制品制造业,,农化助剂与特肥业务、现代农业业务。 产品：化肥防结剂（粉体）、化肥防结剂（膏体）、多功能包裹剂、造粒改良剂、磷矿石浮选剂、圆颗粒钾肥、苏云金杆菌、枯草芽孢杆菌、普通法焦糖、亚硫酸铵法焦糖、化肥助剂、生物制品、化肥产品,baostock+akshare
300388.SZ,节能国祯,A股,N77生态保护和环境治理业,,水资源的综合利用和开发。 产品：水环境治理综合服务、工业废水处理综合服务、小城镇环境治理综合服务、城市水环境治理、工业废水零排放处理、村镇水环境综合治理,baostock+akshare
300389.SZ,艾比森,A股,C39计算机、通信和其他电子设备制造业,,为客户提供全系列LED大屏显示产品及专业视听解决方案。 产品：LED显示屏、广告显示、舞台租赁、ProAV、iCon智慧屏、创意显示、其他、LED显示屏酒店会务服务,baostock+akshare
300390.SZ,天华新能,A股,C39计算机、通信和其他电子设备制造业,锂电材料,新能源锂电材料、防静电超净技术产品和医疗器械产品等研发、生产和销售，新兴能源技术、新材料技术和资源再生利用技术研发、咨询和转让。 产品：防静电超净技术产品、医疗器械产品、锂电材料产品、锂电材料行业、防静电超净技术行业及其他行业、医疗器械行业,baostock+akshare
300393.SZ,中来股份,A股,C38电气机械和器材制造业,,光伏辅材、高效电池及组件、光伏应用业务。 产品：组件、电池、光伏应用系统、光伏辅材,baostock+akshare
300394.SZ,天孚通信,A股,C39计算机、通信和其他电子设备制造业,光器件;数据中心/云厂商,高速光器件的研发、规模量产和销售业务。 产品：光器件解决方案、精密微光学组件解决方案、波分复用系统级无源解决方案、高精度封装解决方案、数据中心AOC配套无源解决方案、数据中心PSM/DR配套无源解决方案、多通道高速光引擎封装集成解决方案、高密度光互连集成解决方案、ELS解决方案、有源光器件、无源光器件、其他(补充),baostock+akshare
300395.SZ,菲利华,A股,C30非金属矿物制品业,,新材料产品及装备的技术开发、技术转让、技术咨询、技术服务；石英玻璃材料、石英玻璃制品、石英玻璃纤维材料、复合材料及制品的制造与销售。 产品：石英玻璃材料、石英玻璃制品、石英玻璃纤维材料、复合材料及制品、其他(补充),baostock+akshare
300396.SZ,ST迪瑞,A股,C35专用设备制造业,,医疗检验仪器及配套试纸试剂的研发、生产、营销与服务。 产品：试剂、仪器、其他(补充),baostock+akshare
300397.SZ,天和防务,A股,C39计算机、通信和其他电子设备制造业,,低空近程防御装备的研发、生产和交付业务。 产品：便携式防空导弹指挥系统系列产品、5G射频器件及芯片、行业大数据系列产品及其他、物联感知及其他雷达系列、低空空管保障系列产品、海洋系列产品、民品贸易,baostock+akshare
300398.SZ,飞凯材料,A股,C26化学原料和化学制品制造业,半导体材料,高科技制造领域所需材料及特种化学品研发、生产与销售。 产品：屏幕显示材料、半导体材料、紫外固化材料、有机合成材料,baostock+akshare
300399.SZ,天利科技,A股,I65软件和信息技术服务业,,融合通信、融合保险以及创新业务的提供、研发。 产品：ICT业务、MAS（MobileAgentServer）业务、保险经纪、场景化保险及保险科技、保险产品服务、移动信息服务、贸易业务,baostock+akshare
300400.SZ,劲拓股份,A股,C35专用设备制造业,,专用设备的研发、生产、销售和服务。 产品：电子装联设备、其他(补充)、光电显示设备,baostock+akshare
300401.SZ,花园生物,A股,C27医药制造业,,维生素系列产品及药品的研发、生产和销售。 产品：羊毛脂胆固醇、维生素D3、25-羟基维生素D3、维生素A、缬沙坦氨氯地平片（I）、多索茶碱注射液、左氧氟沙星片、硫辛酸注射液、草酸艾司西酞普兰片、奥美拉唑碳酸氢钠胶囊、多巴丝肼片、氨氯地平阿托伐他汀钙片、罗红霉素片、阿仑膦酸钠片、维生素产品、药品、羊毛脂及其衍生品,baostock+akshare
300402.SZ,宝色股份,A股,C35专用设备制造业,,特种材料非标压力容器装备的研发、设计、制造、安装、服务与技术咨询，以及有色金属焊接压力管道、管件的制造和安装。 产品：特种材料非标压力容器设备、换热器、塔器、反应器、储罐、压力容器、散件及其他、管道、管件,baostock+akshare
300403.SZ,汉宇集团,A股,C38电气机械和器材制造业,新能源车/储能,高效节能家用电器排水泵的研发、生产和销售。 产品：家用电器配件、终端电器、新能源汽车配件、高效节能家用电器排水泵、进水阀、智能水疗马桶、电子水泵、油泵、交/直流充电桩、微充系列、排水及循环泵、其他、冷凝泵,baostock+akshare
300404.SZ,博济医药,A股,M73研究和试验发展,药物发现/CRO;临床服务/CDMO;药企/生物科技,为国内外制药企业及其他研究机构就新药品、医疗器械的研发与生产提供全流程“一站式”CRO服务。 产品：临床前研究服务、临床研究服务、其他咨询服务、CDMO服务,baostock+akshare
300405.SZ,科隆股份,A股,C26化学原料和化学制品制造业,,建材助剂、化工产品、表面活性剂制造及销售。 产品：聚羧酸减水剂单体、其他聚羧酸减水剂产品、苯醚系列产品、丙烯酸羟基酯系列产品、其他精细化学品、聚羧酸高性能减水剂聚醚单体、聚羧酸高性能减水剂、聚羧酸高性能减水剂粉剂、乙二醇苯醚系列产品、丙烯酸羟基酯、表面活性剂、UV光（紫外光）固化聚醚、石墨烯锌粉涂料,baostock+akshare
300406.SZ,九强生物,A股,C27医药制造业,,体外诊断试剂及体外诊断仪器的生产及销售。 产品：体外检测试剂、体外检测仪器、仪器租赁、检验服务及实验辅助业务、病理诊断系统、生化诊断系统、血凝诊断系统、发光诊断系统、血型诊断系统、POCT诊断系统、液体活检系统、其他(补充),baostock+akshare
300407.SZ,凯发电气,A股,C37铁路、船舶、航空航天和其他运输设备制造业,,电气化铁路及城市轨道交通高端供电装备及信息化、自动化和智能化系统核心产品的研发、生产和销售，以及牵引供电系统的咨询、设计、安装、调试和服务业务。 产品：供电及自动化系统、轨道交通综合监控及安防、接触网工程、铁路、城市轨道交通、其他,baostock+akshare
300408.SZ,三环集团,A股,C39计算机、通信和其他电子设备制造业,,电子元件及其基础材料的研发、生产和销售。 产品：电子元件、电子元件基础材料、电子及陶瓷材料、通信器件,baostock+akshare
300409.SZ,道氏技术,A股,C39计算机、通信和其他电子设备制造业,锂电材料,锂电材料业务、无机非金属材料、战略资源业务。 产品：陶瓷材料、正极相关材料、碳材料及负极材料、战略资源,baostock+akshare
300410.SZ,正业科技,A股,C35专用设备制造业,PCB;机器人应用,工业检测、自动化、智能制造整体解决方案、新材料等产品及服务。 产品：工业检测智能装备、自动化及智能制造整体解决方案、新材料、X光检测自动化、PCB检测自动化、平板显示智能装备、智能焊接及自动化集成解决方案、高端新材料、平板显示模组自动化,baostock+akshare
300411.SZ,金盾股份,A股,C34通用设备制造业,机器人应用,高端智能通风系统装备的研发与智能制造。 产品：核级风机、风阀、空调、特种工艺风机、国防特种通风设备、长隧道智能通风系统、地铁隧道通风系统、通风系统产品、其中:隧道类、其中:核电军工类、其中:地铁类、其中:大型工业与民用建筑类,baostock+akshare
300412.SZ,迦南科技,A股,C35专用设备制造业,机器人应用,制药装备。 产品：口服固体制剂设备及智能工厂业务、生物及无菌制剂用水设备及配液系统工程业务、智慧物流业务、医药研发服务、机器人业务、粉体工艺设备、固体制剂设备、中药提取设备、流体工艺设备、智能物流系统、医药研发一致性评价及检测服务、智能机器人、智能仓储物流系统及装备业务,baostock+akshare
300413.SZ,芒果超媒,A股,I64互联网和相关服务,,芒果TV互联网视频、新媒体互动娱乐内容制作和内容电商。 产品：芒果TV互联网视频业务、新媒体互动娱乐内容制作、内容电商、新媒体互动娱乐内容制作与运营,baostock+akshare
300414.SZ,中光防雷,A股,C39计算机、通信和其他电子设备制造业,SSD/存储模组,防雷产品的研发、设计、生产和销售，防雷工程的设计和安装，提供防雷产品和防雷工程一体化的整体解决方案。 产品：防雷产品、防雷工程及服务、非防雷产品、雷电监测系统、SPD智能监测系统、多通道高速数据采集卡、单站闪电定位系统、一体化闪电预警定位系统、导轨安装间隙型交流SPD、导轨安装T2ACSPD、小型化大通流T2SPD、板载T1+T2ACSPD、SPD后备保护器(SSD)、有源提前放电避雷针,baostock+akshare
300415.SZ,伊之密,A股,C35专用设备制造业,,注塑机、压铸机、橡胶机等产品的设计、研发、生产、销售和服务。 产品：注塑机、压铸机、橡胶机、橡胶注射机、相关配套产品,baostock+akshare
300416.SZ,苏试试验,A股,M74专业技术服务业,,环境试验设备的研发和生产，为客户提供从芯片到部件到终端整机产品全面的、全产业链的环境与可靠性综合试验验证及分析服务。 产品：设备制造、试验服务、力学环境试验设备、气候环境试验设备、综合环境试验设备、空间环境试验设备、分析测试系统及传感器、环境与可靠性试验服务、集成电路验证与分析服务、电子电气测试认证服务、软件测评服务、环境可靠性试验服务、试验设备,baostock+akshare
300417.SZ,南华仪器,A股,C40仪器仪表制造业,,机动车环保和安全检测、环境监测用分析仪器及系统研发、生产和销售。 产品：机动车检测设备及系统、环境监测设备及系统、城乡数字化综合解决方案类、车驾管行业联网软件类、清洁设备及系统服务、车驾管行业联网软件,baostock+akshare
300418.SZ,昆仑万维,A股,I64互联网和相关服务,,AGI与AIGC业务、海外信息分发与元宇宙业务、投资业务。 产品：以Opera为主的广告业务、Opera搜索业务、短剧和AI短剧平台业务、海外社交网络业务、游戏业务、AI软件技术业务,baostock+akshare
300419.SZ,ST浩丰,A股,I65软件和信息技术服务业,,AI数智化服务。 产品：IT系统解决方案、酒店及家庭传媒服务、其他(补充),baostock+akshare
300420.SZ,五洋自控,A股,C34通用设备制造业,,智能装备的研发、生产、销售及相关服务。 产品：智能停车设施、自动化装备与智能物流仓储系统、散料智能搬运装备及管控系统,baostock+akshare
300421.SZ,力星股份,A股,C34通用设备制造业,,精密轴承滚动体、特种陶瓷制品的研发、生产和销售。 产品：高精度轴承钢球、轴承滚子、氮化硅陶瓷球钢球、滚动体球、滚动体滚子、其他(补充),baostock+akshare
300422.SZ,博世科,A股,N77生态保护和环境治理业,,以提升环境绩效和解决环境污染问题为导向，致力于为客户提供多领域全方位的环境综合治理整体解决方案。 产品：工业环境治理技术、清洁化纸浆漂白关键设备与技术――大型二氧化氯制备系统及相关化工技术、土壤环境修复、铝电解大修渣综合处置领域、固体废物资源循环利用领域、抗菌保鲜与消毒净化材料及装备、智慧环卫领域、环境综合咨询、环境综合治理收入、其中:环境综合治理收入-水处理、运营收入,baostock+akshare
300423.SZ,昇辉科技,A股,C38电气机械和器材制造业,,高低压成套设备业务、LED照明设备及安装业务、智慧城市业务及新能源业务。 产品：高低压电气成套设备、智慧城市综合服务、新能源业务、新材料业务、中高压类产品、低压类产品、智慧灯杆、智慧交通系统、智慧社区与楼宇解决方案、酒店智能化系统、家庭智能化产品、电解水制氢设备、AC/DC电气设备、氢能源汽车运营平台、自响应灭火贴片材料、高性能纳米锂电池材料、高低压成套设备、新能源,baostock+akshare
300424.SZ,航新科技,A股,C43金属制品、机械和设备修理业,,航空机载设备研制、检测以及机载设备维修等综合保障业务。 产品：机载设备研制、检测设备研制、飞机加改装业务、大数据业务、传感器业务、部附件维修保障、整机维修保障、航空资产管理、航空维修及服务、设备研制及保障、其他(补充),baostock+akshare
300425.SZ,中建环能,A股,C35专用设备制造业,,"工业水环境治理,市政及流域水环境治理,离心机产品的研发,生产和销售等业务。 产品：水处理、离心机及工业过程、固废处理处置及资源化",baostock+akshare
300426.SZ,华智数媒,A股,R87广播、电视、电影和录音制作业,,电视长剧、短剧的投资、制作、发行和衍生业务；电影的投资、制作、发行和衍生业务；互联网营销服务；影视剧后期制作服务等业务。 产品：电视剧业务、剧本创作及销售业务、互联网营销服务及其他业务、电视长剧、中短剧作品以及衍生产品,baostock+akshare
300427.SZ,红相股份,A股,C38电气机械和器材制造业,,电力设备的研发、生产、销售和服务。 产品：电力检测、电力设备、通信设备、售电、电力检测及电力设备、其他(补充),baostock+akshare
300428.SZ,立中集团,A股,C32有色金属冶炼和压延加工业,,功能中间合金新材料、再生铸造铝合金材料和铝合金车轮产品三大业务的研发、设计、制造和销售。 产品：铸造铝合金、铝合金车轮、中间合金,baostock+akshare
300429.SZ,强力新材,A股,C26化学原料和化学制品制造业,PCB;半导体材料,电子材料领域各类光刻胶专用电子化学品和绿色光固化材料的研发、生产和销售及相关贸易业务。 产品：PCB光刻胶光引发剂、PCB光刻胶树脂、LCD光刻胶光引发剂、半导体光刻胶光引发剂、其他用途光引发剂、其他化合物、化工原料贸易,baostock+akshare
300430.SZ,*ST益通,A股,C35专用设备制造业,,自动化控制系统、工业软件、智能装备、康复医疗设备及康复专科解决方案等。 产品：控制系统、产品销售及其他、技术服务、康复医疗器械,baostock+akshare
300432.SZ,富临精工,A股,C36汽车制造业,锂电材料;新能源车/储能,汽车发动机零部件、新能源汽车智能电控和新能源锂电正极材料的研发、生产和销售。 产品：汽车发动机零部件、新能源汽车智能电控、新能源锂电正极材料、锂电池正极材料、发动机零部件、新能源及混合动力零部件,baostock+akshare
300433.SZ,蓝思科技,A股,C39计算机、通信和其他电子设备制造业,交换机/服务器;服务器与终端;机器人本体/集成,智能手机与电脑、智能汽车及座舱、智能头显与智能穿戴、人形机器人等智能终端的结构件、功能模组、整机组装等配套服务的研发、生产和销售。 产品：智能手机和电脑、折叠屏手机、AI眼镜、智能座舱、超薄夹胶多功能车窗玻璃、具身智能业务、AI服务器业务、商业航天业务、智能手机与电脑类、智能汽车及座舱类、智能头显与智能穿戴类,baostock+akshare
300434.SZ,金石亚药,A股,C27医药制造业,,药品及保健食品研发、生产以及销售。 产品：呼吸系统用药、其他医药产品、保健品及食品、成套生产线、机械配件及其他,baostock+akshare
300435.SZ,中泰股份,A股,D45燃气生产和供应业,,深冷设备制造及气体运营。 产品：换热器、冷箱、大型成套项目、设备销售、燃气运营、气体运营,baostock+akshare
300436.SZ,广生堂,A股,C27医药制造业,,核苷类抗乙肝病毒药物的研发、生产与销售。 产品：肝胆疾病药物、呼吸系统药物、心血管药物、男性健康产品,baostock+akshare
300437.SZ,清水源,A股,C26化学原料和化学制品制造业,,水处理剂的研发、生产和销售；工业水处理工程和水环境综合治理。 产品：HEDP、ATMP、HPMA、DTPMP、氯甲烷、水处理剂及衍生产品、运营服务、工程承包,baostock+akshare
300438.SZ,鹏辉能源,A股,C38电气机械和器材制造业,电芯,锂离子电池、一次电池（锂铁电池、锂锰电池、锌空电池等）、钠离子电池的研发、生产和销售。 产品：钴酸锂系列产品、磷酸铁锂系列产品、三元材料、多元复合锂材料系列产品、锂离子电池、其他、锂一次电池,baostock+akshare
300439.SZ,美康生物,A股,C27医药制造业,,体外诊断产品的研发、生产和销售及体外诊断产品的代理业务，并提供第三方医学诊断服务。 产品：体外诊断试剂、体外诊断仪器、医学诊断服务、体外诊断试剂及仪器、第三方医学诊断服务、智慧实验室整体解决方案,baostock+akshare
300440.SZ,运达科技,A股,I65软件和信息技术服务业,,为轨道交通提供智慧培训解决方案、智能运维解决方案、智慧车辆段解决方案、智能牵引供电解决方案、智能货运解决方案及运维服务。 产品：智慧培训、智能运维、智能牵引供电、智慧车辆段、智能货运、智慧培训解决方案、智能运维解决方案、智慧车辆段解决方案、智能牵引供电解决方案、智能货运解决方案,baostock+akshare
300441.SZ,鲍斯股份,A股,C34通用设备制造业,,压缩机、真空泵、液压泵等高端流体机械零部件及成套设备制造的研发、生产、销售。 产品：压缩机产品及相关业务、真空泵产品及相关业务、液压泵及相关业务,baostock+akshare
300442.SZ,润泽科技,A股,I65软件和信息技术服务业,,IDC业务和AIDC业务。 产品：IDC业务、AIDC业务,baostock+akshare
300443.SZ,金雷股份,A股,C35专用设备制造业,,风力发电机核心零部件的研发、生产和销售。 产品：风电主轴、轮毂、底座、连体轴承座、精密轴、风电轴类(含锻造和铸造)、其他精密轴类、其他,baostock+akshare
300444.SZ,双杰电气,A股,C38电气机械和器材制造业,液冷;机器人应用;新能源车/储能,以智能电气为核心的智能制造产品及以新能源电站投资建设为代表的综合能源服务。 产品：智能电气、新能源、环网柜、高低压成套开关柜、低压开关柜、柱上开关/重合器、箱式变电站、新能源智能箱变、逆变升压一体机、其他新能源智能装备（汇流箱、光伏支架、绝缘件等）、高能量密度储能系统、组串式储能变流升压一体机/舱、集中式储能变流器、工商业模块化储能变流器、大功率液冷超充设备、直流一体式充电产品、分体式充电产品、交流充电桩、智能微网设备、换电站、智能电气设备、新能源建设开发、变压器及箱式变电站、新能源智能装备,baostock+akshare
300445.SZ,康斯特,A股,C40仪器仪表制造业,,数字检测仪器仪表产品研发、生产与销售。 产品：数字压力检测产品、过程信号检测产品、温湿度检测产品、检测数字化平台产品、压力传感器产品、其他,baostock+akshare
300446.SZ,航天智造,A股,C26化学原料和化学制品制造业,,汽车零部件、油气装备和高性能功能材料三大业务。 产品：汽车内饰件、汽车外饰件、发动机轻量化部件、汽车塑料零部件模具、射孔器材、完井工具、机电控制类产品、军品、信息防伪材料、耐候功能材料、电子功能材料、汽车内外饰件、智能座舱部件和模具,baostock+akshare
300447.SZ,全信股份,A股,C38电气机械和器材制造业,,军用光电线缆及组件、光电元器件、FC光纤网络通信系统、光电集成设备等系列产品的研发、生产和销售。 产品：高性能传输线缆和组件、光电系统和FC产品、其他(补充),baostock+akshare
300448.SZ,浩云科技,A股,I65软件和信息技术服务业,,低代码智慧物联网数据平台、企业全域数字化赋能引擎与大数据运营服务。 产品：低代码开发平台工具、低代码智慧物联网数据平台、企业全域数字化赋能引擎系列产品、大数据、人工智能技术和产品、智慧能源数字化产品与解决方案、低代码生成引擎、实时知识助手、低代码平台和物联网平台建设及解决方案、物联设备及软件销售、租赁收入,baostock+akshare
300449.SZ,汉邦高科,A股,C39计算机、通信和其他电子设备制造业,,智算服务、智能安防、音视频监测，人工智能行业应用，以及数字水印技术应用以及运维等业务。 产品：智算服务解决方案（AI基础设施与服务）、智能安防解决方案、音视频监测解决方案、音视频产品、数字水印与AI内容安全、解决方案-智算服务解决方案、解决方案-音视频解决方案,baostock+akshare
300450.SZ,先导智能,A股,C35专用设备制造业,,高端非标智能装备的研发设计、生产和销售。 产品：锂电池智能装备、光伏智能装备、3C智能装备、智能物流系统、汽车智能产线、固态电池智能装备、汽车及储能智能装备、氢能装备、激光精密加工装备、其他,baostock+akshare
300451.SZ,创业慧康,A股,I65软件和信息技术服务业,机器人本体/集成,医疗卫生健康信息化的建设、研发及服务创新。 产品：医疗卫生信息化应用软件产品服务、医疗卫生互联网应用产品及服务、医疗卫生智慧物联网应用产品及服务、医疗保障应用产品、医院信息化应用软件服务、公共卫生信息化应用软件服务、一体化便捷就医服务、互联网诊疗云诊室服务、医院随访管理服务、掌上医护服务、移动家医签约+公卫服务、统一支付平台、智能全流程陪诊服务、医疗物联网接入基础平台、多参中央监护系统、床旁智能交互系统、床旁智能交互系统（专科版）、数字病房、医保门诊APG管理系统、医保数据专区服务系统、医保“一人一档”管理系统、医保云HIS平台系统、医院智能审核管理系统、医院DRG/DIP管理系统、技术服务、软件销售、系统集成,baostock+akshare
300452.SZ,山河药辅,A股,C27医药制造业,,药用辅料的研发、生产和销售。 产品：纤维素及衍生物类、淀粉及衍生物类、无机盐类、其他,baostock+akshare
300453.SZ,三鑫医疗,A股,C35专用设备制造业,,医疗器械研发、制造、销售和服务。 产品：血液净化类、给药器具类、心胸外科类、血液透析制水系统、一次性使用血液透析器、血液透析浓缩液、血液透析粉、一次性使用血液透析管路、一次性使用透析用留置针、透析液过滤器、一次性使用机用采血器、血液透析设备、血液透析滤过器、血液净化补液管路、连续性血液净化管路及附件,baostock+akshare
300454.SZ,深信服,A股,I65软件和信息技术服务业,数据中心/云厂商,向企业级用户提供企业级网络安全、云计算、AI、基础网络与物联网领域相关的产品、服务和解决方案。 产品：网络安全业务、云计算及IT基础设施业务、基础网络和物联网业务、下一代防火墙AF、零信任、NDR、MSS、XDR、全网行为管理AC、VPN、应用交付AD超融合（HCI）、桌面云（VDI）、EDS、混合云、VCC、信锐网科产品,baostock+akshare
300455.SZ,航天智装,A股,C39计算机、通信和其他电子设备制造业,,铁路车辆运行安全检测及检修系统、智能测试仿真系统和微系统与控制部组件、核工业及特殊环境自动化装备三大业务。 产品：铁路车辆运行安全检测及检修系统、智能测试仿真系统和微系统与控制部组件、核工业及特殊环境智能装备系统、铁路车辆红外线轴温探测系统、车辆运行故障动态图像检测系统、车辆滚动轴承早期故障轨边声学诊断系统、车辆运行品质轨边检测系统、相关安全检测信息化产品、智能测试仿真系统、微系统及控制部组件、高放环境重载操作机器人、远程操作装置,baostock+akshare
300456.SZ,赛微电子,A股,C39计算机、通信和其他电子设备制造业,半导体设备;晶圆制造,MEMS芯片的工艺开发及晶圆制造，以及新增的半导体设备业务。 产品：MEMS纯代工、IC设计服务、半导体设备、集成电路设计服务、其他,baostock+akshare
300457.SZ,赢合科技,A股,C35专用设备制造业,电芯,锂电池自动化装备与服务以及电子烟业务。 产品：极片制作（前段）、电芯制作（中段）、软件、电子烟、涂布机系列、辊压机系列、分切机系列、辊分一体机系列、涂辊分一体机系列、激光模切机系列、卷绕机系列、激光切卷绕一体机系列、制片卷绕一体机系列、激光清洗系列叠片机系列、切叠一体机系列、自动组装线系列、物流线系列、MES系统、一次性电子烟、换弹式电子烟及其配件、锂电池专用生产设备、其他(补充),baostock+akshare
300458.SZ,全志科技,A股,C39计算机、通信和其他电子设备制造业,服务器与终端,智能应用处理器SoC、高性能模拟器件和无线互联芯片的研发与设计。 产品：智能应用处理器SoC、高性能模拟器件、无线互联芯片、智能终端应用处理器芯片、智能电源管理芯片、无线通信产品,baostock+akshare
300459.SZ,汤姆猫,A股,I64互联网和相关服务,,围绕汤姆猫家族IP为核心的、线上与线下协同发展的全栖IP生态运营。 产品：广告业务、游戏发行业务、新商业服务业务、衍生品销售业务、媒体影视业务、授权业务,baostock+akshare
300460.SZ,ST惠伦,A股,C39计算机、通信和其他电子设备制造业,机器人本体/集成,石英晶体元器件系列产品研发、生产和销售。 产品：DIP、SMD、系统集成产品、技术服务、SMD谐振器、TSX热敏晶体、TCXO振荡器、OSC振荡器、电子元器件、软件及信息技术服务、其他,baostock+akshare
300461.SZ,田中精机,A股,C35专用设备制造业,机器人核心部件;机器人应用,提供从单台智能装备到个性化定制开发智能制造综合解决方案。 产品：标准机、非标准机、特殊机、无线充电线圈绕线设备、VCM绕线设备、音圈绕线设备、变压器/继电器绕线设备、电感绕线设备、LED点胶组装设备、发热丝绕线设备、电容笔磁芯线圈绕线设备、柔性线缆装配设备、CG贴膜设备、Housing贴石墨设备、针式绕线设备、阀类绕线设备、分块电机绕线设备、飞叉绕线设备、直排绕线设备、车载SMD变压器绕线设备、倒车雷达传感器绕线设备、直线电机绕线设备、空心杯电机绕线设备、毛细管精密绕线设备、连接器组装设备、工字形电感绕线设备、小型贴片电感绕线设备、非标机、其他,baostock+akshare
300462.SZ,ST华铭,A股,C35专用设备制造业,机器人本体/集成,轨道交通AFC系统集成、道路交通ETC业务、热管理系统设备业务。 产品：AFC设备类、道路交通ETC业务、热管理系统设备、自动售票机、自动检票机、自动充值机、ETC相关收入、热管理设备销售,baostock+akshare
300463.SZ,迈克生物,A股,C27医药制造业,,体外诊断产品的研发、生产、销售和服务。 产品：免疫、生化、分子诊断、临检、自动化解决方案、分子诊断提取、分子诊断荧光PCR、血常规产品、凝血产品、血型产品、血气产品、尿液产品、自主产品、代理产品、其他(补充),baostock+akshare
300464.SZ,星徽股份,A股,F52零售业,,滑轨、铰链等精密五金件的研发、制造、销售业务和自有品牌的智能小家电类、电源类、电脑手机周边类、家私类产品的研发、设计、销售业务。 产品：滑轨、铰链、其他五金类产品、智能小家电类、电源类、消费电子其他类、配套水槽、水龙头、拉篮、衣服收纳篮、饰品收纳盒、Baby灯、吸尘器、奶泡机、风扇、空气炸锅、墙充、移动电源、线材、桌充、婴儿监护器、投影仪、加热垫/毯、水池、充气床垫、收纳凳,baostock+akshare
300465.SZ,高伟达,A股,I65软件和信息技术服务业,机器人本体/集成,金融信息服务业务。 产品：软件开发及服务、系统集成及服务、IT解决方案、软件外包服务、软件运维服务、系统集成、系统集成服务,baostock+akshare
300466.SZ,赛摩智能,A股,C40仪器仪表制造业,,智能装备业务板块、自动化业务板块、信息业务板块。 产品：计量检测产品、自动化项目、智能物流系统、信息化项目、包装码垛产品,baostock+akshare
300467.SZ,迅游科技,A股,I64互联网和相关服务,,全球互联网用户提供差异化通讯服务。 产品：迅游网络加速产品、移动互联网广告展示服务及付费订阅、其他,baostock+akshare
300468.SZ,四方精创,A股,I65软件和信息技术服务业,机器人本体/集成,面向金融机构提供全流程业务解决方案，定制化的软件开发和运维服务。 产品：软件开发及维护、顾问咨询、系统集成,baostock+akshare
300469.SZ,信息发展,A股,I65软件和信息技术服务业,机器人本体/集成,为智慧交通和数字城市提供数据产品、安全管理及低碳转型解决方案。 产品：系统集成、技术支持与服务、应用软件开发与销售,baostock+akshare
300470.SZ,中密控股,A股,C34通用设备制造业,,机械密封及其辅助（控制）系统、橡塑密封及特种阀门的制造和销售。 产品：机械密封、干气密封及控制系统、橡塑密封、特种阀门、机械密封辅助系统、密封产品修复、零配件,baostock+akshare
300471.SZ,厚普股份,A股,C35专用设备制造业,,清洁能源装备整体解决方案提供。 产品：LNG燃料动力船供气系统、移动式LNG加注站和船用换热器、专用设备制造业、工程、设计行业、航空零部件制造业,baostock+akshare
300472.SZ,*ST新元,A股,C35专用设备制造业,,轮胎制造及相关行业定制化智能装备的研发、制造、销售并提供相应的软硬件综合服务解决方案。 产品：智能输送配料装备、绿色环保装备、智能数字显控及存储装备、废旧轮胎热裂解资源化循环利用产品、电镀设备、5G网络设备,baostock+akshare
300473.SZ,德尔股份,A股,C36汽车制造业,,电机、电泵及机械泵类产品，电控及汽车电子类产品，降噪、隔热及轻量化类产品和汽车内饰类产品等的生产和销售业务。 产品：降噪产品、隔热产品、轻量化类产品、电机、电泵、机械泵类产品、汽车内饰类产品、电控、汽车电子类产品、降噪、隔热及轻量化类产品、电机、电泵及机械泵类产品,baostock+akshare
300474.SZ,景嘉微,A股,C39计算机、通信和其他电子设备制造业,,高可靠电子产品的研发、生产和销售。 产品：图形显控领域产品、小型专用化雷达领域产品、图形处理芯片、边端侧AISoC芯片、芯片领域产品,baostock+akshare
300475.SZ,香农芯创,A股,F51批发业,机器人减速器,电子元器件分销、国产存储产品及家用电器核心零部件的研发、生产与销售等。 产品：集成电路（含存储器）、减速器及配件、集成电路(含存储器)、其他,baostock+akshare
300476.SZ,胜宏科技,A股,C39计算机、通信和其他电子设备制造业,PCB,高密度印制线路板的研发、生产和销售。 产品：刚性电路板（多层板和HDI为核心）、柔性电路板（单双面板、多层板、刚挠结合板）、PCB制造、其他(补充),baostock+akshare
300477.SZ,ST合纵,A股,C38电气机械和器材制造业,数据中心电源;服务器与终端;电芯,配电及控制设备制造及相关技术服务。 产品：环网柜、开关柜、柱上开关、箱式变电站、变压器、配电智能终端、锂离子电池材料产品、输配电设备产品、电力工程建设与咨询设计业务,baostock+akshare
300478.SZ,杭州高新,A股,C29橡胶和塑料制品业,,线缆用高分子材料。 产品：通用聚氯乙烯电缆料、特种聚氯乙烯电缆料、无卤低烟阻燃电缆料、特种聚乙烯电缆料、交联聚乙烯电缆料、特种聚乙烯及交联聚乙烯电缆料,baostock+akshare
300479.SZ,神思电子,A股,I65软件和信息技术服务业,,智慧城市、智慧能源、智慧医疗、身份认证领域产品销售及人工智能解决方案。 产品：身份认证、智慧医疗、AI+智慧城市、AI+智慧城市业务、智慧医疗业务、身份认证业务,baostock+akshare
300480.SZ,光力科技,A股,C35专用设备制造业,,半导体封测装备和物联网安全监控装备专用设备、核心零部件和耗材的研发、生产、销售和技术服务，为客户提供设备、部件、耗材和工艺解决方案，并获取收入和利润。 产品：安全生产监控类产品、节能与环保类产品、半导体封测装备类产品、其他(补充),baostock+akshare
300481.SZ,濮阳惠成,A股,C26化学原料和化学制品制造业,,顺酐酸酐衍生物、功能材料中间体等精细化学品的研发、生产、销售。 产品：顺酐酸酐衍生物、功能材料中间体、其他,baostock+akshare
300482.SZ,万孚生物,A股,C27医药制造业,,快速诊断试剂及配套仪器的研发、生产智造、营销及服务。 产品：传染病检测、慢性疾病检测、妊娠及优生优育检测、毒品(药物滥用)检测,baostock+akshare
300483.SZ,首华燃气,A股,B07石油和天然气开采业,,天然气业务。 产品：天然气、天然气业务、其他(补充),baostock+akshare
300484.SZ,蓝海华腾,A股,C38电气机械和器材制造业,伺服系统;新能源车/储能,电动汽车电机控制器、中低压变频器、伺服驱动器、电梯控制系统等产品的研发、制造、销售以及整体方案解决。 产品：新能源汽车驱动产品、工业自动化控制产品、电梯控制系统产品、电动汽车电机控制器、中低压变频器、伺服驱动器、电梯控制系统、其他(补充),baostock+akshare
300485.SZ,赛升药业,A股,C27医药制造业,,注射针剂的研发、生产及销售。 产品：生物生化药品、免疫系统用药、神经系统用药、心脑血管用药,baostock+akshare
300486.SZ,东杰智能,A股,C34通用设备制造业,机器人应用,提供全流程“物流+信息流”的智能制造综合方案。 产品：智能生产系统、智能物流仓储系统、智能立体停车系统、备件及其他,baostock+akshare
300487.SZ,蓝晓科技,A股,C26化学原料和化学制品制造业,,研发、生产和销售吸附分离材料以及围绕吸附分离材料核心形成的配套系统装置和吸附分离技术一体化的柔性解决方案。 产品：吸附分离材料、系统装置、技术服务,baostock+akshare
300488.SZ,恒锋工具,A股,C33金属制品业,,精密复杂刃量具、精密高效刀具、高端生产性服务（精密修磨服务、加工工艺服务、检验检测服务、定制设计服务、新产品同步开发服务等）。 产品：精密复杂刃量具、精密高效刀具、拉削刀具、冷挤压成型刀具、精密量具、齿轮刀具、铣铣削刀具、钻钻削刀具、丝锥、高端生产性服务,baostock+akshare
300489.SZ,光智科技,A股,C39计算机、通信和其他电子设备制造业,,红外光学器件、高性能铝合金材料研发、生产和销售。 产品：红外材料产品、红外器件、红外整机系统产品、锗、硒化锌、硫化锌、硫系玻璃、红外镜头、红外探测器、红外热像仪、红外整机系统、红外光学材料、铝合金材料及零部件,baostock+akshare
300490.SZ,华自科技,A股,C38电气机械和器材制造业,,自动化及信息化产品与服务、新能源及智能装备、环保与水处理产品及服务。 产品：锂电池及其材料智能装备、新能源(源、网、荷、储)设备及系统、膜及膜产品、水利、水处理自动化产品及整体解决方案、新能源(源、网、荷、储)设备及系统、水利、水处理自动化产品及整体解决方案,baostock+akshare
300491.SZ,通合科技,A股,C38电气机械和器材制造业,,电力电子行业产品的研发、生产、销售和服务。 产品：能源功率变换产品、智能电网电源产品、定制类电源及检测业务、新能源功率变换产品,baostock+akshare
300492.SZ,华图山鼎,A股,P83教育,,建筑工程设计及相关咨询服务业务与职业教育领域中的非学历培训业务。 产品：非学历培训业务、建筑工程设计及相关咨询服务、前期咨询、概念设计、方案设计、初步设计、施工图设计、施工配合、绿建设计、装配式设计、幕墙设计、景观设计、国家及地方公务员招录考试培训、事业单位招录考试培训、医疗卫生系统招录考试培训、教育系统招录考试培训、军队文职招录考试培训、继续教育考试培训、相关资格证考试培训、非学历培训、建筑设计,baostock+akshare
300493.SZ,润欣科技,A股,F51批发业,,无线通信IC、射频IC和传感器件的分销、应用设计及技术创新。 产品：无线连接芯片与系统方案、射频前端及功率器件、智能音频及声学器件、基础电子元器件、物联网通讯模块、分立与电源器件、定制和自研芯片,baostock+akshare
300494.SZ,盛天网络,A股,I64互联网和相关服务,,互联网广告及技术服务、互联网增值服务、游戏运营与发行、游戏IP运营等业务。 产品：游戏运营业务、IP运营业务、网络广告与增值业务,baostock+akshare
300496.SZ,中科创达,A股,I65软件和信息技术服务业,,智能操作系统产品和技术提供。 产品：软件开发、技术服务、软件许可、商品销售及其他,baostock+akshare
300497.SZ,富祥股份,A股,C27医药制造业,锂电材料,抗感染药物原料药、中间体的研发、生产和销售。 产品：原料药、中间体、电解液添加剂、制剂类、β-内酰胺酶抑制剂、碳青霉烯类(培南系列)药物、抗病毒药物中间体、碳酸亚乙烯酯(VC)、氟代碳酸乙烯酯(FEC)、微生物蛋白、氨基酸水溶肥,baostock+akshare
300498.SZ,温氏股份,A股,A03畜牧业,,肉鸡和肉猪的养殖及其销售；兼营肉鸭、蛋鸡、鸽子等养殖及其产品的销售。 产品：肉鸡、肉猪、仔猪、白羽鸡苗、肉鸭、鸡蛋、农牧设备、兽药、肉猪类、肉鸡类、其他养殖类,baostock+akshare
300499.SZ,高澜股份,A股,C38电气机械和器材制造业,液冷;数据中心/云厂商,工业热管理系统的研发、设计、生产和销售。 产品：大功率电力电子热管理、高功率密度装置热管理、工程运维服务、直流输电、柔性交流输变电、大功率电气传动、数据中心液冷产品、储能液冷产品、工程运维、大功率电力电子热管理产品、高功率密度装置热管理产品,baostock+akshare
300500.SZ,启迪设计,A股,M74专业技术服务业,,全过程设计及咨询。 产品：设计咨询、建筑工程、新能源及节能、提供劳务、工程建造、其他,baostock+akshare
300501.SZ,海顺新材,A股,C27医药制造业,,医药包装材料业务、新能源材料业务、新消费材料业务。 产品：软包装材料、硬包装材料、铝塑膜、奶酪片材、有涂层的高阻隔氧化铝膜、聚三氟氯乙烯/聚氯乙烯固体药用复合硬片、半导体封装膜、UV喷墨PP不干胶、UV减粘胶带、冷冲压成型复合硬片、热带型泡罩铝、栓剂复合铝、PTP铝箔、泡罩纸铝PTP、SP复合膜、易撕双铝复合膜、纸铝复合膜、医疗器械包装复合膜、原料药袋、PVC/PVDC固体药用复合硬片、聚三氟氯乙烯/PVC复合硬片、口服固体高密度聚乙烯瓶、药用铝塑盖精密注塑--干燥剂组合盖精密注塑--精准给药器、全血板、软包装、硬包装、其他,baostock+akshare
300502.SZ,新易盛,A股,C39计算机、通信和其他电子设备制造业,光模块,全系列光通信应用的光模块的研发、生产和销售。 产品：光互联产品、其他,baostock+akshare
300503.SZ,昊志机电,A股,C34通用设备制造业,机器人减速器;机器人核心部件;新能源车/储能,数控机床、机器人、新能源汽车、商业航天等高端装备核心功能部件等的研发设计、生产制造、销售与维修服务。 产品：主轴、转台及摆头、直线电机、DD电机、精密运动平台、减速器、机器人关节模组、末端执行机构、运动控制产品、编码器产品、高速风机产品、导轨产品、商业航天领域产品、零配件及维修业务、主轴类产品、转台、直线电机等功能部件,baostock+akshare
300504.SZ,天邑股份,A股,C39计算机、通信和其他电子设备制造业,,通信设备相关产品的研发、生产、销售及服务。 产品：宽带网络终端设备、通信网络物理连接与保护设、其他(补充),baostock+akshare
300505.SZ,川金诺,A股,C26化学原料和化学制品制造业,,磷化工产品的研发、生产、销售，以及新能源材料产品的研发、生产、销售等业务。 产品：饲料级磷酸盐、磷肥、磷酸、饲料级磷酸氢钙(Ⅰ型、Ⅲ型)、饲料级磷酸二氢钙、重过磷酸钙、净化磷酸、磷酸铁锂,baostock+akshare
300506.SZ,名家汇,A股,E50建筑装饰、装修和其他建筑业,,景观照明工程业务，包含了照明工程的设计、施工及相关照明产品的研发、生产、销售。 产品：特殊艺术造型灯具、农业应用、LED洗墙灯、LED点光源、LED线条灯、LED护栏灯、投光灯、照树灯、瓦楞灯、窗台灯、植物照明灯、产品销售、工程施工、其他(补充),baostock+akshare
300507.SZ,苏奥传感,A股,C36汽车制造业,,汽车零部件和汽车智能产品及各类车用传感器的研发、生产和销售。 产品：汽车传感器及配件、汽车燃油系统附件、汽车内饰件、新能源部件、车联网产品、汽车热管理系统零部件,baostock+akshare
300508.SZ,维宏股份,A股,C40仪器仪表制造业,伺服系统,研发、生产和销售工业运动控制系统、伺服驱动系统和工业物联网。 产品：运动控制卡、一体化运动控制器、伺服驱动器、一体机、控制卡、驱动器、配件及服务,baostock+akshare
300509.SZ,新美星,A股,C34通用设备制造业,,液体包装机械的研发、生产与销售。 产品：前处理系统、吹灌旋一体机、吹瓶系统、灌装系统、二次包装系列设备、液态包装设备、其他产品、其他(补充),baostock+akshare
300510.SZ,金冠股份,A股,C38电气机械和器材制造业,,充换电设备的研发、生产和销售业务。 产品：输配电及控制设备、C-GIS智能环网柜、智能高压开关柜、真空断路器、箱式变电站和低压开关柜、电表、用电信息采集设备、充电桩、高低压成套开关柜、智能电表及用电信息采集系统、环网柜、箱式变电站,baostock+akshare
300511.SZ,雪榕生物,A股,A01农业,,鲜品食用菌的研发、工厂化种植与销售。 产品：金针菇、真姬菇、杏鲍菇、其他菇种、香菇、鹿茸菌、食用菌、培养基、其他,baostock+akshare
300512.SZ,中亚股份,A股,C34通用设备制造业,,食品加工机械、包装机械的研发、生产和销售。 产品：智能包装设备、塑料包装制品、配件及其他、无人零售设备、各类灌装封口设备、后道智能包装设备、中空容器吹塑设备、其他(补充),baostock+akshare
300513.SZ,恒实科技,A股,I65软件和信息技术服务业,机器人本体/集成,数字能源、通信技术服务及智能物联应用解决方案的提供及运营。 产品：数字能源、通信技术服务、智能物联应用业务、系统集成、设计、技术服务,baostock+akshare
300514.SZ,友讯达,A股,C40仪器仪表制造业,,销售无线数传模块和集中器、采集器等信息采集设备，包括水、气、热、电等智能仪表信息采集嵌入式应用。 产品：电能表、无线网络、电力终端、其他,baostock+akshare
300515.SZ,三德科技,A股,C40仪器仪表制造业,,分析仪器产品、无人化智能装备产品及其运维等衍生技术服务。 产品：无人化智能装备业务、分析仪器业务、运维等衍生技术服务、入厂验收管理系统、自动采样系统、机器人制样系统、无人化验系统、样品传输与管理系统、除尘系统、燃料管理信息系统、数字化智控中心、运维保障系统、化验仪器、制样设备、配套外购仪器、技术服务、无人化智能装备、分析仪器,baostock+akshare
300516.SZ,久之洋,A股,C39计算机、通信和其他电子设备制造业,,红外热像仪、激光类、光学元件及膜系镀制、星体跟踪器的研发、生产与销售。 产品：红外热像仪、激光传感器、光学镜头、光学元件、光学星体跟踪器、红外、激光等产品的制造与销售、其他(补充),baostock+akshare
300517.SZ,海波重科,A股,E48土木工程建筑业,,桥梁钢结构工程。 产品：桥梁钢结构的工艺设计、钢梁制作、节段运输、桥位安装、桥梁钢结构维护、桥梁钢结构工程、其他(补充),baostock+akshare
300518.SZ,新迅达,A股,I64互联网和相关服务,锂电资源,直播电商业务、电商直销业务及矿产品业务等。 产品：游戏业务、电商直销业务、直播电商业务、租赁、锂矿委托加工业务,baostock+akshare
300519.SZ,新光药业,A股,C27医药制造业,,中成药、化学药、保健食品的研发、生产和销售。 产品：中成药、保健食品、黄芪生脉饮、伸筋丹胶囊、西洋参口服液、黄芪生脉颗粒、增液颗粒、慢支固本颗粒、金胆片、玉屏风口服液、参术儿康糖浆、肾石通颗粒、铁皮枫斗颗粒、复方大青叶合剂、胃炎宁颗粒、生脉饮、复方丹参片、清热解毒口服液,baostock+akshare
300520.SZ,科大国创,A股,I65软件和信息技术服务业,,数字化应用、数字化产品、数字化运营三大业务。 产品：数字化应用、数字化产品、数字化运营,baostock+akshare
300521.SZ,爱司凯,A股,C35专用设备制造业,,工业化打印产品的技术研发、生产销售和服务解决方案。 产品：CTP系列产品、3D打印设备系列产品、喷墨打印头系列产品、3D金属打印头系列产品、设备销售收入、年保收入、升级收入,baostock+akshare
300522.SZ,世名科技,A股,C26化学原料和化学制品制造业,,纳米着色材料（色浆）、功能性纳米分散体、电子化学品及智能调色系统等产品的研发、生产及销售。 产品：着色剂类（色浆类）、着色剂类（母粒类）、涂料色浆、纤维色浆、轻工色浆、母粒、着色剂类、特种添加剂类、单体类,baostock+akshare
300523.SZ,辰安科技,A股,I65软件和信息技术服务业,,公共安全与应急平台软件、装备的研发、制造、销售及相关服务。 产品：城市安全、应急管理、装备与消防、国际业务、消费者业务,baostock+akshare
300525.SZ,博思软件,A股,I65软件和信息技术服务业,,软件产品的开发、销售与服务。 产品：软件开发与销售、技术服务、硬件、耗材销售、硬件及耗材销售,baostock+akshare
300527.SZ,ST应急,A股,C35专用设备制造业,,应急交通工程装备的研发、生产和销售。 产品：应急交通装备、水域搜救与防汛抢险装备、施工保障装备、特种作业及其它应急装备、无人智能装备、应急交通、其他,baostock+akshare
300528.SZ,幸福蓝海,A股,R87广播、电视、电影和录音制作业,,电视剧制作、发行和电影全产业链业务。 产品：电视剧业务、电影全产业链业务、电影制作、电影发行、院线发行、影城放映、电影及衍生、其他(补充)、电视剧,baostock+akshare
300529.SZ,健帆生物,A股,C35专用设备制造业,,生物材料和高科技医疗器械的研发、生产及销售。 产品：一次性使用血液灌流器、一次性使用血浆胆红素吸附器、管路产品、血液净化设备、血浆分离器、血液透析粉液产品,baostock+akshare
300530.SZ,领湃科技,A股,C38电气机械和器材制造业,电芯;新能源车/储能,新能源汽车动力电池、储能等产品及新型环保表面工程化学品的研发、生产和销售。 产品：电镀添加剂、新能源电池产品、新能源电池、系统及EPC业务、涂镀添加剂、其他(补充),baostock+akshare
300531.SZ,优博讯,A股,C39计算机、通信和其他电子设备制造业,服务器与终端,研发、生产、销售智能数据终端（PDA）、智能支付终端（智能POS）、专用打印机、智能自动化装备等AIDC终端产品并提供相关的软件及云服务平台。 产品：AIDC终端产品、软件、开发及服务、其他业务、智能数据终端、智能支付终端（智能POS）、专用打印机、智能自动化装备、智能终端、其他,baostock+akshare
300532.SZ,今天国际,A股,I65软件和信息技术服务业,机器人应用,提供智慧物流和智能制造系统综合解决方案。 产品：智慧物流和智能制造系统综合解决方案、智能软硬件产品、售后运维服务、系统综合解决方案、机器人产品,baostock+akshare
300533.SZ,冰川网络,A股,I64互联网和相关服务,,网络游戏研发、发行与运营。 产品：移动游戏、客户端游戏、移动游戏充值收入、客户端游戏充值收入、其他(补充),baostock+akshare
300534.SZ,陇神戎发,A股,C27医药制造业,,中成药、三类医疗器械、大健康产品的研发、生产、销售。 产品：合剂类、滴丸剂类、膜剂类、胶囊剂类、片剂类、原料药、中草药材等、植物饮料类、滴丸剂、合剂、片剂、硬胶囊剂、膜剂、医疗器械及其他,baostock+akshare
300535.SZ,达威股份,A股,C26化学原料和化学制品制造业,,精细化学品的生产和销售。 产品：化学品、清洁制革材料、皮革功能助剂、涂饰材料、着色剂、水性聚氨酯材料、其他,baostock+akshare
300536.SZ,农尚环境,A股,E48土木工程建筑业,,园林绿化工程的设计、施工、养护。 产品：算力综合服务、地产景观园林、市政公共园林、芯片软件开发、半导体销售、房屋租赁、其他,baostock+akshare
300537.SZ,广信材料,A股,C26化学原料和化学制品制造业,半导体材料,光刻胶、涂料等光固化领域电子化学品的研发、生产和销售。 产品：光刻胶及配套材料、功能涂层材料、其他(补充),baostock+akshare
300538.SZ,同益股份,A股,F51批发业,,中高端化工及电子材料的销售。 产品：电子材料、工程塑料、通用塑料、复合材料板棒材及原料,baostock+akshare
300539.SZ,横河精密,A股,C29橡胶和塑料制品业,机器人减速器,精密模具、精密零组件的研发及制造。 产品：注塑产品、精密模具、金属零部件、精密齿轮、齿轮箱/减速器、精密结构件、中大型轻量化汽车内外饰零部件、智能家电精密零组件、汽车轻量化内外饰件、智能座舱精密零组件,baostock+akshare
300540.SZ,蜀道装备,A股,C34通用设备制造业,半导体材料,气体投资运营、清洁能源投资运营及氢能源业务等。 产品：气体投资运营、清洁能源投资运营、天然气液化装置、焦炉气液化装置、煤层气液化装置、空气分离装置、化工尾气和轻烃回收装置、氧氮液化装置、提氢装置、HYCO分离装置、电子特气装置、LNG/L-CNG加气站、航天级高纯甲烷装置、氢加注站、大型低温液体储槽、增压透平膨胀机组、LNG装置、空分及其它气体分离装置、储罐及储备站,baostock+akshare
300541.SZ,先进数通,A股,I65软件和信息技术服务业,,金融机构、大型互联网企业、烟草行业及其他大中型企业IT解决方案的设计和服务。 产品：IT基础设施建设、软件解决方案、IT运行维护服务,baostock+akshare
300542.SZ,新晨科技,A股,I65软件和信息技术服务业,机器人本体/集成,软件开发业务、系统集成业务、专业技术服务。 产品：系统集成、软件开发、专业技术服务,baostock+akshare
300543.SZ,朗科智能,A股,C39计算机、通信和其他电子设备制造业,服务器与终端,基于应用电子技术的智能控制、智能电源、无刷马达控制及新能源、智能家电等产品的研发、生产、销售及服务。 产品：智能控制器、智能终端、新能源,baostock+akshare
300545.SZ,联得装备,A股,C35专用设备制造业,电芯;PACK/BMS;药物发现/CRO,新型半导体显示智能装备、汽车智能座舱系统装备、半导体封测设备、新能源设备的研发、生产、销售及服务。 产品：绑定设备、贴合设备、偏贴设备、覆膜设备、检测设备、超大尺寸TV模组整线设备、移动终端自动化设备、汽车智能座舱系统组装设备、超精密点胶、3D点胶设备、Mini/MicroLED芯片分选设备、扩晶设备、真空贴膜设备、巨量转移设备、高精度拼接设备、半导体FlipChip倒装设备、固晶设备、AOI检测设备、引线框架贴膜设备、钙钛矿光伏涂布/VCD/HP设备、锂电池模切叠片设备、电芯装配段、Pack段整线自动化设备、设备类、夹治具、其他,baostock+akshare
300546.SZ,雄帝科技,A股,C39计算机、通信和其他电子设备制造业,,可信数字身份在安全证件、身份认证与管理、数字身份等领域的应用与技术创新。 产品：数字身份与安全、数字交通与出行、其他(补充),baostock+akshare
300547.SZ,川环科技,A股,C29橡胶和塑料制品业,新能源车/储能,传统燃油汽车、新能源汽车、摩托车用橡塑软管及总成的研发、设计、制造和销售。 产品：燃油系统软管、冷却系统软管、附件系统、制动软管、摩托车软管,baostock+akshare
300548.SZ,长芯博创,A股,C39计算机、通信和其他电子设备制造业,光器件;光模块;电芯,光通信领域集成光电子器件的研发、生产和销售。 产品：光电芯片、光电模组、集成光电子器件、光模块、有源光缆（AOC）、铜缆（DAC/ACC/AEC）、综合布线、数据通信、消费及工业互联市场、电信市场、其他(补充),baostock+akshare
300549.SZ,优德精密,A股,C35专用设备制造业,,汽车、家电、3C模具零部件及自动化设备、医疗器材精密组件的研发、生产与销售。 产品：冲裁类零部件、滑动导向类零部件、斜楔机构、弹性元件、模具周边零件、非标定制零件、齿轮齿条、减速机、直线导轨副方轨、刨刀、磨头类工具、骨科手术工具、齿科手术工具、手术机器人零件、工装夹治具、精密模具零部件、自动化设备零部件、制药模具及医疗器材零部件,baostock+akshare
300550.SZ,和仁科技,A股,I65软件和信息技术服务业,,医疗信息系统及数字化场景应用系统的研发销售、实施集成、服务支持。 产品：医疗信息系统、数字化场景应用系统、医院临床信息系统、城市级智慧医疗（数字健康城市）解决方案、智慧门诊、智慧住院、智慧医技、智慧手术、智慧重症监护、智慧后勤、智慧机房综合运维平台、综合运营和管理中心（HCC）、场景化应用系统、其他,baostock+akshare
300551.SZ,古鳌科技,A股,C34通用设备制造业,,智慧金融系统整体解决方案以及金融软件信息化产品的供应和服务。 产品：金融信息服务、金融机具设备及服务、信息技术产品系列、点验钞机、纸币清分机、捆扎系列、智能自助系列、钱育做市软件、钱育场内软件、钱育场外软件、钱育期权交易分析软件、其他收入,baostock+akshare
300552.SZ,万集科技,A股,C39计算机、通信和其他电子设备制造业,,智能交通产品的研发、生产与销售、工程安装、售后服务业务。 产品：智能网联、专用短程通信、激光雷达、动态称重,baostock+akshare
300553.SZ,集智股份,A股,C40仪器仪表制造业,,全自动平衡机、测试机和自动化设备的研发、设计、生产和销售。 产品：全自动平衡机、测试机、自动化设备、平衡机,baostock+akshare
300554.SZ,三超新材,A股,C30非金属矿物制品业,,金刚石、立方氮化硼等超硬材料工具的研发、生产和销售。 产品：电镀金刚线、金刚石砂轮、其他,baostock+akshare
300555.SZ,ST路通,A股,C39计算机、通信和其他电子设备制造业,,有线电视网络设备及广播设备、智能控制系统、信息系统的研发、生产和销售。 产品：网络传输系统、智慧物联应用、技术服务,baostock+akshare
300556.SZ,丝路视觉,A股,I65软件和信息技术服务业,,以CG创意和技术为基础的数字视觉综合服务业务。 产品：数字化展览展示综合业务、数字孪生、智慧城市、AR/VR/MR交互式数字内容整体解决方案、数字内容应用、展览展示场景构建、数字内容应用业务、其中:数字化展览展示综合业务-展览展示场景构建、其中:数字化展览展示综合业务-数字内容应用,baostock+akshare
300557.SZ,理工光科,A股,C35专用设备制造业,,光纤传感器、智能仪器仪表、光纤传感系统、物联网应用的研究、开发、生产、销售以及技术服务。 产品：光纤传感监测系统、消防报警一体化服务、智慧物联平台、智能化应用,baostock+akshare
300558.SZ,贝达药业,A股,C27医药制造业,药企/生物科技,自主知识产权创新药物研究与开发。 产品：盐酸埃克替尼片（商品名：凯美纳）、盐酸恩沙替尼胶囊（商品名：贝美纳）、贝伐珠单抗注射液（MIL60、商品名：贝安汀）、甲磺酸贝福替尼胶囊（BPI-D0316、商品名：赛美纳）、伏罗尼布片（CM082、商品名：伏美纳）、酒石酸泰瑞西利胶囊（BPI-16350、商品名：康美纳）、注射用曲妥珠单抗（商品名：安瑞泽）、重组人白蛋白注射液（水稻）（商品名：奥福民）、帕妥珠单抗注射液（商品名：贝泽汀）、药品销售、厂房租赁、推广服务,baostock+akshare
300559.SZ,佳发教育,A股,I65软件和信息技术服务业,,提供集研发、生产、销售、实施及服务于一体的教育数字化解决方案。 产品：智慧考试、智慧教育、网上巡查解决方案、身份验证解决方案、作弊防控解决方案、守正智能安检门解决方案、试卷押运解决方案、智能保密室解决方案、国家教育考试综合管理平台解决方案、云视讯指挥解决方案、信息化体检解决方案、在线考试综合解决方案、AI体考解决方案、英语听说AI解决方案、理化生实验AI解决方案、智能巡考解决方案、教育考试标准化考点产品及整体解决方案、智慧教育产品及整体解决方案、运营服务,baostock+akshare
300560.SZ,中富通,A股,I65软件和信息技术服务业,机器人本体/集成,通信服务业务、信息化软件服务业务、数字营销业务、边缘计算业务、渠道销售业务。 产品：通信网络建设、维护业务、通信网络优化业务、系统集成、软件开发、技术服务、渠道销售、边缘计算相关产品、通信网络建设、维护业务,baostock+akshare
300561.SZ,汇金科技,A股,I65软件和信息技术服务业,,为金融行业客户提供运营管理、风险控制、网点转型等“云+端”整体解决方案和服务。 产品：银行现金及重控物品管理解决方案、银行自助设备现金管理系统解决方案、银行系统AI鉴权及音视频采集解决方案、其他,baostock+akshare
300562.SZ,乐心医疗,A股,C35专用设备制造业,,健康IoT业务以及数字健康服务。 产品：家用医疗设备、远程健康管理（RPM）、数字慢病管理、智能电子血压计、电子健康秤（体重秤及厨房秤）、智能血糖监测仪、脂肪测量仪、心电监测设备、智能可穿戴等终端、医疗级健康监测设备、数字慢病管理硬件、家用医疗产品、家用健康产品、其他,baostock+akshare
300563.SZ,神宇股份,A股,C39计算机、通信和其他电子设备制造业,,高频射频同轴电缆的研发、生产和销售。 产品：同轴电缆、黄金拉丝（金蒸发颗粒）、细微射频同轴电缆、极细射频同轴电缆、半柔、半刚射频同轴电缆、稳相微波射频同轴电缆、军标系列射频同轴电缆、其他(补充)、黄金拉丝(金蒸发颗粒),baostock+akshare
300564.SZ,筑博设计,A股,M74专业技术服务业,,建筑设计及相关业务的设计与咨询，业务涵盖建筑设计、城市规划、设计咨询等。 产品：建筑设计、城市规划及城市更新、设计咨询、其他(补充),baostock+akshare
300565.SZ,科信技术,A股,C39计算机、通信和其他电子设备制造业,数据中心/云厂商,电池系统、电源系统等网络能源核心软硬件自主研发和生产。 产品：无线网络能源产品、数据中心能源产品、固定及传输网络传统产品、数据中心产品、固定及传输网络产品,baostock+akshare
300566.SZ,激智科技,A股,C39计算机、通信和其他电子设备制造业,,研发、生产、销售光学膜及功能性薄膜产品。 产品：光电板块、光伏板块、汽车板块、电池板块、扩散膜、增亮膜、量子点薄膜、COP、复合膜（DOP、POP、DPP等）、银反射膜、3D膜、保护膜、手机硬化膜、双面涂覆、涂覆复合、单面涂覆、透明背板、间隙反光膜、车窗膜、车衣膜、建筑窗膜、聚碳酸酯(PC)阻燃膜、光学薄膜、胶膜、背板膜及反光膜,baostock+akshare
300567.SZ,精测电子,A股,C40仪器仪表制造业,,半导体、显示及新能源三大核心领域检测系统的研发、生产与销售。 产品：显示、半导体、新能源,baostock+akshare
300568.SZ,星源材质,A股,C26化学原料和化学制品制造业,锂电材料;电芯,锂离子电池隔膜研发、生产及销售。 产品：锂离子电池隔膜、干法隔膜、湿法隔膜、涂覆隔膜、各种功能膜、锂离子电池隔膜新能源新材料、其他(补充),baostock+akshare
300569.SZ,天能重工,A股,C38电气机械和器材制造业,,风机塔架的制造和销售及新能源发电业务。 产品：风力发电用风机塔架（含混塔及海上风机塔架、单桩）、锚栓、新能源发电、塔筒等风电设备制造、其他(补充),baostock+akshare
300570.SZ,太辰光,A股,C39计算机、通信和其他电子设备制造业,光器件;光模块,各种光通信器件及其集成功能模块和光传感产品的研发、制造和销售。 产品：光互联元件、光分路器件、光通信集成功能模块、光有源产品、陶瓷插芯、MT插芯及各类非标插芯、PLC晶圆及芯片、AWG晶圆及芯片、常规及高密度光纤连接器、光模块配套产品、PLC分路器、波分复用器、光纤路由柔性板、光纤配线机箱、光缆熔接箱等、光模块、有源光缆（AOC）、光器件产品、其他、光传感产品,baostock+akshare
300571.SZ,平治信息,A股,C39计算机、通信和其他电子设备制造业,服务器与终端,通信设备业务、算力业务和运营商权益类产品业务。 产品：通信设备制造、算力业务、运营商权益类业务、宽带网络终端设备、IoT泛智能终端设备、5G通信产品和云业务,baostock+akshare
300572.SZ,安车检测,A股,C40仪器仪表制造业,,机动车检测系统业务和机动车检测运营服务业务。 产品：机动车检测系统、检测行业（联网）监管系统、驾考系统、检测运营服务、检测运营增值服务、高端智能设备、换电设施,baostock+akshare
300573.SZ,兴齐眼药,A股,C27医药制造业,,眼科药物研发、生产、销售。 产品：延缓儿童近视进展药、干眼治疗药、眼用抗感染药、眼用抗炎/抗感染药、散瞳药和睫状肌麻痹药、眼用非类固醇消炎药、缩瞳药、抗青光眼用药、滴眼剂、凝胶剂/眼膏剂、溶液剂,baostock+akshare
300575.SZ,中旗股份,A股,C26化学原料和化学制品制造业,,新型高效低毒农药的研发、生产和销售。 产品：农药原药、农药制剂、农药中间体、贸易、贸易收入,baostock+akshare
300576.SZ,容大感光,A股,C39计算机、通信和其他电子设备制造业,PCB;半导体材料,PCB光刻胶、显示用光刻胶、半导体光刻胶及配套化学品等电子感光化学品的研发、生产和销售。 产品：湿膜光刻胶、阻焊光刻胶、干膜光刻胶、显示用光刻胶、半导体光刻胶、特种光刻胶、配套化学品、PCB光刻胶、显示用光刻胶及半导体光刻胶、光伏类感光化学品,baostock+akshare
300577.SZ,开润股份,A股,C19皮革、毛皮、羽毛及其制品和制鞋业,,包袋、旅行箱、服装及相关配件等出行产品的研发、设计、生产和销售。 产品：旅行箱、包袋、服装、服装及相关配件,baostock+akshare
300578.SZ,会畅科技,A股,I65软件和信息技术服务业,,基于音视频技术的智能云视频业务。 产品：云视频业务、“会畅智云”平台、视频会议终端、专业摄像机、音频设备、智能交互终端、其他(补充),baostock+akshare
300579.SZ,数字认证,A股,I65软件和信息技术服务业,,提供电子认证服务、网络安全产品、网络安全集成、网络安全服务。 产品：电子认证服务、网络安全产品、网络安全集成、网络安全服务,baostock+akshare
300580.SZ,贝斯特,A股,C36汽车制造业,,研发、生产及销售各类精密零部件及工装夹具产品。 产品：精密零部件、智能装备及工装、直线运动部件、汽车零部件、其他(补充),baostock+akshare
300581.SZ,晨曦航空,A股,C39计算机、通信和其他电子设备制造业,,研发、生产、销售航空机电产品及提供相关专业技术服务。 产品：航空惯性导航产品、航空发动机电子产品、无人机、光纤捷联惯性导航系统、激光捷联惯性导航系统、其他产品,baostock+akshare
300582.SZ,英飞特,A股,C39计算机、通信和其他电子设备制造业,,LED驱动电源、传感器、控制系统和LED模组等LED照明配套产品的研发、生产、销售和技术服务。 产品：LED驱动电源、CNT(智能照明控制系统)、LED模组、灯带及标识、控制系统及模组,baostock+akshare
300583.SZ,赛托生物,A股,C27医药制造业,,应用基因工程技术和微生物转化技术制造并销售甾体药物原料和中间体。 产品：甾体核心中间体、高端中间体、呼吸类高端特色原料药、动保类原料药、乳膏鼻喷制剂、甾体药物原料及其他中间体原料药、其他(补充),baostock+akshare
300584.SZ,海辰药业,A股,C27医药制造业,锂电材料,化学制剂、原料药及中间体的研发、生产、销售，同时拓展锂电材料业务。 产品：抗生素类、抗病毒类、利尿类、消化类、免疫调节类、心脑血管类、原料药及中间体、锂电池电解液添加剂,baostock+akshare
300585.SZ,奥联电子,A股,C36汽车制造业,PACK/BMS,汽车电子电器零部件产品的研发、生产和销售。 产品：动力电子控制、车身电子控制、新能源系统控制、电子油门踏板总成、换挡控制器、怀挡组合开关、低温启动装置、电子节气门、电磁螺线管和尿素加热管、车用空调控制器、汽车内后视镜、整车控制器、多合一控制器、电池管理系统、专用车辆电源系统、其他,baostock+akshare
300586.SZ,美联新材,A股,C26化学原料和化学制品制造业,锂电材料,高分子复合着色材料的研发、生产、销售和技术服务，为客户提供塑料着色一体化解决方案；氰化钠、三聚氯氰和染料、颜料及其中间体等精细化工产品及氢气等衍生产品的研发、生产和销售；用于锂电池、钠电池和半固态电池等湿法隔膜的研发、生产和销售；普鲁士蓝/白钠离子电池正极材料的研发、生产和销售。 产品：色母粒、三聚氯氰、电池湿法隔膜（基膜和涂覆膜）、高性能颜染料、精细化工、高分子材料、新能源,baostock+akshare
300587.SZ,天铁科技,A股,C29橡胶和塑料制品业,锂电资源,“减振/震业务”和“新能源业务”等产品的生产经营。 产品：减振垫、金属锂、碳酸锂、无水氯化锂、有机锂、轨道工程橡胶制品、其他产品、其他(补充)、锂化物系列产品,baostock+akshare
300588.SZ,熙菱信息,A股,I65软件和信息技术服务业,,致力于使用大数据及人工智能等前沿信息技术打造面向垂直领域行业客户的大数据智能应用软件及解决方案，同时为行业客户提供网络安全相关的测评及评估服务。 产品：智能安防及信息化工程、信息安全产品、服务及综合解决方案、通信运营商软件开发及服务、其他数字政府及企业服务与综合解决方案、信息安全产品、服务与综合解决方案,baostock+akshare
300589.SZ,江龙船艇,A股,C37铁路、船舶、航空航天和其他运输设备制造业,,公务执法船艇、旅游休闲船艇和特种作业船艇的设计、研发、生产和销售。 产品：公务执法船艇、旅游休闲船艇、特种作业船艇,baostock+akshare
300590.SZ,移为通信,A股,C39计算机、通信和其他电子设备制造业,服务器与终端,物联网设备研发、销售业务。 产品：车载信息智能终端、视频车联网产品、两轮车智能化终端、资产管理信息智能终端、动物追踪溯源产品、其他产品,baostock+akshare
300591.SZ,万里马,A股,C19皮革、毛皮、羽毛及其制品和制鞋业,,皮具产品和个体防护产品的研发设计、生产制造、品牌运营及市场销售业务。 产品：军警被装产品、个体防护产品、时尚产品、鞋靴被装产品、防弹衣（含防弹软质层）、防弹插板、防弹头盔、野营装具系列产品、应急救援系列产品、手袋、钱包、拉杆箱、鞋靴、皮带及配饰、皮革及纺织制品、护肤美妆、快消品,baostock+akshare
300592.SZ,华凯易佰,A股,F52零售业,,跨境出口电商业务。 产品：泛品业务、精品业务、亿迈跨境生态平台业务、跨境出口电商业务、跨境电商综合服务业务、其他(补充),baostock+akshare
300593.SZ,新雷能,A股,C38电气机械和器材制造业,,高效率、高可靠性、高功率密度电源产品的研发、生产和销售。 产品：集成电路（IC）类产品、电源类产品、电驱电机类产品、电源类、集成电路及集成电路微模组、电驱电机类,baostock+akshare
300594.SZ,ST朗进,A股,C37铁路、船舶、航空航天和其他运输设备制造业,,轨道交通车辆空调及其控制系统研发、生产、销售及售后维保服务。 产品：轨道交通车辆空调及服务、控制器产品、新能源及智能热管理产品、数字能源智能环控产品、轨道交通车辆空调及维修维护服务、数字能源智能环控产品及变频控制器,baostock+akshare
300595.SZ,欧普康视,A股,C35专用设备制造业,,专注眼视光产品及相关配套产品的研发、生产、销售，以及眼视光服务。 产品：硬性接触镜类及其护理产品、硬镜以外的其它视光产品、其它眼健康产品、硬性接触镜、框架镜等其他视光产品及技术服务、医疗服务、护理产品,baostock+akshare
300596.SZ,利安隆,A股,C26化学原料和化学制品制造业,PACK/BMS,高分子材料抗老化业务、润滑油添加剂业务、生命科学业务。 产品：抗氧化剂、光稳定剂、U-pack、润滑油添加剂、生命科学、小核酸药物亚磷酰胺单体、小核酸药物递送载体、小核酸药物固相合成载体、mRNA原料NTP、IVD诊断试剂原料dNTP、质谱诊断试剂ddNTP、聚酰亚胺薄膜,baostock+akshare
300597.SZ,吉大通信,A股,I65软件和信息技术服务业,,通信技术服务业务、信息化产品集成运营业务、国际业务、投资业务等。 产品：设计服务、工程服务、智慧食堂产品,baostock+akshare
300598.SZ,诚迈科技,A股,I65软件和信息技术服务业,,软件技术服务及解决方案研发与销售。 产品：软件技术服务、软件定制服务、软硬件产品、软硬件产品的开发和销售,baostock+akshare
300599.SZ,雄塑科技,A股,C29橡胶和塑料制品业,,塑料管道的研发、生产与销售。 产品：聚氯乙烯（PVC）、聚乙烯（PE）、无规共聚聚丙烯（PPR）、PVC系列、PE系列、PPR系列,baostock+akshare
300600.SZ,国瑞科技,A股,C37铁路、船舶、航空航天和其他运输设备制造业,机器人本体/集成,船舶电气与自动化系统及其系统集成的研发、生产、销售及综合技术服务。 产品：船舶配电系统、船舶机舱自动化系统及航天自动化系统、船舶机舱自动化系统、航天自动化系统,baostock+akshare
300601.SZ,康泰生物,A股,C27医药制造业,,人用疫苗的研发、生产和销售。 产品：生物制品、免疫规划疫苗、非免疫规划疫苗、自主产品-非免疫规划疫苗、自主产品-免疫规划疫苗、房屋租赁,baostock+akshare
300602.SZ,飞荣达,A股,C39计算机、通信和其他电子设备制造业,,电磁屏蔽材料及器件、热管理材料及器件、基站天线及相关器件、防护功能器件、轻量化材料及器件、功能组件等的研发、设计、生产与销售，并能够为客户提供相关领域的整体解决方案。 产品：电磁屏蔽材料及器件、基站天线及相关器件、热管理材料及器件、轻量化等功能器件,baostock+akshare
300603.SZ,立昂技术,A股,I65软件和信息技术服务业,数据中心/云厂商,数字城市系统服务、数据中心与云计算服务业务、通信网络技术服务业务、运营商增值服务业务及新媒体业务。 产品：数字城市业务、通信网络业务、数据中心及云服务业务、运营商增值服务业务、其他业务,baostock+akshare
300604.SZ,长川科技,A股,C35专用设备制造业,,集成电路专用设备的研发、生产和销售。 产品：测试机、分选机、自动化设备、AOI光学检测设备、其他,baostock+akshare
300605.SZ,恒锋信息,A股,I65软件和信息技术服务业,,提供智慧城市行业解决方案，业务涉及信息科技和健康养老。 产品：智慧城市信息服务、软件开发、设计服务、运维服务、养老服务,baostock+akshare
300606.SZ,金太阳,A股,C30非金属矿物制品业,,抛光材料、高端智能装备研发生产销售以及精密结构件制造服务业务，为客户提供精密研磨抛光与精密结构件制造综合解决方案。 产品：抛光材料、高端智能数控装备、精密结构件制造服务、耐水砂纸、干磨涂层砂纸、重磅干磨砂纸、聚酯砂膜（PET基材）、弹性抛光砂膜（TPU基材）、金字塔砂膜、无尘研磨砂网、页轮布、柔软布砂带布、硬布砂带布、特殊磨料、抛光蜡、3C用抛光液和硅晶圆用抛光液、五轴数控抛磨机床、五轴力控抛光机、五轴六工位磨抛机、五轴叠抛机、磨削测试机、新能源托盘打磨线、浮动电动/气动打磨去毛刺五轴机、微晶玻璃内凹磨抛设备、智能穿戴表壳拉丝自动化设备、全自动喷涂拆/装夹机、自动上下料机、力控自动翻转毛刺机、自动化模组、折叠屏钛合金轴盖、折叠屏高精密转轴零配件、智能手机中框、笔记本前后盖、5G射频器件、各类金属结构件、精密模具、纸基/布基抛光材料、智能数控装备及精密结构件、新型抛光材料,baostock+akshare
300607.SZ,拓斯达,A股,C34通用设备制造业,机器人本体/集成,工业机器人及自动化应用系统业务，注塑机、配套设备及自动供料系统业务，数控机床，智能能源及环境管理系统业务。 产品：工业机器人及自动化应用系统、智能能源及环境管理系统、工业机器人与自动化应用系统、注塑装备、数控机床(CNC),baostock+akshare
300608.SZ,思特奇,A股,I65软件和信息技术服务业,,运营商数智化领域、城市智能经济领域、产业和企业数智化领域、人工智能领域、信创领域。 产品：运营商数智化领域、城市智能经济领域、产业和企业数智化领域、人工智能领域、信创领域、软件开发、技术服务、商品销售,baostock+akshare
300609.SZ,汇纳科技,A股,I65软件和信息技术服务业,,为客户提供行业数字化解决方案。 产品：客流数据分析、远程巡店系统、数据与运维服务、智能屏管理系统、大数据平台开发、数字化软硬件集成、客流数据分析与远程巡店系统,baostock+akshare
300610.SZ,晨化股份,A股,C26化学原料和化学制品制造业,,氧化烯烃、脂肪醇、硅氧烷等为主要原料的精细化工新材料系列产品的研发、生产和销售。 产品：表面活性剂、阻燃剂、硅橡胶,baostock+akshare
300611.SZ,美力科技,A股,C36汽车制造业,,高端弹簧系列及汽车零部件的研发、生产和销售。 产品：悬架系统弹簧、车身及内饰弹簧、动力系统弹簧、通用弹簧、弹性装置及冲压件等、精密注塑件、悬架弹簧、稳定杆、各种异形弹簧、气门弹簧、圆柱弹簧、碟形弹簧、弹性装置、冲压件等其他弹簧、安全系统零部件、方向盘系统部件、遮阳板总成及天窗部件,baostock+akshare
300612.SZ,宣亚国际,A股,L72商务服务业,,数智营销、数字广告、数据技术产品的研发、生产。 产品：数智营销服务、数字广告服务、数据技术产品服务,baostock+akshare
300613.SZ,富瀚微,A股,I65软件和信息技术服务业,,为客户提供高性能视频编解码IPC以及NVRSoC芯片、图像信号处理器ISP芯片、智能显示芯片、车载视频与传输芯片及相应的完整的产品解决方案，同时也提供技术开发、IC设计等专业技术服务。 产品：智能视频产品、智能物联产品、智能出行产品、图像处理芯片、网络摄像机芯片、视频链路芯片、数字录像机芯片、网络录像机芯片、智能显示芯片、车载图像处理芯片、车载视频链路芯片、车载录像机芯片,baostock+akshare
300614.SZ,百川畅银,A股,N77生态保护和环境治理业,,沼气综合利用业务、碳减排交易业务、移动储能供热业务、国际市场开发和太阳能资源高效利用。 产品：电力、热力、环卫产业服务、其他,baostock+akshare
300615.SZ,欣天科技,A股,C39计算机、通信和其他电子设备制造业,,移动通信产业中射频器件、射频金属元器件、射频结构件研发、生产和销售。 产品：射频器件、射频金属元器件、滤波器、天线、谐振器、调谐螺杆、低通、传输主杆、电容耦合片、电容耦合杆、介质、盖板、通信类产品、新能源类结构件、其他,baostock+akshare
300616.SZ,尚品宅配,A股,C21家具制造业,,全屋板式家具的定制生产与销售、配套家居产品销售业务，同时为家居行业企业提供设计软件及信息化整体解决方案的研发与技术服务，并向全国家装企业供应装修主辅材及相关家居产品。 产品：定制家具产品、配套家居产品、软件及技术服务、O2O引流服务、整装业务、其他,baostock+akshare
300617.SZ,安靠智电,A股,C38电气机械和器材制造业,,电缆连接件系统、GIL系统、以“开变一体机”为核心的智慧模块化变电站系统的创新研发，为客户提供涵盖发、输、变、配、用在内的电力全产业链系统服务。 产品：电缆连接件、GIL、智慧模块化变电站、变压器、中低压电缆连接件产品、110（66）kV电缆连接件产品、220kV电缆连接件产品、330kV-500kV电缆连接件产品、其他电缆连接件产品、GIL产品及系统服务、智能电力系统服务、电力勘测设计、智慧海绵光储充系统服务、110(66)kV产品,baostock+akshare
300618.SZ,寒锐钴业,A股,C32有色金属冶炼和压延加工业,,金属钴粉、氢氧化钴、电积钴、电积铜、电积镍、钴酸锂及其他铜钴镍产品的研发、生产和销售。 产品：钴产品、电积铜、电池材料、钴粉、氢氧化钴、碳酸钴、氯化钴、电积钴、钴酸锂、四氧化三钴、氧化钴、电积镍,baostock+akshare
300619.SZ,金银河,A股,C35专用设备制造业,,高端智能装备制造，包括新能源电池智能装备制造和有机硅及高分子智能装备，以及利用设备自主研发优势，通过子公司从事有机硅材料、新能源碱金属材料、碳基硅基合成材料及纳米粉体、有机硅发泡制品装备的研究、生产与销售。 产品：锂电池生产设备、有机硅生产设备、有机硅产品、锂云母全元素高值化综合利用的产品,baostock+akshare
300620.SZ,光库科技,A股,C39计算机、通信和其他电子设备制造业,光器件,光纤激光器件、光通讯器件和激光雷达光源模块及器件的设计、研发、生产、销售及服务。 产品：光纤激光器件、光通讯器件、激光雷达光源模块及器件、隔离器、MEMSSwitch、波分复用器、偏振分束/合束器、光纤光栅、镀金光纤、光纤透镜、单芯和多芯光纤密封节,baostock+akshare
300621.SZ,维业股份,A股,E50建筑装饰、装修和其他建筑业,,建筑装饰设计与施工及土木工程建筑。 产品：土建施工、装饰施工、装饰设计、其他,baostock+akshare
300622.SZ,博士眼镜,A股,F52零售业,,眼镜零售连锁的经营、销售和服务。 产品：光学眼镜、验配服务、成镜系列产品、隐形眼镜系列产品、光学眼镜及验配服务,baostock+akshare
300623.SZ,捷捷微电,A股,C39计算机、通信和其他电子设备制造业,,功率半导体芯片和器件的研发、设计、生产和销售。 产品：晶闸管器件和芯片、防护类器件、芯片、二极管器件、晶体管器件、MOSFET器件和芯片、IGBT器件、光耦、模块及组件、碳化硅器件、TVS、放电管、ESD、集成放电管、贴片Y电容、压敏电阻、整流二极管、快恢复二极管、肖特基二极管、晶体管器件和芯片、功率半导体器件、功率半导体芯片、其他(补充),baostock+akshare
300624.SZ,万兴科技,A股,I65软件和信息技术服务业,,视频创意、绘图创意、文档创意、实用工具类软件产品与服务的设计、研发、销售和运营。 产品：视频创意类产品、实用工具类产品、文档创意类产品、绘图创意类产品、视频创意类、实用工具类、文档创意类,baostock+akshare
300625.SZ,三雄极光,A股,C38电气机械和器材制造业,,LED照明灯具、照明光源及照明控制类产品的研发、生产和销售。 产品：LED照明产品、照明控制、气扇、浴霸、凉霸、照明灯具、照明控制及其他、其他,baostock+akshare
300626.SZ,华瑞股份,A股,C38电气机械和器材制造业,,小功率电机和微特电机换向器的研发、设计、生产和销售。 产品：普通型换向器、全塑型换向器、卷板型换向器、主营-全塑型、其他(补充)、主营-普通型,baostock+akshare
300627.SZ,华测导航,A股,C39计算机、通信和其他电子设备制造业,,高精度导航定位相关的核心技术及其产品与解决方案的研发、制造、集成。 产品：高精度定位装备、系统应用及解决方案、定位导航技术、感知测量技术、智能控制技术、芯片平台、全球星地融合增强服务平台PointX、智能控制平台、农机导航与机器人板块、地信与时空智能板块、智能建造与数字施工板块、时空感知与定位服务板块,baostock+akshare
300628.SZ,亿联网络,A股,C39计算机、通信和其他电子设备制造业,,设计、开发、生产、销售企业通信终端设备及相关技术咨询服务等。 产品：桌面通信终端、会议产品、云办公终端、个人办公桌面、SIP话机、DECT话机、Wi-Fi无线话机、Teams话机、4G话机、商务耳机、免提会议电话、桌面摄像头,baostock+akshare
300629.SZ,新劲刚,A股,C39计算机、通信和其他电子设备制造业,,射频微波业务以及特殊应用领域材料业务包括热喷涂材料、电磁吸波材料等。 产品：热喷涂材料、电磁吸波材料、结构吸波材料、碳纤维增强树脂基复合材料、防腐导静电材料、射频微波业务、特殊应用领域材料、其他,baostock+akshare
300631.SZ,久吾高科,A股,C35专用设备制造业,,陶瓷膜、有机膜、锂吸附剂等分离材料和分离技术的研发与应用，并以此为基础面向工业过程分离与环保水处理领域提供系统化的膜集成技术整体解决方案、材料及配件。 产品：膜集成技术整体解决方案及其成套设备、材料及配件、其他(补充),baostock+akshare
300632.SZ,光莆股份,A股,C38电气机械和器材制造业,,光传感集成封测业务、半导体专业照明及智能照明业务、数智低碳能源管理业务、新材料业务和医疗美容服务。 产品：半导体光应用、FPC、医疗美容、FPC(柔性电路板),baostock+akshare
300633.SZ,开立医疗,A股,C35专用设备制造业,,医疗诊断及治疗设备的自主研发、生产与销售。 产品：超声诊断仪、消化与呼吸内镜、微创外科产品、心血管介入产品、彩超、内窥镜及镜下治疗器具、配件及其他,baostock+akshare
300634.SZ,彩讯股份,A股,I65软件和信息技术服务业,机器人本体/集成,软件产品开发和销售、技术服务和系统集成。 产品：软件产品开发与销售、技术服务、系统集成,baostock+akshare
300635.SZ,中达安,A股,M74专业技术服务业,,以工程监理为核心的建设工程项目管理咨询与技术服务。 产品：通信监理、土建监理、招标代理、咨询与代建、电力监理、水利监理、电力勘察、光伏发电,baostock+akshare
300636.SZ,同和药业,A股,C27医药制造业,,化学原料药和医药中间体的研发、生产和销售。 产品：神经系统用药（抗癫痫药）、消化系统用药（抗溃疡病药）、解热镇痛及非甾体抗炎镇痛药、循环系统用药（抗高血压药）、循环系统用药（抗凝血类药）、内分泌系统用药（降糖药）、治疗精神障碍药（抗抑郁药）、抗痛风药、泌尿系统用药、加巴喷丁原料药、瑞巴派特原料药、醋氯芬酸原料药、塞来昔布原料药、坎地沙坦酯原料药、阿齐沙坦原料药、沙坦类中间体、达比加群酯原料药、替格瑞洛原料药、阿哌沙班原料药、利伐沙班原料药、维格列汀原料药、恩格列净原料药、盐酸文拉法辛原料药、阿戈美拉汀原料药、非布司他原料药、米拉贝隆原料药、医药原料药、医药中间体、其他(补充),baostock+akshare
300637.SZ,扬帆新材,A股,C26化学原料和化学制品制造业,,光引发剂、巯基化合物及衍生物等精细化工新材料的研发、生产和销售。 产品：光引发剂、中间体（巯基化合物及衍生品等）、中间体(巯基化合物及衍生品等)、其他产品,baostock+akshare
300638.SZ,广和通,A股,C39计算机、通信和其他电子设备制造业,,无线通信模块及其应用行业的通信解决方案的设计、研发与销售服务。 产品：无线通信模组、数传模组、智能模组及AI模组、解决方案、其他,baostock+akshare
300639.SZ,凯普生物,A股,C27医药制造业,,分子诊断产品、医学检验服务、医疗大健康服务。 产品：分子诊断试剂及仪器、第三方实验室检验服务、医疗大健康服务、自产产品、医学检验服务、外购产品,baostock+akshare
300640.SZ,德艺文创,A股,C24文教、工美、体育和娱乐用品制造业,,为海内外客户提供文创家居用品的研发设计、外包生产。 产品：创意装饰品、休闲日用品、时尚小家具,baostock+akshare
300641.SZ,正丹股份,A股,C26化学原料和化学制品制造业,,高端环保新材料和特种精细化学品的研发、生产和销售。 产品：偏苯三酸酐（TMA）、偏苯三酸三辛酯（TOTM）、乙烯基甲苯（VT）、二乙烯基苯（DVB）、均四甲苯、酸酐及酯类、高沸点芳烃溶剂、高分子特种树脂单体,baostock+akshare
300642.SZ,透景生命,A股,C27医药制造业,,自主品牌体外诊断产品的研发、生产与销售。 产品：免疫、分子、生化诊断产品、肿瘤检测产品、HPV核酸检测产品、自身免疫疾病检测产品、甲基化突变检测产品、侵袭性真菌病检测产品、体外诊断试剂、体外诊断仪器、服务收入,baostock+akshare
300643.SZ,万通智控,A股,C36汽车制造业,,传感器及数字信息控制设备、商用车解耦管路系统、气门嘴及其他轮胎用品的研发、生产和销售。 产品：传感器及数字信息控制设备、金属软管、气门嘴及其他轮胎用品,baostock+akshare
300644.SZ,南京聚隆,A股,C29橡胶和塑料制品业,,高性能高分子新材料、先进复合材料应用的研发、生产制造和销售。 产品：改性工程塑料、改性通用塑料、长玻纤增强材料、弹性体材料、碳纤维复合材料结构件、塑木环境工程材料、发泡、高性能改性塑料、热塑性弹性体材料、碳纤维增强树脂基复合材料部件及装配、生物基资源循环塑木型材,baostock+akshare
300645.SZ,正元智慧,A股,I65软件和信息技术服务业,机器人应用,智慧校园、智慧园区和行业智慧化系统建设及增值运营服务。 产品：高校智慧校园、基础教育数字化、智慧政企、云服务、投资运营服务、智能制造、自助洗衣运营、共享空调运营、公寓热水直饮水运营、系统建设、运营与服务、其他,baostock+akshare
300647.SZ,超频三,A股,C39计算机、通信和其他电子设备制造业,锂电资源;锂电材料;电芯,锂离子电池材料、电子产品新型散热器件、LED产业链相关业务。 产品：碳酸锂、正极材料、前驱体、消费电子散热产品、计算机整机及其周边产品、LED照明散热组件、LED照明灯具、三元材料、钴酸锂、锰酸锂、热管、水冷散热器、风冷散热器、电脑整机、机箱、电源、风扇、灯具套件、球场灯、教室灯、投光灯、路灯、隧道灯、工矿灯、锂离子电池材料、散热产品,baostock+akshare
300648.SZ,星云股份,A股,C35专用设备制造业,电芯;PACK/BMS,锂电池设备的研发/生产/销售、电池检测服务、储能产品及充检一体桩产品的研发/生产/销售。 产品：锂电池保护板检测系统、锂电池成品检测系统、锂电池组BMS检测系统、锂电池组充放电检测系统、锂电池组工况模拟检测系统、动力电池模组/电池组EOL检测系统、生产制造执行系统（MES）、检测服务、储能PCS、变流升压一体机、星云智能检测换电柜、充检桩、锂电池设备、其他,baostock+akshare
300649.SZ,杭州园林,A股,M74专业技术服务业,,提供以整体性解决方案为核心的风景园林设计服务和工程总承包服务。 产品：风景园林设计业务、园林绿化工程总承包业务、设计服务、工程施工服务、其他,baostock+akshare
300650.SZ,太龙股份,A股,F51批发业,,半导体分销业务、商业照明业务。 产品：照明器具、LED显示屏、光电标识、半导体分销,baostock+akshare
300651.SZ,金陵体育,A股,C24文教、工美、体育和娱乐用品制造业,,体育装备、场馆设施集成、运动健康、体育信息与赛事服务。 产品：球类器材、场馆设施、田径器材、赛事服务、其他体育器材、场馆运营、玻璃、其他器材设备及服务、运动地面材料、全民健身相关运动器材、场馆设施设备、智能化设备,baostock+akshare
300652.SZ,雷迪克,A股,C36汽车制造业,机器人核心部件,汽车轴承产品研发、生产、销售。 产品：汽车轴承、精密传动零部件、精密传动模组、轮毂轴承、轮毂轴承单元、圆锥轴承、涨紧轮、球环及万向节组件、离合器分离轴承、滚珠丝杠、微型丝杠、行星滚柱丝杠、精密轴承、线性执行机构、精密对位平台、中空旋转平台、电动滑台、轴承类产品、其他,baostock+akshare
300653.SZ,正海生物,A股,C35专用设备制造业,,生物再生材料的研发、生产与销售。 产品：医疗器械、口腔修复膜、骨修复材料、钙硅生物陶瓷口腔骨修复材料、光固化复合树脂、自酸蚀粘接剂、可吸收硬脑（脊）膜补片、硬脑（脊）膜补片、活性生物骨、皮肤修复膜、脑膜系列产品、其他产品,baostock+akshare
300654.SZ,世纪天鸿,A股,R86新闻和出版业,,教辅图书的策划、设计、制作与发行。 产品：教辅图书、策划、技术服务、咨询服务、策划费、商品销售,baostock+akshare
300655.SZ,晶瑞电材,A股,C26化学原料和化学制品制造业,半导体材料,高纯化学品、锂电池材料、光刻胶、工业化学品和能源的研发、生产和销售。 产品：光刻胶、高纯化学品、锂电池材料、工业化学品、能源,baostock+akshare
300656.SZ,民德电子,A股,C39计算机、通信和其他电子设备制造业,晶圆制造,AiDC设备的研发、生产和销售业务，以及功率半导体晶圆代工、设计和分销业务。 产品：AiDC业务、功率半导体业务、AI工业读码器、AI感应影像平台、嵌入式AI扫描模组、MOS场效应二极管（MFER）、高压VDMOS、高压BCD、TVS等功率器件、分离栅低压场效应晶体管（SGT-MOSFET）、超级结MOSFET、快恢复二极管（FRD）、信息识别及自动化产品、电子元器件产品、功率半导体产品,baostock+akshare
300657.SZ,弘信电子,A股,C39计算机、通信和其他电子设备制造业,PCB,FPC研发、设计、制造和销售。 产品：印制电路板、背光模组、算力及相关业务,baostock+akshare
300658.SZ,延江股份,A股,C17纺织业,,一次性卫生用品面层材料的研发、生产和销售。 产品：PE打孔膜及复合膜、打孔无纺布、热风无纺布、无纺布腰贴,baostock+akshare
300659.SZ,中孚信息,A股,I65软件和信息技术服务业,,信息安全技术与产品研发，为客户提供网络安全产品及整体解决方案。 产品：主机与网络安全产品、数据安全产品、安全监管平台、主机与网络安全、数据安全、检查检测、密码应用五条产品线及信息安全服务、网络安全产品、信息安全服务、其他产品和服务,baostock+akshare
300660.SZ,江苏雷利,A股,C38电气机械和器材制造业,新能源车/储能,家用电器电机及组件、新能源汽车电机及零部件、医疗及运动健康电机及组件、工业控制电机及组件的研发、生产与销售。 产品：家用电器电机及组件、汽车电机及零部件、医疗及运动健康电机及组件、工控电机及组件、空调电机及组件、洗衣机电机及组件、冰箱电机及组件、洗碗机循环泵、跑步机电机、医疗仪器用丝杆电机、音圈电机、新能源汽车用激光雷达电机、电动空调压缩机电机组件、铝压铸件、汽车精密冲压件、配套零部件、高效工业水泵、步进电机、MA-电机及组件、直流电机、泵,baostock+akshare
300661.SZ,圣邦股份,A股,C39计算机、通信和其他电子设备制造业,,高性能、高品质模拟集成电路研究、开发与销售。 产品：信号链集成电路、电源管理集成电路、传感器、电源管理产品、信号链产品、其他收入,baostock+akshare
300662.SZ,科锐国际,A股,L72商务服务业,,提供人力资源服务整体解决方案。 产品：灵活用工、中高端人才访寻、招聘流程外包承揽、技术服务、人力资源产业互联平台（禾蛙）、人力资源SaaS+系列产品（科锐才到云）,baostock+akshare
300663.SZ,科蓝软件,A股,I65软件和信息技术服务业,,向以银行为主的金融机构提供线上应用软件产品及国产化数据库等技术产品，为银行和非银行金融机构提供基于互联网技术的咨询、规划、建设、营运、产品创新以及市场营销等互联网银行一揽子解决方案。 产品：电子渠道及中台、互联网银行（含互联网核心）、非银金融机构、网银安全产品、合作运营类、数据库（韩国）、国产数据库（中国）、互联网银行(含互联网核心),baostock+akshare
300664.SZ,鹏鹞环保,A股,N77生态保护和环境治理业,,提供环保水处理相关的研发、咨询与设计、设备生产及销售、工程承包、项目投资及运营管理等一站式服务。 产品：污水处理、污泥处理、工程承包、供水、环保设备销售、咨询服务及其他,baostock+akshare
300665.SZ,飞鹿股份,A股,C26化学原料和化学制品制造业,,金属表面、非金属表面和混凝土表面、新能源领域防腐与防护材料的研发、生产、销售及服务。 产品：涂料涂装一体化、防水材料、防腐涂料、涂装施工、新能源材料、水性树脂、水性涂料、其他防腐涂料、防水涂料、防水卷材、胶粘剂,baostock+akshare
300666.SZ,江丰电子,A股,C39计算机、通信和其他电子设备制造业,半导体材料,超高纯金属溅射靶材和半导体精密零部件的研发、生产和销售。 产品：超高纯靶材、精密零部件、超高纯金属溅射靶材、包括超高纯铝靶材、超高纯钛靶材及环件、超高纯钽靶材及环件、超高纯铜靶材及铜合金靶、钨钛靶、镍靶和钨靶、其他,baostock+akshare
300667.SZ,必创科技,A股,C40仪器仪表制造业,,智能传感器、光电仪器及精密光机的研发、生产和销售，并提供相关系统解决方案与应用服务。 产品：光电仪器、精密光机、智能传感、光谱仪与单色仪、光源及配套量测、光谱探测与科研相机、荧光光谱仪、拉曼光谱仪、半导体光电量测及检测、各类专用光谱分析应用系统、精密位移台、光学平台、光学调整架、笼式结构系统、传感器系列、应用系统解决方案、光谱仪器,baostock+akshare
300668.SZ,杰恩股份,A股,L72商务服务业,,非免疫规划疫苗推广。 产品：市场商务及服务支持业务、室内装饰设计、软装饰品、建筑室内设计、软装饰品销售,baostock+akshare
300669.SZ,沪宁股份,A股,C34通用设备制造业,,电梯安全部件的研发、生产与销售。 产品：电梯安全部件、电梯其他关键部件、安全钳、限速器、缓冲器、滚轮导靴、限速器张紧装置、安全钳提拉机构、夹绳器、防眩晕滚轮夹轨器、带绝对值控制的主动安全系统、其他,baostock+akshare
300670.SZ,大烨智能,A股,C38电气机械和器材制造业,数据中心电源,智能配电设备的研发、生产及销售以及新能源业务。 产品：智能配电设备、新能源业务、一二次融合成套柱上断路器、一二次融合成套环网箱、SF6环网柜、环保型充气式高压开关柜、箱式变电站、DTU、FTU、光伏建设、海工业务,baostock+akshare
300671.SZ,富满微,A股,I65软件和信息技术服务业,,高性能、高品质模拟集成电路研发、设计、封装、测试及销售。 产品：LED屏控制与驱动芯片、功率器件（MOSFET/IGBT）、MCU、快充协议芯片、5G射频前端分立器件及模组、专用集成电路（ASIC）、电源管理类芯片、LED灯、LED控制及驱动类芯片、其他类芯片、MOSFET类芯片,baostock+akshare
300672.SZ,国科微,A股,C39计算机、通信和其他电子设备制造业,存储控制器,芯片产品以及集成电路研发设计及服务。 产品：直播卫星高清解码芯片、智能4K解码芯片、8K解码芯片、泛屏商显芯片、智慧视觉芯片、端侧人工智能芯片、无线局域网芯片、SoC芯片、MCU芯片、电源管理芯片、卫星导航定位芯片、固态存储控制器芯片、智慧视觉系列产品、超高清智能显示系列产品、物联网系列产品,baostock+akshare
300673.SZ,佩蒂股份,A股,C13农副食品加工业,,宠物食品的研发、制造、销售和宠物产品品牌运营。 产品：宠物健康咀嚼类食品、宠物营养肉质零食、宠物干粮、湿粮、新型主粮、宠物营养保健食品、植物咬胶、营养肉质零食、畜皮咬胶,baostock+akshare
300674.SZ,宇信科技,A股,I65软件和信息技术服务业,,银行科技解决方案、非银科技解决方案和创新运营服务。 产品：银行IT解决方案、非银IT解决方案、创新运营业务、其他业务,baostock+akshare
300675.SZ,建科院,A股,M74专业技术服务业,,提供城市绿色发展和绿色人居公信两大全过程技术服务。 产品：场景创新服务、战略孵化服务、公信服务、其他技术服务,baostock+akshare
300676.SZ,华大基因,A股,M74专业技术服务业,,通过基因检测、质谱检测、生物信息分析、多模态智能分析模型等多组学、大数据技术手段，为科研机构、企事业单位、医疗机构、社会卫生组织等提供研究服务、精准医学检测综合解决方案和健康管理服务。 产品：生育健康基础研究和临床应用服务、肿瘤与慢病防控及转化医学类服务、感染防控基础研究和临床应用服务、多组学大数据服务与合成业务、精准医学检测综合解决方案、肿瘤防控及转化医学类服务,baostock+akshare
300677.SZ,英科医疗,A股,C29橡胶和塑料制品业,,高性能高品质的个人防护产品的研发、生产以及销售。 产品：个人防护类产品、康复护理类产品、一次性丁腈手套、一次性PVC手套、隔离服、电动轮椅车、手动轮椅车、助行器、助步器、手杖、医用床边桌、个人防护类、其他产品、康复护理类,baostock+akshare
300678.SZ,中科信息,A股,I65软件和信息技术服务业,,以智能识别及分析技术为核心，为客户提供信息化解决方案（包括软件及硬件）及相关产品与服务。 产品：现场会议领域的数字会议系列产品与信息化整体解决方案、烟草领域覆盖农-工-商全产业链的信息化产品与整体解决方案、印钞检测领域全生产流程在线质量检测产品与整体解决方案、石油领域的油气田数字化生产管理产品与整体解决方案、智慧政务领域的政务信息化产品与整体解决方案、智慧医疗领域的产品与信息化整体解决方案、信息化解决方案、技术服务与开发、其他(补充),baostock+akshare
300679.SZ,电连技术,A股,C39计算机、通信和其他电子设备制造业,PCB,"微型电连接器及互连系统相关产品,PogoPin产品以及PCB软板产品的技术研究,设计,制造和销售服务。 产品：消费类电子连接器、软板、汽车连接器、微型电连接器、互连系统相关产品、PogoPin产品、PCB软板产品、其他",baostock+akshare
300680.SZ,隆盛科技,A股,C36汽车制造业,光器件;机器人减速器;机器人本体/集成;新能源车/储能,汽车发动机废气再循环系统（EGR）、新能源汽车马达铁芯、汽车精密零部件、模具等的研发、生产和销售。 产品：EGR产品及喷射系统、新能源产品、柴油商用车EGR系统、乘用车EGR系统、非道路工程机械EGR系统、天然气重卡EGR阀、天然气重卡喷射气轨总成、马达铁芯、定子总成、转子总成、汽车精密冲压件、精密注塑、铁件包塑组件、光电子器件产品、航空航天精密加工件包括卫星太阳翼铰链、压紧释放机构、大型外贸及列装无人机零部件、配套精密导弹零件、精密模具工装、人形机器人整机制造业场景解决方案及关键零部件、灵巧手、谐波减速器、驱动电机部件、冲压件产品,baostock+akshare
300681.SZ,英搏尔,A股,C36汽车制造业,,新能源领域电驱系统和电源系统自主研发、生产。 产品：电源总成、电驱总成、电机控制器、DC-DC转换器、车载充电机、电机,baostock+akshare
300682.SZ,朗新科技,A股,I65软件和信息技术服务业,服务器与终端,软件开发服务、维护服务、智能终端研发销售。 产品：软件服务、平台运营、智能终端、其他,baostock+akshare
300683.SZ,海特生物,A股,C27医药制造业,药物发现/CRO;临床服务/CDMO;药企/生物科技,大分子生物药、小分子化学药、原料药与医药中间体的生产销售，同时也为国内外的制药企业提供制剂和原料药的CRO、CMO和CDMO技术服务。 产品：技术服务、注射用鼠神经生长因子、注射用埃普奈明、技术服务收入、其他,baostock+akshare
300684.SZ,中石科技,A股,C39计算机、通信和其他电子设备制造业,,高性能散热组件及屏蔽材料的研发、设计、生产、销售与技术服务。 产品：导热材料、EMI屏蔽材料、高导热石墨产品、导热界面材料、热管、均热板、热模组、其他(补充),baostock+akshare
300685.SZ,艾德生物,A股,C27医药制造业,,肿瘤基因检测试剂、软件及配套仪器，并提供检测服务及药物临床研究服务。 产品：检测试剂、检测服务、药物临床研究服务,baostock+akshare
300686.SZ,智动力,A股,C39计算机、通信和其他电子设备制造业,服务器与终端;新能源车/储能,智能终端组件的研发、生产和销售，为客户提供智能手机、智能穿戴、平板电脑、智能家居、低空经济与机器人等全场景终端生态产品及新能源汽车的一体化解决方案。 产品：智能终端、新能源终端、新材料、功能性器件、结构性器件、精密光学组件、可穿戴组件、新能源组件、复合材料、电池材料、结构件电子器件、功能性电子器件、光学件,baostock+akshare
300687.SZ,赛意信息,A股,I65软件和信息技术服务业,机器人应用,为制造、零售、现代服务等行业的集团及大中型企业客户提供全面的数字化及智能制造产品与服务。 产品：泛ERP、智能制造、工业互联网、软件维护服务、代理分销、智能制造及工业互联网,baostock+akshare
300688.SZ,创业黑马,A股,L72商务服务业,,提供企业加速业务、人工智能业务。 产品：企业加速服务、城市拓展服务、科创知识产权服务、营销服务、人工智能培训、人工智能企业服务、企业加速、企业服务、其中:企业服务-科创知识产权服务、人工智能业务、其中:人工智能业务-人工智能培,baostock+akshare
300689.SZ,澄天伟业,A股,C39计算机、通信和其他电子设备制造业,液冷,智能卡、半导体封装材料的研发、生产、销售及相关服务。 产品：智能卡产品及服务、半导体产品、液冷散热产品、电信卡、金融IC卡、智能卡综合制卡服务、专用芯片、柔性引线框架、冲压引线框架、液冷管路、分水器、液冷板、快速接头、其他业务,baostock+akshare
300690.SZ,双一科技,A股,C30非金属矿物制品业,,复合材料的研发、生产、销售和服务。 产品：风电配套类、车辆部件类、非金属模具类、游艇业务、新能源风电复合材料部件、非金属模具产品、车辆轻量化部件、精品游钓艇、先进复合材料制品、复合材料3D打印部件,baostock+akshare
300691.SZ,联合光电,A股,C39计算机、通信和其他电子设备制造业,,光成像、光显示、光感知为核心技术的专业镜头、光电产品的制造及光学系统解决方案的提供。 产品：光学镜头、光学元器件、主业产品、创新产品、其他(补充),baostock+akshare
300692.SZ,中赋科技,A股,N77生态保护和环境治理业,,水环境治理以及垃圾焚烧发电及固废资源化处理。 产品：水处理行业、工程建造行业、固废处理行业、投资运营服务、工程承包服务、其他(补充),baostock+akshare
300693.SZ,盛弘股份,A股,C38电气机械和器材制造业,液冷;数据中心电源;数据中心/云厂商;电芯;PACK/BMS;新能源车/储能,为高端制造业、数据中心、能源及轨道交通等领域提供高效、安全的电能保障；为新能源领域中的储能微网系统、充换电运营、消费及动力电池制造企业提供核心设备及全面的解决方案。 产品：工业配套电源、新能源电能变换设备、新能源汽车充换电服务、电池化成与检测设备、有源滤波器（APF）、静止无功发生器（SVG）、三相不平衡调节装置（SPC）、动态电压调节器（AVC）、低压线路调压器（LVR）、不间断电源（UPS）、高压静止无功发生器（HSVG）、360kW-2.5MW柔性分体机、480kW-960kW全液冷柔性分体机、30-480kW直流一体机、交流桩、换电站充电系统、30kW-60kW直流充电模块、中小型储能变流器、直流变换器、大功率储能变流器、储能变流器升压系统、消费电芯测试系统、动力储能电芯测试系统、高性能动力电芯测试系统、毫安级测试系统、电池模组测试系统、电池PACK测试系统、储能舱测试系统、电动汽车充电机,baostock+akshare
300694.SZ,蠡湖股份,A股,C36汽车制造业,新能源车/储能,涡轮增压器关键零部件的研发、生产与销售。 产品：传统燃油车压气机壳及其装配件、传统燃油车涡轮壳及其装配件、新能源汽车零配件及其他精密加工件、压气机壳、涡轮壳、电机外壳/电子壳、密封压盖、空压机背板、空压机压壳、空压机连接管、引射器组件、EGR阀部件、机器人零部件、其他,baostock+akshare
300695.SZ,兆丰股份,A股,C36汽车制造业,,各类汽车轮毂轴承单元、分离轴承等汽车轴承，商用车底盘系统零部件以及汽车电子电气产品的研发、生产和销售。 产品：乘用车轮毂轴承单元、商用车免维护轮毂轴承单元、车载充电机、具身智能及汽车智驾高端精密部件、轮毂轴承单元、分离轴承、材料销售等其他业务,baostock+akshare
300696.SZ,爱乐达,A股,C37铁路、船舶、航空航天和其他运输设备制造业,,军用和民用飞机零部件、航空发动机零件及航天大型结构件的精密制造，以及航空飞机燃油系统类机载成品的设计研发。 产品：飞机零部件、地面设备、地面设备及其他,baostock+akshare
300697.SZ,电工合金,A股,C32有色金属冶炼和压延加工业,新能源车/储能,铜及铜合金产品的研发、生产和销售。 产品：电气化铁路接触网系列产品、铜母线系列产品、新能源汽车高压连接件系列产品、铁路接触线、铁路承力索、铜母线、铜制零部件、新能源汽车高压连接件,baostock+akshare
300698.SZ,万马科技,A股,C39计算机、通信和其他电子设备制造业,,通信及工控设备类产品的研发、生产和销售。 产品：通信及工控行业产品、车联网连接平台及服务、医疗信息化产品、车联网、机柜、机箱类产品、工业控制类产品,baostock+akshare
300699.SZ,光威复材,A股,C28化学纤维制造业,,碳纤维、碳纤维织物、碳纤维预浸料、碳纤维复合材料制品及碳纤维核心生产装备的研发、生产与销售。 产品：碳纤维及织物、碳梁、预浸料、高强型碳纤维、高模型碳纤维、高强中模型碳纤维、高强高模型碳纤维、机织物、多轴向经编织物,baostock+akshare
300700.SZ,岱勒新材,A股,C30非金属矿物制品业,,金刚石线的研发、生产和销售。 产品：金刚石线、其他(补充)、电子消费品及加工,baostock+akshare
300701.SZ,森霸传感,A股,C39计算机、通信和其他电子设备制造业,,专业传感器的研发、设计、生产、销售以及解决方案的提供。 产品：热释电红外传感器、探测器及系统配套、可见光传感器、火焰传感器、微差压传感器及相关解决方案、销售产品、提供服务,baostock+akshare
300702.SZ,天宇股份,A股,C27医药制造业,临床服务/CDMO,中间体、原料药以及制剂业务的研发、生产与销售。 产品：沙坦类抗高血压药物原料药及中间体、抗哮喘药物原料药及中间体、降血糖药物原料药及中间体、降血脂类原料药及中间体、抗凝血原料药及中间体、缬沙坦、厄贝沙坦、氯沙坦钾、坎地沙坦酯、奥美沙坦酯、沙坦联苯系列、孟鲁司特钠、盐酸西格列汀、磷酸西格列汀、维格列汀、依折麦布、替格瑞洛、仿制药原料药及中间体、制剂、CDMO原料药及中间体,baostock+akshare
300703.SZ,创源股份,A股,C24文教、工美、体育和娱乐用品制造业,,纸质时尚文教、休闲文化用品（含文具、手工益智、运动健身、生活家居等）的研发、生产与销售。 产品：文化创意类、运动健康类、其他业务、其他(补充),baostock+akshare
300705.SZ,九典制药,A股,C27医药制造业,,化药制剂、原料药、药用辅料、中药、大健康产品的研发、生产、销售，以及药品零售、医药CXO服务、养生保健服务等。 产品：药品制剂、原料药、药用辅料、植物提取物及其他、技术转让及服务、软件开发及维护,baostock+akshare
300706.SZ,阿石创,A股,C39计算机、通信和其他电子设备制造业,半导体材料,PVD镀膜材料的研发、生产与销售。 产品：溅射靶材、蒸镀材料、合金及金属材料、镀膜配件,baostock+akshare
300707.SZ,威唐工业,A股,C35专用设备制造业,,汽车冲压模具和汽车冲焊零部件的研发、生产和销售。 产品：专用设备、汽车零部件、汽车冲压模具及检具、汽车冲焊零部件、其他,baostock+akshare
300708.SZ,聚灿光电,A股,C39计算机、通信和其他电子设备制造业,半导体材料,全色系化合物光电半导体材料的研发、生产和销售业务。 产品：LED芯片及外延片、GaN基蓝绿光LED外延片、芯片、GaAs基红黄光LED外延片、其他(补充),baostock+akshare
300709.SZ,精研科技,A股,C39计算机、通信和其他电子设备制造业,,精密金属零部件及组件的研发与生产。 产品：MIM零部件及组件、传动、散热类组件及其他、精密塑胶零部件及组件、终端产品、传动、散热类组件及其他,baostock+akshare
300710.SZ,万隆光电,A股,C39计算机、通信和其他电子设备制造业,,广电网络设备及数据通信系统的研发、生产、销售和技术服务。 产品：有线电视光纤传输设备、有线电视电缆传输设备、数据通信系统、电信增值服务、前端系统、智能化监控设备,baostock+akshare
300711.SZ,广哈通信,A股,C39计算机、通信和其他电子设备制造业,,电力、国防、铁路、应急等行业用户提供智能指挥调度解决方案及服务。 产品：数字指挥调度系统、多媒体指挥调度系统、可靠通信网络、泛指挥调度系统、数智化服务,baostock+akshare
300712.SZ,永福股份,A股,E48土木工程建筑业,,电力能源解决方案及服务、分布式光储系统产品及服务、数智能源产品及服务。 产品：电力能源解决方案及服务、数智能源产品及服务、勘察设计（含规划咨询）、EPC工程总承包、智能运维、分布式光储系统产品及服务、能源销售、其中:电力能源解决方案及服务-EPC工程总承包、其中:电力能源解决方案及服务-勘察设计(含规划咨询),baostock+akshare
300713.SZ,英可瑞,A股,C38电气机械和器材制造业,,智能高频开关电源及相关电力电子产品的研发、生产和销售。 产品：电力操作电源、电动汽车充电电源、其他电源、电动汽车充电电源模块、电动汽车充电监控模块、电动汽车充电电源系统、整流模块、通信电源、电动汽车、车载电源模块、逆变器电源,baostock+akshare
300715.SZ,凯伦股份,A股,C30非金属矿物制品业,,新型建筑防水材料业务和新型显示面板信号、检测及补偿修复业务。 产品：防水卷材、防水涂料、防水工程施工、显示面板检测修复设备,baostock+akshare
300716.SZ,*ST泉为,A股,C29橡胶和塑料制品业,,太阳能光伏产品生产及销售。 产品：高效异质结（HJT）太阳能电池组件、光伏电站的EPC建设、光伏组件、光伏代加工业务、其他(补充),baostock+akshare
300717.SZ,华信新材,A股,C29橡胶和塑料制品业,,功能性薄膜材料的研发、生产及销售。 产品：PETG系列材料、PVC系列材料、PC系列材料、生物基系列材料、循环再生系列材料、涂布系列材料、智能卡基材、非卡用材料、其他(补充),baostock+akshare
300718.SZ,长盛轴承,A股,C34通用设备制造业,,自润滑轴承及高性能聚合物的研发、生产及销售。 产品：金属塑料聚合物自润滑卷制轴承、双金属边界润滑卷制轴承、金属基自润滑轴承（平面滑动轴承）、铜基边界润滑卷制轴承、非金属自润滑轴承（纤维缠绕轴承、工程塑料轴承、粉末冶金轴承）、其他轴承、销售商品、销售边角料、其他,baostock+akshare
300719.SZ,安达维尔,A股,C37铁路、船舶、航空航天和其他运输设备制造业,,民用航空与防务领域的设计、制造、运行与维护部门提供系统设备和部件级的产品服务与解决方案。 产品：机载设备研制、航空维修、智能设备研制、工业软件开发、航空座椅、客舱设备、导航设备、机电一体化产品、直升机机载训练系统、复材构件、飞机部件维修、各类智能化测控、保障与训练系统设备及解决方案、IPD快捷落地、数智化方案服务、机载设备、智能设备、工业软件及其他,baostock+akshare
300720.SZ,海川智能,A股,C40仪器仪表制造业,,自动衡器的研发、生产和销售。 产品：微机组合秤、失重秤、选别秤、金属检测设备、其他配套设备、计量设备、配件、智能水表,baostock+akshare
300721.SZ,怡达股份,A股,C26化学原料和化学制品制造业,,醇醚、醇醚酯类、双氧水和环氧丙烷化工产品的研发、生产和销售业务。 产品：醇醚系列产品、醇醚酯系列产品、汽车制动液、双氧水、环氧丙烷、商品销售收入、其他(补充),baostock+akshare
300722.SZ,新余国科,A股,C41其他制造业,,火工品及相关产品的研发、生产和销售，同步推进军品与民品业务。 产品：军品、民品、火工元件（包含枪弹底火、炮弹底火、电底火、火帽、点火具、曳光管、导爆管、传爆管、针刺雷管、火焰雷管、电雷管）、火工装置（包含推销器、拔销器、切割器、分离螺栓、点火装置、开舱装置、光电对抗发烟装置）、人影燃爆器材、人影作业设备、气象观探测装备及相关软件、人工影响天气地面作业指挥车（系统）、其他(补充),baostock+akshare
300723.SZ,一品红,A股,C27医药制造业,,药品研发、生产、销售。 产品：儿童药产品、慢病药产品、医药制造儿童类药、医药制造慢性病类药、医药制造其他类药,baostock+akshare
300724.SZ,捷佳伟创,A股,C35专用设备制造业,半导体材料;半导体设备,太阳能电池设备研发、生产和销售。 产品：太阳能电池设备、单晶槽式制绒设备、槽式碱抛光清洗设备、槽式RCA清洗设备、链式去BSG/PSG清洗设备、全自动硅片清洗设备、各类管式扩散炉、氧化退火炉、PECVD设备、LPCVD设备、各类自动化设备、激光设备、金属化设备、n-TOPCon太阳能电池智能生产线、高效异质结（HJT）太阳能电池智能生产线、玻璃清洗设备、反应式等离子体镀膜设备（RPD）、工艺设备、自动化配套设备、其他(补充),baostock+akshare
300725.SZ,药石科技,A股,M73研究和试验发展,,为小分子药物研发领域提供创新型化学产品和相关技术服务。 产品：药物研究阶段的产品和服务、药物开发及商业化阶段的产品和服务、其他(补充),baostock+akshare
300726.SZ,宏达电子,A股,C39计算机、通信和其他电子设备制造业,,以高可靠电子元器件和电路模块为核心进行研发、生产、销售及相关服务。 产品：元器件、模块、其他、钽电容器、电源模块、多层瓷介电容器、单层瓷介电容器、陶瓷薄膜电路、电感器、磁珠、变压器、半导体分立器件、嵌入式计算机板卡、薄膜电容器、I/F转换器、环形器与隔离器、电阻、模块及其他,baostock+akshare
300727.SZ,润禾材料,A股,C26化学原料和化学制品制造业,,有机硅深加工产品及纺织印染助剂产品的研发、生产、销售与应用服务。 产品：有机硅深加工及其应用产品、有机硅深加工产品、纺织印染助剂产品、其他(补充),baostock+akshare
300729.SZ,乐歌股份,A股,C21家具制造业,,智能家居、智慧办公产品的生产与销售，以及基于公共海外仓的跨境物流服务。 产品：人体工学系列产品、仓储物流服务、升降桌系列、人体工学椅系列、电动功能沙发系列、智能电动床系列、其他1,baostock+akshare
300730.SZ,科创信息,A股,I65软件和信息技术服务业,机器人本体/集成,数字政府、智慧企业领域的产品开发与服务，主要面向政府及其职能部门、事业单位、企业客户提供软件开发、系统集成和运行维护服务。 产品：数字政府产品、智慧企业产品、数字政府、智慧企业、其他(补充),baostock+akshare
300731.SZ,科创新源,A股,C29橡胶和塑料制品业,,高分子材料产品及热管理系统产品的研发、生产及销售。 产品：防水密封材料、绝缘防火材料、散热金属结构件、汽车密封条,baostock+akshare
300732.SZ,设研院,A股,M74专业技术服务业,,提供基础设施建设的工程设计咨询服务，同时也是智力密集型生产性服务业。 产品：咨询、规划、勘察、设计、测绘、试验、检测、监测、工程总承包、工程管理等工程咨询服务、工程设计、咨询及管理、桥梁装配及其他、其他(补充),baostock+akshare
300733.SZ,西菱动力,A股,C36汽车制造业,,汽车零部件产品的研发、生产与销售、受托加工。 产品：汽车零部件、航空零部件、涡轮增压器、凸轮轴总成、曲轴扭转减振器、连杆总成、航空结构件、钣金件、系统件、轴类件、无人机机体、其他小件,baostock+akshare
300735.SZ,光弘科技,A股,C39计算机、通信和其他电子设备制造业,,消费电子类、网络通讯类、汽车电子、新能源类等电子产品的半成品及成品组装，并提供制程技术研发、工艺设计、采购管理、生产控制、仓储物流等完整服务的电子制造服务（EMS）。 产品：消费电子类产品、汽车电子类产品、网络通讯类产品、工业控制类产品、消费电子类、汽车电子类、网络通讯类,baostock+akshare
300736.SZ,百邦科技,A股,O81机动车、电子产品和日用产品修理业,,手机售后服务。 产品：手机维修、手机维修业务、联盟业务、商品销售、增值服务和其他业务,baostock+akshare
300737.SZ,科顺股份,A股,C30非金属矿物制品业,,提供建筑防水综合解决方案。 产品：防水卷材、防水涂料、防水工程、减震类产品,baostock+akshare
300738.SZ,奥飞数据,A股,I65软件和信息技术服务业,数据中心/云厂商,提供互联网云计算与大数据基础服务综合解决方案。 产品：IDC服务、其他互联网综合服务、分布式光伏节能服务,baostock+akshare
300739.SZ,明阳电路,A股,C39计算机、通信和其他电子设备制造业,PCB,印制电路板（PCB）的研发、生产和销售。 产品：印制电路板、其他(补充),baostock+akshare
300740.SZ,水羊股份,A股,C26化学原料和化学制品制造业,,化妆品的研发、生产与销售。 产品：面膜、水乳膏霜、彩妆、个护清洁、“EVIDENSDEBEAUT”、“RéVive”、“PIERAUG”、“HAWKINS＆BRIMBLE”、“御泥坊”、“VAA”、“大水滴”、“小迷糊”、品牌管理服务,baostock+akshare
300741.SZ,华宝股份,A股,C26化学原料和化学制品制造业,,膳食营养补充剂业务。 产品：食用香精、食品配料、日用香精、食品用香精,baostock+akshare
300743.SZ,天地数码,A股,C39计算机、通信和其他电子设备制造业,,转印碳带产品研发、生产和销售。 产品：条码碳带、传真碳带、打码碳带、水转印碳带、其他(补充),baostock+akshare
300745.SZ,欣锐科技,A股,C36汽车制造业,,研发、生产和销售车载电源集成产品、电动车车载充电机、电动汽车车用DC/DC变换器、氢能与燃料电池汽车专用产品DCF、大功率充电产品等，并提供技术开发服务。 产品：车载DC/DC变换器、车载充电机、车载电源集成产品、燃料电池相关产品、车载充电机OBC、大功率DC/DC变换器产品、大功率直流充电桩模块(SCM)、储能变流器模块(PCS)、地面直流超级充电桩系统产品,baostock+akshare
300746.SZ,汉嘉数智,A股,M74专业技术服务业,,城市治理数字化整体解决方案（软件应用平台、数据服务）、城市治理机器人整体解决方案（城市治理机器人、少人化运营服务）、设计及咨询业务、EPC总承包业务。 产品：城市治理数字化整体解决方案、城市治理机器人整体解决方案、设计业务,baostock+akshare
300747.SZ,锐科激光,A股,C39计算机、通信和其他电子设备制造业,,光纤激光器及其关键器件与材料的研发、生产和销售。 产品：脉冲光纤激光器、连续光纤激光器、超快激光器、特种光纤、其他,baostock+akshare
300748.SZ,金力永磁,A股,C30非金属矿物制品业,,高性能钕铁硼永磁材料以及磁组件的研发、生产、销售。 产品：钕铁硼磁钢、高性能钕铁硼永磁材料、磁组件、具身机器人电机转子、稀土回收综合利用、其他(补充),baostock+akshare
300749.SZ,顶固集创,A股,C21家具制造业,,定制家居、精品五金、门窗等产品的设计、研发、生产、销售、安装和室内装饰服务。 产品：定制衣柜、配套家居、精品五金、定制门窗、定制衣柜及配套家居,baostock+akshare
300750.SZ,宁德时代,A股,C38电气机械和器材制造业,电芯,动力电池、储能电池的研发、生产、销售。 产品：动力电池系统、储能电池系统、电池材料及回收、电池矿产资源、电池材料、回收及矿产资源,baostock+akshare
300751.SZ,迈为股份,A股,C35专用设备制造业,机器人应用,智能制造装备的设计、研发、生产与销售。 产品：太阳能电池生产设备、新领域拓展、HJT异质结高效电池生产线、全自动太阳能电池片丝网印刷线、显示面板设备、半导体制造设备、太阳能电池成套生、单机、配件及其他,baostock+akshare
300752.SZ,隆利科技,A股,C39计算机、通信和其他电子设备制造业,,提供整体背光显示模组解决方案。 产品：背光显示模组、背光显示模组行业、其他(补充),baostock+akshare
300753.SZ,爱朋医疗,A股,C35专用设备制造业,,急慢性疼痛管理、鼻腔及上气道管理领域用医疗器械产品的研发、生产和销售。 产品：疼痛管理产品、鼻腔及上气道产品、其他产品,baostock+akshare
300755.SZ,华致酒行,A股,F51批发业,,提供白酒、进口葡萄酒和烈性酒等国内外优质中高端酒类产品和多元化的服务。 产品：白酒、葡萄酒、进口烈性酒、其他,baostock+akshare
300756.SZ,金马游乐,A股,C24文教、工美、体育和娱乐用品制造业,,文旅装备制造、文旅运营服务于一体的综合型文旅服务企业。 产品：游乐装备、文旅文娱机器人、游乐投资运营、运营支持服务、游乐项目运营,baostock+akshare
300757.SZ,罗博特科,A股,C35专用设备制造业,光芯片;光模块;机器人应用,研制高端自动化装备和智能制造执行系统软件。 产品：光伏设备及整体解决方案、光电子及半导体封测设备、光伏电池自动化设备、单晶圆清洗刻蚀系统、单晶圆涂胶系统、高速晶圆测试设备、高速晶粒测试设备、高速芯片测试设备、高速硅光模组/CPO模组测试设备、光子器件集成耦合设备、Bond自动化超高精度贴片设备、光纤预制设备、智能制造系统R2Fab、高效太阳能电池/铜互联整体解决方案、其他,baostock+akshare
300758.SZ,七彩化学,A股,C26化学原料和化学制品制造业,,高性能有机颜料、溶剂染料及相关中间体的研发、生产与销售。 产品：有机颜料系列产品、溶剂染料系列产品、材料及材料单体产品、染颜料、中间体及材料单体、其他(补充),baostock+akshare
300759.SZ,康龙化成,A股,M73研究和试验发展,药物发现/CRO;临床服务/CDMO,提供从药物发现到药物开发的全流程一体化药物研究、开发及生产服务。 产品：实验室服务、CMC(小分子CDMO）服务、临床研究服务、大分子和细胞与基因治疗服务、CMC（小分子CDMO）服务、CMC(小分子CDMO)服务,baostock+akshare
300760.SZ,迈瑞医疗,A股,C35专用设备制造业,,医疗器械的研发、制造、营销及服务。 产品：体外诊断类产品、生命信息与支持类产品、医学影像类产品、新兴业务类产品、其他业务,baostock+akshare
300761.SZ,立华股份,A股,A03畜牧业,,黄羽肉鸡（中华土鸡）、商品肉猪及肉鹅的养殖和销售业务，同时，公司利用自身的育种技术与管理优势积极拓展黄羽肉鸡屠宰及深加工业务领域。 产品：商品代黄羽肉鸡、商品肉猪、商品鹅、黄羽肉鸡冰鲜、冰冻产品、鸡、猪、鹅,baostock+akshare
300762.SZ,上海瀚讯,A股,C39计算机、通信和其他电子设备制造业,,以专网4G/5G通信装备的研制、生产和售后服务为主，专注于陆、海、空、天领域行业用户的行业应用，提供专网宽带移动通信系统的设备及整体解决方案。 产品：宽带移动通信设备、其他产品,baostock+akshare
300763.SZ,锦浪科技,A股,C38电气机械和器材制造业,,组串式逆变器的研发、生产、销售和服务。 产品：并网逆变器、储能逆变器、户用单相组串式并网逆变器、户用三相组串式并网逆变器、工商业三相组串式并网逆变器、大型地面电站三相组串式并网逆变器、户用单相组串式储能逆变器、户用分相组串式储能逆变器、户用纯离网组串式储能逆变器、户用交流耦合储能逆变器、户用三相组串式储能逆变器、工商业三相组串式储能逆变器、户用光伏发电系统,baostock+akshare
300765.SZ,石药创新,A股,C14食品制造业,药企/生物科技,生物制药、功能性原料及保健食品的研发、生产与商业化。 产品：功能性原料及保健食品、生物制药、恩朗苏拜单抗注射液、注射用奥马珠单抗注射液、咖啡因、阿卡波糖、果维康维生素C咀嚼片、其他(补充),baostock+akshare
300766.SZ,每日互动,A股,I64互联网和相关服务,,提供面向移动应用开发者的服务，以及利用大数据能力面向垂直领域客户提供数据服务和其他服务。 产品：DI业务、AI业务、个推SDK、个验SDK、OneIDSDK、用户运营SDK、AISDK、数据智能操作系统(DiOS)、增能与风控服务、品牌服务、SaaS服务、公共服务数盘、数据服务、开发者服务、其他,baostock+akshare
300767.SZ,震安科技,A股,C29橡胶和塑料制品业,,减隔震产品的生产、销售、安装和建筑减隔震技术咨询业务。 产品：传统隔震产品、传统减震产品、震振控制产品、核电抗震产品、隔震橡胶支座、滑板支座、摩擦板支座、黏滞阻尼器、屈曲约束支撑、摩擦阻尼器、三维橡胶隔震支座、三维橡胶摩擦摆支座、阻尼弹簧隔振支座、核级大型液压阻尼器、能源管道液压阻尼器,baostock+akshare
300768.SZ,迪普科技,A股,I65软件和信息技术服务业,,全场景网络安全产品的研发、制造和销售。 产品：安全产品、网络及应用交付产品、服务类业务、AI产品、网络安全产品、应用交付及网络产品、安全服务及其他服务,baostock+akshare
300769.SZ,德方纳米,A股,C39计算机、通信和其他电子设备制造业,锂电材料;电芯,锂离子电池核心材料的研发、生产和销售。 产品：纳米磷酸铁锂、磷酸锰铁锂、补锂增强剂、磷酸盐系正极材料、其他,baostock+akshare
300770.SZ,新媒股份,A股,I63电信、广播电视和卫星传输服务,,IPTV基础业务、互联网视听业务、内容版权业务及商务运营业务。 产品：IPTV基础业务、互联网视听业务、内容版权业务、商务运营业务、广东IPTV视听类增值业务、互联网电视业务、省外专网、有线电视网络增值服务、内容制作与运营业务、算法广告、电商,baostock+akshare
300771.SZ,智莱科技,A股,C35专用设备制造业,,智能保管与交付解决方案及产品的研发、生产、销售与服务。 产品：智能快件箱类设备、自助电子寄存柜类设备、智能恒温及售卖类设备、智慧医疗类设备、智能换电柜类设备、其他定制类智能交互设备、智能换电柜类设备和其他定制类智能交互设备、其他(补充),baostock+akshare
300772.SZ,运达股份,A股,C34通用设备制造业,,大型风力发电机组的研发、生产和销售。 产品：风力发电机组、风电机组、新能源工程总承包服务、其他,baostock+akshare
300773.SZ,拉卡拉,A股,I65软件和信息技术服务业,,数字支付业务和科技服务业务。 产品：境内支付业务、跨境支付业务、支付服务业务、行业数字化解决方案、金融科技服务、支付业务、科技服务业务、其他,baostock+akshare
300774.SZ,倍杰特,A股,N77生态保护和环境治理业,,提供水处理解决方案、运营管理及技术服务、商品制造与销售服务。 产品：水处理解决方案、运营管理及技术服务、商品制造与销售,baostock+akshare
300775.SZ,三角防务,A股,C37铁路、船舶、航空航天和其他运输设备制造业,,航空、航天、船舶等行业锻件产品的研制、生产、销售和服务。 产品：模锻件产品、自由锻件产品、其他,baostock+akshare
300776.SZ,帝尔激光,A股,C35专用设备制造业,,激光精密微纳加工解决方案的设计及其配套设备的研发、生产和销售。 产品：光伏电池及组件激光设备、背接触电池（BC）的激光微刻蚀系列设备、TOPCon激光设备、HJT激光设备、钙钛矿激光加工设备、PERC及基础光伏激光设备、组件端系统加工设备、TGV激光微孔设备、技术服务、维护和其他、半导体先进封装和下一代显示激光设,baostock+akshare
300777.SZ,中简科技,A股,C28化学纤维制造业,,高性能碳纤维及织物的研发、生产、销售。 产品：高性能碳纤维、碳纤维织物、高强型ZT7系列（高于T700级）、ZT8系列（T800级）、ZT9系列（T1000/T1100级）和高模型ZM40J（M40J级）、ZM40X（M40X级）石墨纤维、碳纤维机织物、碳纤维针织物、碳纤维毡、碳纤维异型织造物、碳纤维、其他(补充),baostock+akshare
300778.SZ,新城市,A股,M74专业技术服务业,,规划、建筑、市政道桥设计；室内装饰工程设计；工程咨询；自有物业租赁。 产品：城乡规划类、工程设计类、工程咨询类、城市智慧能源业务、租赁物业服务类,baostock+akshare
300779.SZ,惠城环保,A股,C42废弃资源综合利用业,,为炼油企业提供废催化剂处理处置服务，研发、生产、销售废催化剂资源化综合利用产品。 产品：资源化综合利用产品、危险废物处理处置服务、三废治理业务、其他产品,baostock+akshare
300780.SZ,德恩精工,A股,C34通用设备制造业,机器人本体/集成,机械传动与传动联结件、机械非标定制件、工业机器人、数控机床和产业互联网平台服务。 产品：机械传动与传动联结件、机械非标定制件、数控机床、工业机器人、MRO工品,baostock+akshare
300781.SZ,因赛集团,A股,L72商务服务业,,战略咨询、品牌营销、红人营销、数字营销以及AI营销等。 产品：战略咨询、品牌营销、红人营销、数字营销,baostock+akshare
300782.SZ,卓胜微,A股,C39计算机、通信和其他电子设备制造业,,射频集成电路领域的研究、开发、生产与销售。 产品：射频前端分立器件、各类模组产品解决方案、低功耗蓝牙微控制器芯片、射频开关、射频低噪声放大器、射频滤波器、射频功率放大器、商品销售收入、其他(补充)、IP授权及服务,baostock+akshare
300783.SZ,三只松鼠,A股,F52零售业,,生产及销售坚果制品、烘焙、肉制品、果干等。 产品：坚果、烘焙、肉制品、果干、综合,baostock+akshare
300784.SZ,利安科技,A股,C29橡胶和塑料制品业,,注塑产品以及精密注塑模具的研发、生产和销售。 产品：鼠标注塑产品、摄像头注塑产品、可视化门铃、保险箱面板箱体套件、四子棋注塑产品、便当盒注塑产品、陶泥机注塑产品、端盖注塑产品、控制器盒盖注塑产品、糖化仪注塑产品、血糖仪注塑产品、注塑产品、精密注塑模具、其他塑料产品,baostock+akshare
300785.SZ,值得买,A股,I64互联网和相关服务,,AI与内容驱动的数字消费服务。 产品：信息推广、互联网效果营销平台、运营服务、品牌营销、信息推广收入、运营服务费收入、互联网效果营销平台收入,baostock+akshare
300786.SZ,国林科技,A股,C35专用设备制造业,,臭氧产生机理研究、臭氧设备设计与制造、臭氧应用工程方案设计与臭氧系统设备安装、调试、运营及维护。 产品：臭氧发生器及其系统设备、乙醛酸及其副产品、大型臭氧发生器、大型臭氧发生器系统设备及配套、配件及其他,baostock+akshare
300787.SZ,海能实业,A股,C39计算机、通信和其他电子设备制造业,,消费电子产品的定制化设计及生产和新能源产品的研发、生产、销售。 产品：消费电子、新能源,baostock+akshare
300788.SZ,中信出版,A股,R86新闻和出版业,,图书出版与发行业务、数智服务业务和城市文化空间运营业务。 产品：图书出版物、图书出版物销售、其他,baostock+akshare
300789.SZ,唐源电气,A股,I65软件和信息技术服务业,机器人传感器,智慧交通、智慧应急、智能智造领域提供机器视觉智能检测装备、大数据智能管控系统、机器人等产品与技术服务。 产品：机器视觉智能检测装备、机器人、大数据智能管控系统、铁路公交化与智慧车站、新材料、无人机自主巡检系统、技术服务及其他、钒钛资源开发与利用,baostock+akshare
300790.SZ,宇瞳光学,A股,C39计算机、通信和其他电子设备制造业,机器人传感器,光学镜头等产品设计、研发、生产和销售。 产品：安防类、智能家居、车载类、汽车部品、机器视觉、应用光学、新消费市场类,baostock+akshare
300791.SZ,仙乐健康,A股,C14食品制造业,,营养保健食品的研发、生产和销售。 产品：软胶囊、片剂、粉剂、软糖、饮品、硬胶囊,baostock+akshare
300792.SZ,壹网壹创,A股,I64互联网和相关服务,,品牌线上服务、线上分销及内容电商服务。 产品：品牌线上营销服务、品牌线上管理服务、线上分销、内容电商服务、线上分销服务,baostock+akshare
300793.SZ,佳禾智能,A股,C39计算机、通信和其他电子设备制造业,,"智能电声,智能穿戴,智能随身助手等消费电子+新型储能产品多元化板块。 产品：耳机、音箱、智能手表、录音设备、智能眼镜、储能、TWS耳机、头戴耳机、骨传导耳机、无线音箱、AI随身助手、AR眼镜、储能产品、耳机部品及其他",baostock+akshare
300795.SZ,米奥会展,A股,L72商务服务业,,境外会展的策划、组织、推广及运营服务。 产品：自办展、代理展、数字展及其他,baostock+akshare
300796.SZ,贝斯美,A股,C26化学原料和化学制品制造业,,高效、低毒、低残留的环保型农药原药的研发、生产和销售。 产品：农药中间体、二甲戊灵原药、二甲戊灵制剂、碳五产品、贸易类化工产品、碳五系列产品,baostock+akshare
300797.SZ,钢研纳克,A股,M74专业技术服务业,,金属材料检测技术的研究、开发和应用。 产品：检测服务、检测分析仪器、腐蚀防护工程与产品、标准物质/标准样品、能力验证服务,baostock+akshare
300798.SZ,锦鸡股份,A股,C26化学原料和化学制品制造业,,染料的研发、生产和销售。 产品：染料产品、算力服务、活性染料、分散染料、其他,baostock+akshare
300800.SZ,力合科技,A股,C40仪器仪表制造业,,检测/监测仪器及系统的研发、生产、销售，并提供运营维护、检测咨询服务。 产品：水质监测仪器、空气/烟气监测仪器、实验室自动检测仪器、信息管理系统、水质监测系统、空气/烟气监测系统、其他,baostock+akshare
300801.SZ,泰和科技,A股,C26化学原料和化学制品制造业,,水处理药剂及其联副产品的生产与销售。 产品：水处理剂药剂及其联副产品、阻垢剂、缓蚀剂、杀菌灭藻剂、螯合剂、分散剂、反渗透药剂、助洗剂、水处理药剂及其联副产品、氯碱产品、其他(补充),baostock+akshare
300802.SZ,矩子科技,A股,C39计算机、通信和其他电子设备制造业,半导体设备;机器人传感器;机器人应用,机器视觉设备、控制线缆组件、控制单元及设备的研发、生产和销售。 产品：机器视觉设备、控制线缆组件、控制单元及设备、自动光学检测设备、3D在线X射线检查设备、高端自动化生产设备、控制线缆组件产品、多种智能制造及检测系统、半导体设备电气盘柜、光伏储能柜、光伏面板清洁机器人、储能热管理系统,baostock+akshare
300803.SZ,指南针,A股,J69其他金融业,,提供金融信息服务、证券投资咨询。 产品：金融信息服务、金融信息服务业务、证券业务、广告服务业务、证券服务、广告服务,baostock+akshare
300804.SZ,广康生化,A股,C26化学原料和化学制品制造业,,农药原药、中间体、制剂的研发、生产和销售。 产品：原药、制剂、中间体、灭菌丹、克菌丹、噻呋酰胺、土菌灵、萎锈灵、联苯肼酯、甲氧虫酰肼、甜菜宁、甜菜安、乙氧呋草黄、其他(补充),baostock+akshare
300805.SZ,电声股份,A股,L72商务服务业,,互动展示、零售终端管理、品牌传播等营销活动的策划、执行、监测、反馈服务及数字零售业务。 产品：互动展示、零售终端管理、品牌传播、数字零售业务、数字零售,baostock+akshare
300806.SZ,斯迪克,A股,C29橡胶和塑料制品业,,胶粘剂、功能性涂层复合材料研发、生产、销售。 产品：电子级胶粘材料、功能性薄膜材料、薄膜包装材料、热管理复合材料、高分子薄膜材料,baostock+akshare
300807.SZ,天迈科技,A股,C39计算机、通信和其他电子设备制造业,数据中心/云厂商,基于车联网、卫星定位、人工智能、大数据、云计算等技术，为城市公交运营、管理及服务提供整体解决方案。 产品：智能调度系统、车辆远程监控系统、智能公交收银系统、新能源充电监控系统、出租车运营监管系统、软件产品及其他,baostock+akshare
300808.SZ,久量股份,A股,C38电气机械和器材制造业,,LED照明产品的设计、研发、生产和销售。 产品：LED应急灯、LED手电筒、LED露营灯、头灯与探照灯、LED台灯、LED移动照明、移动家居小电器、LED家居照明,baostock+akshare
300809.SZ,华辰装备,A股,C34通用设备制造业,,高端精密磨削装备研发、制造与服务。 产品：全自动精密数控轧辊磨床、亚微米级高端复合系列磨削产品、精密螺纹磨床、精密数控直线导轨磨床、新型超精密曲面磨床、磨床设备、维修改造业务、备件产品,baostock+akshare
300810.SZ,中科海讯,A股,I65软件和信息技术服务业,,国家特种电子信息行业声纳装备领域相关产品的研发、生产和销售。 产品：信号处理平台类、声纳系统类、水声大数据类、仿真训练系统类、无人探测系统类、数据计算中心类、信号处理平台、声纳系统、水声大数据、仿真训练系统、无人探测系统、数据计算中心、水声大数据与仿真系统,baostock+akshare
300811.SZ,铂科新材,A股,C39计算机、通信和其他电子设备制造业,,金属软磁粉、金属软磁粉芯及相关电感元件产品的生产、研发和销售。 产品：金属软磁粉、金属软磁粉芯、芯片电感等磁元件、金属软磁粉末制品、其他(补充),baostock+akshare
300812.SZ,易天股份,A股,C35专用设备制造业,半导体设备;药物发现/CRO,平板显示专用设备及半导体设备的研发、生产与销售。 产品：平板显示专用设备类、半导体设备类、LCD显示设备、柔性OLED显示设备、VR/AR/MR显示设备、Mini/MicroLED设备、传统封装设备及先进封装设备、其他类,baostock+akshare
300813.SZ,泰林生物,A股,C35专用设备制造业,,无菌生产与污染控制设备、微生物检测及有机物分析等产品的研发、生产和销售。 产品：无菌生产与污染控制设备系列产品、微生物检测技术系列产品、有机物分析技术系列产品、集菌仪、集菌培养器、微生物检验仪、微孔滤膜、酶底物法大肠菌群检测系统、酶底物智能培养计数系统、全自动两虫检测系统、生物指示剂、生物指示剂抗力仪、质控菌株、隔离器、无菌传递舱、阻遏隔离器、多功能细胞处理工作站、蜂巢培养系统（转运车+蜂巢培养箱）、无菌分装工作站、汽化过氧化氢发生器、过氧化氢雾化消毒机、全自动菌落计数工作站、全自动无菌检查培养系统、细菌侵入测试仪、TOC分析仪、固体燃烧装置、生物降解测试系统、真空/压力衰减测试仪、顶空氧分析仪、过滤器完整性测试仪、过氧化氢气体浓度分析仪、水气体浓度分析仪、二氧化碳气体浓度传感器,baostock+akshare
300814.SZ,中富电路,A股,C39计算机、通信和其他电子设备制造业,PCB,双面及多层线路板、柔性线路板的生产和销售。 产品：单面板、双面板、多层板、封装基板等、产品覆盖高频高速板、金属基板、刚挠结合板、高阶HDI板、内埋器件板、印制电路板、其他(补充),baostock+akshare
300815.SZ,玉禾田,A股,N78公共设施管理业,,为政府机构及企业客户提供全场景、多维度的城市综合服务解决方案。 产品：城市运营、物业管理、其他(补充),baostock+akshare
300816.SZ,艾可蓝,A股,N77生态保护和环境治理业,,发动机尾气后处理产品及与大气环保相关产品的研发、生产和销售。 产品：尾气净化产品、符合机动车国VI排放标准的柴油机和汽油机尾气净化产品、符合非道路移动机械国IV排放标准的柴油机尾气净化产品、符合船舶国II排放标准的尾气净化产品、其他(补充),baostock+akshare
300817.SZ,双飞集团,A股,C34通用设备制造业,,滑动轴承、滑动轴承用复合材料及铜粉的研发、生产及销售，为各工业领域提供滑动轴承解决方案，并致力于滑动轴承材料的研发及其在新领域的推广与应用。 产品：滑动轴承、复合材料、铜粉、液压配件、SF系列轴承、JF系列轴承、JDB系列轴承、FU系列轴承、其他系列轴承,baostock+akshare
300818.SZ,耐普矿机,A股,C35专用设备制造业,,重型矿山选矿装备及其新材料耐磨备件的研发、生产、销售和服务。 产品：选矿设备、选矿备件、矿用管道、选矿系统方案及服务、橡胶耐磨备件、磨机备件、过流件、圆筒筛、振动筛备件、旋流器内衬、浮选机备件、橡胶软管、钢橡复合管、矿用橡胶耐磨备件、矿用金属备件,baostock+akshare
300819.SZ,聚杰微纤,A股,C17纺织业,,超细复合纤维面料及制成品的研发、生产、销售。 产品：超细纤维制成品、超细纤维仿皮面料、超细纤维功能面料、超细纤维无尘洁净制品、超细纤维功能面料以及超细纤维无尘洁净制品、印染加工,baostock+akshare
300820.SZ,英杰电气,A股,C38电气机械和器材制造业,新能源车/储能,以功率控制电源、特种电源为代表的工业电源设备的研发、生产与销售以及新能源汽车充电桩/站的研发、生产和销售。 产品：功率控制电源、特种电源、新能源汽车充电桩、功率控制装置及系统、电源模块及系统、充电桩,baostock+akshare
300821.SZ,东岳硅材,A股,C26化学原料和化学制品制造业,,有机硅材料的研发、生产和销售。 产品：中间体、107胶、110生胶、混炼胶、液体胶、硅酮胶、硅油、气相白炭黑、硅橡胶、硅树脂,baostock+akshare
300822.SZ,贝仕达克,A股,C39计算机、通信和其他电子设备制造业,,智能控制器及智能产品的研发、生产和销售。 产品：智能控制器及其下游智能产品、电机控制器、锂电池控制器、智能家居控制器、汽车电机控制器、智能照明、智能安防、地板护理清洁工具、智能家居、智能宠养、智能汽配、智能控制器、智能产品,baostock+akshare
300823.SZ,建科智能,A股,C35专用设备制造业,,各类智能化钢筋加工机器人装备及配套软件的研发、设计、生产和销售，为客户提供智能化钢筋加工机器人装备及钢筋加工智慧工厂的整体解决方案和相关服务。 产品：智能单件钢筋成型机器人、智能组合钢筋成型机器人、智能钢筋强化机器人、备件、备件及其他,baostock+akshare
300824.SZ,北鼎股份,A股,C38电气机械和器材制造业,,“北鼎BUYDEEM”自主品牌业务和OEM/ODM业务。 产品：电器类、非电器类、蒸炖锅、养生壶、电饭煲、电磁炉、饮水机、烤箱、空气炸锅、珐琅铸铁锅、不粘锅、餐具、饮具、汤包茶饮,baostock+akshare
300825.SZ,阿尔特,A股,M74专业技术服务业,新能源车/储能,整车及整车平台全流程研发、新能源智能化平台开发、核心零部件研发制造。 产品：新能源汽车整车设计、燃油汽车整车设计、核心零部件,baostock+akshare
300826.SZ,测绘股份,A股,M74专业技术服务业,,地理信息产业中的测绘地理信息服务业务。 产品：工程测勘技术服务、地理信息集成与服务、测绘服务、房产租赁,baostock+akshare
300827.SZ,上能电气,A股,C38电气机械和器材制造业,机器人本体/集成;电芯;新能源车/储能,电力电子设备的研发、生产、销售。 产品：光伏逆变器、储能产品、电解水制氢电源、电能质量治理、电站监控设备及智慧能源管理系统、组串式光伏逆变器、集中式光伏逆变器、储能变流器、储能系统集成、户用储能电池＆户用光储一体机＆分体机、有源电力滤波器、静止无功发生器、动态电压恢复器、电站监控设备、智慧能源管理平台、储能双向变流器及系统集成产品、备件及技术服务,baostock+akshare
300828.SZ,锐新科技,A股,C39计算机、通信和其他电子设备制造业,,工业精密铝合金部品及部件的研发、生产和销售。 产品：电力电子散热器、汽车轻量化部件、自动化设备及医疗设备精密部件、变频器散热器、逆变器散热器、风电设备散热器、汽车电源管理器散热器、其他工业散热器、自动化机械结构部品及部件、医疗设备精密部件、电机机壳、电池箱体及配件、防撞梁、车身及仪表盘结构件、精密部品及部件、其他(补充)、型材,baostock+akshare
300829.SZ,金丹科技,A股,C14食品制造业,,研发、生产、销售乳酸及其系列产品。 产品：乳酸、乳酸钠、乳酸钙、乳酸盐、副产品,baostock+akshare
300830.SZ,金现代,A股,I65软件和信息技术服务业,,为电力、军工等大型集团性企业提供定制化的行业数字化解决方案以及向工业制造等领域提供以低代码PaaS平台为代表的标准化、通用软件，通过人工智能（AI）等数字化技术赋能并助力用户产业升级。 产品：制化的行业数字化解决方案、标准化、通用软件、人工智能（AI）布局、智能文档处理平台（IDP）、质量管理系统（QMS）、低代码PaaS平台、轻骑兵低代码PaaS平台、“小金智问”智能问答系统、智慧实验室管理系统（LIMS）、安全生产管理系统（HSE）、知识库管理系统、智慧识才大数据分析平台、客户关系管理系统（CRM）、智能文档处理智能体、智能问答智能体、智能查询智能体、智能报告生成智能体、以及电力、军工、工业制造等多个垂直行业大模型驱动的专业智能体、定制化软件开发及服务、标准化软件产品开发及销售、其他(补充),baostock+akshare
300831.SZ,ST派瑞,A股,C39计算机、通信和其他电子设备制造业,,大功率半导体器件、电力电子装置及功率半导体器件检测装备的研发、制造、试验验证、市场推广与全周期技术服务。 产品：大功率半导体器件、电力电子应用装置、功率半导体器件检测装备、电力电子器件、电力电子设备、其他(补充),baostock+akshare
300832.SZ,新产业,A股,C27医药制造业,,体外诊断领域产品的研发、生产、销售及客户服务。 产品：体外诊断试剂、体外诊断仪器、试剂类、仪器类、其他(补充),baostock+akshare
300833.SZ,浩洋股份,A股,C38电气机械和器材制造业,,舞台娱乐灯光设备、建筑照明设备、桁架等产品的研发、生产与销售。 产品：舞台娱乐灯光设备、建筑照明灯光设备、桁架、配件、其他及配件,baostock+akshare
300834.SZ,星辉环材,A股,C26化学原料和化学制品制造业,,聚苯乙烯的研发、生产和销售。 产品：HIPS、GPPS、原材料贸易、HIPS产品、GPPS产品、其他(补充),baostock+akshare
300835.SZ,龙磁科技,A股,C39计算机、通信和其他电子设备制造业,,高性能磁性材料与电子元件的研发、生产和销售。 产品：磁性材料、换向器及其他、微型逆变器及配件、永磁铁氧体磁瓦、软磁材料与磁芯、车载电感与芯片电感、磁性材料产品,baostock+akshare
300836.SZ,佰奥智能,A股,C35专用设备制造业,机器人传感器;机器人应用,智能制造相关的智能组装生产线、数字化工厂系统、特种机器人、人工智能、机器视觉对位及检测、高速输送及精确定位、智能供料、智能控制与信息化等技术的研发。 产品：智能组装设备及零组件、其他、其他(补充),baostock+akshare
300837.SZ,浙矿股份,A股,C35专用设备制造业,,绿色、智能装备的研发、设计、生产、销售和售后服务。 产品：破碎设备、筛选设备、颚式破碎机、圆锥式破碎机、旋回式破碎机、多缸圆锥式破碎机、冲击式破碎机、锤式破碎机、振动筛、给料机、洗砂机、洗选机、破碎筛选成套生产线、破碎筛选单机设备、运营管理、配件及其他,baostock+akshare
300838.SZ,浙江力诺,A股,C34通用设备制造业,,工业控制阀的研发、生产、销售和售后服务。 产品：开关阀、调节阀、工艺阀、配件,baostock+akshare
300839.SZ,博汇股份,A股,C25石油、煤炭及其他燃料加工业,,特种油和燃料油研发、生产、销售。 产品：燃料油系列、特种油系列、其他精炼石油产品、销售商品、提供服务,baostock+akshare
300840.SZ,酷特智能,A股,C18纺织服装、服饰业,机器人应用,数智化产品与服务、服装智能制造两大业务。 产品：数智化产品与服务、服装智能制造、酷特AGI原生应用科研平台、酷特AGI全链路数智化协同、服装大规模个性化定制智造、服装柔性化生产智能体集群、定制服装、其他、快时尚服饰,baostock+akshare
300841.SZ,康华生物,A股,C27医药制造业,,冻干人用狂犬病疫苗（人二倍体细胞）和ACYW135群脑膜炎球菌多糖疫苗生产和销售及其他疫苗的研发。 产品：非免疫规划疫苗、冻干人用狂犬病疫苗（人二倍体细胞）、ACYW135群脑膜炎球菌多糖疫苗、其他(补充),baostock+akshare
300842.SZ,帝科股份,A股,C39计算机、通信和其他电子设备制造业,存储芯片,光伏电池金属化环节的导电银浆产品的研发、生产和销售。 产品：光伏电池金属化用导电浆料、光伏材料、存储芯片、电子材料、材料销售,baostock+akshare
300843.SZ,胜蓝股份,A股,C39计算机、通信和其他电子设备制造业,新能源车/储能,电子连接器及精密零组件的研发、生产及销售。 产品：消费类电子连接器及组件、新能源汽车连接器及组件、光学透镜、数据通讯类连接器,baostock+akshare
300844.SZ,山水比德,A股,M74专业技术服务业,,提供以整体性解决方案为核心的景观设计业务、建筑设计业务和园林绿化工程总承包（EPC）业务。 产品：社区景观、文化旅游、商业空间、市政公共、公共建筑、居住建筑、工程总承包,baostock+akshare
300845.SZ,捷安高科,A股,I65软件和信息技术服务业,,轨道交通实训和应急安全。 产品：轨道交通仿真实训系统、安全作业仿真实训系统、船舶装备领域仿真产品,baostock+akshare
300846.SZ,首都在线,A股,I65软件和信息技术服务业,,"为客户提供包括通用计算和智算在内的云服务,通信网络服务,IDC服务以及综合解决方案。 产品：智算业务产品、计算业务产品、智算容器云产品、向量数据库产品、MaaS平台、AIInfra平台、工作流平台、云主机产品、对象存储产品、计算容器云产品、IDC业务产品、云主机及相关服务、IDC服务、其他收入",baostock+akshare
300847.SZ,中船汉光,A股,C39计算机、通信和其他电子设备制造业,,打印复印静电成像设备及成像耗材业务、特种精密加工业务。 产品：墨粉、OPC鼓、打印复印设备、特种精密加工产品、静电成像设备及耗材产业、精密加工、其他(补充),baostock+akshare
300848.SZ,美瑞新材,A股,C26化学原料和化学制品制造业,,聚氨酯新材料（TPU、PUR、PUD、PBS）及功能化工品原料（特种异氰酸酯、特种胺）的研发、生产和销售。 产品：聚氨酯新材料、功能化工品原料、TPU、PUR、PUD、PBS、特种异氰酸酯、特种胺、其他(补充),baostock+akshare
300849.SZ,锦盛新材,A股,C29橡胶和塑料制品业,,化妆品塑料包装容器的研发、生产和销售。 产品：膏霜瓶系列产品、乳液瓶系列产品、注塑件、其他主营业务、玻璃瓶,baostock+akshare
300850.SZ,新强联,A股,C34通用设备制造业,,大型回转支承的设计、制造；精密轴承的设计、制造；中高频淬火，轴承滚子来料加工；锻件、铸件、法兰及锁紧盘的设计、制造。 产品：风电类产品、盾构机类产品、海工装备类产品、其他轴承产品、锻件、主轴轴承、偏航轴承、变桨轴承、齿轮箱轴承及精密配件、机组零部件（制动盘、法兰等）、钢球、滚子、保持架、锁紧盘、联轴器、关键零部件（驱动盘、内外密封跑道等）、船用轴承、港口轴承、工程机械轴承、其他(补充),baostock+akshare
300851.SZ,交大思诺,A股,I65软件和信息技术服务业,,"轨道交通列车运行控制系统关键设备的研发设计,组织生产,销售及技术支持。 产品：普速列控车载设备、应答器系统和轨道电路读取器、应答器系统、轨道电路读取器",baostock+akshare
300852.SZ,四会富仕,A股,C39计算机、通信和其他电子设备制造业,PCB,印制电路板（PCB）的研发、生产和销售。 产品：印制电路板、高多层板、HDI板、厚铜板、金属基板、陶瓷基板、软硬结合板、高频高速板、埋嵌铜块基板、其他(补充),baostock+akshare
300853.SZ,申昊科技,A股,C34通用设备制造业,,智能机器人、智能监测检测及控制设备的研发、制造、销售及服务，为工业设备安全运行及智能化运维提供综合解决方案。 产品：巡检类机器人、操作类机器人、水下机器人、家庭储能、智能化系统及解决方案、智能监测检测及控制设备、智能机器人,baostock+akshare
300854.SZ,中兰环保,A股,N77生态保护和环境治理业,,固废污染防治技术的研发并应用于污染防治系统构建和运营业务。 产品：污染隔离系统、生态环境修复、填埋场综合运营、可再生资源利用、工程、运营、销售,baostock+akshare
300855.SZ,图南股份,A股,C32有色金属冶炼和压延加工业,,高温合金、特种不锈钢等高性能合金材料及其制品的研发、生产和销售，并以图南智造、图南部件为主体开展中小零部件生产制造、销售业务。 产品：铸造高温合金、变形高温合金、特种不锈钢、其他合金制品、中小零部件,baostock+akshare
300856.SZ,科思股份,A股,C26化学原料和化学制品制造业,,个人护理品原料的研发、生产和销售。 产品：化妆品活性成分及其原料、合成香料、其他,baostock+akshare
300857.SZ,协创数据,A股,C39计算机、通信和其他电子设备制造业,交换机/服务器;服务器与终端,研发先进的硬件和软件解决方案，提供一体化的产品和服务。 产品：物联网智能终端、数据存储设备、智能算力产品及服务、服务器及周边再制造,baostock+akshare
300858.SZ,科拓生物,A股,C14食品制造业,,食用益生菌制品、动植物微生态制剂以及复配食品添加剂研发、生产与销售。 产品：食用益生菌制品、动植物微生态制剂、复配食品添加剂,baostock+akshare
300859.SZ,西域旅游,A股,N78公共设施管理业,,道路运输、客运索道、游船游览和旅游服务等业务。 产品：旅游客运、索道运输、游船、温泉酒店、旅行社、沉浸式演艺,baostock+akshare
300860.SZ,锋尚文化,A股,R88文化艺术业,,大型文化演艺活动、文化旅游演艺、景观艺术照明及演绎、虚拟演艺产品等多个领域的创意、设计及制作服务。 产品：大型文化演艺活动、文化旅游演艺、景观艺术照明及演绎、虚拟演艺产品、其他(补充),baostock+akshare
300861.SZ,美畅股份,A股,C30非金属矿物制品业,,金刚石线的研发、生产及销售。 产品：金刚石线、金刚石粉、销售材料、销售设备、废钨综合回收利用、销售商品,baostock+akshare
300862.SZ,蓝盾光电,A股,C40仪器仪表制造业,,高端分析测量仪器的研制和生产、软件开发、数据应用及服务。 产品：环境监测、交通管理、气象观测、高端分析测量仪器,baostock+akshare
300863.SZ,卡倍亿,A股,C36汽车制造业,,汽车线缆的研发、生产和销售。 产品：普通线缆、新能源线缆、数据线缆、普通线、新能源线、其他(补充),baostock+akshare
300864.SZ,南大环境,A股,L72商务服务业,机器人本体/集成,环境调查与鉴定及环境研究、咨询与设计业务、环境系统集成和环境污染第三方治理业务。 产品：环境调查与鉴定、环境研究、咨询与设计、装备研制、系统集成、能源环保协同与资源化、环境研究、咨询、装备研制与系统集成,baostock+akshare
300865.SZ,大宏立,A股,C35专用设备制造业,,砂石、矿山破碎筛分成套设备的研发、生产与销售。 产品：破碎机系列、筛选设备、大型集成设备、单缸液压圆锥式破碎机、多缸液压圆锥式破碎机、高效冲击式破碎机、颚式破碎机、反击式破碎机、高压辊磨机、旋回破碎机、水平椭圆筛、振动式分选筛、振动式给料机、惯性振动式给料机、螺旋洗砂机、带式输送机、尾砂回收一体机、脱水筛、300型砂石破碎站、破碎设备、配件、筛分设备,baostock+akshare
300866.SZ,安克创新,A股,C39计算机、通信和其他电子设备制造业,,自有品牌的移动设备周边产品、智能硬件产品等消费电子产品的自主研发、设计和销售。 产品：充电储能类、智能创新类、智能影音类、移动充电、便携式移动储能产品、阳台光伏储能解决、户用储能解决方案、智能安防、智能清洁、创意打印、智能母婴、智能音频、智能投影、智能会议,baostock+akshare
300867.SZ,圣元环保,A股,N77生态保护和环境治理业,,城镇固液废专业化处理。 产品：污水处理、垃圾焚烧、PPP项目建造服务收入、垃圾焚烧收入(含售电、售热、售蒸汽)、污水处理收入、其他(补充),baostock+akshare
300868.SZ,杰美特,A股,C29橡胶和塑料制品业,服务器与终端,移动智能终端保护类配件产品研发、设计、生产及销售。 产品：智能手机保护类产品、平板电脑保护类产品、手机保护壳、平板保护壳、穿戴设备保护壳、表带、其他产品,baostock+akshare
300869.SZ,康泰医学,A股,C35专用设备制造业,,医疗诊断、监护设备的研发、生产和销售。 产品：家用类产品、院线类产品、其他类产品,baostock+akshare
300870.SZ,欧陆通,A股,C39计算机、通信和其他电子设备制造业,数据中心电源;数据中心/云厂商,开关电源产品的研发、生产与销售。 产品：电源适配器、数据中心电源、其他电源,baostock+akshare
300871.SZ,回盛生物,A股,C27医药制造业,,兽用药品(包括化药制剂、原料药、中药制剂)、饲料及添加剂的研发、生产和销售。 产品：经济动物用重点产品、宠物用重点产品、兽用化药制剂、兽用原料药、其他,baostock+akshare
300872.SZ,天阳科技,A股,I65软件和信息技术服务业,机器人本体/集成,为以银行为主的金融机构提供软件产品应用开发和技术服务。 产品：技术开发、技术服务、系统集成、咨询服务、技术开发类、技术服务类、系统集成类,baostock+akshare
300873.SZ,海晨股份,A股,G58多式联运和运输代理业,,制造业生产性物流解决方案及运营管理服务，物流自动化设备生产、销售及集成服务。 产品：货运代理服务、仓储服务、装备、机器人制造、装备及机器人制造,baostock+akshare
300875.SZ,捷强装备,A股,C35专用设备制造业,,核生化安全装备及核心部件的研发、生产、销售与全周期技术服务，同时开展新材料应用产品的研发、生产与销售。 产品：核辐射监测设备、生物检测设备、核生化防护与洗消装备、新材料应用产品、其他核生化安全装备及配件、技术服务,baostock+akshare
300876.SZ,蒙泰高新,A股,C28化学纤维制造业,,丙纶长丝的生产与销售。 产品：丙纶长丝、锦纶纤维、差别化丙纶长丝、常规丙纶长丝、锦纶丝,baostock+akshare
300877.SZ,金春股份,A股,C17纺织业,,非织造布材料、非织造布制品以及化学纤维的生产和销售。 产品：非织造材料、ES复合短纤维、非织造材料制品、水刺非织造布、热风非织造布、长丝超细纤维非织造布、熔喷非织造布、可降解非织造布、非织造布清洁、卫生用品、非织造布、ES纤维、其他(补充),baostock+akshare
300878.SZ,维康药业,A股,C27医药制造业,,现代中药及西药的研发、生产和销售。 产品：中西成药、中药饮片、保健食品、医疗器械、银黄滴丸、益母草软胶囊、益母草分散片、七叶神安分散片、枫蓼肠胃康分散片、人参健脾片、罗红霉素软胶囊、阿奇霉素软胶囊、其他,baostock+akshare
300879.SZ,大叶股份,A股,C35专用设备制造业,,园林机械产品的研发、生产及销售。 产品：割草机、打草机/割灌机、其他动力机械、配件,baostock+akshare
300880.SZ,迦南智能,A股,C40仪器仪表制造业,数据中心电源;机器人本体/集成,智慧计量及系统、计量箱及配件、新能源设备及系统集成等产品研发、生产、销售。 产品：智慧计量及系统、计量箱及配件、新能源设备及系统集成、智能电表、用电信息采集终端、物联网模组、采集系统、计费系统软件、运维服务、计量箱（高/中/低压）、表壳、终端壳体、内部的配件（如接线端子、开关、锁具等）、直流超、快充设备、储能设备及系统集成、配电设备及配件,baostock+akshare
300881.SZ,盛德鑫泰,A股,C33金属制品业,,各类工业用能源设备类无缝钢管的生产、研发和销售。 产品：钢管、钢格板、汽车配件、碳钢钢管、合金钢钢管、不锈钢钢管、压焊钢格板、球接栏杆、电机轴体、电机壳、其他轻量化汽车零部件、无缝钢管、其他(补充),baostock+akshare
300882.SZ,万胜智能,A股,C40仪器仪表制造业,,智能电表、用电信息采集系统等产品的研发、生产和销售。 产品：智慧计量板块、智慧配网板块、新能源工程、其他,baostock+akshare
300883.SZ,龙利得,A股,C22造纸和纸制品业,机器人应用,先进制造业应用、智能制造、两化融合应用以及印刷科技与包装容器的设计、研发与智造。 产品：工业用纸、瓦楞包装、快消包装、彩盒包装、配套包装,baostock+akshare
300884.SZ,狄耐克,A股,C39计算机、通信和其他电子设备制造业,,楼宇对讲、智能家居、智慧病房及智慧门诊等智慧社区及智慧医院相关领域产品的研发设计、生产制造和销售业务。 产品：楼宇对讲产品、智能家居产品、智慧病房及门诊、其他(补充),baostock+akshare
300885.SZ,海昌新材,A股,C33金属制品业,,粉末冶金制品的研发、生产和销售。 产品：电动工具零部件、汽车零部件、家电零部件、办公设备零部件、工程机械零部件、新能源、通讯零部件、其他零部件、机器人零部件、齿轮、轴承、结构件、齿轮箱、CVVL系统、发动机内外转子、机械真空泵、油泵转子、齿毂、链轮、传动齿轮、减震器、电子手刹齿轮、充电枪、电驱动轴齿、输入齿轮、滚轮拨钮、刹车摩擦片、含油轴承、阀座、卸载套、定位圈、配重块、单向轴承、前板、后板、磁环、梭架、梭床、办公、家电零部件,baostock+akshare
300886.SZ,华业香料,A股,C26化学原料和化学制品制造业,,内酯系列香料的研发、生产和销售。 产品：丙位内酯、丁位内酯、其他香料、丙位内酯系列香料、丁位内酯系列香料,baostock+akshare
300887.SZ,谱尼测试,A股,M74专业技术服务业,,检验检测、计量、认证及相关技术服务。 产品：生命科学与健康环保检测、汽车及其他消费品检测、安全保障检测、电子电气检测、计量检测、认证检测、生命科学与健康环保、汽车及其他消费品、安全保障,baostock+akshare
300888.SZ,稳健医疗,A股,C17纺织业,,医用耗材和消费品的研发、生产及销售。 产品：传统伤口护理与包扎产品、高端伤口敷料产品、手术室耗材产品、感染防护产品、健康个护产品、干湿棉柔巾、卫生巾、其他无纺制品、婴童服饰及用品、成人服饰、消费品-干湿棉柔巾、医用耗材-手术室耗材产品、消费品-成人服饰、医用耗材-传统伤口护理与包扎产品,baostock+akshare
300889.SZ,爱克股份,A股,C38电气机械和器材制造业,,专注户外智能照明及云控系统研发、生产、销售、服务。 产品：智慧照明板块、新能源板块、景观照明、智慧道路照明、创新电气控制系统、智能充电桩、自研智充系统、创新光储充一体化解决方案、新能源电池辅材、LED光电产品、汽车零部件、新能源电子辅材、光伏风电产品销售,baostock+akshare
300890.SZ,翔丰华,A股,C30非金属矿物制品业,锂电材料,锂电池负极材料的研发、生产和销售。 产品：石墨负极材料、其他(补充),baostock+akshare
300891.SZ,惠云钛业,A股,C26化学原料和化学制品制造业,,钛白粉产品的研发、生产和销售。 产品：金红石型钛白粉、锐钛型钛白粉、硫酸、其他产品,baostock+akshare
300892.SZ,品渥食品,A股,F52零售业,,食品的开发、进口、销售业务。 产品：德亚乳品、瓦伦丁啤酒、品利粮油、食品销售、其他,baostock+akshare
300893.SZ,松原安全,A股,C36汽车制造业,,汽车安全带总成、安全气囊、方向盘、汽车电子等汽车安全系统产品及特殊座椅安全装置的研发、生产、销售及服务。 产品：安全带总成、安全气囊及方向盘、汽车电子、紧急锁止式安全带、限力式安全带、预紧限力式安全带、自适应预紧限力式安全带、零重力座椅安全带、主动预紧式电机安全带、DAB（主驾气囊）、PAB（副驾气囊）、主动式泄气孔特征气囊、SVPAB（遮阳板气囊）、SAB（侧气囊）、CAB（侧气帘）、KAB（膝部气囊）、F-SIDE（远端气囊）、PU方向盘、真皮方向盘、智能化方向盘、控制器、主动预紧式电机安全带控制器、零重力座椅安全带控制器、汽车安全带总成、汽车安全气囊、汽车方向盘,baostock+akshare
300894.SZ,火星人,A股,C38电气机械和器材制造业,,新型厨房电器产品的研发、设计、生产与销售。 产品：集成灶、集成洗碗机、集成水槽、水洗类产品、其他,baostock+akshare
300895.SZ,铜牛信息,A股,I65软件和信息技术服务业,数据中心/云厂商;机器人本体/集成,互联网数据中心服务、云服务、互联网接入服务、互联网数据中心及云平台信息系统集成服务、应用软件开发服务。 产品：IDC及增值服务、IDC及云平台信息系统集成服务、其他互联网综合服务,baostock+akshare
300896.SZ,爱美客,A股,C35专用设备制造业,,生物医用材料及生物医药的研发、生产和销售。 产品：注射用类透明质酸钠系列产品、注射类聚乳酸系列产品、聚对二氧环己酮面部埋植线、溶液类注射产品、凝胶类注射产品、冻干粉类注射产品,baostock+akshare
300897.SZ,山科智能,A股,C40仪器仪表制造业,,为水务企业提供稳定、可靠的智慧水务技术、产品及服务。 产品：智能远传水表、计量传感器、智慧水务管网设备、智慧水务(水利)软件及系统、智能远传水表及计量传感器、其他,baostock+akshare
300898.SZ,熊猫乳品,A股,C14食品制造业,,浓缩乳制品的研发、生产和销售。 产品：炼乳、奶油、奶酪、椰浆、稀奶油、甜奶酱、爆爆珠、浓缩乳制品、椰品、乳品贸易,baostock+akshare
300899.SZ,上海凯鑫,A股,N77生态保护和环境治理业,机器人本体/集成,膜分离技术的研究与开发，向工业客户提供以膜分离技术为核心的工业流体过程处理解决方案，实物载体主要体现为向客户提供的膜分离系统集成装置。 产品：工业流体分离解决方案、零部件及耗材、租赁收入,baostock+akshare
300900.SZ,广联航空,A股,C37铁路、船舶、航空航天和其他运输设备制造业,,航空航天高端装备的研发、生产、制造。 产品：航空工装、航空航天零部件、无人机、航空辅助工具、航空航天零部件及无人机、航空辅助工具及其他,baostock+akshare
300901.SZ,中胤时尚,A股,M74专业技术服务业,,鞋履以及应用于各类消费品外观的图案的设计、生产和销售。 产品：设计业务、供应链整合业务、鞋履生产业务、品牌运营业务,baostock+akshare
300902.SZ,国安达,A股,C35专用设备制造业,,自动灭火装置的研发、生产和销售。 产品：自动灭火装置及系统、五金件、五金件及其他,baostock+akshare
300903.SZ,科翔股份,A股,C39计算机、通信和其他电子设备制造业,PCB;锂电材料,高密度印制电路板研发、生产和销售。 产品：PCB制造、高多层板、高密度互连板（HDI）、厚铜板、高频/高速板、金属基板、陶瓷基板、IC载板、软硬结合板、其他(补充)、正极材料产品收入,baostock+akshare
300904.SZ,威力传动,A股,C34通用设备制造业,机器人减速器;新能源车/储能,风电齿轮箱的研发、生产和销售。 产品：风电齿轮箱、工程车辆各类减速器、新能源车辆三合一驱动总成、高效率三相异步电机、永磁同步电机、其他,baostock+akshare
300905.SZ,宝丽迪,A股,C29橡胶和塑料制品业,,化学纤维原液着色和功能改性材料的研发、生产和销售。 产品：母粒、色浆、油墨,baostock+akshare
300906.SZ,日月明,A股,C37铁路、船舶、航空航天和其他运输设备制造业,,轨道安全测控设备的研发、生产和销售以及轨道测控技术的研究与应用。 产品：轨道几何状态检测系统、量值传递系统、综合智能检测系统、轨道线路巡检系统、供电检修系统、轨道工机具系统及服务、0级轨道检查仪、1级轨道检查仪、快速轨道检查仪（相对测量系列）、轨道测量仪（绝对测量系列）、三维约束轨检仪、三位一体轨检仪、大机作业型轨道检查仪、铁路轨道检查仪（IMS）、槽轨轨道检查仪、地铁第三轨轨道检查仪、钢轨波磨测量仪、标定器、检定台、新型多参数测量综合校验装置、快速综合智能检测小车、轨道快速结构巡检仪等、接触网测量仪、轨道交通设备和备件及工程服务、相关的轨道精测精调作业方案设计及执行,baostock+akshare
300907.SZ,康平科技,A股,C38电气机械和器材制造业,,电机、电动工具整机及相关产品的研发、设计、生产和销售。 产品：电动工具、电动工具整机、电助力车、电机、精密五金件、塑料件、电池包、电助力三轮车、其他,baostock+akshare
300908.SZ,仲景食品,A股,C14食品制造业,,健康调味品的研发、生产与销售。 产品：调味食品、调味配料、香菇酱及佐餐酱、上海葱油及拌面料、花椒油及调味油、快手菜及调味汁、仲景西洋参、其他(补充),baostock+akshare
300909.SZ,汇创达,A股,C39计算机、通信和其他电子设备制造业,药物发现/CRO,导光结构件及组件、信号传输元器件及组件的研发、设计、生产和销售。 产品：导光膜（LGF）、背光模组（LGF/LGPModule）、笔记本电脑MiniLED背光模组、金属薄膜开关（MetalDome）、超小型防水轻触开关（MicroWaterproofTactSwitch）、信号传输元器件及组件、导光结构件及组件、光学膜片,baostock+akshare
300910.SZ,瑞丰新材,A股,C26化学原料和化学制品制造业,,油品添加剂、无碳纸显色剂等精细化工系列产品的研发、生产和销售。 产品：润滑油添加剂、无碳纸显色剂、其他产品,baostock+akshare
300911.SZ,亿田智能,A股,C38电气机械和器材制造业,,集成灶等现代新型厨房电器产品的研发、生产和销售。 产品：集成灶、集成水槽、集成洗碗机、算力硬件、资源服务业务、其他产品,baostock+akshare
300912.SZ,凯龙高科,A股,N77生态保护和环境治理业,,大气污染治理环保装备的研发、生产与销售。 产品：发动机尾气后处理系统、尾气净化节能系统、其他,baostock+akshare
300913.SZ,兆龙互连,A股,C38电气机械和器材制造业,,数据电缆、专用电缆和连接产品设计、制造与销售。 产品：6类及以下数据通信线缆、6A及以上数据通信线缆、专用电缆、连接产品,baostock+akshare
300915.SZ,海融科技,A股,C14食品制造业,,烘焙、餐饮等食品原料研发、生产、销售、服务。 产品：奶油、巧克力、果酱、香精香料、餐饮产品、冰淇淋、预混料、油脂、酱料、千层蛋糕皮、冷冻烘焙,baostock+akshare
300916.SZ,朗特智能,A股,C39计算机、通信和其他电子设备制造业,,智能控制器及智能产品的研发、设计、生产和销售。 产品：智能控制器、智能产品、其他(补充),baostock+akshare
300917.SZ,特发服务,A股,K70房地产业,,综合物业管理服务，政务服务，增值服务。 产品：综合物业管理服务、政务服务、增值服务,baostock+akshare
300918.SZ,南山智尚,A股,C17纺织业,,精纺呢绒面料及正装职业装、纺织纤维的研发、设计、生产与销售。 产品：精纺呢绒面料产品、服装产品、超高分子量聚乙烯纤维产品、锦纶纤维产品、具身智能系列产品、精纺呢绒、服装类、锦纶长丝类,baostock+akshare
300919.SZ,中伟新材,A股,C39计算机、通信和其他电子设备制造业,锂电材料,新材料、电池及新能源的研发、生产、加工与销售。 产品：镍系材料、磷系材料、钠系材料、新能源金属产品、钴系材料、高镍与超高镍前驱体、固态电池用前驱体、低空经济用前驱体、高性价比中镍高电压前驱体、高电压四氧化三钴、磷酸铁、磷酸铁锂、聚阴离子钠电正极材料、层状氧化物钠电正极材料、新能源金属、三元前驱体、其他,baostock+akshare
300920.SZ,润阳科技,A股,C29橡胶和塑料制品业,,聚烯烃发泡材料的研发、生产及销售。 产品：电子辐照交联聚乙烯(IXPE)、销售商品、废料销售、其他,baostock+akshare
300921.SZ,南凌科技,A股,I64互联网和相关服务,,为世界500强、央国企等大中型企业客户提供高效、稳定、安全的数字基础设施服务。 产品：凌网服务、凌云服务、数字化工程,baostock+akshare
300922.SZ,天秦装备,A股,C41其他制造业,,以高分子材料、树脂基复合材料、金属材料制品的新型加工和应用技术为核心的专用防护装置及装备零部件的研发、生产和销售。 产品：专用防护装置、装备零部件、数码喷印设备及耗材、技术服务及其他,baostock+akshare
300923.SZ,研奥股份,A股,C37铁路、船舶、航空航天和其他运输设备制造业,PACK/BMS,轨道交通车辆电气设备的研发、生产、销售及检修。 产品：轨道交通电气设备制造业务、车辆检修业务、服务业务、司机操控台、司机室电气控制柜、客室电气控制柜、照明控制系统、逻辑控制单元、蓄电池管理系统、低压电器监测系统、紧急通风逆变器箱、高低压接线箱、车载蓄电池箱、车载空气净化设备、车辆电气线束等轨道车辆电气设备、动车及高铁车辆电气设备检修、照明灯具检修、城轨车辆电气设备检修、车电服务、车辆电气设备、检修业务、其他(补充),baostock+akshare
300925.SZ,法本信息,A股,I65软件和信息技术服务业,,提供专业软件技术和解决方案服务。 产品：数字化通用技术服务、数字化创新技术服务、其他,baostock+akshare
300926.SZ,博俊科技,A股,C36汽车制造业,,汽车精密零部件和精密模具的研发、设计、生产和销售。 产品：冲压业务、商品模业务、注塑业务、白车身业务、高压压铸业务、其他(补充),baostock+akshare
300927.SZ,江天化学,A股,C26化学原料和化学制品制造业,,甲醇下游深加工为产业链的高端专用精细化学品的研发、生产和销售。 产品：颗粒多聚甲醛、甲醛、均三嗪、高吸水性树脂(SAP)、功能化学品及高分子材料、有机化学品、其他(补充),baostock+akshare
300928.SZ,华安鑫创,A股,M74专业技术服务业,,汽车智能座舱的核心显示器件定制、软件系统开发及配套器件的销售。 产品：核心器件定制、智能座舱终端、通用器件分销、软件系统开发、智能座舱显示系统、域控系统、全液晶仪表、抬头显示、电子后视镜、智能辅助驾驶系统,baostock+akshare
300929.SZ,华骐环保,A股,N77生态保护和环境治理业,,水环境治理。 产品：水环境治理工程、水处理产品销售、污水处理投资运营、储能产品销售,baostock+akshare
300930.SZ,屹通新材,A股,C42废弃资源综合利用业,,铁、铜基金属粉体的生产与销售。 产品：高性能纯铁粉、合金钢粉、添加剂用铁粉、锻件、磷酸铁锂电池用粉、易切削钢粉、烧结硬化粉、扩散合金钢粉、无偏析混合粉、铁硅铬粉、铁硅粉,baostock+akshare
300931.SZ,通用电梯,A股,C34通用设备制造业,,电梯、自动扶梯、自动人行道的产品研发、设计、制造、销售、安装、改造及维保业务。 产品：电梯产品、扶梯及自动人行道产品、有机房乘客电梯、无机房乘客电梯、有机房病床电梯、无机房病床电梯、有机房观光电梯、无机房观光电梯、既有建筑加装电梯、家用电梯、载货电梯、杂物电梯、防爆电梯、有机房消防员电梯、无机房消防员电梯、商用自动扶梯、重载公交型自动扶梯、自动人行道、电梯销售、电梯配件与维保服务、其他(补充),baostock+akshare
300932.SZ,三友联众,A股,C38电气机械和器材制造业,,继电器及互感器的研发、生产和销售。 产品：继电器、互感器、通用功率继电器、磁保持继电器、汽车继电器、新能源继电器、光伏继电器、信号继电器、电感、工业控制微型电流互感器、工业控制微型电压互感器、电能表用计量互感器、继电保护类互感器、电机保护类互感器、开合类互感器、剩余电流互感器、其他(补充),baostock+akshare
300933.SZ,中辰股份,A股,C38电气机械和器材制造业,,电线电缆及电缆附件的研发、生产与销售。 产品：电力电缆、电气装备用电线电缆、电缆附件、裸导线,baostock+akshare
300935.SZ,盈建科,A股,I65软件和信息技术服务业,,建筑、市政、电力、地铁、工业厂房、桥梁等各类软件开发、销售及相关技术服务。 产品：基础技术与通用软件、建筑结构设计、建筑全专业BIM设计与协同、绿色建筑设计、力学仿真与特种结构、工业及特种工程设计、施工类软件、桥梁全产业链软件、高校教学、软件销售、技术开发和服务、软件使用费,baostock+akshare
300936.SZ,中英科技,A股,C39计算机、通信和其他电子设备制造业,PCB,高频通信材料研发、生产、销售。 产品：高频覆铜板、VC散热片、引线框架、通信材料、其他,baostock+akshare
300937.SZ,药易购,A股,F51批发业,,全渠道医药流通服务。 产品：化药、中药、医疗器械、大健康食品、其他非药产品、药品(化药)、药品(中药),baostock+akshare
300938.SZ,信测标准,A股,M74专业技术服务业,,可靠性检测、理化检测、电磁兼容检测和产品安全检测等检测服务。 产品：汽车领域检测、电子电气产品检测、日用消费品检测、健康与环保检测、试验设备,baostock+akshare
300939.SZ,秋田微,A股,C39计算机、通信和其他电子设备制造业,,液晶显示及触控产品研发、设计、生产和销售。 产品：单色液晶显示器、单色液晶显示模组、彩色液晶显示模组、电容式触摸屏、彩色液晶显示模组及电容式触摸屏、其他业务,baostock+akshare
300940.SZ,南极光,A股,C39计算机、通信和其他电子设备制造业,,背光显示模组的研发、生产和销售。 产品：LED背光显示模组、背光显示模组、其他(补充),baostock+akshare
300941.SZ,创识科技,A股,I65软件和信息技术服务业,,为商户及银行等用户提供电子支付、行业特色应用、数字化营销及智慧医疗养老的产品与服务。 产品：电子支付-商户端产品及服务、电子支付-银行端产品及服务、数字营销、智慧医疗养老,baostock+akshare
300942.SZ,易瑞生物,A股,C27医药制造业,,食品安全快速检测业务。 产品：食品安全快速检测试剂、快速检测仪器及相关快检服务、胶体金免疫层析试纸、酶联免疫（ELISA）试剂盒、理化试剂、荧光PCR试剂盒、核酸提取试剂盒、检测试剂、其中:检测试剂-食品安全快速检测、检测仪器、其中:检测仪器-食品安全快速检测,baostock+akshare
300943.SZ,春晖智控,A股,C34通用设备制造业,,流体控制阀和控制系统的研究、开发、制造。 产品：油气控制产品、供热控制产品、空调控制产品、内燃机配件产品、燃气控制产品、双流量电磁阀、电磁比例阀、拉断阀、油气回收控制系统部件、车用和站用氢能驱动电磁阀、燃气调压器、高压调压阀、燃气安全设备、调压箱/柜、@MRS智慧燃气调压站、燃气调压器预警系统、牺牲阳极管地电位检测系统、牺牲阳极智能测试桩、供热水路控制阀、换热站、汽车空调热力膨胀阀、电磁热力膨胀阀、电子膨胀阀、汽车空调电磁阀、凸轮轴、挺柱、其他(补充),baostock+akshare
300945.SZ,曼卡龙,A股,F52零售业,,珠宝首饰零售连锁销售业务。 产品：创意黄金饰品、经典黄金饰品、镶嵌饰品,baostock+akshare
300946.SZ,恒而达,A股,C33金属制品业,,智能数控装备及其核心工作/功能部件的研发、生产及销售。 产品：金属切削工具、智能数控装备、滚动功能部件、模切工具、锯切工具、HeligrindSH系列多功能通用型磨床、GI50型内螺纹磨床、GBA203型外螺纹磨床、FlutegrindSF型磨床、HDM型数控滚刀铲齿车床、SM50型数控测量机、CNC全自动圆锯机、高速数控带锯床、柔性材料智能裁切机、CNC加工中心、直线导轨副,baostock+akshare
300947.SZ,德必集团,A股,L72商务服务业,,文化创意和科技创新产业园区的定位、设计、改造、招商、运营管理和对企业的深度增值服务。 产品：租赁服务、会员及其他服务,baostock+akshare
300948.SZ,冠中生态,A股,N77生态保护和环境治理业,,生态环境建设业务具体包括以植被恢复为主的生态修复业务以及部分园林绿化和市政公用等城市环境建设业务。 产品：植被恢复、水环境治理、综合性治理、土地整治、园林绿化、市政公用,baostock+akshare
300949.SZ,奥雅股份,A股,M74专业技术服务业,,为城市更新、社区景观提供整体性解决方案的景观设计业务和以亲子文旅为主的综合文旅业务。 产品：景观设计、综合文旅、其他,baostock+akshare
300950.SZ,德固特,A股,C35专用设备制造业,,节能环保装备及专用定制装备的设计、制造和销售。 产品：节能换热装备、粉体、其他环保装备、专用定制装备、装备配件、装备维修改造,baostock+akshare
300951.SZ,博硕科技,A股,C39计算机、通信和其他电子设备制造业,,精密功能件、智能自动化装备的设计、研发、生产和销售。 产品：精密功能件、智能自动化装备、其他(补充),baostock+akshare
300952.SZ,恒辉安防,A股,C17纺织业,,手部安全防护用品、超高分子量聚乙烯纤维及其复合纤维的全链条研发、生产与销售。 产品：高性能安全防护手套、普通安全防护手套、其他防护用品、安全防护用品、超高分子量聚乙烯纤维、其他(补充),baostock+akshare
300953.SZ,震裕科技,A股,C33金属制品业,,精密级进冲压模具及下游精密结构件的研发、设计、生产和销售。 产品：精密级进冲压模具、精密结构件、三列电机铁芯级进模系列、多列电机铁芯级进模系列、双列电机铁芯级进模系列、单列电机铁芯级进模系列、单列锂电池结构件级进模系列、电机铁芯精密结构件、锂电池精密结构件、其他(补充)、模具及配件,baostock+akshare
300955.SZ,嘉亨家化,A股,C26化学原料和化学制品制造业,,日化产品OEM/ODM及塑料包装容器的研发设计、生产。 产品：化妆品、塑料包装容器、家庭护理产品,baostock+akshare
300956.SZ,英力股份,A股,C39计算机、通信和其他电子设备制造业,,消费电子产品结构件模组及相关精密模具的研发、设计、生产和销售。 产品：结构件模组、精密模具、笔记本背盖、笔记本前框、笔记本上盖、笔记本下盖、笔记本电脑结构件配套精密模具、光伏业务,baostock+akshare
300957.SZ,贝泰妮,A股,C26化学原料和化学制品制造业,,化妆品研发、生产及销售业务。 产品：护肤品、彩妆、医疗器械、面霜、护肤水、面膜、精华、乳液、隔离霜、粉饼、BB霜、卸妆水,baostock+akshare
300958.SZ,建工修复,A股,N77生态保护和环境治理业,,提供环境修复综合服务，主要包括环境修复整体解决方案、技术咨询与运营服务等。 产品：土壤及地下水修复、水环境修复与生态提升、矿山生态修复、垃圾填埋场综合治理、农用地土壤健康与提质增效、技术咨询、运营服务、环境修复整体解决方案、技术服务、修复商品销售,baostock+akshare
300959.SZ,线上线下,A股,I65软件和信息技术服务业,,移动信息服务、数字营销业务。 产品：移动信息服务、数字营销、其他,baostock+akshare
300960.SZ,通业科技,A股,C37铁路、船舶、航空航天和其他运输设备制造业,,轨道交通机车车辆电气设备产品研发、设计、制造、销售及售后、维保服务。 产品：电源产品、智能控制产品、电机及风机产品、维保检修服务、配件、检修服务、智能控制类、电源类、电机风机,baostock+akshare
300961.SZ,深水海纳,A股,N77生态保护和环境治理业,,聚焦工业污水处理、优质供水领域，整合智能装备、新材料、水处理药剂等环保水务产业链业务，搭建智慧水务平台，为客户提供集“研发、设计、投资、建设、运营”于一体的系统化解决方案。 产品：优质供水、工业污水处理、工程建造、运营业务、供汽工程建造、供气运营业务、药剂销售、工业污水处理-运营服务、优质供水-运营服务、工业污水处理-工程建造,baostock+akshare
300962.SZ,中金辐照,A股,C41其他制造业,,辐照技术服务、消毒供应服务、检验检测服务及电子加速器研发装备制造。 产品：医疗保健产品辐照灭菌、食品辐照灭菌、药品辐照灭菌、包装材料辐照灭菌、其他产品辐照灭菌、辐照改性服务、消毒供应服务、辐照技术服务提供相关检测、验证和咨询服务,baostock+akshare
300963.SZ,中洲特材,A股,C32有色金属冶炼和压延加工业,,耐腐蚀、耐高温、耐磨损、抗冲击的高温耐蚀合金材料及制品的研发、生产和销售。 产品：变形高温耐蚀合金、铸造高温耐蚀合金、特种合金焊材、特种合金焊材贸易、表面堆焊服务,baostock+akshare
300964.SZ,本川智能,A股,C39计算机、通信和其他电子设备制造业,PCB,印制电路板（PCB）的研发、生产与销售。 产品：印制电路板、其他(补充),baostock+akshare
300965.SZ,恒宇信通,A股,C39计算机、通信和其他电子设备制造业,,直升机综合显示控制设备的研发、生产、销售。 产品：高可靠性专用电子模块产品、图形图像处理及显示产品、综合视景及可视化导航产品、图形图像处理及显示类、综合视景及可视化导航类、任务规划及模拟训练类、高可靠性专用电子模块、技术及维修服务、技术服务收入,baostock+akshare
300966.SZ,共同药业,A股,C27医药制造业,,甾体药物原料的研发、生产及销售。 产品：甾体药物原料、4-雄烯二酮（4-AD）、雄二烯二酮（ADD）、双降醇（BA）、9-羟基雄烯二酮（9OH-AD）、自产、非自产,baostock+akshare
300967.SZ,晓鸣股份,A股,A03畜牧业,,祖代蛋种鸡、父母代蛋种鸡养殖，父母代雏鸡、商品代雏鸡（蛋）及其副产品销售，商品代育成鸡养殖及销售。 产品：父母代雏鸡、商品代雏鸡及其副产品、商品代育成鸡、鸡收入、副产品收入、其他(补充),baostock+akshare
300968.SZ,格林精密,A股,C39计算机、通信和其他电子设备制造业,服务器与终端,智能终端精密结构件、精密模具的研发、设计、生产和销售。 产品：智能家居精密结构件、智能手机精密结构件、可穿戴设备精密结构件、平板电脑精密结构件、电子烟精密结构件、精密模具、精密结构件、其他(补充),baostock+akshare
300969.SZ,恒帅股份,A股,C36汽车制造业,,车用电机技术、流体技术相关产品的研发、生产与销售。 产品：清洗泵、清洗系统、汽车电机、清洗类产品、电机类产品、其他产品,baostock+akshare
300970.SZ,华绿生物,A股,A01农业,,食用菌的研发、工厂化种植及销售业务。 产品：金针菇、真姬菇（含白玉菇、蟹味菇）、灰树花、鲜品食用菌、真姬菇、其他菇种,baostock+akshare
300971.SZ,博亚精工,A股,C34通用设备制造业,,板带成形加工精密装备及关键零部件和特种装备配套零部件的研发、生产和销售。 产品：板带成形加工精密装备及关键零部件、特种装备配套零部件、零部件产品、装备产品、其他项目,baostock+akshare
300972.SZ,万辰集团,A股,F52零售业,,量贩零食业务和食用菌业务。 产品：水饮、乳制品、冲调饮品、肉类零食、烘焙糕点、膨化食品、方便速食、糖果巧克力、坚果炒货、素食山珍、果干蜜饯、果冻、量贩零食、食用菌,baostock+akshare
300973.SZ,立高食品,A股,C14食品制造业,,冷冻烘焙食品及烘焙食品原料的研发、生产和销售。 产品：冷冻烘焙食品、烘焙食品原材料、仓储运输服务,baostock+akshare
300975.SZ,商络电子,A股,F51批发业,,电子元器件产品的销售。 产品：被动电子元器件、主动及其他电子元器件、存储器件、IC、电容、电感、电阻、射频器件、其他(补充),baostock+akshare
300976.SZ,达瑞电子,A股,C39计算机、通信和其他电子设备制造业,,精密功能性器件、结构性器件及自动化设备业务。 产品：消费电子结构与功能性组件、新能源结构与功能性组件、3C智能装配自动化设备,baostock+akshare
300977.SZ,深圳瑞捷,A股,M74专业技术服务业,数据中心/云厂商,为能源电力、数据中心、高端制造、保险、基建等行业客户提供AI驱动的全生命周期风险管理服务。 产品：第三方评估、项目管理、其他,baostock+akshare
300978.SZ,东箭科技,A股,C36汽车制造业,,车侧承载装饰系统产品、车辆前后防护系统产品、车载智能座舱控制系统产品、车顶装载系统产品及车辆其他系统产品的工业设计、研发、生产和销售。 产品：车侧承载装饰系统产品、车辆前后防护系统产品、车载智能座舱控制系统产品、车顶装载系统产品、其他系统产品,baostock+akshare
300979.SZ,华利集团,A股,C19皮革、毛皮、羽毛及其制品和制鞋业,,运动鞋的产品开发设计、生产与销售。 产品：运动鞋、运动休闲鞋、户外靴鞋、运动凉鞋、拖鞋、运动凉鞋/拖鞋及其他,baostock+akshare
300980.SZ,祥源新材,A股,C29橡胶和塑料制品业,,聚烯烃发泡材料的研发、生产和销售。 产品：聚烯烃发泡材料、IXPE、IXPP、其他,baostock+akshare
300981.SZ,中红医疗,A股,C29橡胶和塑料制品业,,高品质一次性健康防护用品、医用无菌器械、生命支持综合解决方案等产品的研发、生产与销售。 产品：健康防护产品、安全注输产品、创新孵化产品、丁腈手套、天然乳胶手套、PI手套、PVC手套、避孕套、安全输注器械、输注泵、无线持续监测传感器及探头、一次性使用无创脑电电极、一次性使用医用温度传感器、无创血压袖带、桡动脉压迫止血带,baostock+akshare
300982.SZ,苏文电能,A股,E48土木工程建筑业,,电力设计咨询、电力设备供应、安装集成、微电网业务。 产品：电力咨询设计、电力工程建设、电力设备供应、微电网,baostock+akshare
300983.SZ,尤安设计,A股,M74专业技术服务业,,建筑设计业务的研发、咨询与技术服务。 产品：居住建筑设计及咨询、公共建筑设计及咨询、功能混合型社区设计及咨询、其他业务收入-房屋出售,baostock+akshare
300984.SZ,金沃股份,A股,C34通用设备制造业,,轴承套圈研发、生产和销售。 产品：轴承套圈、球类、滚针类产品、滚子类产品、其他(补充),baostock+akshare
300985.SZ,致远新能,A股,C33金属制品业,锂电材料,车载LNG供气系统、LNG动力船燃料系统、低温储罐等产品的研发、生产和销售及锂电池负极材料石墨化产品加工与销售。 产品：车载LNG供气系统、低温储罐、车用贮气筒、防护横梁、锂电池负极材料石墨化、增碳剂、车载高压供氢系统、LNG动力船燃料系统、撬装设备、石墨化增碳剂、车载液化天然气模块、负极粉石墨化,baostock+akshare
300986.SZ,志特新材,A股,C33金属制品业,,模架、装配式建筑PC产品研发、设计、生产、租售、技术服务。 产品：模架、装配式建筑、相关新能源业务、铝模、钢模、钢框木模、爬升式模架、清水混凝土模架、公基建类模架、装配式PC、装配式钢结构、模块化建筑系列产品、其他、装配式、模块化建筑系列产品,baostock+akshare
300987.SZ,川网传媒,A股,I64互联网和相关服务,,运用互联网技术和移动通信技术提供综合化和多样化的新媒体服务。 产品：新媒体整合营销、移动信息服务、互动电视及其他,baostock+akshare
300988.SZ,津荣天宇,A股,C33金属制品业,新能源车/储能,精密金属部品和新能源储能系统技术研发、生产制造、产品销售。 产品：电气精密部品、汽车精密部品、新能源储能系统、低压配电精密部品、工业自动化精密部品、中压配电及能源设备精密部品、底盘、减震部品、安全部品、热管理、空调及座椅部品、轻量化部品、移动通信基站智慧用能协同系统、边角料,baostock+akshare
300989.SZ,蕾奥规划,A股,M74专业技术服务业,,规划设计和工程设计业务。 产品：规划设计、工程设计、其他,baostock+akshare
300990.SZ,同飞股份,A股,C34通用设备制造业,,工业温控设备研发、生产和销售。 产品：液体恒温设备、电气箱恒温装置、纯水冷却单元、特种换热器,baostock+akshare
300991.SZ,创益通,A股,C39计算机、通信和其他电子设备制造业,,互连产品及组件和精密结构件的开发、生产、销售。 产品：数据存储互连产品及组件、消费电子互连产品及组件、高速数据通讯产品及组件、新能源精密连接器及结构件,baostock+akshare
300992.SZ,泰福泵业,A股,C34通用设备制造业,,民用水泵的研发、生产和销售。 产品：节能泵、井用潜水泵、陆上泵、配件、小型潜水泵、循环泵,baostock+akshare
300993.SZ,玉马科技,A股,C17纺织业,,功能性遮阳新材料的研发、生产及销售。 产品：遮光面料、可调光面料、阳光面料、其他,baostock+akshare
300994.SZ,久祺股份,A股,C37铁路、船舶、航空航天和其他运输设备制造业,,自行车整车及其零部件、相关衍生产品的设计、研发、生产和销售。 产品：成人自行车、儿童自行车、助力电动自行车、摩托车、配件、其他产品,baostock+akshare
300995.SZ,奇德新材,A股,C29橡胶和塑料制品业,,高分子改性材料、高性能复合材料及精密模具等领域的研发、生产与销售。 产品：改性尼龙复合材料及制品、改性聚丙烯复合材料及制品、其他改性复合材料及制品、精密注塑模具、碳纤维产品,baostock+akshare
300996.SZ,普联软件,A股,I65软件和信息技术服务业,数据中心/云厂商,应用云计算、大数据、人工智能领域的研发、制造和销售。 产品：信创产品、云湖平台、信创ERP、信创EPM、信创EAM、技术中台、数据中台、业务中台、业财融合、集团财务、集团司库、数字生产,baostock+akshare
300997.SZ,欢乐家,A股,C15酒、饮料和精制茶制造业,,植物蛋白饮料、水果罐头、果汁饮料、乳酸菌饮料等食品饮料产品的研发、生产和销售。 产品：椰子汁饮料、其他饮料、水果罐头、其他罐头、椰子汁植物蛋白饮料、椰子水、果汁饮料、乳酸菌饮料、八宝粥罐头、饮料、罐头、其他(补充),baostock+akshare
300998.SZ,宁波方正,A股,C35专用设备制造业,,汽车塑料模具、塑料件及配件、智能装备、锂电池精密结构件、锂电池模组导电连接件的研发、生产与销售。 产品：模具、锂电池精密结构件、锂电池模组导电连接件、塑料产品及配件、智能装备、磷酸铁锂电池整机及配件、大型注塑模具、精密注塑模具、吹塑模具、功能性汽车零部件、锂电池结构件,baostock+akshare
300999.SZ,金龙鱼,A股,C13农副食品加工业,,厨房食品、饲料原料及油脂科技产品的研发、生产与销售。 产品：厨房食品、饲料原料、油脂科技产品、食用油、大米、面粉、面条、大健康产品、调味品、鸡蛋、央厨产品、食品工业产品、饲料原料及油脂科技、其他,baostock+akshare
301000.SZ,肇民科技,A股,C29橡胶和塑料制品业,,精密注塑件及配套精密注塑模具的研发、生产和销售。 产品：精密注塑件-汽车部件、精密注塑件-家用电器、精密注塑模具,baostock+akshare
301001.SZ,凯淳股份,A股,F52零售业,,综合性的电子商务服务以及客户关系管理服务。 产品：电子商务、其他(补充),baostock+akshare
301002.SZ,崧盛股份,A股,C39计算机、通信和其他电子设备制造业,新能源车/储能,中、大功率LED照明驱动电源及储能系统核心部件的研发、制造及销售。 产品：LED照明驱动电源业务、储能核心部件业务、LED驱动电源产品、储能系统的光伏、储能混合逆变器、工商业储能系统的储能变流器、大功率LED驱动电源、中功率LED驱动电源、储能产品,baostock+akshare
301003.SZ,江苏博云,A股,C29橡胶和塑料制品业,,高性能改性尼龙、高性能改性聚酯、工程化聚烯烃、色母粒和功能性母粒、改性特种工程塑料(Steelron)等改性塑料产品的研发、生产和销售。 产品：高性能改性尼龙(PEMARON)、高性能改性聚酯(AUTRON)、工程化聚烯烃（VENTRON）、色母粒和功能性母粒(COLORON)、改性特种工程塑料STEELRON、高性能改性尼龙、高性能改性聚酯、工程化聚烯烃、色母粒和功能性母粒、改性特种工程塑料(Steelron)、工程化聚烯烃(VENTRON),baostock+akshare
301004.SZ,嘉益股份,A股,C33金属制品业,,各种不同材质的饮品、食品容器的研发设计、生产与销售。 产品：不锈钢真空保温器皿、不锈钢器皿、塑料器皿、玻璃器皿、日用饮品、食品容器、保温杯、保温瓶、焖烧罐、保温壶、智能杯、其他新材料的日用饮品、其他(补充)、非不锈钢器皿及其他,baostock+akshare
301005.SZ,超捷股份,A股,C36汽车制造业,,高强度精密紧固件、异形连接件等产品的研发、生产与销售。 产品：金属类产品、塑料类产品、螺栓螺钉、异形连接件、塑料紧固件、其他金属件、航空航天零部件、机器人零部件,baostock+akshare
301006.SZ,迈拓股份,A股,C40仪器仪表制造业,,智能超声水表和热量表系列产品的研发、生产和销售。 产品：智能超声水表类产品、智能超声热表类产品、其他业务收入,baostock+akshare
301007.SZ,德迈仕,A股,C36汽车制造业,,精密轴、精密切削件类产品研发、生产、销售。 产品：车身及底盘系统零部件、动力系统零部件、工业精密零部件、视窗系统零部件,baostock+akshare
301008.SZ,宏昌科技,A股,C38电气机械和器材制造业,,流体电磁阀、模块化组件、传感器、汽车部件及其他配件的研发、生产和销售。 产品：家电部件及注塑件业务、汽车部件业务、流体电磁阀、模块化组件、水位传感器、开关门锁、电子水泵、门内护板总成、立柱总成、行李箱总成、衣帽架总成、前后保险杠注塑、模检具、其他(补充),baostock+akshare
301009.SZ,可靠股份,A股,C22造纸和纸制品业,,一次性卫生用品的设计、研发、生产和销售。 产品：卫生用品、成人失禁用品、婴儿护理用品、女性卫生用品、宠物卫生用品,baostock+akshare
301010.SZ,晶雪节能,A股,C30非金属矿物制品业,,冷库和工业建筑围护系统节能隔热保温材料（金属面节能隔热保温夹芯板及配套产品）的研发、设计、生产和销售。 产品：金属面节能隔热保温夹芯板、冷库门、工业建筑门、单槽诺玛式冷库板、双槽诺玛式冷库板、挂钩式冷库板、岩棉PUR/PIR混合夹芯板、黑晶板等、岩棉有缝外墙板、岩棉无缝外墙板、岩棉内隔墙板、岩棉屋面板、玻璃丝棉屋墙板等、电动平移门、轻型平移门、电动移门、电动垂直移门、半埋门、水平风幕机、工业滑升门、工业快卷门垂直平台、冷库门、工业建筑门、平台及其他,baostock+akshare
301011.SZ,华立科技,A股,C24文教、工美、体育和娱乐用品制造业,,商用游戏游艺设备的发行与运营综合服务。 产品：游戏游艺设备、动漫IP衍生产品、运营服务、设备合作运营、游乐场运营、游戏游艺设备销售、动漫IP衍生产品销售,baostock+akshare
301012.SZ,扬电科技,A股,C38电气机械和器材制造业,,节能电力变压器、铁心、电磁线三大系列产品的研发、生产与销售。 产品：节能电力变压器、铁芯、电磁线、其他(补充),baostock+akshare
301013.SZ,利和兴,A股,C35专用设备制造业,机器人应用,自动化、智能化设备的研发、生产和销售。 产品：智能装备、电子元器件、单板老化自动化设备、整机同色异谱校准设备、胶线检测设备、智能座舱智慧屏整机功能测试装备、智能制造设备类产品、专用配件,baostock+akshare
301015.SZ,百洋医药,A股,F51批发业,,医学创新成果的产品开发、生产制造和商业化运营。 产品：药品、医疗器械、品牌服务、品牌产品销售推广业务、医药批发配送业务、医药及健康产品零售业务,baostock+akshare
301016.SZ,雷尔伟,A股,C37铁路、船舶、航空航天和其他运输设备制造业,PACK/BMS,轨道交通各型车辆车体部件、转向架零部件和电气部件的研发、制造和销售。 产品：端部底架、司机室、墙板、车顶、成型件、车体组成、转向架系统、制动系统、金属橡胶件、精密锻造件、嵌入式控制器、开关按钮组件、蓄电池管理系统、轴温报警系统、轮缘润滑系统、城际动车组端部底架、城市轨道交通地铁车辆用牵枕缓组成及其部件、高速动车组及城市轨道地铁车辆用车钩安装座组成、抽屉型及包覆型蜂窝式防爬器、城市轨道交通车辆用超塑成形及蒙皮骨架司机室组成、轨道交通车辆车体组成用侧墙、端墙等墙板类产品、轨道交通车辆车体成型件、胶轮系统APM车辆用底架及其部件、胶轮系统APM车辆用车顶及其部件、数字轨道胶轮电车用车体大部件及转向架零部件产品、跨座式单轨车体大部件产品、APM侧导向项目全焊铝合金车体、储能单轨车车体及转向架部件、城市轨道交通地铁车辆统型结构蓄电池箱、160公里动力集中型客车PW220K型转向架构架用弹簧筒、城市轨道交通车辆转向架构架用制动吊座组成、城市地铁车辆及铁路客车转向架用抗侧滚扭杆连杆组成、高速动车组及城市轨道地铁车辆组装与焊接类锻件产品、轨道车辆用牵引制动类及减震缓冲类金属软管及橡胶节点产品、通用铁路客车各类型圆销、衬套产品、电气系统部件、轨道交通专用控制器、轨道交通专用传感器、铝合金产品、机加工产品、碳钢产品,baostock+akshare
301017.SZ,漱玉平民,A股,F52零售业,,医药零售连锁业务。 产品：中西成药、中药饮片、保健食品、健康器械,baostock+akshare
301018.SZ,申菱环境,A股,C35专用设备制造业,液冷,专业特种空调和温控设备为代表的研发设计、生产制造、以及营销服务。 产品：数据服务板块、工业板块、特种板块、公建及商用板块、一体化冷源、干冷器、液冷门、冷源模块、水力模块、风冷系列、相变系列、主机系列、工业空调、特种空调、商用冷水机组、商用组合式空调、商用末端机组、商用单元式空调、设备、解决方案及服务、其他(补充),baostock+akshare
301019.SZ,宁波色母,A股,C29橡胶和塑料制品业,,色母粒的研发、生产、销售和技术服务。 产品：彩色母粒、白色母粒、黑色母粒、功能母粒、色母粒、受托加工、其他(补充),baostock+akshare
301020.SZ,密封科技,A股,C34通用设备制造业,,密封垫片、隔热防护罩、密封纤维板以及金属涂胶板产品的研发、生产和销售。 产品：垫片类产品、纤维板产品、涂胶板产品、密封垫片、隔热防护罩、密封纤维板以及金属涂胶板、金属涂胶板、密封纤维板,baostock+akshare
301021.SZ,英诺激光,A股,C39计算机、通信和其他电子设备制造业,,激光器和激光解决方案的研发、生产和销售。 产品：激光器、激光模组、DPSS调Q纳秒激光器、超短脉冲激光器（皮秒、飞秒级）、MOPA纳秒激光器、激光精密切割设备、FPC激光高速钻孔设备（HTLC）、超快激光成型设备、激光超精密钻孔设备、激光全自动晶圆加工设备、LACE激光辅助化学腐蚀设备、XBC激光图形化设备、超硬材料激光加工设备、高值医疗器械制造设备和服务、高分辨率光声显微镜、其他主营,baostock+akshare
301022.SZ,海泰科,A股,C35专用设备制造业,,注塑模具及塑料零部件的研发、设计、制造和销售。 产品：注塑模具、塑料零部件、改性塑料,baostock+akshare
301023.SZ,奕帆传动,A股,C34通用设备制造业,,定制化微特减速电机的研发、生产和销售。 产品：储能减速电机、房车减速电机、太阳能光伏减速电机、推杆电机、用于清洗机器人的电机、其他,baostock+akshare
301024.SZ,霍普股份,A股,M74专业技术服务业,机器人本体/集成,“建筑设计”和“建筑绿能”业务。 产品：居住建筑、公共建筑、电站开发运营、电站系统集成、光储产品、电站开发运营销售、电站系统集成(EPC),baostock+akshare
301025.SZ,读客文化,A股,R86新闻和出版业,,图书的策划与发行及相关文化增值服务。 产品：纸质图书、数字内容、版权运营,baostock+akshare
301026.SZ,浩通科技,A股,C42废弃资源综合利用业,,贵金属回收及相关产品的研发、生产、销售与服务。 产品：贵金属回收、新材料、贸易、铂、钯、铑、银、铂基材料、铼酸铵、贵金属、化合物、其他,baostock+akshare
301027.SZ,华蓝集团,A股,M74专业技术服务业,,提供投资咨询、项目策划、造价咨询、工程设计、项目管理、工程总承包管理、工程监理、运营维护咨询等综合技术服务。 产品：工程设计、国土空间规划、工程总承包管理、工程咨询、光伏发电,baostock+akshare
301028.SZ,鼎熔岩,A股,C34通用设备制造业,,提供节能、高效、稳定的空气动力，是以压缩机、真空泵主机自主研发设计、生产为核心，并进行压缩机、真空泵整机以及配套设备的研发、生产与销售的综合性空气动力系统解决方案。 产品：空气压缩机、真空泵、配套设备系列、配件系列、螺旋式压缩机系列、活塞式压缩机系列、真空泵产品系列、冷冻式干燥机、吸附式干燥机、精密过滤器、油过滤器、油气分离器、空气过滤器、螺杆机、其他产品、其他(补充),baostock+akshare
301029.SZ,怡合达,A股,C34通用设备制造业,,自动化设备配套体系的研发、生产与全域交付服务。 产品：直线运动零件、铝型材及配件、机械加工件、传动零部件、电子电气类产品、工业框体结构部件、机械小零件、气动元件、工业自动化设备、电子电气类,baostock+akshare
301030.SZ,*ST仕净,A股,C35专用设备制造业,,制程污染防控设备、末端污染治理设备及高效太阳能电池片的研发、生产和销售。 产品：制程污染防控设备、末端污染治理设备、托管运维服务、第三方检测服务、材料销售、电池片,baostock+akshare
301031.SZ,中熔电气,A股,C38电气机械和器材制造业,,电路保护器件的研发、生产和销售，并在此基础上提供能量保护系统解决方案。 产品：电力熔断器、激励熔断器（高速电路开断器）、智能熔断器（智能高速电路开断器）、继电器、电流传感器、集成产品、电力熔断器及配件、激励熔断器、电子类熔断器,baostock+akshare
301032.SZ,新柴股份,A股,C34通用设备制造业,,非道路用柴油发动机及相关零部件的研发、生产与销售。 产品：工程机械用柴油发动机、农业机械用柴油发动机、发电机组用柴油发动机、电驱类产品、柴油机、配件、电机,baostock+akshare
301033.SZ,迈普医学,A股,C35专用设备制造业,,医疗器械的研发、生产与销售。 产品：人工硬脑（脊）膜补片、颅颌面修补及固定系统、可吸收再生氧化纤维素、硬脑膜医用胶、3D打印设备、技术服务、植入医疗器械、技术服务及其他、房屋租赁,baostock+akshare
301035.SZ,润丰股份,A股,C26化学原料和化学制品制造业,,植物保护产品，即农药原药及制剂的研发、生产和销售。 产品：除草剂、杀虫剂、杀菌剂、苯氧羧酸类除草剂、三嗪类除草剂、环己烯酮类除草剂、三氯甲硫基类杀菌剂、手性苯氧羧酸类除草剂、主营-除草剂、主营-杀虫剂、主营-杀菌剂,baostock+akshare
301036.SZ,双乐股份,A股,C26化学原料和化学制品制造业,,酞菁系列及铬系颜料的研发、生产、销售。 产品：酞菁颜料、铬系颜料、颜料紫、铜酞菁,baostock+akshare
301037.SZ,保立佳,A股,C26化学原料和化学制品制造业,,水性丙烯酸乳液的研发、生产和销售。 产品：建筑乳液、防水乳液、纺织乳液、包装乳液、助剂,baostock+akshare
301038.SZ,深水规院,A股,M74专业技术服务业,,为水务建设工程及其配套工程提供勘测设计、规划咨询、项目运管等专业技术服务。 产品：勘测设计、规划咨询、项目运管、其他业务、勘测业务、设计业务、项目建议书、可行性研究、专业评估、科学技术研究、水环境治理设计运营一体化业务、项目管理类业务、河道管养类业务、监测类业务、工程施工业务、软件开发、网络系统维护、其他(补充),baostock+akshare
301039.SZ,中集车辆,A股,C36汽车制造业,,开发、生产和销售各种高科技、高性能的专用汽车、半挂车系列及其零部件(不含限制项目)以及一般机械产品及金属结构的加工制造和相关业务，并提供相关咨询服务。 产品：全球半挂车、DTB上装产品、EV-RT头挂列车、星链半挂车、星链液罐车、星链粉罐车、重型纯电动渣土车的车厢、副车架和液压举升装置、纯电动搅拌车的混凝土罐体、副车架和液压驱动模块、纯电动冷藏车的厢体、副车架和冷机模块、纯电动头挂渣土车、纯电动头挂搅拌车、销售车辆收入、销售零部件/配件收入、其他(补充),baostock+akshare
301040.SZ,中环海陆,A股,C33金属制品业,,工业金属锻件的研发、生产和销售。 产品：轴承锻件、法兰锻件、齿圈锻件、其他锻件、废料销售、其他主营业务,baostock+akshare
301041.SZ,金百泽,A股,C39计算机、通信和其他电子设备制造业,PCB,集成产品设计与制造IPDM、印制电路板PCB、数字化服务及科技成果转化服务等。 产品：集成产品设计IPD、集成产品制造IPM、PCB、数字化服务、科创服务、印制电路板、电子制造服务、科创平台服务,baostock+akshare
301042.SZ,安联锐视,A股,C39计算机、通信和其他电子设备制造业,交换机/服务器,安防视频监控产品软硬件研发、生产和销售。 产品：安防视频监控产品、前端摄像机、后端硬盘录像机、其他、服务器业务,baostock+akshare
301043.SZ,绿岛风,A股,C34通用设备制造业,,室内通风系统产品的设计研发、生产及销售。 产品：新风系列产品、风幕机、其他,baostock+akshare
301045.SZ,天禄科技,A股,C39计算机、通信和其他电子设备制造业,,显示面板核心精密零部件的研发、生产与销售。 产品：台式显示器、笔记本电脑、液晶电视、灯具、平板电脑、导光板、其他,baostock+akshare
301046.SZ,能辉科技,A股,E48土木工程建筑业,机器人本体/集成;新能源车/储能,光伏电站研发设计、系统集成和投资运营。 产品：光伏电站系统集成、新能源及电力工程设计、电站运营、商用车充换电系统集成、储能系统集成,baostock+akshare
301047.SZ,义翘神州,A股,M73研究和试验发展,药物发现/CRO,生物试剂研发、生产、销售及提供技术服务。 产品：重组蛋白、抗体、基因、培养基、CRO服务,baostock+akshare
301048.SZ,金鹰重工,A股,C37铁路、船舶、航空航天和其他运输设备制造业,,轨道工程装备产品的研发、生产、销售与维修业务。 产品：铁路工程机械、货运装备、配件销售,baostock+akshare
301049.SZ,超越科技,A股,N77生态保护和环境治理业,,工业危险废物的焚烧、填埋、物化、综合利用、废旧电器电子业务的拆解和销售。 产品：电子废物处置、危险废物处置、汽车拆解业务、检测业务、锂电池业务、资源回收利用业务,baostock+akshare
301050.SZ,雷电微力,A股,C39计算机、通信和其他电子设备制造业,,毫米波微系统的研发、制造、测试及销售。 产品：阵列天线、TR组件、其他,baostock+akshare
301051.SZ,信濠光电,A股,C39计算机、通信和其他电子设备制造业,服务器与终端,玻璃防护屏的研发、生产和销售。 产品：智能手机与电脑类、智能头显与智能穿戴类、汽车及智能座舱类、其他智能终端类、玻璃防护屏、逆变器,baostock+akshare
301052.SZ,果麦文化,A股,R86新闻和出版业,,图书出版发行业务、互联网业务及其他衍生业务。 产品：图书策划与发行、数字内容业务、IP衍生与运营、电影摄制业务、其他商品销售、图书代理发行,baostock+akshare
301053.SZ,远信工业,A股,C35专用设备制造业,,新型节能环保拉幅定形机等纺织相关设备的研发、生产和销售。 产品：拉幅定型机、定型机改造、缝头机、除尘除油热能回收设备、高温智能染色机、液氨丝光整理机、拉幅定形机、定形机改造、自动缝头机,baostock+akshare
301055.SZ,张小泉,A股,C33金属制品业,,现代生活五金用品的设计、研发、生产及销售。 产品：刀剪具、厨房五金、家居五金,baostock+akshare
301056.SZ,森赫股份,A股,C34通用设备制造业,,电梯、自动扶梯和自动人行道的研发、制造和销售，并提供相关安装和调试服务，以及电梯维修保养、配件销售、更新改造等后市场服务。 产品：直梯、扶梯、自动人行道、安装、配件、安装收入、扶梯、自动人行道,baostock+akshare
301057.SZ,汇隆新材,A股,C28化学纤维制造业,,符合国家节能环保战略方向的原液着色纤维的研发、生产及销售。 产品：DTY、FDY、POY、差别化有色涤纶长丝DTY、其他(补充),baostock+akshare
301058.SZ,中粮科工,A股,M74专业技术服务业,,设计咨询、机电工程系统交付等专业技术服务业务板块以及设备制造业务。 产品：设计咨询、机电工程系统交付、设备制造,baostock+akshare
301059.SZ,金三江,A股,C26化学原料和化学制品制造业,,沉淀法二氧化硅的研发、生产和销售。 产品：二氧化硅、牙膏用二氧化硅、药品用二氧化硅、工业用二氧化硅、其他(补充),baostock+akshare
301060.SZ,兰卫医学,A股,F51批发业,,向各级医疗机构提供第三方医学检验和病理诊断服务、国内外知名品牌体外诊断产品以及其他专业技术支持。 产品：体外诊断产品销售、医学诊断服务、其他(补充),baostock+akshare
301061.SZ,匠心家居,A股,C21家具制造业,,智能电动沙发、智能电动床及其核心配件的研究、设计、开发、生产、销售及服务。 产品：智能电动沙发、智能电动床、配件,baostock+akshare
301062.SZ,上海艾录,A股,C22造纸和纸制品业,,工业用纸包装、消费品纸包装、塑料包装、智能包装系统及高性能光伏组件产品的研发、设计、生产、销售以及服务。 产品：工业用纸包装、复合塑料包装、智能包装系统、注塑包装及其他,baostock+akshare
301063.SZ,海锅股份,A股,C33金属制品业,,大中型高端装备零部件的研发、生产和销售。 产品：油气装备锻件、风电装备锻件、机械装备锻件、其他锻件、其他,baostock+akshare
301065.SZ,本立科技,A股,C26化学原料和化学制品制造业,,医药中间体、农药中间体、新材料中间体的研发、生产和销售。 产品：801产品、1201产品、1501产品、1701产品、其他,baostock+akshare
301066.SZ,万事利,A股,C18纺织服装、服饰业,,丝绸相关产品的研发设计、生产与销售。 产品：丝绸文化创意品、丝绸纺织品、纺机设备,baostock+akshare
301067.SZ,显盈科技,A股,C39计算机、通信和其他电子设备制造业,,信号转换器、信号拓展坞、电源适配器、智能充电器等移动终端智能配件产品研发、生产、销售。 产品：信号转换拓展类产品、模具及精密结构件、电源类产品,baostock+akshare
301068.SZ,大地海洋,A股,C42废弃资源综合利用业,,危险废物的资源化利用和无害化处置、电子废物的拆解处理以及家庭废弃物回收和资源化利用。 产品：危险废物处理、电子废物处理、家庭废弃物回收及资源化利用、销售商品、提供劳务,baostock+akshare
301069.SZ,凯盛新材,A股,C26化学原料和化学制品制造业,,精细化工产品及新型高分子材料的研发、生产和销售。 产品：无机化学品、羧基氯化物、羟基氯化物、无机化学品（包括氯化亚砜及硫酰氯）、羧基氯化物（包括芳纶聚合单体、对硝基苯甲酰氯、氯乙酰氯等）、羟基氯化物（包括氯醚等）、聚醚酮酮,baostock+akshare
301070.SZ,开勒股份,A股,C34通用设备制造业,PCB,HVLS风扇的研发、生产、销售、安装及相关技术服务。 产品：HVLS风扇、控制器PCBA板、售后服务、分布式光伏电站投资运营、工商业储能业务、材料,baostock+akshare
301071.SZ,力量钻石,A股,C30非金属矿物制品业,,钻石、工业金刚石、金刚石微粉等超硬材料的研发、生产与销售。 产品：金刚石单晶、金刚石微粉、培育钻石,baostock+akshare
301072.SZ,中捷精工,A股,C36汽车制造业,,汽车精密零部件的研发、生产和销售。 产品：冲压零部件、压铸零部件、注塑零部件、金工零部件、减震零部件产品、仪表盘支架、控制臂安装支架、液力减震器、卡车驾驶室支撑支架、其他,baostock+akshare
301073.SZ,君亭酒店,A股,H61住宿业,,有限服务类型和全服务类型的中高端酒店运营及酒店管理业务。 产品：住宿服务、餐饮服务、其他配套服务、客房住宿服务、酒店管理,baostock+akshare
301075.SZ,多瑞医药,A股,C27医药制造业,,药品制剂及化学中间体、多肽原料药的研发、生产和销售。 产品：制剂、中间体、原料药、艾博韦泰原料药,baostock+akshare
301076.SZ,新瀚新材,A股,C26化学原料和化学制品制造业,,芳香族酮类产品的研发、生产和销售。 产品：特种工程塑料核心原料、光引发剂、化妆品原料、医药农药中间体、医农中间体及其他业务,baostock+akshare
301077.SZ,星华新材,A股,C26化学原料和化学制品制造业,,反光材料及其制品的研发、设计、生产及销售。 产品：反光材料、反光服饰、其他反光制品、反光面料、反光服饰以及反光织带、包边条、反光刻图等其他反光制品,baostock+akshare
301078.SZ,孩子王,A股,F52零售业,,母婴童商品零售及增值服务。 产品：母婴童类、头皮及头发护理类、奶粉、用品类、食品类、纺织类、玩具类、车床椅、母婴服务、头皮及头发护理产品、头皮及头发护理服务、母婴童业务、其中:母婴童业务-奶粉、其中:母婴童业务-用品类,baostock+akshare
301079.SZ,邵阳液压,A股,C34通用设备制造业,,液压柱塞泵、液压缸、液压系统的设计、研发、生产、销售和液压产品专业技术服务。 产品：液压柱塞泵、液压缸、液压系统,baostock+akshare
301080.SZ,百普赛斯,A股,M73研究和试验发展,,专业提供重组蛋白、抗体等关键生物试剂产品及技术服务。 产品：重组蛋白、技术服务、抗体、试剂盒、磁珠、抗体、试剂盒及其他试剂,baostock+akshare
301081.SZ,严牌股份,A股,C35专用设备制造业,,提供环保用过滤布和袋等工业过滤关键部件和材料。 产品：过滤布产品、过滤袋产品、无纺系列、机织系列、包装材料,baostock+akshare
301082.SZ,久盛电气,A股,C38电气机械和器材制造业,,防火类特种电缆以及电力电缆、加热电缆等的研发、生产、销售和服务。 产品：矿物绝缘电缆、无机矿物绝缘金属护套电缆、塑料绝缘电缆、电力电缆,baostock+akshare
301083.SZ,百胜智能,A股,C35专用设备制造业,机器人本体/集成,出入口控制与管理设备的研发、生产和销售。 产品：车行管理设备、人行管理设备、新能源充电管理设备、其他(零配件)、系统集成收入,baostock+akshare
301085.SZ,亚康股份,A股,I65软件和信息技术服务业,数据中心/云厂商,提供覆盖算力全生命周期的端到端服务：从算力设备的选型、采购与集成交付，到AIDC数据中心的部署与运维，再到算力集群的运营及AI推理能力的词元输出。 产品：算力设备集成销售、算力基础设施综合服务、数字化增值解决方案服务、交付实施服务、技术运维服务、售后维保服务、算力设备集成销售业务,baostock+akshare
301086.SZ,鸿富瀚,A股,C39计算机、通信和其他电子设备制造业,液冷;交换机/服务器;数据中心/云厂商,精密功能性组件、自动化设备、散热解决方案及新材料的研发、设计、生产和销售。 产品：精密功能性组件、自动化设备、散热解决方案、光伏储能产品、导热类、光学类、绝缘类、冲压屏蔽类、五金拉伸类、手机摄像头注塑类配件、MIM零件、液晶模组自动贴Mylar机、笔记本喇叭金属盖音孔激光切割和贴mesh设备、CVL自动贴合机、液晶模组自动包边机、OLED模组自动胶带贴附机、智能音箱自动组装线、四工位切叠一体机、液冷板、VC及3DVC（均温板）、数据中心液冷散热模组、分水器、数据中心服务器、交换机风冷散热模组、消费电子风冷模组、户储产品、工商业储能产品、消费电子产品功能性器件、散热产品、自动化设备及相关产品,baostock+akshare
301087.SZ,可孚医疗,A股,C35专用设备制造业,,医疗器械研发、生产、销售和服务。 产品：康复辅具类产品、医疗护理类产品、健康监测类产品、呼吸支持类产品、中医理疗类及其他类产品、血糖尿酸监测系列、血压计、血氧仪、体温计、胎心仪、居家检测试纸、矫正/矫姿系列、助听器、轮椅、护理床、助行器、移位机、听力计、敷贴/敷料系列、健康防护系列、感染防控系列、成人护理系列、造口护理系列、呼吸机、制氧机、雾化器、便携制氧器、鼻腔护理、理疗仪、膏贴、拔罐、针灸针、按摩器、艾叶及制成品、刮痧板、产品销售、其他(补充),baostock+akshare
301088.SZ,戎美股份,A股,F52零售业,,服装及配饰等产品的企划设计、供应链管理和销售业务。 产品：上衣、外套、裤类、裙类、珠宝、皮草、职业与休闲风格的女装、男装、珠宝首饰、家纺用品,baostock+akshare
301089.SZ,拓新药业,A股,C27医药制造业,,核苷(酸)类原料药及医药中间体的研发、生产及销售。 产品：医药中间体、原料药、功能食品原料,baostock+akshare
301090.SZ,华润材料,A股,C26化学原料和化学制品制造业,,聚酯材料及新材料的研发、生产和销售。 产品：聚酯产品、聚酯瓶片PET、聚酯瓶片rPET、特种聚酯PETG、聚酯材料销售、其他,baostock+akshare
301091.SZ,深城交,A股,M74专业技术服务业,,围绕基础设施数字化、网联化、绿色化、韧性化，为客户提供全球领先的数字化城市交通整体解决方案及运营服务。 产品：大数据软件、智慧交通、工程设计与检测、规划咨询服务、大数据软件及智慧交通,baostock+akshare
301092.SZ,争光股份,A股,C26化学原料和化学制品制造业,,离子交换与吸附树脂的研发、生产及销售。 产品：离子交换与吸附树脂、工业水处理领域离子交换与吸附树脂、食品及饮用水领域离子交换与吸附树脂、核工业领域离子交换与吸附树脂、电子领域离子交换与吸附树脂、生物医药领域离子交换与吸附树脂、环保领域离子交换与吸附树脂、湿法冶金领域离子交换与吸附树脂、新能源领域离子交换与吸附树脂、离子交换与吸附树脂产品、其他(补充),baostock+akshare
301093.SZ,华兰股份,A股,C27医药制造业,,直接接触注射剂类药品包装材料的研发、生产和销售。 产品：覆膜胶塞、常规胶塞、其他,baostock+akshare
301095.SZ,广立微,A股,I65软件和信息技术服务业,,集成电路制造、设计、提供从EDA软件、测试芯片设计服务、电性测试设备到数据分析等一系列产品与服务。 产品：软件开发及授权、测试设备及配件、测试服务、测试服务及其他,baostock+akshare
301096.SZ,百诚医药,A股,M73研究和试验发展,药物发现/CRO;临床服务/CDMO;药企/生物科技,为各类制药企业、医药研发投资企业提供医药技术受托研发服务（CRO业务）、研发技术成果转化服务、定制研发生产服务（CDMO）。 产品：医药技术受托研发服务（CRO业务）、研发技术成果转化、定制研发生产服务（CDMO）、创新药研发、药学研究、临床试验、注册申报、自主创新药物研发、受托创新药物研发、临床服务、临床前药学研究、商业化生产,baostock+akshare
301097.SZ,天益医疗,A股,C35专用设备制造业,,血液净化及病房护理领域医用高分子耗材等医疗器械的研发、生产与销售。 产品：透析类、重症类、病房护理类、5008血路管、补液管、动静脉穿刺器、CRRT专用型体外循环血路、滤器、喂食器、喂液管、吸氧管、预冲器、输血器,baostock+akshare
301098.SZ,金埔园林,A股,E48土木工程建筑业,,提供市政园林绿化工程施工、工程项目设计咨询类服务等。 产品：工程施工、景观设计、苗木与建材、景观设计与造价咨询、苗木销售,baostock+akshare
301099.SZ,雅创电子,A股,F51批发业,存储芯片,电子元器件授权分销及自研IC设计。 产品：电子元器件分销、自研IC设计业务、光电器件、存储芯片、被动器件、分立半导体、汽车CIS传感器、MCU、智能驱动产品、电源管理产品、信号链产品、数模混合SOC产品、电子元器件、自主芯片、版权费收入,baostock+akshare
301100.SZ,风光股份,A股,C26化学原料和化学制品制造业,,高分子材料化学助剂研发、生产及销售。 产品：受阻酚类、亚磷酸酯类抗氧化剂、聚丙烯、聚乙烯催化剂、三乙基铝、茂金属催化剂、集成助剂、单剂、添加剂,baostock+akshare
301101.SZ,明月镜片,A股,C35专用设备制造业,,镜片、镜片原料、成镜和镜架等眼视光产品研发、设计、生产和销售。 产品：镜片、原料、成镜、镜架、眼镜周边及其他、镜片销售、原料销售、成镜销售,baostock+akshare
301102.SZ,兆讯传媒,A股,L72商务服务业,,高铁数字媒体资源的开发、运营和广告发布业务。 产品：高铁媒体、户外裸眼3D高清大屏媒体,baostock+akshare
301103.SZ,何氏眼科,A股,Q84卫生,,向眼病患者提供眼科专科诊疗服务和视光服务。 产品：屈光不正手术矫正服务、白内障诊疗服务、玻璃体视网膜诊疗服务、其他眼病诊疗服务、非手术治疗、视光服务,baostock+akshare
301105.SZ,鸿铭股份,A股,C34通用设备制造业,,包装专用设备的研发、生产和销售。 产品：自动化包装设备系列、包装配套设备、其他设备、HM-ZD6418系列、HM-DP4030系列、HM-ZD350系列、HM-ZD6415系列、HM-ZD4310系列、HM-DP6545系列、HM-ZD2418系列、HM-CX010系列、HM-ZX1080系列纸浆模塑成型设备、HM-QB1080系列纸浆模塑成型设备、压泡机、上糊机、贴角机、开槽机、成型机、一模两冲紧固件设备、多工位冷镦成型机紧固件设备、自动化包装设备、零配件及其他,baostock+akshare
301106.SZ,骏成科技,A股,C39计算机、通信和其他电子设备制造业,,定制化液晶专显产品的研发、设计、生产和销售。 产品：单色液晶显示屏、单色液晶显示模组、彩色液晶显示模组,baostock+akshare
301107.SZ,瑜欣电子,A股,C34通用设备制造业,,通用汽油机及终端核心零部件的研发、生产和销售。 产品：通用汽油机电装品配件、发电机电源系统配件、新能源产品、农用机械产品,baostock+akshare
301108.SZ,洁雅股份,A股,C26化学原料和化学制品制造业,,湿巾类产品研发、生产与销售。 产品：湿巾类产品、面膜类产品、洗护类产品,baostock+akshare
301109.SZ,军信股份,A股,N77生态保护和环境治理业,,垃圾焚烧发电、生活垃圾中转及配套污水处理、餐厨垃圾无害化处理及资源化利用、污泥处置、渗沥液（污水）处理、垃圾填埋和灰渣处理处置。 产品：垃圾发电项目建设运营、污水、污泥、飞灰、填埋项目建设运营、城市垃圾中转处理项目建设运营、生活垃圾中转处理、沼气发电、工业级混合油、污水、污泥、飞灰、填埋项目建设运营,baostock+akshare
301110.SZ,青木科技,A股,I64互联网和相关服务,,电商代运营服务、品牌孵化与管理、经销代理、品牌数字营销业务，以及技术解决方案与消费者运营业务。 产品：电商代运营服务、品牌孵化与管理、经销代理、品牌数字营销业务、技术解决方案、消费者运营业务,baostock+akshare
301111.SZ,粤万年青,A股,C27医药制造业,,药品的生产和销售。 产品：胆道类产品、降糖类产品、清热解毒类产品、补益类产品、药品、医疗服务及健康管理、健康消费品,baostock+akshare
301112.SZ,信邦智能,A股,C35专用设备制造业,机器人本体/集成,以工业机器人、协作机器人及相关智能技术为核心，提供新质生产力的高端装备设计制造集成。 产品：工业自动化集成项目、智能化生产装置及配件、技术服务及其他,baostock+akshare
301113.SZ,雅艺科技,A股,C21家具制造业,,户外火盆、气炉、户外取暖器、凉亭、工具房、花房等户外休闲家具的研发、设计、生产与销售。 产品：火炉火盆类、气炉类、工具房类、火盆、气炉、户外取暖器、凉亭、花房、工具房、其他,baostock+akshare
301115.SZ,联检科技,A股,M74专业技术服务业,,检验检测、特种工程专业服务和新型工程材料等。 产品：新能源与汽车、生命科学与消费品、工业与先进制造、工程服务,baostock+akshare
301116.SZ,益客食品,A股,C13农副食品加工业,,禽类屠宰加工及制品销售、禽类食品深加工及销售、父母代种禽养殖、商品代禽苗的销售、饲料生产与销售和羽毛(绒)生产与销售等。 产品：鸭产品、鸡产品、饲料、鸭苗、羽绒、调理品、鸡苗、熟食、租赁收入,baostock+akshare
301117.SZ,佳缘科技,A股,I65软件和信息技术服务业,,网络信息安全产品、信息化综合解决方案及人工智能业务。 产品：检测台安全防护系统、中低速测控安全系统、模拟平台-信号源、高速数据安全传输系统、信息化综合解决方案、网络信息安全产品、技术服务,baostock+akshare
301118.SZ,恒光股份,A股,C26化学原料和化学制品制造业,,硫化工、氯化工产品链的研发、生产和销售。 产品：氯化工、硫化工、氯酸钠、烧碱、三氯化铝、磷化工产品、硫酸、其他(补充),baostock+akshare
301119.SZ,正强股份,A股,C36汽车制造业,,十字轴万向节总成、节叉、十字轴和转向轴的研发、生产和销售。 产品：十字轴万向节总成、节叉、十字轴、转向轴,baostock+akshare
301120.SZ,新特电气,A股,C38电气机械和器材制造业,,以变频用变压器为核心的各式特种变压器、电力变压器、电抗器的研发、生产、销售及配套产品的销售、储能行业的业务及产品研发、生产、销售。 产品：变压器、电抗器、储能系列产品、储能系列,baostock+akshare
301121.SZ,紫建电子,A股,C38电气机械和器材制造业,电芯;新能源车/储能,消费类可充电锂离子电池产品的研发、设计、生产和销售。 产品：锂离子电池、新能源汽车充电控制器、其他(补充),baostock+akshare
301122.SZ,采纳股份,A股,C35专用设备制造业,,医疗器械、动物器械、实验室耗材等三大业务。 产品：医疗器械、动物器械、实验室耗材、安全注射针（医用）、一次性无菌注射器（医用）、营养接口注射器（医用）、胰岛素注射器（医用）、安全采血针（医用）、胰岛素笔针（医用）、铜座注射针（兽用）、铝座注射针（兽用）、铝塑镶嵌注射针（兽用）、护套注射器（兽用）、连续注射器（兽用）、可重复使用注射器（兽用）、培养皿、试剂管、细菌过滤盒、穿刺针、注射器,baostock+akshare
301123.SZ,奕东电子,A股,C39计算机、通信和其他电子设备制造业,PACK/BMS,FPC、连接器及零组件、LED背光模组等精密电子零组件的研发、生产和销售。 产品：FPC、连接器及零组件、LED背光模组、热管理产品、消费类电子FPC、新能源电池管理系统FPC/CCS、光通讯组件、连接器零组件、连接器、精密结构件、LCD接插件及热管理产品、其他,baostock+akshare
301125.SZ,腾亚精工,A股,C34通用设备制造业,,动力工具和建筑五金制品的研发、生产与销售。 产品：动力工具、建筑五金制品、机器人配件,baostock+akshare
301126.SZ,达嘉维康,A股,F52零售业,,药品、生物制品、医疗器械等产品的分销及零售业务。 产品：药品、医疗器械、小建中颗粒、五味安神颗粒、九味肝泰胶囊、小儿咽扁颗粒、新生化颗粒、阿奇霉素颗粒、其他,baostock+akshare
301127.SZ,武汉天源,A股,D46水的生产和供应业,,高端环保装备制造、环保整体解决方案、水处理运营及第三方服务、固废处置与资源化利用、绿色能源投资及运营五大核心业务板块。 产品：高端环保装备制造、环保整体解决方案、水处理运营服务及第三方服务、固体废弃物处置服务及资源化、绿色能源,baostock+akshare
301128.SZ,强瑞技术,A股,C35专用设备制造业,光模块;液冷;交换机/服务器,为客户提供定制化的、质量优良、性能稳定的自动化设备，以及配套的治具、零部件等产品。 产品：治具类产品、设备类产品、散热器类产品、零部件产品、电机类产品、镭焊治具、保压治具、BTB压合夹具、车载电池液冷测试托盘、芯片测试Socket、液冷机柜测试设备、液冷服务器CDU四级杆质谱仪、OIS摄像头防抖测试设备、智驾整机功能测试线体、液冷散热器、光模块散热器、异形件、精密结构件、无刷电机、治具、设备、散热器,baostock+akshare
301129.SZ,瑞纳智能,A股,C40仪器仪表制造业,,供热核心产品/设备的智能化研究与应用、全信息计量数据生产与管理、互联网大数据体系构建、智慧化平台服务和AI智能数据应用服务。 产品：变频柜、超声波热量表、超声波水表、电动调节阀、供热节能服务、供热节能系统工程、热计量装置、软件、智能控制柜、智能模块化换热机组、智慧水力平衡装置、智能温控产品、智能物联平衡阀、智能物联数据终端、供热节能产品销售,baostock+akshare
301130.SZ,西点药业,A股,C27医药制造业,,化学原料药及制剂的研发、生产和销售。 产品：复方硫酸亚铁叶酸片、利培酮口崩片、草酸艾司西酞普兰片、阿魏酸钠原料药、富马酸亚铁原料药、注射用唑来膦酸、瑞香素胶囊、硫酸亚铁原料药、硫酸锌、奥氮平口崩片、盐酸艾司洛尔注射液、富马酸亚铁、硫酸亚铁、瑞香素、制剂类产品、原料药产品、其他(补充),baostock+akshare
301131.SZ,聚赛龙,A股,C29橡胶和塑料制品业,,改性塑料的研发、生产和销售。 产品：改性PP、改性ABS、改性PC/ABS、改性PA、改性PBT,baostock+akshare
301132.SZ,满坤科技,A股,C39计算机、通信和其他电子设备制造业,PCB,印制电路板的研发、生产和销售。 产品：印刷电路板、其他(补充),baostock+akshare
301133.SZ,金钟股份,A股,C36汽车制造业,,汽车内外饰件设计、开发、生产及销售。 产品：汽车内外饰件、碳纤维制品、机器人零部件、汽车轮毂装饰件、汽车标识装饰件以及汽车车身装饰件、汽车内饰件等其他汽车内外饰件、汽车标识装饰件、其他汽车内外饰件,baostock+akshare
301135.SZ,瑞德智能,A股,C39计算机、通信和其他电子设备制造业,,家电智能控制器研发、生产和销售。 产品：家电智能控制器、电机电动智能控制器、汽车电子智能控制器,baostock+akshare
301136.SZ,招标股份,A股,M74专业技术服务业,,工程监理、试验检测、招标服务、测绘与地理信息服务、勘察设计以及其他技术服务。 产品：工程监理服务、试验检测服务、招标服务、测绘与地理信息服务、勘察设计服务,baostock+akshare
301137.SZ,哈焊华通,A股,C33金属制品业,,各类熔焊材料研发、生产和销售。 产品：焊丝、焊带、焊条、焊剂、实心焊丝、药芯焊丝、特种焊条、焊带及热双金属产品、其他,baostock+akshare
301138.SZ,华研精机,A股,C35专用设备制造业,,瓶坯智能成型系统的研发、生产和销售，同时提供模具翻新和维修、装备升级改造、瓶坯瓶样设计、生产线规划等一系列定制化瓶坯成型解决方案。 产品：瓶坯智能成型系统、瓶坯模具、配件及维修服务、瓶坯制品及其它、高端Epioneer系列、中高端EcoSys系列、中端HY-D系列、小型Econ系列、经济型Eone系列、5加仑系列、瓶盖成型系统HY-C系列、32腔（不含）以下小型模具、32腔至96腔中型模具、96腔（不含）以上大型模具、瓶坯模具相关的翻新、维修、升级改造服务、瓶坯制品、服务、配件及其他,baostock+akshare
301139.SZ,*ST元道,A股,I65软件和信息技术服务业,,提供包括通信网络维护与优化、通信网络建设在内的通信技术服务。 产品：通信网络维护与优化服务、通信网络建设服务、信息通信软硬件产品,baostock+akshare
301141.SZ,中科磁业,A股,C39计算机、通信和其他电子设备制造业,,永磁材料的研发、生产和销售。 产品：钕铁硼永磁材料及器件、永磁铁氧体磁体、其他,baostock+akshare
301148.SZ,嘉戎技术,A股,N77生态保护和环境治理业,,系列特种膜分离材料及组件、膜分离成套装备、高性能低温真空蒸发装备等产品的研发、生产和销售，以及提供高浓度污废水处理服务、资源循环回收等。 产品：高性能膜分离组件与耗材、系列化膜分离成套装备、高浓度污废水处理服务、资源循环解决方案、管式超滤膜设备、卷式分离膜设备、DT/ST膜设备、集装箱式可移动式成套设备产品、膜组件及耗材、膜分离装备,baostock+akshare
301149.SZ,隆华新材,A股,C26化学原料和化学制品制造业,,聚醚多元醇（PPG）系列产品的研发、生产与销售。 产品：聚醚多元醇产品、聚酰胺树脂、聚醚多元醇、其他(补充),baostock+akshare
301150.SZ,中一科技,A股,C39计算机、通信和其他电子设备制造业,,各类单、双面光高性能电解铜箔系列产品的研发、生产与销售。 产品：锂电铜箔、电子电路铜箔、其他(补充),baostock+akshare
301151.SZ,冠龙节能,A股,C34通用设备制造业,,节水阀门的设计研发、生产制造及销售服务。 产品：蝶阀、闸阀、控制阀、止回阀、其他阀门、其他配套产品,baostock+akshare
301152.SZ,天力锂能,A股,C39计算机、通信和其他电子设备制造业,锂电资源,锂电池材料的研发、生产和销售。 产品：三元材料、碳酸锂、磷酸铁锂,baostock+akshare
301153.SZ,中科江南,A股,I65软件和信息技术服务业,,提供智慧财政和数字政务综合解决方案服务。 产品：支付电子化、智慧财政、政企数智化,baostock+akshare
301155.SZ,海力风电,A股,C38电气机械和器材制造业,,海上风电设备零部件的研发、生产和销售。 产品：风电塔筒、固定式基础、升压站、稳桩平台、集成式套笼、海洋牧场、单桩、导管架、桩基,baostock+akshare
301156.SZ,美农生物,A股,C14食品制造业,,饲料添加剂、酶解蛋白饲料原料的研发、生产和销售。 产品：功能性饲料添加剂、营养性饲料添加剂、酶解饲料蛋白原料、甜味剂、香味剂、酸度调节剂、非蛋白氮（缓释氮源）、氨基酸（过瘤胃氨基酸）、维生素（过瘤胃维生素）、矿物元素（包被氧化锌）、酶解植物蛋白、酶解蛋白饲料原料,baostock+akshare
301157.SZ,华塑科技,A股,C39计算机、通信和其他电子设备制造业,液冷;电芯;PACK/BMS;新能源车/储能,算力基础设施（含锌镍电池、BMS、动环监控系统、液冷系统）及储能系统的研发、生产和销售。 产品：后备电池BMS、储能电池BMS、储能PCS、储能HV3S工商业储能锂电管理系统、动力环境监控系统、1.1后备电池BMS、1.3储能PCS、1.2储能电池BMS,baostock+akshare
301158.SZ,德石股份,A股,C35专用设备制造业,,油气钻井专用工具及设备的研发、生产、销售及租赁，开展定向钻井、水平钻井、表面技术处理等工程技术服务。 产品：钻具产品、装备产品、螺杆钻具、MWD、无磁产品、水力振荡器、近钻头螺杆、旋导专用马达、超级马达、高端井下仪器部件加工、井口装置、钻井装备、其他装备、租赁及维修,baostock+akshare
301159.SZ,三维天地,A股,I65软件和信息技术服务业,,检验检测、数据资产、智能体、供应链等数字化研发与服务，致力于为国内外客户提供AI驱动的数智化管理综合解决方案。 产品：数智化检验检测管理平台、数据资产管理平台、AI智能体开发平台、数智化供应链管理平台、检验检测信息管理软件产品销售及实施、数据资产管理软件产品销售及实施、运维服务及其他,baostock+akshare
301160.SZ,翔楼新材,A股,C33金属制品业,,定制化精密冲压新材料的研发、生产和销售。 产品：汽车零部件精冲材料、工业用精冲材料、其他用途精冲材料、其他(补充),baostock+akshare
301161.SZ,唯万密封,A股,C29橡胶和塑料制品业,,液压气动密封产品的研发、生产和销售。 产品：液压密封件、液压密封包、泵阀密封件、其他密封件、气动密封件、油封、履带密封,baostock+akshare
301162.SZ,国能日新,A股,I65软件和信息技术服务业,,提供新能源行业的软件和信息技术服务。 产品：新能源发电功率预测产品、新能源并网智能控制系统、电网新能源管理系统、新能源电站运营,baostock+akshare
301163.SZ,宏德股份,A股,C33金属制品业,,高端装备关键铸件的研发、生产及销售。 产品：高端装备关键铸件、轮毂、底座、主轴、行星架、齿轮箱箱体、固定轴、轴承座、塔架连接器、注塑机模板、高压输变电线路断路器壳体、风电设备专用件、电力设备专用件、医疗器械专用件,baostock+akshare
301165.SZ,锐捷网络,A股,C39计算机、通信和其他电子设备制造业,交换机/服务器,网络设备、网络安全产品及云桌面解决方案的研发、设计和销售。 产品：网络设备、网络安全产品、云桌面整体解决方案、IT运维、交换机、路由器、无线产品、安全网关、下一代防火墙、安全态势感知、云桌面软件、云主机、云终端、其他、云桌面解决方案,baostock+akshare
301166.SZ,优宁维,A股,F51批发业,,提供以抗体为核心的生命科学试剂及相关仪器、耗材和综合技术服务。 产品：生命科学试剂、生命科学仪器及耗材、综合技术服务,baostock+akshare
301167.SZ,建研设计,A股,M74专业技术服务业,,建筑设计、咨询、研发及其延伸业务。 产品：常规建筑设计业务、新兴业务设计与咨询、EPC业务、施工图审查业务、工程质量检测业务,baostock+akshare
301168.SZ,通灵股份,A股,C38电气机械和器材制造业,,太阳能光伏组件接线盒及其他配件等产品的研发、生产和销售，汽车内外饰件等汽车零部件产品的研发、生产和销售。 产品：二极管接线盒、芯片接线盒、光伏互联线束、汽车外饰件、太阳能光伏组件接线盒,baostock+akshare
301169.SZ,零点有数,A股,L72商务服务业,,为公共事务和商业领域的客户提供数据分析与决策支持服务。 产品：决策分析报告、数据智能应用软件,baostock+akshare
301170.SZ,锡南科技,A股,C36汽车制造业,机器人减速器,汽车轻量化领域铝合金零部件的研发、生产和销售。 产品：精密压气机壳组件、非压气机壳零部件、压气机壳体、高性能压气机壳体组件、燃料电池电机壳体、燃料电池轴承座壳体、AMT变速箱壳体、商用车减速器壳体、逆变器壳体、控制器壳体、盖板、铝合金筒体、其他(补充),baostock+akshare
301171.SZ,易点天下,A股,I64互联网和相关服务,,为企业提供出海整合营销、数字营销、广告变现在内的营销服务，以及AI数字创意、BI决策、CI智能化多云管理等出海数字化服务。 产品：整合营销服务、广告平台业务、其他业务、其他主营业务,baostock+akshare
301172.SZ,君逸数码,A股,I65软件和信息技术服务业,机器人本体/集成,为客户提供数字化解决方案。 产品：智慧城市信息系统集成、金融安防、设计、研发和技术服务、自研产品销售、运维、设计、研发和技术服务,baostock+akshare
301173.SZ,毓恬冠佳,A股,C36汽车制造业,,提供专业的、系统的各类汽车天窗以及其他汽车运动部件成套解决方案。 产品：全景天窗、小天窗、其他,baostock+akshare
301175.SZ,中科环保,A股,N78公共设施管理业,,以BOT、BOO等特许经营方式从事生活垃圾焚烧发电项目的投资－建设－运营。 产品：生活类垃圾处理业务、环保装备销售及技术服务、危废处理处置业务、项目建造业务,baostock+akshare
301176.SZ,逸豪新材,A股,C39计算机、通信和其他电子设备制造业,PCB,高性能铜箔及下游印制电路板的研发、生产和销售。 产品：电子电路铜箔、铝基覆铜板、印制电路板、其他(补充),baostock+akshare
301177.SZ,迪阿股份,A股,F52零售业,,珠宝首饰的品牌运营、定制销售和研发设计。 产品：求婚钻戒、结婚对戒、其他饰品,baostock+akshare
301178.SZ,天亿马,A股,I65软件和信息技术服务业,机器人本体/集成,提供项目总体规划、方案设计、软件研发、项目实施及运维服务一体化的信息技术解决方案。 产品：信息系统集成服务、软件开发及技术服务、信息设备销售、信息系统运维服务、算力服务、新能源电力、信息系统集成、软件及技术服务,baostock+akshare
301179.SZ,泽宇智能,A股,I65软件和信息技术服务业,机器人本体/集成,电力设计、系统集成和工程施工的开发、设计、服务。 产品：电力设计业务、系统集成业务、电网咨询设计、配电网咨询设计、电力通信系统集成、电力调度数据集成、变电站运维监护系统集成、系统集成、施工及运维、电力设计,baostock+akshare
301180.SZ,万祥科技,A股,C39计算机、通信和其他电子设备制造业,电芯,消费电子精密零组件产品及动力/储能电池精密组件产品相关的研发、生产与销售。 产品：消费电子类产品、动力/储能类产品、热敏保护组件、数电传控集成组件、精密结构件、柔性功能零组件、微型锂离子电池、动力/储能电池壳盖/壳体、CCS一体排、其他,baostock+akshare
301181.SZ,标榜股份,A股,C36汽车制造业,,汽车尼龙管路及连接件等系列产品的研发、生产和销售。 产品：动力系统连接管路、冷却系统连接管路、连接件,baostock+akshare
301182.SZ,凯旺科技,A股,C39计算机、通信和其他电子设备制造业,,电子精密线缆连接组件的研发、生产和销售。 产品：安防类精密线缆连接组件、消费类精密线缆连接组件及其他、通讯类精密线缆连接组件、组装加工业务、五金类组件及零件类、塑胶类组件及零件类,baostock+akshare
301183.SZ,东田微,A股,C39计算机、通信和其他电子设备制造业,,各类精密光学元器件产品的研发、生产和销售。 产品：成像类光学元器件、通信类光学元器件、红外截止滤光片、棱镜、生物识别滤光片、其他(补充),baostock+akshare
301185.SZ,鸥玛软件,A股,I65软件和信息技术服务业,,考试与测评领域信息化产品的研究、开发、销售及服务。 产品：无纸化考试与网上评卷服务、软件开发与技术支持服务、硬件产品,baostock+akshare
301186.SZ,超达装备,A股,C35专用设备制造业,,模具、汽车检具、自动化工装设备及零部件的研发、生产与销售。 产品：模具、汽车检具、自动化工装设备及零部件,baostock+akshare
301187.SZ,欧圣电气,A股,C38电气机械和器材制造业,,空气动力设备和清洁设备的研发、生产和销售。 产品：吸尘器、空压机、工业风扇、小型空压机、干湿两用吸尘器、配件及其他,baostock+akshare
301188.SZ,力诺药包,A股,C30非金属矿物制品业,,硼硅玻璃的研发、生产、销售。 产品：耐热玻璃、药用玻璃、其他(补充),baostock+akshare
301189.SZ,奥尼电子,A股,C39计算机、通信和其他电子设备制造业,交换机/服务器;服务器与终端,音视频智能终端的研发制造与AI推理算力产业全链条业务。 产品：高性能计算设备、音视频智能终端、桌面级AI工作站、推理算力服务器、规模化算力集群、智能摄像机、智能车载摄像头、无线音频产品、其他,baostock+akshare
301190.SZ,善水科技,A股,C26化学原料和化学制品制造业,,染料中间体、农药和医药中间体的研发、生产和销售业务。 产品：6-硝体、5-硝体、2-氯吡啶、2、3-二氯吡啶、氯代吡啶系列产品、6-硝体、氧体、其他产品,baostock+akshare
301191.SZ,菲菱科思,A股,C39计算机、通信和其他电子设备制造业,交换机/服务器,交换机、路由器及无线产品、通信设备组件等产品的研发、生产和销售。 产品：网络产品类、计算产品类、汽车电子类产品、设备控制类产品、设备控制类及其他,baostock+akshare
301192.SZ,泰祥股份,A股,C36汽车制造业,机器人减速器,汽车零部件的研发、制造与销售。 产品：汽车核心零部件、主轴承盖、差速器减速器壳体、铝铸件制品、差速器壳,baostock+akshare
301193.SZ,家联科技,A股,C29橡胶和塑料制品业,,塑料制品、生物全降解制品及植物纤维制品的研发、生产与销售。 产品：塑料制品、生物全降解制品、植物纤维制品、纸制品,baostock+akshare
301195.SZ,北路智控,A股,I65软件和信息技术服务业,,智能矿山信息系统及智能设备的开发、生产与销售。 产品：融合通信、智能监控、矿山智能驾驶,baostock+akshare
301196.SZ,唯科科技,A股,C29橡胶和塑料制品业,,精密注塑模具的研发、设计、制造和销售业务。 产品：模具与注塑行业、健康家电行业、精密注塑模具、注塑件产品、健康产品、注塑产品、精密模具,baostock+akshare
301197.SZ,工大科雅,A股,I65软件和信息技术服务业,,智慧供热、清洁供热、低碳园区综合能源系统等绿色节能解决方案与核心技术的研发及应用。 产品：热网智能感知与调控系统、智慧供热应用平台、供热托管服务、合同能源管理,baostock+akshare
301198.SZ,喜悦智行,A股,C29橡胶和塑料制品业,,提供定制化可循环塑料包装整体解决方案。 产品：组合成套类包装产品、厚壁吸塑类包装单元、薄壁吸塑类包装单元、周转箱类包装单元、衬垫组合包装产品、料架组合包装产品、围板箱组合包装产品、周转箱组合包装产品、租赁与运营服务、可循环包装产品、其他(补充),baostock+akshare
301199.SZ,迈赫股份,A股,C35专用设备制造业,,基于机器人和物联网技术的高端智能装备系统和智慧物联系统的研发设计、制造集成、销售和智慧运维等服务。 产品：智能装备系统、动力能源供应系统、规划设计业务、智能装备系统及动力能源供应系统、其他(补充),baostock+akshare
301200.SZ,大族数控,A股,C35专用设备制造业,PCB,PCB专用设备的研发、生产和销售。 产品：普通多层板、高多层板、HDI板、IC封装基板、挠性板、刚挠结合板、超高精度CCD机械钻孔机、新一代新型激光加工设备、能量实时监控CO2激光钻孔机、第三代定位系统机械钻孔机、大点数高精四线测试机、钻孔类设备、检测类设备、其他(补充),baostock+akshare
301201.SZ,诚达药业,A股,C27医药制造业,临床服务/CDMO;药企/生物科技,"为跨国制药企业及医药研发机构提供关键医药中间体,原料药CDMO研发生产服务，左旋肉碱系列产品,原料药的研发,生产和销售以及干细胞药物的研发。 产品：CDMO业务、左旋肉碱系列产品、原料药业务、医药中间体、原料药、减肥类产品（尤其是小分子GLP-1药物中间体）、小核酸类药物（涵盖单体及递送系统关键中间体）、L-肉碱、L-肉碱盐酸盐、乙酰L-肉碱盐酸盐、丙酰L-左旋肉碱盐酸盐、DL-肉碱盐酸盐、L-肉碱酒石酸盐、L-肉碱富马酸盐、L-肉碱乳清酸盐、L-肉碱（50％）、中枢神经药物、心血管药物、糖尿病药物、抗炎药物、重症肌无力药物、妇科用药、自主销售类产品收入、定制类产品和服务收入、其他(补充)",baostock+akshare
301202.SZ,朗威股份,A股,C33金属制品业,交换机/服务器;数据中心/云厂商,服务器机柜、微模块、IT撬块等数据中心预制化基础设施产品和综合布线产品的研发、生产、销售及服务。 产品：数据中心机柜、综合布线产品、其他定制机柜、服务器机柜、微模块、IT撬块、机柜组件、数据电缆、布线机柜、其他连接产品,baostock+akshare
301203.SZ,国泰环保,A股,N77生态保护和环境治理业,,污泥处理与污水处理等环保技术、电池材料、工业降碳与环保成套装备的研发、生产和销售。 产品：污泥处理与污水处理提质增效服务、电池材料生产与循环利用、工业降碳与环保成套装备及服务、其他(补充),baostock+akshare
301205.SZ,联特科技,A股,C39计算机、通信和其他电子设备制造业,光模块,光通信收发模块的研发、生产和销售。 产品：400G及以上光模块、400G以下光模块、组件等,baostock+akshare
301206.SZ,三元生物,A股,C14食品制造业,,糖醇类、功能糖类及糖苷类健康甜味配料的研发、生产与销售。 产品：糖醇类、功能糖类、糖苷类、赤藓糖醇、阿洛酮糖、塔格糖、甜菊糖、其他类,baostock+akshare
301207.SZ,华兰疫苗,A股,C27医药制造业,,人用疫苗研发、生产、销售。 产品：疫苗制品、流感病毒裂解疫苗、四价流感病毒裂解疫苗、四价流感病毒裂解疫苗（儿童剂型）、甲型H1N1流感病毒裂解疫苗、ACYW135群脑膜炎球菌多糖疫苗、重组乙型肝炎疫苗（汉逊酵母）、A群C群脑膜炎球菌多糖疫苗、冻干人用狂犬病疫苗（Vero细胞）、吸附破伤风疫苗、其他,baostock+akshare
301208.SZ,中亦科技,A股,I65软件和信息技术服务业,,IT运行维护服务、技术架构咨询与集成、智能运维产品与服务。 产品：IT运行维护服务、技术架构咨询与集成、智能运维产品与服务,baostock+akshare
301209.SZ,联合化学,A股,C26化学原料和化学制品制造业,,偶氮类有机颜料、挤水基墨的研发、生产与销售。 产品：颜料、基墨、有机颜料系列、挤水基墨、其他(补充),baostock+akshare
301210.SZ,金杨精密,A股,C38电气机械和器材制造业,,电池精密结构件及材料的研发、生产与销售。 产品：电池精密结构件、镍基导体材料、其他(补充),baostock+akshare
301211.SZ,亨迪药业,A股,C27医药制造业,临床服务/CDMO;医药商业化,化学原料药（含中间体）及制剂产品的研发、生产和销售，根据客户需求提供合同研发生产服务（CDMO）。 产品：原料药、制剂、布洛芬、右旋布洛芬、托拉塞米、米力农、醋酸阿比特龙、磷酸氟达拉滨、盐酸格拉司琼、克拉屈滨、硫酸莨菪碱、硫酸阿托品、布洛芬颗粒、布洛芬片、布洛芬缓释胶囊、布洛芬混悬液、布洛伪麻片、奥沙普秦肠溶片、奥沙普秦肠溶胶囊、托拉塞米片、托拉塞米注射剂、巴柳氮钠颗粒、多维元素片、医药销售、材料销售、技术服务及租赁服务,baostock+akshare
301212.SZ,联盛化学,A股,C26化学原料和化学制品制造业,,以医药中间体、农药中间体、电子化学品为主的精细化学品的研发、生产、销售及进出口贸易业务。 产品：BDO产业链自产产品、非BDO产业链自产产品、ABL、CPMK、GBL、E2、HDO、IPA、PP、其他,baostock+akshare
301213.SZ,观想科技,A股,I65软件和信息技术服务业,,提供装备全寿命周期管理系统、智能武器装备管控模块等相关软硬件产品及服务。 产品：全寿命周期管理系统、智能装备、人工智能,baostock+akshare
301215.SZ,中汽股份,A股,M74专业技术服务业,,通过构建汽车场地试验环境和试验场景，为汽车整车生产企业、汽车检测机构、汽车底盘部件系统企业以及轮胎企业等客户提供场地试验技术服务。 产品：场地试验技术服务、其他(补充),baostock+akshare
301216.SZ,万凯新材,A股,C26化学原料和化学制品制造业,,聚酯材料的研发、生产、销售。 产品：聚酯瓶片、乙二醇、瓶级PET、大有光PET、其他(补充),baostock+akshare
301217.SZ,铜冠铜箔,A股,C39计算机、通信和其他电子设备制造业,PCB,各类高精度电子铜箔的研发、制造和销售等。 产品：PCB铜箔、锂电池铜箔、高温高延伸铜箔（HTE箔）、高TG无卤板材铜箔（HTE-W箔）、反转处理铜箔（RTF箔）、极低轮廓铜箔（HVLP箔）、4.5μm锂电池铜箔、6μm锂电池铜箔、7-8μm锂电池铜箔、铜扁线等,baostock+akshare
301218.SZ,华是科技,A股,I65软件和信息技术服务业,机器人本体/集成,计算机信息系统集成的设计、开发、安装和服务，软件开发、服务，建筑智能化工程、安全防范工程。 产品：系统集成、系统维护、安防产品、安防销售,baostock+akshare
301219.SZ,腾远钴业,A股,C32有色金属冶炼和压延加工业,锂电资源,钴、铜、镍、锂、电池材料前驱体等产品的研发、生产与销售。 产品：钴产品、铜产品、镍产品、锂产品、三元前驱体、氯化钴、硫酸钴、电积钴、电积铜、硫酸镍、电池级碳酸锂、其他,baostock+akshare
301220.SZ,亚香股份,A股,C26化学原料和化学制品制造业,,香料的研发、生产和销售。 产品：天然香料、合成香料、凉味剂,baostock+akshare
301221.SZ,光庭信息,A股,I65软件和信息技术服务业,,为汽车零部件供应商和汽车整车制造商提供专业汽车电子软件定制化开发和软件技术服务。 产品：智能座舱、智能电控、智能驾驶、智能网联汽车测试服务、移动地图数据服务平台、地理信息系统行业应用、软件技术服务、定制软件开发、第三方测试服务,baostock+akshare
301222.SZ,浙江恒威,A股,C38电气机械和器材制造业,,高性能环保锌锰电池的研发、生产及销售。 产品：碱性电池、碳性电池、其他,baostock+akshare
301223.SZ,中荣股份,A股,C23印刷和记录媒介复制业,,纸制印刷包装产品的研发、设计、生产和销售。 产品：折叠彩盒、礼盒、其他印刷包装产品、彩箱、纸浆模塑、标签、促销工具,baostock+akshare
301225.SZ,恒勃股份,A股,C36汽车制造业,新能源车/储能,ICE＆HEV进气系统、燃油蒸发系统、新能源汽车热管理系统、内饰系统、氢燃料电池阴极过滤系统、摩托车智能仪表、轻量化高性能精密零部件的研发、生产和销售。 产品：摩托车进气系统及配件、汽车进气系统及配件、通用机械进气系统及配件、汽车内外饰件,baostock+akshare
301226.SZ,祥明智能,A股,C38电气机械和器材制造业,,微特电机、风机及智能化组件的研发、生产与销售。 产品：微特电机、风机、交流异步电机、直流有刷电机、直流无刷电机、离心风机、横流风机、轴流风机、特种定制风机、电机、智能化组件及其他,baostock+akshare
301227.SZ,森鹰窗业,A股,C20木材加工和木、竹、藤、棕、草制品业,,定制化节能铝包木窗的研发、设计、生产与销售。 产品：木门窗制造、金属门窗制造、塑料门窗制造、节能铝包木窗、铝合金窗、新塑窗、幕墙、阳光房、幕墙及阳光房,baostock+akshare
301228.SZ,实朴检测,A股,M74专业技术服务业,,环境、农产品、食品、消费品、计量校准，同时提供环境治理、盐碱地改良、技术咨询、AI信息化服务、环境损害司法鉴定、机器人巡检等服务，为终端客户提供ESG可持续解决方案。 产品：土壤和地下水检测、水质和气体检测、食品安全检测、技术咨询服务、其他检测服务、钻井采样、修复服务,baostock+akshare
301229.SZ,纽泰格,A股,C36汽车制造业,,汽车悬架系统、动力系统、其他系统等汽车零部件及压铸模具、注塑模具和发泡模具的研发、生产和销售。 产品：汽车悬架系统、汽车动力系统、汽车其他系统,baostock+akshare
301230.SZ,泓博医药,A股,M73研究和试验发展,药物发现/CRO,药物发现、制药工艺的研究开发以及原料药中间体的商业化生产。 产品：药物发现、工艺研究与开发、商业化生产、药物化学、合成化学、药物代谢动力学、工艺化学、工艺开发、药学研究、定制化生产、自主产品生产,baostock+akshare
301231.SZ,荣信文化,A股,R86新闻和出版业,,少儿图书的策划与发行业务、少儿文化产品出口业务。 产品：少儿图书策划与发行、少儿文化产品出口、立体书、翻翻书、洞洞书、发声书、气味书、触摸书、手偶书、多媒体书、原版图书销售,baostock+akshare
301232.SZ,飞沃科技,A股,C34通用设备制造业,,"高强度紧固件研发,制造及为客户提供整体紧固系统解决方案。 产品：紧固件、零部件、风电全系列高强度紧固件及塔筒、废料及废旧物资",baostock+akshare
301233.SZ,盛帮股份,A股,C29橡胶和塑料制品业,,橡胶高分子材料研发与应用。 产品：汽车类产品、电气类产品、航空类产品、核防护类产品、汽车类、电气类、航空类,baostock+akshare
301234.SZ,五洲医疗,A股,C35专用设备制造业,,一次性使用无菌输注类医疗器械的研发、制造和销售，以及其他诊断、护理等相关医疗用品的集成供应。 产品：注射器、输液输血器、医用穿刺针、安全型注射器、胰岛素注射器、配药注射器、输液器、输血器、注射针、静脉输液针、采血针、胰岛素注射笔用针头、安全注射针、安全采血针、血压表、面罩、穿刺针、其他,baostock+akshare
301235.SZ,华康洁净,A股,E49建筑安装业,机器人本体/集成,医疗专项、实验室、电子洁净室净化系统研发、设计、实施和运维，相关医疗设备和医疗耗材的销售。 产品：净化系统集成、医疗设备销售、医疗耗材销售、运维服务,baostock+akshare
301236.SZ,软通动力,A股,I65软件和信息技术服务业,服务器与终端,数字化创新业务服务、通用技术服务、数字化运营服务。 产品：软件与数字技术服务、计算产品与智能电子、数字能源与智算服务、国际业务、人工智能业务、咨询与数字技术服务、通用技术与数字化运营服务、计算产品、智能电子、基础软件、具身智能机器人、数字能源、智算服务、AI基础设施、计算智能、场景智能、终端智能,baostock+akshare
301237.SZ,和顺科技,A股,C29橡胶和塑料制品业,,聚酯薄膜、碳纤维的研发、生产和销售。 产品：聚酯薄膜、碳纤维、有色光电基膜、透明膜、其他功能膜,baostock+akshare
301238.SZ,瑞泰新材,A股,C26化学原料和化学制品制造业,锂电材料;电芯,锂离子电池材料以及硅烷偶联剂等化工新材料的研发、生产和销售。 产品：锂离子电池电解液、锂离子电池电解液添加剂、超级电容器电解液、光学材料、有机硅业务、动力电池电解液、储能电池电解液、消费电池电解液、二氟磷酸锂（LiDFP）、双三氟甲基磺酰亚胺锂（LiTFSI）、二氟草酸硼酸锂（LiDFOB）以及三氟甲磺酸锂（LiTFS）、氨基硅烷、酰氧基硅烷、环氧烃基硅烷、电子化学品、有机硅材料、其他,baostock+akshare
301239.SZ,普瑞眼科,A股,Q84卫生,,各类眼科疾病诊疗服务与医学验光配镜。 产品：屈光项目、白内障项目、视光项目、综合眼病项目,baostock+akshare
301246.SZ,宏源药业,A股,C27医药制造业,锂电材料,有机化学原料、医药中间体、原料药、新能源及医药制剂的研发、生产和销售。 产品：有机化学原料、原料药及医药中间体、医药制剂、锂电池材料、乙二醛、乙醛酸、2-甲基-5-硝基咪唑、甲硝唑、鸟嘌呤、六氟磷酸锂,baostock+akshare
301248.SZ,杰创智能,A股,I65软件和信息技术服务业,数据中心/云厂商,智慧安全和智慧城市的产品研发和制造以及总体集成业务。 产品：云计算及算力产品、具身智能产品、通信安全产品、数智化中台及应用产品、智算云产品、专有云/混合云产品、AI应用和AIAgent产品、电磁科技产品、无线信号探测、定位、分析产品、公安大数据产品、数智化中台产品、行业应用产品、解决方案服务、产品销售、算力运营服务,baostock+akshare
301251.SZ,威尔高,A股,C39计算机、通信和其他电子设备制造业,光模块;PCB,印制电路板的研发、生产和销售。 产品：印制电路板、高多层厚铜HDI板（电机、电控、电源）、MiniLED光电板、平面变压器、光模块、其他(补充),baostock+akshare
301252.SZ,同星科技,A股,C34通用设备制造业,数据中心/云厂商,制冷零部件、汽车零部件的研发生产与销售。 产品：换热器、制冷系统管组件、轻商家电制冷热泵单元模块、数据中心散热模块、铜管铝翅片式换热器、全铝翅片式换热器、微通道换热器、制冷热泵单元模块、列间空调模块及冷凝机组（列距风冷空调列间水冷服务柜、CDU以及一次侧干冷器）、制冷零部件及产品、汽车空调系统零部件、其他(补充),baostock+akshare
301255.SZ,通力科技,A股,C34通用设备制造业,,减速机的研发、生产、销售及服务。 产品：“通力”系列减速机、工业齿轮箱、减速机及配件、其他(补充),baostock+akshare
301256.SZ,华融化学,A股,C26化学原料和化学制品制造业,,氢氧化钾绿色循环综合利用。 产品：氢氧化钾、次氯酸钠、盐酸、聚合氯化铝、液氯、供应链管理业务、钾产品、氯产品,baostock+akshare
301257.SZ,普蕊斯,A股,M73研究和试验发展,药物发现/CRO,向国内外制药公司、医疗器械公司及部分健康相关产品的临床研究开发提供SMO服务。 产品：SMO业务、CRO业务、药企、CRO、器械及其他,baostock+akshare
301258.SZ,富士莱,A股,C27医药制造业,,医药中间体、原料药及保健品原料的研发、生产和销售。 产品：硫辛酸系列、磷脂酰胆碱系列、肌肽系列、艾瑞昔布、颗粒硫辛酸、R-硫辛酸、R-硫辛酸氨基丁三醇盐、6、8-二氯辛酸乙酯、甘油磷脂酰胆碱（GPC）、L-肌肽、艾瑞昔布原料药、硫辛酸系列产品、肌肽系列产品,baostock+akshare
301259.SZ,艾布鲁,A股,N77生态保护和环境治理业,,致力于解决农业农村中的污水、固废、土壤污染及生态问题。 产品：农村环境治理工程服务、运营服务、咨询服务、投融资服务、算力租赁服务、污水处理一体化设备、环境治理工程、算力租赁、运营,baostock+akshare
301260.SZ,格力博,A股,C35专用设备制造业,,新能源户外动力设备的研发、设计、制造及销售。 产品：新能源园林机械、交流电园林机械、推草机、清洗机、打草机、吹风机、修枝机、链锯、智能零转向坐骑式割草车、智能割草机器人、电动工具、其他,baostock+akshare
301261.SZ,恒工精密,A股,C34通用设备制造业,,精密机加工件及连续铸铁件的研发、生产和销售。 产品：精密机加工件、连续铸铁件、空压件、液压装备件、传动装备件、球墨铸铁件、灰铸铁件,baostock+akshare
301262.SZ,海看股份,A股,I63电信、广播电视和卫星传输服务,,IPTV业务和移动媒体平台服务业务。 产品：IPTV基础业务、IPTV增值业务、其他(补充),baostock+akshare
301263.SZ,泰恩康,A股,F51批发业,,代理运营及研发、生产、销售医药产品、医疗器械、卫生材料并提供医药技术服务与技术转让等。 产品：两性健康用药、眼科用药、肠胃用药、中成药及外用药、其他用药、盐酸达泊西汀片、他达拉非片、枸橼酸西地那非口崩片、非那雄胺他达拉非复方胶囊、和胃整肠丸、沃丽汀、风油精、米诺地尔搽剂、红花油、驱风油、薄荷通吸入剂、香荷止痒软膏、复方醋酸地塞米松乳膏、复方酮康唑乳膏、复方酮康唑发用洗剂、六味地黄丸、藿香正气丸、逍遥丸、明目地黄丸、知柏地黄丸、杞菊地黄丸、补中益气丸、奥硝唑注射液、医药代理、医药制造、医药技术服务及技术转让,baostock+akshare
301265.SZ,华新科技,A股,C42废弃资源综合利用业,,处理固体废物、危险废物并进行资源再生。 产品：电子废弃物拆解、报废机动车拆解、危险废物处置、废旧电子设备回收再利用、二手车销售、贵金属销售、危险废弃物处置,baostock+akshare
301266.SZ,宇邦新材,A股,C38电气机械和器材制造业,,光伏涂锡焊带产品的研发、生产与销售。 产品：互连焊带、汇流焊带、其他(补充),baostock+akshare
301267.SZ,华厦眼科,A股,Q84卫生,,眼科专科医疗服务。 产品：白内障项目、眼后段项目、屈光项目、眼视光综合项目,baostock+akshare
301268.SZ,铭利达,A股,C33金属制品业,,精密结构件及模具的设计、研发、生产及销售。 产品：工艺精密结构件、模具、精密压铸结构件、精密注塑结构件、型材冲压结构件、精密模具,baostock+akshare
301269.SZ,华大九天,A股,I65软件和信息技术服务业,晶圆制造,用于集成电路设计、制造和封装的EDA工具软件开发、销售及相关服务业务。 产品：全定制设计平台EDA工具系统、数字电路设计EDA工具系统、晶圆制造EDA工具、先进封装设计EDA工具、3DIC设计EDA工具、EDA软件销售、技术服务、其他(补充),baostock+akshare
301270.SZ,汉仪股份,A股,I65软件和信息技术服务业,,字库软件授权业务、互联网平台授权业务和技术服务业务。 产品：字库软件授权业务、互联网平台授权业务、技术服务业务、IP产品及授权等业务、租赁,baostock+akshare
301272.SZ,英华特,A股,C34通用设备制造业,,提供节能高效、可靠性高、噪音低的涡旋压缩机及其应用技术的研制开发、生产销售及售前售后服务。 产品：热泵应用、商用空调应用、冷冻冷藏应用、电驱动车用涡旋,baostock+akshare
301273.SZ,瑞晨环保,A股,C34通用设备制造业,,高效节能设备的研发、设计、生产和销售。 产品：高效节能离心风机、高效节能离心水泵、高效板式预热器、高速低氮燃烧器、高效永磁电机等节能类产品、风机、合同能源管理、配件维保及其他,baostock+akshare
301275.SZ,汉朔科技,A股,C39计算机、通信和其他电子设备制造业,,为泛零售领域客户提供以电子价签系统为核心的智慧零售综合解决方案。 产品：电子价签终端、配件、软件、SaaS、技术服务、配件及其他智能硬件、软件、SaaS、安装及其他服务,baostock+akshare
301276.SZ,嘉曼服饰,A股,C18纺织服装、服饰业,,童装、男装、女装及鞋履的研发设计、品牌运营与推广、直营与加盟销售。 产品：自有品牌、授权品牌、暇步士、水孩儿、哈吉斯、外套、上衣、裤子,baostock+akshare
301277.SZ,新天地,A股,C27医药制造业,,研发、生产和销售医药中间体、原料药及制剂产品。 产品：左旋对羟基苯甘氨酸、对甲苯磺酸、左旋对羟基苯甘氨酸系列产品、其他,baostock+akshare
301278.SZ,快可电子,A股,C38电气机械和器材制造业,,光伏连接盒、光伏连接器、储能连接器的研发、制造和销售。 产品：接线盒、连接器、配件、配件及其他,baostock+akshare
301279.SZ,金道科技,A股,C34通用设备制造业,机器人减速器,各类叉车等工业车辆变速装置研发、生产及销售。 产品：叉车变速装置、工程机械变速箱、叉车零配件、机械传动变速箱、液力传动变速箱、电动叉车变速箱、湿式驱动桥、桥箱一体、主减速器、其他(补充),baostock+akshare
301280.SZ,珠城科技,A股,C39计算机、通信和其他电子设备制造业,,电子连接器的研发、生产及销售。 产品：连接器、电子连接器、家电连接器、其他、汽车连接器,baostock+akshare
301281.SZ,科源制药,A股,C27医药制造业,,化学原料药及其制剂产品的研发、生产和销售。 产品：化学原料药、化学药品制剂、中间体、格列齐特、盐酸二甲双胍、盐酸罗哌卡因、单硝酸异山梨酯、单硝酸异山梨酯片、单硝酸异山梨酯缓释片、盐酸氟西汀分散片、化工中间体产品,baostock+akshare
301282.SZ,金禄电子,A股,C39计算机、通信和其他电子设备制造业,PCB,印制电路板（PCB）的研发、生产及销售。 产品：单/双面板、多层板、印制电路板（PCB）、其他(补充),baostock+akshare
301283.SZ,聚胶股份,A股,C26化学原料和化学制品制造业,,一次性卫生用品的环保热熔胶的研发、生产和销售。 产品：卫材热熔胶、消费品包装热熔胶、热熔胶、其他(补充)、其他,baostock+akshare
301285.SZ,鸿日达,A股,C39计算机、通信和其他电子设备制造业,,精密电子连接器及金属机构件的研发、生产及销售。 产品：消费电子产品、光伏产品、其他(补充),baostock+akshare
301286.SZ,侨源股份,A股,C26化学原料和化学制品制造业,,工业气体的生产和销售。 产品：氧气、氮气、氩气、其他气体、其他、其他(补充),baostock+akshare
301287.SZ,康力源,A股,C24文教、工美、体育和娱乐用品制造业,,健身器材和健身方案的研发、制造与销售。 产品：室内健身器材、室外健身器材、有氧类健身器材、力量训练器材、柔韧拉伸器材、其他,baostock+akshare
301288.SZ,清研环境,A股,C35专用设备制造业,,环保技术研发和应用。 产品：污水处理工艺包销售、水处理工程服务、水处理运营服务、资源化产品、危固废处置及资源化产品,baostock+akshare
301289.SZ,国缆检测,A股,M74专业技术服务业,,电线电缆及光纤光缆的检测、检验服务，涵盖相应的检验检测、设备计量、能力验证等，还包括相关的专业培训、检查监造、标准制定、工厂审查、应用评估等专业技术服务。 产品：检验检测、计量、技术服务、其他(补充),baostock+akshare
301290.SZ,东星医疗,A股,C35专用设备制造业,,以吻合器为代表的外科手术医疗器械的研发、生产和销售。 产品：吻合器及其组件、外科手术设备、医疗器械产品、腔镜吻合器、开放式吻合器、电动液压手术床、手术无影灯、吊塔吊桥、产床、医疗设备类、低值耗材类、吻合器、吻合器零配件、低值耗材、医疗设备,baostock+akshare
301291.SZ,明阳电气,A股,C38电气机械和器材制造业,,输配电及控制设备的研发、生产和销售。 产品：箱式变电站、成套开关设备、变压器、预装式变电站、组合式变电站、储能升压一体化装置、低压开关柜、中压开关柜、油浸式变压器、干式变压器、输配电及控制设备、机电集成业务、其他(补充),baostock+akshare
301292.SZ,海科新源,A股,C26化学原料和化学制品制造业,锂电材料,锂电池电解液材料和消费化学品的研发、生产和销售。 产品：碳酸酯系列、丙二醇、其他,baostock+akshare
301293.SZ,三博脑科,A股,Q84卫生,,以神经专科为特色的医疗服务。 产品：神经专科、心脏学科、其他科室、神经外科、神经介入、神经内科、神经肿瘤化疗、神经肿瘤放疗、神经重症、心血管外科、心血管内科、血管外科、外科、内科、妇产科、儿科、急诊科、影像科、检验科、病理科、体检科、社区服务中心、医疗服务、药品、其他(补充),baostock+akshare
301295.SZ,美硕科技,A股,C38电气机械和器材制造业,,继电器类控制件及其衍生执行件流体电磁阀类产品的研发、生产及销售。 产品：通用继电器、汽车继电器、磁保持继电器、新能源继电器、通讯继电器、流体电磁阀、继电器、其他,baostock+akshare
301296.SZ,新巨丰,A股,C22造纸和纸制品业,,无菌包装的研发、生产与销售。 产品：液态奶无菌包装、非碳酸软饮料无菌包装、其他,baostock+akshare
301297.SZ,富乐德,A股,M74专业技术服务业,半导体设备,为半导体及显示面板生产厂商提供一站式设备精密洗净服务，为客户生产设备污染控制提供一体化的洗净再生解决方案。 产品：精密洗净服务、精密洗净衍生增值服务、覆铜陶瓷载板、半导体设备洗净服务、TFT设备洗净服务、OLED设备洗净服务、氧化加工服务、陶瓷熔射服务、半导体设备维修服务、DCB、AMB、DPC、精密洗净,baostock+akshare
301298.SZ,东利机械,A股,C36汽车制造业,新能源车/储能,汽车零部件及其他产品的研发、生产和销售。 产品：燃油汽车零部件、新能源汽车零部件、汽车发动机减振器零件、底盘悬架减振器、齿轮零件、涡轮增压器零件、其他精密零部件、其他,baostock+akshare
301299.SZ,卓创资讯,A股,I64互联网和相关服务,,大宗商品市场数据监测、交易价格评估、行业数据分析及行业研究。 产品：资讯服务、数智服务、咨询服务、会展服务,baostock+akshare
301300.SZ,远翔新材,A股,C26化学原料和化学制品制造业,,沉淀法二氧化硅的研发、生产和销售。 产品：沉淀法二氧化硅、硅橡胶用二氧化硅、牙膏用二氧化硅、PE蓄电池隔板用二氧化硅、涂料消光用二氧化硅、消泡剂用二氧化硅、绝热材料用二氧化硅、硅橡胶用二氧化硅(通用型)、硅橡胶用二氧化硅(高透明型)、其他应用二氧化硅,baostock+akshare
301301.SZ,川宁生物,A股,C27医药制造业,,生物发酵技术和合成生物学产品的研发和产业化。 产品：医药中间体、硫氰酸红霉素、头孢类中间体（7-ACA、7-ADCA、D-7ACA）、青霉素类中间体（6-APA、青霉素G钾盐）、熊去氧胆酸、辅酶Q10菌丝体、其他(补充)、其他产品,baostock+akshare
301302.SZ,华如科技,A股,I65软件和信息技术服务业,,以军事仿真为主业，致力于打造中国军事仿真自主品牌，在作战实验、模拟训练、装备论证、试验鉴定、综合保障等领域为客户提供优质专业的仿真产品及技术开发服务。 产品：智能决策、海空联合作战实验系统、任务规划系统、谋战联合推演系统、硬件产品收入、技术开发收入、软件产品收入,baostock+akshare
301303.SZ,真兰仪表,A股,C40仪器仪表制造业,数据中心/云厂商,燃气和水计量仪表及配套产品的研发、制造与销售，同时提供基于云计算的数字化能源管理综合解决方案。 产品：仪表产品、汽车零部件、其他,baostock+akshare
301305.SZ,朗坤科技,A股,N77生态保护和环境治理业,,生物质资源再生业务以及合成生物智造业务。 产品：工程建造、运营服务、生物能源,baostock+akshare
301306.SZ,西测测试,A股,M74专业技术服务业,,提供军用装备和民用飞机产品检验检测的第三方检验检测服务。 产品：环境与可靠性试验、电子元器件检测筛选、电磁兼容性试验、检测设备销售、电子装联业务,baostock+akshare
301307.SZ,美利信,A股,C33金属制品业,,汽车领域、通信领域和储能领域铝合金精密压铸件的研发、生产和销售，以及半导体精密零部件制造业务。 产品：通信类结构件、汽车类零部件、半导体精密零部件、半导体零部件,baostock+akshare
301308.SZ,江波龙,A股,C39计算机、通信和其他电子设备制造业,存储控制器;SSD/存储模组,存储器和主控芯片的研发设计、封装测试、技术支持与销售。 产品：自研芯片、嵌入式存储、固态硬盘、移动存储、内存条、存储产品相关、其他(补充),baostock+akshare
301309.SZ,万得凯,A股,C34通用设备制造业,,水暖器材的设计、开发、生产、销售。 产品：各类铜制水暖阀门、管件、阀门、其他,baostock+akshare
301310.SZ,鑫宏业,A股,C36汽车制造业,液冷;伺服系统;新能源车/储能,光伏线缆、新能源汽车线缆、工业线缆等特种线缆的研发、生产和销售。 产品：光伏线缆、新能源汽车线缆、工业线缆、轨道交通线缆、船用线缆、大功率充电枪、舵机伺服机构、伺服电机、光电对抗装备、伺服系统、车内高压线、液冷超充线缆、储能线缆、机器人线缆、核贯穿件、核电线缆,baostock+akshare
301311.SZ,昆船智能,A股,C34通用设备制造业,,智能物流系统及装备、智能产线系统及装备、运营维护及备品备件、专项产品及相关服务四大领域。 产品：智能物流系统及装备、智能产线系统及装备、专项产品及相关服务、运营维护及备品备件,baostock+akshare
301312.SZ,智立方,A股,C35专用设备制造业,,半导体及工业自动化设备的研发、生产、销售及相关技术服务。 产品：新制自动化设备、改制自动化设备、设备配件、技术服务、半导体分选、AOI、固晶设备、自动化测试设备、自动化组装设备、改制测试设备、改制组装设备、测试夹治具、组装夹治具、配件、组件、现场运维支持、定期检查、维护保养、项目管理、消费电子、半导体、其他,baostock+akshare
301313.SZ,凡拓数创,A股,I65软件和信息技术服务业,,3D可视化产品及服务、数字一体化综合服务、AI3D数字孪生产品及解决方案。 产品：3D可视化产品及服务、AI3D数字孪生产品及解决方案、数字一体化综合服务,baostock+akshare
301314.SZ,科瑞思,A股,C39计算机、通信和其他电子设备制造业,,小型磁环线圈绕线服务，专用设备、磁性元器件成品、机械零部件的研发、生产和销售。 产品：小型磁环线圈绕线服务、电子元器件自动化设备、磁性元器件成品、机械零部件制造、专用设备、机械零部件及其它,baostock+akshare
301315.SZ,威士顿,A股,I65软件和信息技术服务业,,提升企业经营管理的数字化、网络化、智能化水平的软件开发和信息化服务。 产品：软件产品、与AI和大数据技术相关的软件技术服务、工业软件、金融风控及大数据应用软件、通用新兴技术软件产品、软件开发、运维服务、软件产品销售及服务,baostock+akshare
301316.SZ,慧博云通,A股,I65软件和信息技术服务业,,国际化、专业化、创新型的综合数智技术服务。 产品：软件技术服务、专业技术服务、产品与解决方案、产品及解决方案,baostock+akshare
301317.SZ,鑫磊股份,A股,C34通用设备制造业,,节能、高效空气压缩机、鼓风机等空气动力设备和磁悬浮离心式冷水（热泵）机组、螺杆式冷水（热泵）机组、涡旋热泵机组等暖通空调设备的研发、生产和销售。 产品：螺杆机、活塞机、离心机、暖通空调设备、合同能源管理,baostock+akshare
301318.SZ,维海德,A股,C39计算机、通信和其他电子设备制造业,,高清及超高清视频会议摄像机、视频会议终端、会议麦克风等音视频通讯设备的研发、生产、销售和相关技术服务。 产品：摄像机、视频会议终端、音频产品、热成像仪,baostock+akshare
301319.SZ,唯特偶,A股,C39计算机、通信和其他电子设备制造业,,微电子焊接材料的研发、生产及销售。 产品：微电子焊接材料、微电子辅助焊接材料、辅助焊接材料、其他,baostock+akshare
301320.SZ,豪江智能,A股,C38电气机械和器材制造业,,智能线性驱动产品研发、生产。 产品：单马达驱动器、双马达驱动器、管状驱动器、升降柱、控制器、操控器、电源类产品、驱动器产品、电子类产品、其他,baostock+akshare
301321.SZ,翰博高新,A股,C39计算机、通信和其他电子设备制造业,,液晶显示器光学引擎及光源、显示设备配件、电子及电器零部件、模具、电子零件材料、胶粘制品开发、生产、销售。 产品：背光显示模组、导光板、精密结构件、光学材料、背光显示模组零部件、其他(补充),baostock+akshare
301322.SZ,绿通科技,A股,C37铁路、船舶、航空航天和其他运输设备制造业,半导体设备,电动车的研发、生产和销售。 产品：高尔夫球车、观光车、其他车型、配件、半导体设备、半导体设备维保及备品备件销售、电动巡逻车、电动货车、清洁设备、CD-SEM、套刻仪、颗粒仪、明场＆暗场缺陷检测设备、薄膜量测设备、SEMVision、半导体设备销售,baostock+akshare
301323.SZ,新莱福,A股,C29橡胶和塑料制品业,,吸附功能材料、电子陶瓷材料、辐射防护材料、其他功能材料的研发、生产及销售。 产品：吸附功能材料、电子陶瓷元件、高能射线防护材料、其他功能材料,baostock+akshare
301325.SZ,曼恩斯特,A股,C35专用设备制造业,新能源车/储能,涂布应用类产品和能源系统类产品的销售。 产品：涂布应用类、能源系统类、核心部件系列、智能装备系列、储能系统解决方案、氢能系统解决方案、其他,baostock+akshare
301326.SZ,捷邦科技,A股,C39计算机、通信和其他电子设备制造业,,精密功能件、结构件及VC均热板部件等精密制造产品的研发、生产与销售。 产品：精密制造产品、新材料产品、精密功能件、结构件、VC均热板部件、其他(补充),baostock+akshare
301327.SZ,华宝新能,A股,C38电气机械和器材制造业,,锂电池储能类产品及光伏产品的研发、生产、品牌、销售及服务。 产品：储能产品、光伏产品、便携储能产品、家庭储能产品、光伏太阳能板、其他,baostock+akshare
301328.SZ,维峰电子,A股,C39计算机、通信和其他电子设备制造业,,工业控制连接器、汽车连接器及新能源连接器的研发、设计、生产和销售。 产品：工业控制连接器及线缆产品、汽车连接器、新能源连接器及线缆、高速通讯连接器及高速线缆、电子连接器、其他(补充),baostock+akshare
301329.SZ,信音电子,A股,C39计算机、通信和其他电子设备制造业,,连接器的研发、生产和销售。 产品：笔记本电脑连接器、汽车及其他连接器、消费电子连接器,baostock+akshare
301330.SZ,熵基科技,A股,C39计算机、通信和其他电子设备制造业,,计算机视觉与生物识别技术及相关产品的研发、设计、生产、销售及服务。 产品：智慧办公产品、智慧空间产品、数字身份认证产品、智慧商业产品、智慧生活产品,baostock+akshare
301331.SZ,恩威医药,A股,C27医药制造业,,中成药、化学药及健康私护用品的研发、生产及销售。 产品：妇科用药、儿科用药、呼吸科用药、其他、洁尔阴洗液、洁尔阴软膏、洁尔阴泡腾片、恩威草本抑菌洗液、山麦健脾口服液、化积口服液、健儿药丸、小儿氨酚黄那敏颗粒、小儿咳喘灵颗粒、加味藿香正气合剂、复方氨酚烷胺片、复方银翘氨敏胶囊、抗病毒口服液、六味地黄胶囊、人参养荣膏、益肺健脾颗粒、玉屏风口服液、妇科类、大健康产品、感冒类、补益类,baostock+akshare
301332.SZ,德尔玛,A股,C38电气机械和器材制造业,,家电的自主研发、原创设计、自有生产、自营销售。 产品：家居环境类、水健康类、个护健康类、全功能扫地机、推入式洗地机、自集尘吸尘器、布艺清洁机、冷热冰净饮机、冷热净饮机、厨下净水器、立式饮水机、即热饮水机、眼部按摩器、头部按摩器、腰部按摩器、颈部按摩器、筋膜枪,baostock+akshare
301333.SZ,诺思格,A股,M73研究和试验发展,,为全球的医药企业和科研机构提供综合的药物临床研发全流程一体化服务。 产品：临床试验运营服务、临床试验现场管理服务、数据管理与统计分析服务、生物样本检测服务、临床试验咨询服务、临床药理学服务、临床试验相关及实验室服务、临床试验技术服务,baostock+akshare
301335.SZ,天元宠物,A股,C41其他制造业,,以宠物用品的设计开发、生产和销售业务为基础，积极拓展宠物食品销售业务。 产品：宠物窝垫、猫爬架、宠物玩具、电子宠物用品、宠物服饰、宠物牵引用具、宠物食品、其他用品,baostock+akshare
301336.SZ,趣睡科技,A股,C21家具制造业,,高品质易安装家具、家纺等家居产品的研发、设计、生产（以外包生产方式实现）与销售。 产品：床垫产品、枕头产品、床类产品、生活周边产品、其他家具产品、沙发产品、被子、毯类产品、高品质易安装家具、家纺等家居产品、被子、毯类产品,baostock+akshare
301337.SZ,亚华电子,A股,I65软件和信息技术服务业,,医院智能通讯交互系统的研发、生产和销售。 产品：病房智能通讯交互系统、门诊服务交互系统、第一代病房智能通讯交互系统、第二代病房智能通讯交互系统、第三代病房智能通讯交互系统、分机、配件及其他,baostock+akshare
301338.SZ,凯格精机,A股,C35专用设备制造业,,自动化精密装备的研发、生产、销售及技术支持服务。 产品：锡膏印刷设备、点胶设备、封装设备、柔性自动化设备,baostock+akshare
301339.SZ,通行宝,A股,I65软件和信息技术服务业,数据中心/云厂商,以ETC为载体的智慧交通电子收费业务，以云计算、人工智能、物联网、大数据、大模型等技术为支撑的智慧交通运营管理系统研发业务，智慧交通生态业务。 产品：智慧交通电子收费业务、智慧交通运营管理系统业务、智慧交通生态业务、ETC发行业务、电子收费服务、慧交通运营管理系统业务,baostock+akshare
301345.SZ,涛涛车业,A股,C37铁路、船舶、航空航天和其他运输设备制造业,,全地形车、电动高尔夫球车、电动滑板车、电动平衡车、电动自行车及其配件、用品的研发、生产和销售。 产品：电动出行产品、动力运动产品、电动自行车、电动滑板车、电动平衡车、越野摩托车、全地形车、其他,baostock+akshare
301348.SZ,蓝箭电子,A股,C39计算机、通信和其他电子设备制造业,,半导体封装测试业务。 产品：自有品牌、封测服务、其他(补充),baostock+akshare
301349.SZ,信德新材,A股,C26化学原料和化学制品制造业,,负极包覆材料产品的研发、生产与销售。 产品：负极包覆材料、沥青基碳纤维制品、裂解萘馏分、炭黑原料油、碳纤维制品、树脂,baostock+akshare
301353.SZ,普莱得,A股,C34通用设备制造业,,电动工具研发、设计、生产和销售。 产品：电动工具、手动工具、工具配件、热风枪、多功能烧草机、电动喷枪、高压无气喷枪、吸尘器、吹风机、电动钉枪、冲钻、轻锤、清洗刷、多功能花园工具、抛光机、金属切割锯、电池包、充电器,baostock+akshare
301355.SZ,南王科技,A股,C22造纸和纸制品业,,环保纸袋、食品包装、无纺布袋及标签、收银纸等包装的研发、制造和销售。 产品：环保纸袋、食品包装、无纺布袋、标签、收银纸,baostock+akshare
301356.SZ,天振股份,A股,C29橡胶和塑料制品业,,PVC复合地板与新型RPET复合地板的研发、生产和销售。 产品：SPC地板、WPC地板、LVT地板、RPET地板,baostock+akshare
301357.SZ,北方长龙,A股,C41其他制造业,,以非金属复合材料的性能研究、工艺结构设计和应用技术为核心的军用车辆配套装备的研发、设计、生产和销售业务。 产品：军用车辆人机环系统内饰、军用配套装备、无人机、弹药装备、军用车辆辅助装备、军用车辆通信装备,baostock+akshare
301358.SZ,湖南裕能,A股,C39计算机、通信和其他电子设备制造业,锂电材料;电芯,锂离子电池正极材料研发、生产和销售。 产品：磷酸盐正极材料、其他(补充)、其他产品,baostock+akshare
301359.SZ,东南电子,A股,C38电气机械和器材制造业,,微动开关产品的设计、研发、生产及销售。 产品：家电微动开关及组件、汽车微动开关及组件、电动工具微动开关、智能低压微动开关、M1TI型蜡马达驱动器、其他,baostock+akshare
301360.SZ,荣旗科技,A股,C35专用设备制造业,,智能装备的研发、设计、生产、销售及技术服务。 产品：智能检测装备、智能组装装备、治具及配件,baostock+akshare
301361.SZ,众智科技,A股,C38电气机械和器材制造业,电芯;PACK/BMS,发电机组及发动机控制系统、新能源微电网控制系统、电网控制系统等自动化产品的研发、制造、销售和服务。 产品：控制器类产品、组件类产品、陆用/船用发电机组及发动机控制器、双/多电源自动切换控制器、工程机械控制器、EMS、BMS、DVR、PMS、电气控制柜、储能电池柜、蓄电池充电器、发动机加热器、PCS、云监控模块、传感器模块、通信模块、电力保护模块、I/O扩展模块、其他类产品,baostock+akshare
301362.SZ,民爆光电,A股,C38电气机械和器材制造业,,LED绿色照明灯具产品的研发、生产和销售。 产品：商业照明、工业照明、特种照明、筒灯、吸顶灯、面板灯、支架灯、墙壁灯、轨道灯、工矿灯、泛光灯、路灯、壁灯、庭院灯、洗墙灯、植物灯、应急灯、美容面罩、红外理疗仪、防爆灯、商业照明灯具、工业照明灯具、特种照明灯具,baostock+akshare
301363.SZ,美好医疗,A股,C35专用设备制造业,,医疗器械精密组件及产品的设计开发、制造和销售。 产品：呼吸管理与监护类、五官及神经类、其他医疗器械类、家用及消费电子类、智能装备与技术服务,baostock+akshare
301365.SZ,矩阵股份,A股,M74专业技术服务业,,空间设计与软装陈设业务。 产品：空间设计、软装陈设、其他业务收入,baostock+akshare
301366.SZ,一博科技,A股,C39计算机、通信和其他电子设备制造业,PCB,PCB研发设计服务、PCB和PCBA制造服务及其销售。 产品：PCB设计服务、PCBA制造服务、其他(补充),baostock+akshare
301367.SZ,瑞迈特,A股,C35专用设备制造业,,电子医疗健康设备及医用耗材技术开发；销售医疗器械Ⅱ类、手推车；生产医疗器械Ⅱ类。 产品：家用无创呼吸机、通气面罩、睡眠监测仪、高流量湿化氧疗仪、制氧机、呼吸健康慢病管理服务、家用呼吸诊疗产品、耗材产品、医用产品,baostock+akshare
301368.SZ,丰立智能,A股,C34通用设备制造业,机器人减速器,小模数齿轮、精密减速器及相关零部件等产品研发、生产与销售。 产品：齿轮、气动工具及零部件、精密减速器(谐波减速器)及零部件、新能源传动,baostock+akshare
301369.SZ,联动科技,A股,C35专用设备制造业,,半导体行业后道封装测试领域专用设备的研发、生产和销售。 产品：半导体自动化测试系统、激光打标设备、其他机电一体化设备、功率半导体测试系统、小信号分立器件高速测试系统、模拟及数模混合集成电路测试系统、大规模数字SoC类集成电路测试系统、激光打标机、探针台、半导体激光打标设备及其他一体化设备、配件、维修及其他技术服务,baostock+akshare
301370.SZ,国科恒泰,A股,F51批发业,,医疗器械的分销和直销业务，并在业务开展过程中提供仓储物流配送、流通渠道管理、流通过程信息管理以及医院SPD运营管理等专业服务。 产品：血管介入治疗类材料、骨科材料、非血管介入治疗类材料、冠脉介入治疗材料、外周血管介入、脑血管介入、心脏介入、消化介入材料、其他产品,baostock+akshare
301371.SZ,敷尔佳,A股,C26化学原料和化学制品制造业,,专业皮肤护理产品的研发、生产与销售。 产品：医疗器械、化妆品、其他(补充),baostock+akshare
301372.SZ,科净源,A股,N77生态保护和环境治理业,,水环境系统治理的创新型综合服务。 产品：水处理产品、水环境综合治理方案、项目运营服务,baostock+akshare
301373.SZ,凌玮科技,A股,C26化学原料和化学制品制造业,,纳米二氧化硅新材料的研发、生产与销售、水性环氧乳液与固化剂及其他材料的销售。 产品：纳米新材料、水性环氧乳液、固化剂、纳米二氧化硅、纳米氧化铝、水性环氧乳液与固化剂、其他,baostock+akshare
301376.SZ,致欧科技,A股,F52零售业,,自有品牌家具家居产品的研发、设计和销售。 产品：家具系列、家居系列、宠物系列、运动户外,baostock+akshare
301377.SZ,鼎泰高科,A股,C33金属制品业,PCB,为PCB、数控精密机件等领域的企业提供工具、材料、装备的一体化解决方案。 产品：精密刀具、研磨抛光材料、智能数控装备、功能性膜材料、功能性膜材料及智能数控装备,baostock+akshare
301378.SZ,通达海,A股,I65软件和信息技术服务业,机器人本体/集成,为法院等客户提供电子政务领域信息化建设的综合服务。 产品：应用软件开发、应用软件服务、司法辅助服务、系统集成、园区开发与运营,baostock+akshare
301379.SZ,天山电子,A股,C39计算机、通信和其他电子设备制造业,,触显一体领域定制化液晶显示屏及显示模组、触控模组、复杂模组的研发、设计、生产和销售。 产品：单色液晶显示屏、单色液晶显示模组、彩色液晶显示模组、触摸屏、复杂模组,baostock+akshare
301380.SZ,挖金客,A股,I65软件和信息技术服务业,,数字化应用技术和信息服务提供。 产品：移动信息化服务、数字营销服务、数字化技术、应用解决方案、数字化技术与应用解决方案,baostock+akshare
301381.SZ,赛维时代,A股,F52零售业,,跨境出口电商业务。 产品：服饰配饰品类、非服饰配饰品类、男装、女装、家居服、内衣、童装、运动娱乐、物流服务、跨境出口电商、其他,baostock+akshare
301382.SZ,蜂助手,A股,I64互联网和相关服务,,数字商品的综合运营服务。 产品：数字商品综合运营服务、物联网IOT解决方案、云终端技术、算力运营、技术服务、数字商品综合运营、物联网流量运营及解决方案、云终端技术及云服务,baostock+akshare
301383.SZ,天键股份,A股,C39计算机、通信和其他电子设备制造业,,耳机等智能音频产品的研发、设计与生产。 产品：耳机产品、入耳式耳机、头戴式耳机、TWS耳机、OWS耳机、骨传导耳机、AI翻译耳机、游戏耳机、其他声学产品、其他(补充),baostock+akshare
301386.SZ,未来电器,A股,C38电气机械和器材制造业,服务器与终端,低压断路器附件的研发、生产和销售。 产品：智能终端电器、塑壳断路器附件、框架断路器附件、其他辅助类成品,baostock+akshare
301387.SZ,光大同创,A股,C39计算机、通信和其他电子设备制造业,,消费电子防护性及功能性产品的研发、生产与销售。 产品：功能类产品、防护类产品、其他,baostock+akshare
301388.SZ,欣灵电气,A股,C38电气机械和器材制造业,,生产继电器、配电控制、电气传动与控制、仪器仪表等低压电器产品。 产品：继电器、配电控制、电气传动与控制、传感器、仪器仪表、开关,baostock+akshare
301389.SZ,隆扬电子,A股,C39计算机、通信和其他电子设备制造业,,各类电磁屏蔽材料和部分绝缘材料的研发、生产和销售。 产品：屏蔽材料、缓冲减震材料、电子胶粘材料、导热界面材料、电子铜箔材料、电子胶黏材料,baostock+akshare
301390.SZ,经纬股份,A股,M74专业技术服务业,,为用户提供电力和新能源的规划咨询、设计、工程建设、运行维护等电力一体化服务和以“光储充”为核心的新能源建设、节能服务、购售电服务、能效管理、碳服务等综合能源服务；提供基于公司云渲染技术、数字孪生三维引擎的数智应用平台开发服务。 产品：电力一体化服务、电力工程建设及电力设备销售、电力运维、电力工程建设、电力咨询设计、电力设备销售,baostock+akshare
301391.SZ,卡莱特,A股,C39计算机、通信和其他电子设备制造业,,提供视频图像领域专业化显示控制产品。 产品：接收卡、发送器、视频处理设备、云联网播放器、配件及其他、LED显示控制系统,baostock+akshare
301392.SZ,汇成真空,A股,C34通用设备制造业,,真空镀膜设备研发、生产、销售及其技术服务。 产品：真空镀膜设备、配件及耗材、技术服务及其他、中频磁控溅射镀膜设备、高精密电子束蒸发光学镀膜设备、磁控溅射光学镀膜设备、磁控溅射卷绕镀膜设备、大型金属卷材表面改性连续卷绕镀膜生产线、连续式磁控溅射镀膜设备、柔性材料卷绕镀膜设备、卧式矩形线列式磁控溅射镀膜设备、立式细长管真空镀膜设备、光刻掩膜版/铬版镀膜设备、非均匀镀膜设备、技术服务、真空干燥设备、单晶炉、真空镀膜设备-工业品、真空镀膜设备-其他消费品、真空镀膜设备-消费电子,baostock+akshare
301393.SZ,昊帆生物,A股,C26化学原料和化学制品制造业,,多肽合成试剂的研发、生产与销售。 产品：多肽合成试剂、通用型分子砌块、蛋白质试剂、脂质体与脂质纳米粒药用试剂、原料药、医药中间体等,baostock+akshare
301395.SZ,仁信新材,A股,C26化学原料和化学制品制造业,,聚苯乙烯高分子新材料的研发、生产和销售。 产品：聚苯乙烯、GPPS、HIPS,baostock+akshare
301396.SZ,宏景科技,A股,I65软件和信息技术服务业,,在智慧民生、城市综合管理、智慧园区领域，为遍布各行业的客户提供专业和系统的全流程解决方案。 产品：算力服务、城市综合管理、智慧园区、智慧民生、运维服务、智慧城市,baostock+akshare
301397.SZ,溯联股份,A股,C36汽车制造业,新能源车/储能,汽车用塑料流体管路产品及其零部件的设计、研发、生产及销售。 产品：汽车流体管路及总成、汽车流体控制件、汽车燃油管路总成、汽车蒸发排放管路总成、汽车真空制动管路总成、新能源汽车热管理系统管路总成、其他流体管路、汽车流体控制件及紧固件、汽车流体控制件及精密注塑件、其他(补充),baostock+akshare
301398.SZ,星源卓镁,A股,C33金属制品业,,镁合金、铝合金精密压铸件和配套压铸模具的研发、生产和销售。 产品：镁合金压铸件、铝合金压铸件、模具,baostock+akshare
301399.SZ,英特科技,A股,C34通用设备制造业,液冷,高效换热器的研发、生产及销售。 产品：高效新型壳管式换热器、同轴套管式换热器、板式换热器、降膜式换热器、蒸发式冷凝器、液冷散热器、分配器、换热器、分配器及其他,baostock+akshare
301408.SZ,华人健康,A股,F52零售业,,集医药零售、医药代理、研发生产及终端集采。 产品：中西成药、中药饮片、保健品、医疗器械、原料药、其他商品,baostock+akshare
301413.SZ,安培龙,A股,C39计算机、通信和其他电子设备制造业,,热敏电阻及温度传感器、压力传感器、氧传感器、力传感器研发、生产、销售。 产品：热敏电阻及温度传感器、压力传感器、氧传感器、力传感器、氧传感器及其他,baostock+akshare
301418.SZ,协昌科技,A股,C38电气机械和器材制造业,,运动控制产品及功率芯片的研发、生产和销售。 产品：功率芯片产品、运动控制产品、晶圆、封装成品、运动控制器、运动控制模块,baostock+akshare
301419.SZ,阿莱德,A股,C39计算机、通信和其他电子设备制造业,,提供射频与透波防护器件、EMI及IP防护器件和电子导热散热器件等用于移动通信基站设备内、外部的零部件产品，以及包括前期研发设计介入、中期产品开发、后期生产制造和最终产品验证在内的零部件整体解决方案。 产品：射频与透波防护器件、EMI及IP防护器件、电子导热散热器件、天线罩、天线振子、精密嵌件注塑、防水透气阀、导电硅胶材料、射频与防护器件,baostock+akshare
301421.SZ,波长光电,A股,C40仪器仪表制造业,,精密光学元件与组件的研发、生产和销售，提供各类光学设备、光学设计以及光学检测的整体解决方案。 产品：光学元件、光学组件、光学系统方案、检测设计工具、光学系统方案与检测设计工具及其他,baostock+akshare
301428.SZ,世纪恒通,A股,I64互联网和相关服务,,为金融机构、电信运营商、互联网公司、高速公路集团等拥有众多C端用户的大型企业客户提供用户增值和拓展服务。 产品：车主信息服务、生活信息服务、商务流程服务,baostock+akshare
301429.SZ,森泰股份,A股,C26化学原料和化学制品制造业,,高性能木塑复合材料、新型石木塑复合材料及其制品和应用的研发、设计、生产、销售。 产品：高性能木塑复合材料产品、新型石木塑复合材料产品、装配式建筑、其他,baostock+akshare
301439.SZ,泓淋电力,A股,C38电气机械和器材制造业,,电源线组件和特种线缆的研发、生产和销售。 产品：电源线组件、特种线缆、其他,baostock+akshare
301446.SZ,福事特,A股,C34通用设备制造业,,液压管路系统研发、生产及销售。 产品：硬管总成、软管总成、油箱、车载灭火系统、其他、灭火系统,baostock+akshare
301448.SZ,开创电气,A股,C34通用设备制造业,,手持式电动工具整机及核心零部件的研发、生产、销售及贸易。 产品：切割工具、打磨工具、配件及其他工具、钻孔紧固工具、电圆锯、往复锯、多功能锯、角磨机、冲击钻、电扳手、电链锯、吹风机、割草机、扫雪机,baostock+akshare
301449.SZ,天溯计量,A股,M74专业技术服务业,,计量服务、检测服务、认证服务等专业技术服务。 产品：计量服务、检测服务、认证业务、产品检测测试服务、产品认证服务、认证服务,baostock+akshare
301456.SZ,盘古智能,A股,C35专用设备制造业,,集中润滑系统和液压系统的研发、生产与销售。 产品：集中润滑系统、齿轮箱润滑系统、液压站、液压变桨系统、液压偏航系统、膜片联轴器、润滑系统及配件、液压系统及配件、其他业务,baostock+akshare
301458.SZ,钧崴电子,A股,C39计算机、通信和其他电子设备制造业,,电流感测精密电阻及熔断器的设计、研发、制造和销售。 产品：电流感测精密电阻、熔断器、其他,baostock+akshare
301459.SZ,丰茂股份,A股,C29橡胶和塑料制品业,,精密橡胶零部件研发及产业化。 产品：传动系统部件、流体管路系统部件、密封系统部件、空气悬架系统部件、传动带、张紧轮、进气系统管路、冷却系统管路、其他系统管路、制动系统密封件、油封密封件、其他密封件、空气弹簧、传动系统、流体管路系统、密封系统,baostock+akshare
301468.SZ,博盈特焊,A股,C35专用设备制造业,,防腐防磨堆焊装备、非堆焊的锅炉部件、压力容器及高端钢结构件的研发、生产和销售。 产品：防腐防磨堆焊装备、堆焊水冷壁、堆焊集箱、堆焊过热器、堆焊复合管、非堆焊的锅炉部件、燃汽轮机余热锅炉、压力容器、高端钢结构件、防腐耐磨堆焊产品、其他,baostock+akshare
301469.SZ,恒达新材,A股,C22造纸和纸制品业,,特种纸原纸的研发、生产和销售。 产品：医疗及食品包装原纸、工业特种纸原纸、卷烟配套原纸、医疗包装原纸、食品包装原纸、其他(补充),baostock+akshare
301479.SZ,弘景光电,A股,C39计算机、通信和其他电子设备制造业,机器人传感器,光学镜头及摄像模组产品的研发、设计、生产和销售。 产品：智能汽车光学镜头、智能汽车摄像模组、新兴消费光学镜头、新兴消费摄像模组、全景/运动相机光学镜头及摄像模组、智能家居光学镜头及摄像模组、车载视频行驶记录系统（DVR）镜头、驾驶员监测系统（DMS）镜头、乘客监测系统（OMS）镜头、高级驾驶辅助系统（ADAS）镜头、全景式监控影像系统（AVM）镜头、电子后视镜（CMS）镜头、人工智能（AI）硬件光学镜头及摄像模组、机器视觉光学镜头及摄像模组,baostock+akshare
301486.SZ,致尚科技,A股,C39计算机、通信和其他电子设备制造业,,消费类电子、光通信产品及自动化设备的研发、设计、生产和销售。 产品：游戏机零部件、电子连接器、光通信产品、自动化设备、光纤连接器、自动化设备等、应用覆盖各类消费电子、通信电子、工业自动化,baostock+akshare
301487.SZ,盟固利,A股,C26化学原料和化学制品制造业,锂电材料,钴酸锂、三元正极材料的研发、生产与销售。 产品：钴酸锂、三元正极材料、前瞻材料、4.45V钴酸锂、4.48V钴酸锂、4.50V高电压钴酸锂、4.53V高电压钴酸锂、相钴酸锂、5系三元、6系高电压三元、9系超高镍三元、NCA系列三元、富锂锰基正极材料、固态电解质材料、高熵复合材料、正极补锂材料、钠电正极材料、三元材料、其他,baostock+akshare
301488.SZ,豪恩汽电,A股,C39计算机、通信和其他电子设备制造业,,汽车智能驾驶感知系统的研发、设计、制造和销售。 产品：汽车智能驾驶感知系统、租赁及物业、其他,baostock+akshare
301489.SZ,思泉新材,A股,C39计算机、通信和其他电子设备制造业,液冷,电子电气产品功能性材料的研发、生产和销售。 产品：热管理产品、石墨散热膜、石墨散热片、导热界面材料、散热风扇、热管、VC（均温板）、3DVC、超薄VC、风冷散热模组、液冷散热模组、热管理材料、其他(补充)、其中:其他业务-销售材料、废品等,baostock+akshare
301491.SZ,汉桑科技,A股,C39计算机、通信和其他电子设备制造业,,高性能音频产品、创新音频产品及其他产品的研发、生产和销售。 产品：高性能音频产品、创新音频产品、其他产品及服务,baostock+akshare
301498.SZ,乖宝宠物,A股,C13农副食品加工业,,宠物食品的研发、生产和销售。 产品：主粮系列、零食系列、犬猫保健品系列、主粮、零食、保健品及用品,baostock+akshare
301499.SZ,维科精密,A股,C36汽车制造业,,汽车电子精密零部件、非汽车连接器及零部件和精密模具的研发、生产和销售。 产品：动力系统零部件、底盘系统零部件、汽车连接器及零部件、精密模具及备件、汽车电子-其他,baostock+akshare
301500.SZ,飞南资源,A股,C42废弃资源综合利用业,,有色金属类危险废物处置及再生资源回收利用业务。 产品：危废处置服务、资源化产品、电解铜、阳极泥、铜锡泥、烟尘灰、硫酸镍、危险废物处置、其他(补充),baostock+akshare
301501.SZ,恒鑫生活,A股,C22造纸和纸制品业,,绿色低碳生物基制品研发、生产、销售。 产品：绿色低碳生物基制品、传统包装产品、竹制品、生物基餐饮具、餐饮包装产品、PE淋膜纸杯/碗、PP/PET塑料杯、PS/PP/PET塑料杯盖、刀叉勺、筷子、吸管、竹签、可降解产品、不可降解产品、其他(补充),baostock+akshare
301502.SZ,华阳智能,A股,C38电气机械和器材制造业,,微特电机及应用产品的研发、生产和销售。 产品：微特电机及组件、精密注射给药装置、其他,baostock+akshare
301503.SZ,智迪科技,A股,C39计算机、通信和其他电子设备制造业,,键盘、鼠标等计算机外设产品的研发、生产及销售。 产品：键盘、鼠标、键鼠套装,baostock+akshare
301505.SZ,苏州规划,A股,M74专业技术服务业,,为政府及各类开发建设主体提供精准有效并兼具操作性的城市规划建设解决方案。 产品：规划设计、工程设计、智慧城市、工程总承包及管理,baostock+akshare
301507.SZ,民生健康,A股,C27医药制造业,,药品、保健食品、功能性食品研发、生产、销售。 产品：维生素与矿物质补充剂系列、其他保健品、益生菌、治疗型用药、其他保健品及其他,baostock+akshare
301508.SZ,中机认检,A股,M74专业技术服务业,,汽车整车、军用装备、工程机械、特种设备、民航地面设备、零部件等产品检验检测服务，以及产品认证、体系认证和服务认证等认证服务。 产品：汽车整车类检测、工程机械和特种设备类检测、军品民航类检测、零部件类检测、产品认证、体系认证、汽车设计、检测业务、认证业务,baostock+akshare
301509.SZ,金凯生科,A股,C27医药制造业,临床服务/CDMO,提供小分子药物中间体以及少量原料药的定制研发生产服务。 产品：CDMO业务、含氟类产品、非含氟类产品、销售商品、技术服务、其他(补充),baostock+akshare
301510.SZ,固高科技,A股,C40仪器仪表制造业,伺服系统,运动控制核心部件、运动控制系统级解决方案、运动控制整机、人才培养与输出。 产品：运动控制器、伺服驱动器、编码器、运动控制核心部件类、运动控制系统类、运动控制整机类,baostock+akshare
301511.SZ,德福科技,A股,C39计算机、通信和其他电子设备制造业,,各类高性能电解铜箔的研发、生产和销售。 产品：电子电路铜箔、锂电铜箔、其他(补充),baostock+akshare
301512.SZ,智信精密,A股,C35专用设备制造业,机器人传感器;机器人应用,以自主研发的机器视觉及工业软件开发为核心，在智能制造设备领域攻克了行业内多项技术难点，通过以专用软件平台、机器视觉、精密运动控制为驱动，为客户实现生产智能化提供软硬件一体化系统解决方案。 产品：自动化设备、自动化线体、夹治具、改造及技术服务、钢壳外观检测设备、电池泄漏自动测试设备、显示屏贴遮蔽膜设备、超薄玻璃自动插取项目、手机侧边按键组装线体、电池泄漏自动测试线、手机摄像头模组检测及组装段上下料线体、电池泄漏自动测试线体、LIPO自动线体、手机中框零组件装配线体,baostock+akshare
301513.SZ,尚水智能,A股,C35专用设备制造业,,融合工艺能力的智能装备的研发、设计、生产与销售。 产品：新能源电池极片制造智能装备、新材料制备智能装备、配件及改造服务,baostock+akshare
301515.SZ,港通医疗,A股,C35专用设备制造业,,提供现代化的医疗器械研发制造及医疗专业系统整体方案。 产品：医用气体装备及系统、医用洁净装备及系统、医疗设备及其他产品销售、运维服务,baostock+akshare
301516.SZ,中远通,A股,C39计算机、通信和其他电子设备制造业,,各类电源产品的研发、生产和销售业务。 产品：通信电源、新能源电源、工控电源、其他电源、技术开发服务,baostock+akshare
301517.SZ,陕西华达,A股,C39计算机、通信和其他电子设备制造业,,电连接器及互连产品的研发、生产和销售。 产品：射频同轴连接器、低频连接器、射频同轴电缆组件、电镀劳务、其他产品,baostock+akshare
301518.SZ,长华化学,A股,C26化学原料和化学制品制造业,,聚醚产品的研发、生产、销售。 产品：POP、软泡用PPG、CASE用聚醚、特种聚醚、CASE用聚醚及特种聚醚,baostock+akshare
301519.SZ,舜禹股份,A股,N77生态保护和环境治理业,,二次供水和污水处理。 产品：二次供水设备、污水处理解决方案、污水处理项目运营、二次供水、污水处理、其他(补充),baostock+akshare
301520.SZ,万邦医药,A股,M73研究和试验发展,,药学和临床研究一站式服务。 产品：临床研究服务、药学研究服务、其他,baostock+akshare
301522.SZ,上大股份,A股,C33金属制品业,,高温及高性能合金、高品质特种不锈钢等特种合金产品的研发、生产和销售。 产品：高温及高性能合金、高品质特种不锈钢、高温合金、超高纯不锈钢、耐蚀合金、超高强合金、精密合金、其他产品,baostock+akshare
301525.SZ,儒竞科技,A股,C38电气机械和器材制造业,伺服系统;新能源车/储能,电力电子及电机控制领域综合产品的研发、生产与销售，以及变频节能与智能控制应用方案的提供。 产品：暖通空调及冷冻冷藏设备、新能源汽车热管理系统、伺服驱动及控制系统、HVAC/R变频驱动器、空调系统控制器及变频驱动器、热泵系统控制器及变频驱动器、冷冻冷藏系统控制器及变频驱动器、电动压缩机控制器、PTC控制器、热管理多合一控制器、高压电驱&电机、低压电驱&电机、高性能矢量变频器,baostock+akshare
301526.SZ,国际复材,A股,C30非金属矿物制品业,,玻璃纤维及其制品研发、生产、销售。 产品：玻璃纤维、制品、玻璃纤维制品、玻璃纤维及制品、其他,baostock+akshare
301528.SZ,多浦乐,A股,C40仪器仪表制造业,,无损检测设备的研发、生产和销售。 产品：超声工业无损检测设备、超声换能器、其他检测配套零部件、工业无损检测设备、配套零部件,baostock+akshare
301529.SZ,福赛科技,A股,C36汽车制造业,,汽车内饰件研发、生产和销售。 产品：功能件、装饰件及新能源三电嵌件、装饰件、其他(补充),baostock+akshare
301531.SZ,春光集团,A股,C39计算机、通信和其他电子设备制造业,,软磁铁氧体磁粉的研发、生产和销售。 产品：软磁铁氧体磁粉、软磁铁氧体磁心、电子元器件、电源,baostock+akshare
301533.SZ,威马农机,A股,C35专用设备制造业,,山地丘陵农业机械及其他动力机械产品的研发设计、生产制造和销售。 产品：山地丘陵农业机械、其他动力机械、耕整地机械、种植机械、田间管理机械、农用搬运机械、收获机械、排灌机械、内燃机、扫雪机、高压清洗机、发电机组、小型建筑机械、山地丘陵农业机械产品、其他动力机械产品、配件及其他,baostock+akshare
301535.SZ,浙江华远,A股,C36汽车制造业,,定制化汽车系统连接件的研发、生产及销售。 产品：异型紧固件、标准紧固件、座椅锁、其他锁具、紧固件、锁具、其他(补充),baostock+akshare
301536.SZ,星宸科技,A股,C39计算机、通信和其他电子设备制造业,,视觉AI系统级芯片的研发及销售。 产品：集成电路设计、智能安防、智能物联、智能车载、3D感知、富芮坤蓝牙芯片,baostock+akshare
301538.SZ,骏鼎达,A股,C29橡胶和塑料制品业,,高分子改性保护材料的设计、研发、生产与销售。 产品：功能性保护套管、纺织套管、编织套管、挤出套管、复合套管、其他,baostock+akshare
301539.SZ,宏鑫科技,A股,C36汽车制造业,,汽车锻造铝合金车轮的研发、设计、制造和销售。 产品：汽车锻造铝合金车轮、商用车车轮、乘用车车轮、其他,baostock+akshare
301548.SZ,崇德科技,A股,C34通用设备制造业,,动压油膜滑动轴承的研发、设计、生产及销售，滚动轴承及相关产品等的销售。 产品：动压油膜滑动轴承总成、动压油膜滑动轴承组件、滚动轴承相关产品、备品备件、润滑系统、高速电机、风电齿轮箱用滑动轴承、轴承组件、轴承总成、其他产品,baostock+akshare
301550.SZ,斯菱智驱,A股,C36汽车制造业,,汽车零部件产品的研发、制造和销售。 产品：轮毂轴承单元、轮毂轴承、圆锥轴承、离合器轴承、涨紧轮及惰轮轴承、单向皮带轮、重卡轴承、驱动电机轴承、制动系统类轴承、传动系统类轴承、动力系统类轴承,baostock+akshare
301551.SZ,无线传媒,A股,I63电信、广播电视和卫星传输服务,,IPTV集成播控服务。 产品：IPTV基础业务、IPTV增值业务、购物频道传输服务、其他业务、其他(补充),baostock+akshare
301552.SZ,科力装备,A股,C36汽车制造业,,汽车玻璃总成组件产品的研发、生产和销售。 产品：风挡玻璃安装组件、侧窗玻璃升降组件、角窗玻璃总成组件,baostock+akshare
301555.SZ,惠柏新材,A股,C26化学原料和化学制品制造业,,特种配方改性环氧树脂系列产品的研发、生产和销售。 产品：风电叶片用环氧树脂系列、新型复合材料用环氧树脂系列、电子电气绝缘封装用环氧树脂、量子点相关产品及其他,baostock+akshare
301556.SZ,托普云农,A股,I65软件和信息技术服务业,,以数字化、智能化的方式为农业提供信息化服务。 产品：智慧农业项目、智能硬件设备、其他技术服务,baostock+akshare
301557.SZ,常友科技,A股,C30非金属矿物制品业,,高分子复合材料制品、轻量化夹芯材料制品的研发、生产与销售业务。 产品：风电机组罩体（包括机舱罩和导流罩）、风电轻量化夹芯材料（包括巴沙木制品、PVC泡沫制品、PET泡沫制品）、轨道交通车辆部件、风电机组罩体、风电轻量化夹芯材料、其他(补充),baostock+akshare
301558.SZ,三态股份,A股,F52零售业,,出口跨境电商零售业务及出口跨境电商物流业务。 产品：出口跨境电商零售业务、出口跨境电商物流业务、AISaaS软件业务、潮流时尚、工具配件、家居生活、数码科技、兴趣爱好、国际专线、国际邮政、商业快递、海运专线、仓储服务、小睿助手、小睿Chat、跨境电商商品销售、跨境电商物流销售、其他收入,baostock+akshare
301559.SZ,中集环科,A股,C34通用设备制造业,,罐式集装箱的设计研发、生产制造和销售。 产品：标准不锈钢液体罐箱、特种不锈钢液体罐箱、碳钢罐箱、医疗设备部件、核心部件、不锈钢液体标准罐箱、不锈钢液体特种罐箱、其他(补充),baostock+akshare
301560.SZ,众捷汽车,A股,C36汽车制造业,,汽车热管理系统精密加工零部件的研发、生产和销售。 产品：汽车零部件、汽车空调热交换器、管路系统、油冷器、热泵系统、电池冷却器、汽车发动机系统、汽车热管理系统零部件、其他,baostock+akshare
301563.SZ,云汉芯城,A股,F51批发业,,电子元器件销售业务。 产品：半导体器件、被动器件、连接器、模拟芯片、逻辑芯片、存储器、微处理器、分立器件、传感器、光电子、电容、电感、电阻、电子元器件销售收入、其他,baostock+akshare
301565.SZ,中仑新材,A股,C29橡胶和塑料制品业,,功能性BOPA膜材、BOPP新能源膜材、生物降解BOPLA膜材及聚酰胺6（PA6）等相关薄膜新材料产品的研发、生产和销售。 产品：通用型BOPA膜材、新型BOPA膜材、聚酰胺6（PA6)、生物降解BOPLA膜材、功能性BOPA膜材/生物降解BOPLA膜材、BOPP膜材、聚酰胺6（PA6）、通用型BOPA薄膜、聚酰胺6(PA6)、新型BOPA薄膜,baostock+akshare
301566.SZ,达利凯普,A股,C39计算机、通信和其他电子设备制造业,,射频微波瓷介电容器的研发、制造及销售。 产品：射频微波多层瓷介电容器、瓷介电容器、其他,baostock+akshare
301567.SZ,贝隆精密,A股,C39计算机、通信和其他电子设备制造业,,生产和销售精密结构件。 产品：智能手机领域、非智能手机-可穿戴设备领域、非智能手机-智慧安居领域、非智能手机-汽车电子领域、非智能手机-其他领域、镜头镜筒、摄像模组屏蔽罩、摄像模组载体、潜望式马达镜头支架-IM工艺、潜望式马达镜头支架-IM&LSR工艺、OIS马达支架、智能手表天线、耳机内壳、VR眼镜镜筒、VR眼镜压圈、AR眼镜双目支架、光学透明件、螺纹镜筒、镜座、镜筒、外壳、支架、笔记本散热元件、无人机镜筒、智能手机精密结构件、非智能手机精密结构件、其他(补充),baostock+akshare
301568.SZ,思泰克,A股,C35专用设备制造业,机器人传感器,机器视觉检测设备的研发、生产、销售及增值服务。 产品：三维锡膏印刷检测设备（3DSPI）、三维自动光学检测设备（3DAOI）、3D机器视觉检测设备、锡膏印刷检测设备、自动光学检测设备、其他(补充),baostock+akshare
301571.SZ,国科天成,A股,C39计算机、通信和其他电子设备制造业,,以红外热成像等光电领域业务为核心以及导航、遥感和信息系统业务。 产品：光电业务、导航业务、遥感业务、信息系统业务,baostock+akshare
301575.SZ,艾芬达,A股,C33金属制品业,,暖通家居产品和暖通零配件的研发、设计、生产和销售。 产品：卫浴毛巾架、暖通零配件、插接式、搭接式、古典式、温控阀、暖气阀、磁滤器、其他暖通产品,baostock+akshare
301577.SZ,美信科技,A股,C39计算机、通信和其他电子设备制造业,交换机/服务器;PACK/BMS,磁性元器件的研发、生产与销售。 产品：信号类磁性元器件、功率类磁性元器件、网络变压器、BMS信号变压器、RF射频变压器、片式绕线电感、平板变压器、驱动变压器、POE变压器、电流互感器、共模电感、OBC变压器、PFC电感、BOOST电抗器、AI服务器变压器、一体成型电感、功率类磁性元器件及其他、其他(补充),baostock+akshare
301578.SZ,辰奕智能,A股,C39计算机、通信和其他电子设备制造业,,智能遥控器和智能产品的设计、研发、生产及销售。 产品：红外遥控器、无线遥控器、智能家居控制器产品、教育产品、其他智能产品,baostock+akshare
301580.SZ,爱迪特,A股,C35专用设备制造业,,口腔修复材料的研发、生产和销售；口腔数字化设备的设计和销售。 产品：口腔修复材料、口腔数字化设备、种植体、全瓷义齿用氧化锆瓷块、牙科用玻璃陶瓷块、牙科可切削树脂块、弹性瓷、增材制造（光固化）树脂、口内扫描仪、切削设备、烧结设备、3D打印机、种植工具盒、无牙颌扫描杆、其他产品及服务,baostock+akshare
301581.SZ,黄山谷捷,A股,C36汽车制造业,,功率半导体模块散热基板研发、生产和销售。 产品：铜针式散热基板、铜平底散热基板、铝针式散热基板、水冷盒、其他(补充)、其他产品,baostock+akshare
301584.SZ,建发致新,A股,F51批发业,,医疗器械直销及分销业务，并为终端医疗机构提供医用耗材集约化运营（SPD）等服务。 产品：血管介入器械、外科器械、IVD（体外诊断）、医疗设备、血管介入、检验试剂(IVD),baostock+akshare
301585.SZ,蓝宇股份,A股,C26化学原料和化学制品制造业,,数码喷印墨水的研发、生产和销售。 产品：分散墨水、活性墨水、其他墨水、水溶性数码喷墨印花墨水、其他(补充),baostock+akshare
301586.SZ,佳力奇,A股,C37铁路、船舶、航空航天和其他运输设备制造业,,先进复合材料的研发、生产、销售及相关服务。 产品：飞机复材零部件、导弹复材零部件、制造及技术服务、其它业务收入,baostock+akshare
301587.SZ,中瑞股份,A股,C33金属制品业,,圆柱锂电池精密安全结构件研发、制造及销售。 产品：锂电池组合盖帽、大圆柱结构件、其他,baostock+akshare
301588.SZ,美新科技,A股,C29橡胶和塑料制品业,,塑木复合材料及其制品的研发、生产和销售。 产品：新型环保塑木型材、户外地板、墙板、组合地板、其他型材,baostock+akshare
301589.SZ,诺瓦星云,A股,C39计算机、通信和其他电子设备制造业,,视频和显示控制核心算法研究及应用，为用户提供专业化软硬件综合解决方案。 产品：LED显示控制系统、视频处理系统、基于云的信息发布与管理系统、LED显示控制、配件及其他,baostock+akshare
301590.SZ,优优绿能,A股,C38电气机械和器材制造业,,充电桩充电模块、充电监控及整体解决方案的研发、生产及销售。 产品：大功率直流充换电模块及解决方案、小功率直流快充模组及解决方案、V2G车网互动充电模组及解决方案、储能充电模块及解决方案、户用光储充放解决方案、家庭智慧能源系列产品、新能源充电产品、线缆、配件等,baostock+akshare
301591.SZ,肯特股份,A股,C29橡胶和塑料制品业,,高性能工程塑料制品及组配件的研发、生产与销售业务。 产品：密封件及组配件、功能结构件、耐腐蚀管件、绝缘件及组配件、四氟膜,baostock+akshare
301592.SZ,六九一二,A股,I65软件和信息技术服务业,,军事训练装备及军用存储控制芯片的研制和销售。 产品：军事训练装备、军用存储控制芯片、军事通信与指挥模拟训练装备、实战化模拟训练装备,baostock+akshare
301595.SZ,太力科技,A股,C29橡胶和塑料制品业,,以高性能纳米材料创新为驱动力，集材料研发、技术验证到材料制造、场景应用、全球化运营于一体。 产品：防护马甲、防护手套、防刺割手套、防刺割背心、防刺割白大褂、真空收纳产品、果蔬锁鲜产品、露营帐篷、应急帐篷、健康家居生活、高性能防护、户外及应急装备,baostock+akshare
301596.SZ,瑞迪智驱,A股,C34通用设备制造业,伺服系统,自动化设备传动与制动系统关键零部件研发、生产与销售。 产品：电磁制动器、精密传动件、谐波减速机、伺服电机、步进电机、微电机、通用电机、无框力矩电机、电梯曳引机、胀套、柔性联轴器、同步轮、RCSG重载杯型标准谐波、RCSD杯型超薄谐波、RHSG重载帽型标准谐波、RHSD帽型超薄谐波、定制化谐波、一体式谐波、迷你型谐波、双刚轮谐波,baostock+akshare
301598.SZ,博科测试,A股,C35专用设备制造业,机器人本体/集成,伺服液压测试设备和汽车测试试验设备的研发、设计、制造、销售、系统集成等综合服务。 产品：单振动台试验系统、多台阵试验系统、结构加载试验系统、车辆道路模拟及汽车零部件试验系统、减振器试验系统、转向试验系统、主动波浪补偿栈桥、汽车终端检测线数据联网管理系统、排放工况测试系统、双轴制动台、全景泊车影像标定系统、侧滑台、大灯测试仪、综合转毂制动试验台、四轮定位仪、电动车动态测试台、电动车等电位检测设备、电动车安规检测设备、交直流充电性能检测设备、四轮调整无人化、大灯调整无人化、EV测试无人化、车辆智能调度、伺服液压测试设备、汽车测试试验设备、汽车测试试验系统解决方案、伺服液压测试系统解决方案、代理服务,baostock+akshare
301599.SZ,理奇智能,A股,C35专用设备制造业,,物料智能处理系统及单机设备的研发、生产和销售。 产品：物料智能处理系统、单机设备、其他产品及改造、售后业务,baostock+akshare
301600.SZ,慧翰股份,A股,C39计算机、通信和其他电子设备制造业,服务器与终端,车联网智能终端、物联网智能模组和专业化软件及技术服务。 产品：车联网智能终端、物联网智能模组、软件及服务,baostock+akshare
301601.SZ,惠通科技,A股,M74专业技术服务业,,高分子材料及双氧水生产领域的设备制造、设计咨询和工程总承包业务。 产品：设备制造业务、EPC工程总承包业务、设计咨询业务,baostock+akshare
301602.SZ,超研股份,A股,C35专用设备制造业,,医学影像设备和工业无损检测设备的研发、生产和销售。 产品：工业超声、医用超声、X射线、医用超声影像设备、工业无损检测设备、便携式DR、多模态融合产品,baostock+akshare
301603.SZ,乔锋智能,A股,C34通用设备制造业,,数控机床的研发、生产及销售。 产品：立式加工中心、卧式加工中心、龙门加工中心、其他数控机床、五轴加工中心、其他(补充),baostock+akshare
301606.SZ,绿联科技,A股,C39计算机、通信和其他电子设备制造业,,3C消费电子产品的研发、设计、生产及销售。 产品：充电创意产品、智能办公产品、智能影音产品、智能存储产品、充电创意、智能办公、智能影音、智能存储,baostock+akshare
301607.SZ,富特科技,A股,C36汽车制造业,液冷;新能源车/储能,从事新能源汽车高压电源系统研发、生产和销售业务。 产品：新能源车载产品、新能源非车载产品、车载充电机（OBC）、车载DC/DC变换器、eFuse、EVCC、车载电源集成产品、深度集成产品、液冷超充桩电源模块、智能直流充电桩电源模块、技术服务,baostock+akshare
301608.SZ,博实结,A股,C39计算机、通信和其他电子设备制造业,服务器与终端,物联网智能化产品的研发、生产和销售。 产品：智能车载终端、智慧出行组件、智能支付硬件、其他智能硬件、无线通信模组、商用车智能终端、乘用车智能终端、电助力自行车组件、智能轮毂锁、智能蓝牙仪表盘、智能头盔锁组件、电单中控产品、收款云音箱、云播报打印机、智能睡眠终端、电子学生证、智能穿戴手表、便携式错题打印机、智能安防摄像头、LTE系列模组、GSM/GPRS系列模组、WiFi+蓝牙系列模组、NB-IoT系列模组、GNSS系列模组,baostock+akshare
301609.SZ,山大电力,A股,C38电气机械和器材制造业,,电力系统相关智能产品技术研发与产业化。 产品：故障录波监测装置、输电线路故障监测装置、输电线路可视化监拍装置、新能源充电桩、时间同步装置、智能变电站辅助系统综合监控平台、小电流接地选线装置、储能装置、电网智能监测、新能源领域、其他(补充),baostock+akshare
301611.SZ,珂玛科技,A股,C39计算机、通信和其他电子设备制造业,半导体设备,先进陶瓷材料零部件的研发、制造、销售、服务以及泛半导体设备表面处理服务。 产品：先进陶瓷材料零部件、表面处理服务、金属结构零部件、销售先进陶瓷材料零部件、提供表面处理服务、销售其他材料零部件,baostock+akshare
301613.SZ,新铝时代,A股,C36汽车制造业,新能源车/储能,新能源汽车电池系统铝合金零部件的研发、生产和销售。 产品：电池盒箱体、精密结构件、电池模组端板、侧板、连接件、其他(补充),baostock+akshare
301616.SZ,浙江华业,A股,C34通用设备制造业,,螺杆、机筒的研发、生产和销售。 产品：螺杆、机筒及螺杆头、射嘴、哥林柱、机筒螺杆、其他,baostock+akshare
301617.SZ,博苑新材,A股,C26化学原料和化学制品制造业,,碘化物、特种功能化学品的研发、生产、销售及加工服务。 产品：碘系列化学品、发光材料、六甲基二硅氮烷、贵金属催化剂、碘化物、贸易业务、特种功能化学品,baostock+akshare
301618.SZ,长联科技,A股,C26化学原料和化学制品制造业,PCB,水性印花材料的研发、生产、销售。 产品：水性印花胶浆、硅基材料、水性树脂、印花设备、PCB38umLDI干膜、其他,baostock+akshare
301622.SZ,英思特,A股,C39计算机、通信和其他电子设备制造业,,稀土永磁材料应用器件研发、生产和销售。 产品：单磁体应用器件、磁组件应用器件、其他(补充),baostock+akshare
301626.SZ,苏州天脉,A股,C39计算机、通信和其他电子设备制造业,,热管理材料及器件的研发、生产及销售。 产品：均温板、导热界面材料、热管及散热模组、石墨散热膜、热管理材料及器件、其他,baostock+akshare
301628.SZ,强达电路,A股,C39计算机、通信和其他电子设备制造业,PCB,PCB的研发、生产和销售。 产品：印制电路板、高多层板、高频板、高速板、HDI板、厚铜板、刚挠结合板、半导体测试板、毫米波雷达板、其他(补充),baostock+akshare
301629.SZ,矽电股份,A股,C35专用设备制造业,,半导体专用设备的研发、生产和销售。 产品：探针台、其他设备、晶圆探针台、晶粒探针台、分选机、曝光机、AOI检测机、其他,baostock+akshare
301630.SZ,同宇新材,A股,C39计算机、通信和其他电子设备制造业,,电子树脂的研发、生产和销售。 产品：电子树脂、其他(补充),baostock+akshare
301631.SZ,壹连科技,A股,C39计算机、通信和其他电子设备制造业,电芯,电连接组件研发、设计、生产、销售及服务。 产品：电芯连接组件、动力传输组件、低压信号传输组件、柔性线路板,baostock+akshare
301632.SZ,广东建科,A股,M74专业技术服务业,,建设工程领域的检验检测技术服务。 产品：房建及市政板块、交通板块、水利板块、节能环保板块、安全生产板块、杂志销售、其他,baostock+akshare
301633.SZ,港迪技术,A股,I65软件和信息技术服务业,,工业自动化领域产品研发、生产与销售。 产品：自动化驱动产品、智能操控系统、管理系统软件、变频器、行业专机、HF500LC/HF650ZQ系列盾构专机、HF310系列塔机专机、集装箱智能操控系统、散货智能操控系统、仓储智能操控系统,baostock+akshare
301636.SZ,泽润新能,A股,C38电气机械和器材制造业,新能源车/储能,提供光伏组件接线盒及新能源汽车嵌件产品一体化解决方案。 产品：光伏组件接线盒、新能源汽车功能嵌件产品、新能源汽车连接与保护功能嵌件产品、配件及其他,baostock+akshare
301638.SZ,南网数字,A股,I65软件和信息技术服务业,数据中心/云厂商,为电力能源等行业客户提供数字化建设综合解决方案。 产品：电网数字化、企业数字化、数字基础设施、数字电网智能运行系统、数字电网物联感知设备、企业运营管理系统、企业资产管理系统、云数一体的基础平台、数据中心(IDC),baostock+akshare
301656.SZ,联合动力,A股,C36汽车制造业,新能源车/储能,新能源汽车电驱系统和电源系统等动力系统核心部件研发、生产、销售和服务。 产品：电驱系统、电源系统、电控、电机、三合一/多合一驱动总成、车载充电机、DC/DC转换器、二合一/三合一电源总成、其他,baostock+akshare
301658.SZ,首航新能,A股,C38电气机械和器材制造业,电芯;新能源车/储能,新能源电力设备的研发、制造、销售及服务。 产品：并网逆变器、储能逆变器、储能电池、储能系统、配件,baostock+akshare
301662.SZ,宏工科技,A股,C35专用设备制造业,,粉料、粒料、液料、浆料等散装物料的自动化处理产线及设备的研发、生产和销售。 产品：锂电池产线及设备、其他产线及设备、混合均质一体机、高固含高效制浆机、双螺杆挤出机、立式砂磨机、全自动拆包系统、全自动包装系统、CVD流化床,baostock+akshare
301665.SZ,泰禾股份,A股,C26化学原料和化学制品制造业,,农药产品以及功能化学品的研发、生产和销售。 产品：原药、中间体、制剂、杀菌剂、除草剂、功能化学品,baostock+akshare
301666.SZ,大普微-UW,A股,C39计算机、通信和其他电子设备制造业,数据中心/云厂商;SSD/存储模组,数据中心企业级SSD产品的研发和销售。 产品：企业级SSD、技术服务、其他(补充),baostock+akshare
301667.SZ,纳百川,A股,C36汽车制造业,液冷;电芯;新能源车/储能,新能源汽车动力电池热管理、燃油汽车动力系统热管理及储能电池热管理相关产品的研发、生产和销售。 产品：电池液冷板、燃油车热管理部件、电池箱体、其他产品,baostock+akshare
301668.SZ,昊创瑞通,A股,C38电气机械和器材制造业,数据中心电源,智能配电设备的研发、生产和销售。 产品：智能配电设备、智能环网柜、智能柱上开关、箱式变电站、其他,baostock+akshare
301669.SZ,高特电子,A股,C38电气机械和器材制造业,电芯;PACK/BMS,向新能源产业提供安全、可靠、高效、稳定且更具经济性的新型储能电池管理系统相关产品。 产品：储能BMS相关产品、一体化集控单元及数据服务、后备电源BMS产品、动力电池BMS产品、电力检测服务、技术服务、电池管理模块(从控模块ESBMM)、电池簇控制管理模块(主控模块ESBCM)、电池堆控制管理主机(显控模块ESMU)、高压箱、汇流柜、一体化集成母排CCS及线束、智能单电池采集模块IBU(从控模块)、智能单电池组管理模块BMU(主控模块)、电池管理从控模块EVBMM、电池管理主控模块EVBCM、其中:储能BMS模块、其中:高压箱、其中:储能BMS模块-从控模块,baostock+akshare
301678.SZ,新恒汇,A股,C39计算机、通信和其他电子设备制造业,,智能卡业务、蚀刻引线框架业务和物联网eSIM芯片封测。 产品：智能卡模块、蚀刻引线框架、物联网eSIM封测、智能卡业务,baostock+akshare
301680.SZ,固德电材,A股,C36汽车制造业,电芯;新能源车/储能,新能源汽车动力电池热失控防护零部件、电力电工绝缘产品及铜铝复合材料产品的研发、生产和销售，为客户提供定制化的解决方案。 产品：新能源汽车动力电池热失控防护零部件、电力电工绝缘产品、铜铝复合材料产品、铜铝复合材料,baostock+akshare
301682.SZ,宏明电子,A股,C39计算机、通信和其他电子设备制造业,,以阻容元器件为主的新型电子元器件的研发、生产和销售，致力于向客户提供高性能、高可靠性的电子元器件产品。 产品：电子元器件、精密零组件、多层瓷介电容器（MLCC）、芯片瓷介电容器、有机及云母电容器、钽电解电容器、热敏电阻器、位移传感器、滤波/连接器、微波器件、其他,baostock+akshare
301683.SZ,慧谷新材,A股,C26化学原料和化学制品制造业,,功能性树脂和功能性涂层材料的研发、生产和销售。 产品：家电、包装、新能源、电子、换热器节能涂层材料、家电外壳涂层材料、金属包装涂层材料、数码喷印墨水树脂、水性转移涂层材料、凹印水性油墨树脂、纸质包装涂层材料、集流体涂层材料、光电涂层材料、消费电子涂层材料树脂、航空航天涂层材料,baostock+akshare
301687.SZ,新广益,A股,C39计算机、通信和其他电子设备制造业,锂电材料,高分子复合材料的研发、生产及销售。 产品：抗溢胶特种膜、强耐受性特种膜、新能源材料、改性材料、光学胶膜、声学膜、新能源锂电材料、光伏胶膜,baostock+akshare
301696.SZ,三瑞智能,A股,C38电气机械和器材制造业,,无人机电动动力系统及机器人动力系统的研发、生产和销售。 产品：无人机电机、电子调速器、螺旋桨、一体化动力系统、电机、配件及其他,baostock+akshare
302132.SZ,中航成飞,A股,C39计算机、通信和其他电子设备制造业,,航空产品研发、制造、销售、维修与服务保障。 产品：航空产品、航空防务装备、民用航空产品、智能测控产品、其他,baostock+akshare
600000.SH,浦发银行,A股,J66货币金融服务,,提供银行及相关金融服务。 产品：相关金融服务,baostock+akshare
600004.SH,白云机场,A股,G56航空运输业,,以航空器、旅客和货物、邮件为对象，提供飞机起降与停场、旅客综合服务、安全检查以及航空地面保障等航空服务业务，以及航站楼内商业场地租赁服务、特许经营服务、地面运输服务和广告服务等航空性延伸服务业务。 产品：航空服务业务、航空性延伸服务业务、航空服务、地勤服务、贵宾服务,baostock+akshare
600006.SH,东风股份,A股,C36汽车制造业,,汽车、发动机的开发、设计、生产和销售业务。 产品：整车、非整车、其他(补充),baostock+akshare
600007.SH,中国国贸,A股,K70房地产业,,写字楼、商城、公寓等投资性物业的出租和管理以及酒店经营。 产品：物业租赁、酒店、物业租赁、物业管理服务及会展服务、酒店经营,baostock+akshare
600008.SH,首创环保,A股,D46水的生产和供应业,,城市环境及市政公用综合服务及企业环保节能综合服务。 产品：城市环境及市政公用综合服务、企业环保节能综合服务、水务及水环境服务、环卫、固废处置环境修复服务、市政大气污染综合防治服务、资源能源管理、工业水系统服务、工业企业废气治理综合服务、企业节能管理、污水水处理业务、固废处理业务、供水水处理业务,baostock+akshare
600009.SH,上海机场,A股,G56航空运输业,,航空运输地面服务及其他相关业务。 产品：航空、相关服务、航空及相关服务收入、其他收入,baostock+akshare
600010.SH,包钢股份,A股,C31黑色金属冶炼和压延加工业,,矿产资源开发利用、钢铁产品的生产与销售。 产品：管材、板材、型材、线棒材、稀土精矿、萤石精矿、冷热轧卷板、镀锌钢板、中厚板、无缝管、重轨、型钢、建筑用钢材、其他主营业务,baostock+akshare
600011.SH,华能国际,A股,D44电力、热力生产和供应业,,发电业务并销售电力。 产品：电力及热力、港口服务、运输服务、其他(补充),baostock+akshare
600012.SH,皖通高速,A股,G54道路运输业,,投资、建设、运营及管理安徽省境内的部分收费公路。 产品：收费公路、合宁高速公路、205国道天长段新线、宁淮高速公路天长段、连霍公路安徽段、高界高速公路、宣广高速公路、广祠高速公路、岳武高速安徽段、安庆长江公路大桥、宁宣杭高速公路、泗许高速公路淮北段、阜周高速公路、建造期收入/成本,baostock+akshare
600015.SH,华夏银行,A股,J66货币金融服务,,存款、贷款、投资银行、贸易金融、绿色金融和现金管理等专业化、特色化和综合化金融服务的提供、设计。 产品：金融产品,baostock+akshare
600016.SH,民生银行,A股,J66货币金融服务,,公司及个人银行业务、资金业务、融资租赁业务、资产管理业务及提供其他相关金融服务。 产品：银行业务、资金业务、融资租赁业务、基金及资产管理业务、投资银行业务及提供其他相关金融服务、公司及个人银行业务、对公业务、零售业务、其他业务,baostock+akshare
600017.SH,日照港,A股,G55水上运输业,,金属矿石、煤炭及其制品、集装箱、粮食、木材、钢铁、非金属矿石等大宗散杂货和件杂货装卸、堆存及中转业务，港口货物运输代理、仓储等物流增值业务。 产品：进出口货物的装卸、堆存中转、港务管理服务、港口服务、其他、物流代理,baostock+akshare
600018.SH,上港集团,A股,G55水上运输业,,港口相关业务，分为：集装箱板块、散杂货板块、港口物流板块和港口服务板块。 产品：港口相关业务、集装箱装卸业务、散杂货装卸业务、港口服务业务、港口物流业务、集装箱板块、港口物流板块、港口服务板块,baostock+akshare
600019.SH,宝钢股份,A股,C31黑色金属冶炼和压延加工业,,钢铁与钢铁主业相关的加工配送、化工及信息科技等业务。 产品：冷轧碳钢板卷、热轧碳钢板卷、钢管产品、长材产品、厚板产品、其他钢铁产品、销售商品、提供劳务、其他,baostock+akshare
600020.SH,中原高速,A股,G54道路运输业,,高速公路的投资建设和运营管理。 产品：高速公路运营业务、对外投资业务、创新业务、项目投资、投资管理、投资咨询、通行费业务、其中:郑漯路、建造服务、其中:郑尧路,baostock+akshare
600021.SH,上海电力,A股,D44电力、热力生产和供应业,,火电、风电、光伏、氢能、综合智慧能源、现代能源的供应和服务。 产品：电力、热力、其他,baostock+akshare
600022.SH,山东钢铁,A股,C31黑色金属冶炼和压延加工业,,钢铁冶炼业务。 产品：中厚板、冷热轧、型钢、特钢、螺纹钢、钢材、焦化、动力、钢坯等中间产品、其他(补充),baostock+akshare
600023.SH,浙能电力,A股,D44电力、热力生产和供应业,,煤电、气电、核电、热电联产、综合能源等业务。 产品：电力、蒸汽、光伏产品、其他(补充),baostock+akshare
600025.SH,华能水电,A股,D44电力、热力生产和供应业,,水力和新能源发电项目的开发、建设、运营与管理。 产品：水力发电、风力发电、太阳能光伏发电、电力销售、其他业务,baostock+akshare
600026.SH,中远海能,A股,G55水上运输业,,从事原油、成品油、液化天然气、液化石油气、化学品等散装液体危险货物的海上运输，以油轮运输和LNG运输为两大核心主业。 产品：内贸原油、内贸成品油、内贸油品船舶租赁、外贸原油、外贸成品油、外贸油品船舶租赁、油品运输、其中:外贸油品、其中:外贸油品-外贸原油、其中:内贸油品、其中:内贸油品-内贸原油、LNG运输,baostock+akshare
600027.SH,华电国际,A股,D44电力、热力生产和供应业,,建设、经营发电厂，包括大型高效的燃煤、燃气发电机组及水力发电项目。 产品：电力产品、热力产品、发电、供热、售煤,baostock+akshare
600028.SH,中国石化,A股,B07石油和天然气开采业,,石油及天然气和化工业务。 产品：原油、天然气、成品油、化工产品、汽油、柴油、煤油、基础化工原料、合纤单体及聚合物、合成树脂、合成纤维、合成橡胶、化肥、其他,baostock+akshare
600029.SH,南方航空,A股,G56航空运输业,,提供国内、地区和国际定期及不定期航空客、货、邮、行李运输服务。 产品：运输、酒店及旅游、航空配餐、客运及客运相关服务、货运及邮运、其他(补充),baostock+akshare
600030.SH,中信证券,A股,J67资本市场服务,,投资银行、财富管理、资产管理、金融市场等相关金融服务。 产品：经纪业务、资产管理、证券投资、证券承销、证券投资业务、资产管理业务,baostock+akshare
600031.SH,三一重工,A股,C35专用设备制造业,,工程机械的研发、制造、销售和服务。 产品：混凝土机械、挖掘机械、起重机械、桩工机械、路面机械、其他,baostock+akshare
600032.SH,浙江新能,A股,D44电力、热力生产和供应业,,风电、光伏、水电、氢能、储能等可再生能源业务方向的投资、开发、建设、运营、管理。 产品：电力、风力业务、光伏业务、水电业务,baostock+akshare
600033.SH,福建高速,A股,G54道路运输业,,高速公路投资、建设、收费和运营管理。 产品：泉厦高速公路、福泉高速公路、罗宁高速公路,baostock+akshare
600035.SH,楚天高速,A股,G54道路运输业,,路桥运营业务、智能科技业务、交通能源业务及建造服务业务。 产品：路桥运营、智能科技、交通能源、建造服务、建造服务业务、路桥运营业务、交通能源业务,baostock+akshare
600036.SH,招商银行,A股,J66货币金融服务,,向客户提供各种批发及零售银行产品和服务，亦自营及代客进行资金业务。 产品：零售金融业务、批发金融业务、其他业务,baostock+akshare
600037.SH,歌华有线,A股,I63电信、广播电视和卫星传输服务,,北京市广播电视网络的开发、经营管理和维护，广播电视节目收转传送、网络信息服务、视频点播业务，以及基于有线电视网的互联网接入服务、互联网数据传送增值业务等。 产品：有线电视行业、信息业务收入、有线电视收看维护收入、频道收转收入,baostock+akshare
600038.SH,中直股份,A股,C37铁路、船舶、航空航天和其他运输设备制造业,,航空产品及零部件的开发、设计、研制、生产、销售，航空科学技术开发、咨询、服务，机电产品的开发、设计研制、生产和销售以及经营进出口业务。 产品：航空产品、先进制造、其他,baostock+akshare
600039.SH,四川路桥,A股,E48土木工程建筑业,,工程建设相关的投资、设计、建设、运营、养护等。 产品：工程施工、公路投资运营、贸易,baostock+akshare
600048.SH,XD保利发,A股,K70房地产业,,房地产开发与销售、物业服务、全域化管理、销售代理、商业管理、不动产金融等。 产品：房地产开发、房地产销售收入、其他、其他(补充),baostock+akshare
600050.SH,中国联通,A股,I63电信、广播电视和卫星传输服务,,联网通信、算网数智。 产品：电信服务、宽带及移动数据服务、数据及其他互联网应用收入、其中:销售通信产品、其他(补充),baostock+akshare
600051.SH,宁波联合,A股,F51批发业,,电力、热力生产和供应业务、房地产业务、批发业务。 产品：商品房、电、热、煤炭、电、热及其安装、其他,baostock+akshare
600052.SH,东望时代,A股,L72商务服务业,,提供高效节能的园区热水供应服务。 产品：影视业、园区生活服务业、其他、影视剧、热水供应服务、校园增值业务、其他业务、支付渠道服务及其他业务、园区生活服务,baostock+akshare
600053.SH,*ST九鼎,A股,J67资本市场服务,,私募股权投资管理业务、房地产业务、建筑施工业务。 产品：私募股权投资、房地产、建筑施工业务、建筑施工业务-安装,baostock+akshare
600054.SH,黄山旅游,A股,N78公共设施管理业,,提供旅游观光、休闲度假、客运观光、住宿餐饮等服务。 产品：酒店业务、索道及缆车业务、景区业务、旅游服务业务、徽菜业务、旅游服务分部、园林开发分部、其他分部,baostock+akshare
600055.SH,万东医疗,A股,C35专用设备制造业,,大型医学影像设备的研发、生产制造、销售和售后服务。 产品：DR、DSA、核磁、CT、医疗器械销售业务、其他(补充)、劳务及服务,baostock+akshare
600056.SH,中国医药,A股,F51批发业,,医药领域的生产、加工和贸易。 产品：化学制剂、诊断药品及试剂、医用耗材、医疗器械、特医产品、医美产品、中成药、中药饮片、配方颗粒、生物制剂、营养保健品、医药商业、国际贸易、医药工业,baostock+akshare
600057.SH,厦门象屿,A股,L72商务服务业,,大宗供应链服务，以制造业企业为核心客户，为其提供大宗原辅材料采购供应、产成品分销、物流配送、供应链金融、信息咨询等的一体化供应链服务。 产品：金属矿产、能源化工、农产品、新能源、大宗商品经营及物流服务、其他,baostock+akshare
600058.SH,五矿发展,A股,F51批发业,,资源贸易、金属贸易、供应链服务。 产品：资源贸易、金属贸易、供应链服务、冶金原材料、钢铁、服务,baostock+akshare
600059.SH,古越龙山,A股,C15酒、饮料和精制茶制造业,,黄酒的研发、酿造、生产和销售。 产品：中高端国酿系列产品、青花醉系列产品、库藏系列产品、大众市场的金系列产品、清醇系列产品、围绕年轻群体的无高低系列产品、果酒、露酒、米酒、本地化的坛装酒系列产品、国际化的海外产品、中高档酒、普通酒、其他(补充),baostock+akshare
600060.SH,海信视像,A股,C39计算机、通信和其他电子设备制造业,,显示产品、显示芯片的研发、生产和销售，以及互联网运营服务等。 产品：智慧显示终端、新显示新业务、其他(补充),baostock+akshare
600061.SH,国投资本,A股,J67资本市场服务,,证券业务、信托业务、期货业务以及公募基金业务。 产品：经纪业务、资产管理业务、自营业务、投资银行业务、信用业务,baostock+akshare
600062.SH,华润双鹤,A股,C27医药制造业,,慢病业务、专科业务、输液业务、原料药业务。 产品：输液产品、非输液产品、缬沙坦、氨氯地平、普瑞巴林、氨苯蝶啶、喷他佐辛、匹伐他汀、素钠、依诺肝素原料、辅酶Q10、S-Na盐、慢病业务平台、专科业务平台、输液业务平台、原料药业务平台,baostock+akshare
600063.SH,皖维高新,A股,C26化学原料和化学制品制造业,,PVA光学薄膜、高强高模PVA纤维、可再分散乳胶粉、PVB树脂、VAE乳液、安全玻璃、偏光片等的研发、生产和销售。 产品：聚乙烯醇（PVA）、高强高模PVA纤维、PVB树脂、PVB胶片、VAE乳液、可再分散性胶粉、PVA光学薄膜、PVB中间膜、偏光片、聚酯切片、聚乙烯醇、醋酸甲酯、其他,baostock+akshare
600064.SH,南京高科,A股,K70房地产业,,房地产市政业务、股权投资业务。 产品：房地产开发销售、市政基础设施承建、土地成片开发转让、园区管理及服务、药品销售,baostock+akshare
600066.SH,宇通客车,A股,C36汽车制造业,新能源车/储能,客车产品研发、制造与销售。 产品：公路客运、旅游客运、公交客运、团体通勤、校车、景区车、机场摆渡车、智能驾驶微循环车、客车专用车、纯电新能源车型、混动新能源车型、客车产品、其他(补充)、其他主营业务,baostock+akshare
600067.SH,冠城新材,A股,C38电气机械和器材制造业,锂电材料,电磁线生产销售、房地产开发、锂电池电解液添加剂生产经营等。 产品：电磁线、房地产开发与销售、其他(补充),baostock+akshare
600071.SH,凤凰光学,A股,C40仪器仪表制造业,机器人传感器,光学元件、光学镜头、光电模组、智能控制器、光学仪器零配件等产品的研发、生产和销售。 产品：光学零部件、光学镜头、光学仪器、智能控制器业务、玻璃球面镜片、玻璃非球面镜片、平面镜片、棱镜、柱面镜、安防视频监控镜头、激光雷达镜头、机器视觉镜头、红外镜头、医用内窥镜相关产品、生物显微镜、荧光显微镜、数码显微镜、偏光显微镜、体视显微镜、工业显微镜、控制器设计、制造、测试、认证、光学组件、控制器、精密加工,baostock+akshare
600072.SH,中船科技,A股,E48土木工程建筑业,,风电主机装备及关键配套制造研发、风光资源开发、风光电站工程设计总包与服务为一体的风电新能源业务和建筑工程总承包、设计咨询勘察等业务。 产品：风力发电机组及配件、发电、工程总承包、工程设计、勘察、咨询、监理、工程设计、勘察、咨询和监理,baostock+akshare
600073.SH,光明肉业,A股,C13农副食品加工业,,猪肉、牛羊肉类食品及品牌休闲类食品的开发、生产和销售。 产品：肉类食品、品牌食品、猪肉、牛肉、羊肉、罐头食品、肉制品、糖果、蜂蜜、饮用水、牛羊肉、猪肉制品、休闲食品,baostock+akshare
600075.SH,新疆天业,A股,C26化学原料和化学制品制造业,,氯碱化工业务。 产品：聚氯乙烯、烧碱、聚氯乙烯树脂类、固体烧碱、水泥,baostock+akshare
600076.SH,康欣新材,A股,C20木材加工和木、竹、藤、棕、草制品业,,集装箱地板、新型木质复合材料、可装配式木结构建筑构件的研发、生产和销售、可装配式木结构建筑的设计、施工、维保以及营林造林和优质种苗培育、销售业务。 产品：集装箱地板、环保板、木材、木结构产品、全木复合集装箱地板、COSB复合集装箱地板、竹木复合集装箱地板、民用板等各类优质、新型木质复合材料、可装配式木结构建筑设计施工、制造业分部、林业分部,baostock+akshare
600078.SH,澄星股份,A股,C26化学原料和化学制品制造业,,黄磷、磷酸、磷酸盐等精细磷化工系列产品的生产与销售。 产品：磷矿石、黄磷、磷酸、磷酸盐,baostock+akshare
600079.SH,ST人福,A股,C27医药制造业,,以医药工业为主、医药商业为辅。 产品：医疗器械、药品及其他、枸橼酸舒芬太尼注射液、注射用盐酸瑞芬太尼、盐酸氢吗啡酮注射液、盐酸纳布啡注射液、盐酸阿芬太尼注射液、注射用苯磺酸瑞马唑仑、米非司酮制剂、祖卡木颗粒、复方木尼孜其颗粒、注射用尿激酶、硫酸新霉素原料药、黄体酮原料药、其他(补充),baostock+akshare
600080.SH,ST金花,A股,C27医药制造业,,药品的研发、生产及销售。 产品：骨科类产品、免疫类产品、儿童类产品、普药类产品、药品销售、其他(补充),baostock+akshare
600081.SH,东风科技,A股,C36汽车制造业,,汽车零部件生产、制造、销售相关业务，涵盖座舱与车身系统、制动及智能驾驶系统、电驱动系统、热管理系统、动力总成部件系统。 产品：组合仪表、传感器及软轴、汽车制动系、供油系、压铸件、内饰件、电气产品、新能源产品及其他产品、摩托车供油系统、排气系统、调温器系统、汽车制动系、供油系、压铸件、内饰件、电气产品、新能源产品及其他产品、组合仪表、传感器及软轴,baostock+akshare
600082.SH,ST海泰,A股,F51批发业,,科技园区开发、科技园区运营和商品销售业务，以及向孵化高新技术成果和创业型科技企业、高新技术企业投资业务。 产品：科技园区开发、科技园区运营、商品销售业务,baostock+akshare
600084.SH,*ST尼雅,A股,C15酒、饮料和精制茶制造业,,葡萄种植以及葡萄酒的生产、销售。 产品：高档酒、中低档酒、原酒、成品酒、其中:成品酒-中低档酒、其中:成品酒-高档酒,baostock+akshare
600085.SH,同仁堂,A股,C27医药制造业,,中成药的生产与销售。 产品：中成药、安宫牛黄丸、同仁牛黄清心丸、同仁大活络丸、六味地黄丸、金匮肾气丸、其他主营业务、医药工业前五名系列、其他(补充),baostock+akshare
600088.SH,中视传媒,A股,R87广播、电视、电影和录音制作业,,电视节目制作与销售、影视技术服务与设备租赁、媒体广告代理、影视拍摄基地经营以及基金投资与管理。 产品：影视业务、广告业务、旅游业务、基金业务、电视节目制作与销售、影视技术服务和设备租赁、影视库存剧销售,baostock+akshare
600089.SH,特变电工,A股,C38电气机械和器材制造业,,输变电业务、新能源业务、能源业务及新材料业务。 产品：变压器、电抗器、电线电缆、多晶硅相关产品、煤炭产品、黄金产品、铝电子新材料、铝及合金制品、电力产品、输变电成套工程、太阳能及风能系统工程、电气设备产品、电线电缆产品、新能源产品及工程,baostock+akshare
600094.SH,大名城,A股,K70房地产业,,住宅地产和商业地产的开发以及算力服务。 产品：物业开发销售及运营、算力服务,baostock+akshare
600095.SH,湘财股份,A股,J67资本市场服务,,证券业务、防水卷材业务、食品加工业务以及贸易业务。 产品：经纪业务、自营投资业务、资产管理业务、投行业务、信用交易业务、另类投资业务、公募基金管理业务、结构化主体、成品油贸易、其他贸易、物业管理、防水卷材、证券业、其中:证券业-经纪业务、其中:证券业-自营投资业务、其中:证券业-信用交易业务、实业,baostock+akshare
600096.SH,云天化,A股,C26化学原料和化学制品制造业,,化肥、磷矿采选、磷化工及新材料、商贸物流。 产品：尿素、磷酸一铵、磷酸二铵、饲料级磷酸钙盐、复合肥、聚甲醛、黄磷、磷肥、复合(混)肥、商品粮食、商贸化肥,baostock+akshare
600097.SH,开创国际,A股,A04渔业,,从事远洋渔业捕捞、水产品加工销售及相关贸易。 产品：海洋捕捞、食品加工、渔货贸易、海上运输、金枪鱼销售、零星鱼种销售、罐头食品销售、鱼柳加工销售,baostock+akshare
600098.SH,广州发展,A股,D44电力、热力生产和供应业,,绿色低碳综合智慧能源、节能、环保、能源金融等业务投资开发和经营。 产品：燃煤发电、天然气发电、煤电热力、气电热力、加气混凝土、煤炭、油品、危化品仓储、天然气、光伏发电、风力发电、充电桩、储能及综合能源、房产租赁、金融业务,baostock+akshare
600099.SH,XD林海股,A股,C37铁路、船舶、航空航天和其他运输设备制造业,,森林消防机械、农业机械、特种车辆（全地形车）、摩托车等及以上产品配件的制造和销售。 产品：森林消防机械产品、农业机械产品、特种车辆（全地形车）产品、摩托车产品、全地形消防车、消防泵、风力灭火机、插秧机、收割机、ATV全地形车、电动ATV、摩托车、特种车、农业机械、森林消防机械,baostock+akshare
600100.SH,同方股份,A股,C39计算机、通信和其他电子设备制造业,,核技术应用业务、数字信息业务、智慧能源业务、成果转化业务。 产品：核技术应用、智慧能源、数字信息、总部投资及科技园、安防安检设备、CNKI知识数据产品、大数据应用、楼宇智能化及节能化应用、城市热网、轨道交通的智能化、热泵节能产品、照明、科工装备、科技金融服务、公共安全、数智产业,baostock+akshare
600101.SH,明星电力,A股,D44电力、热力生产和供应业,,供电业务。 产品：电力业务、自来水业务、综合能源服务业务、电力生产与供应、自来水供应、电水设计安装、智能运维、市场化售电、电动汽车充电、能源托管、电力、施工劳务、自来水,baostock+akshare
600103.SH,青山纸业,A股,C22造纸和纸制品业,光器件;光模块,竹木浆、溶解浆、纸袋纸、纸制品、光电子产品、医药产品、林木产品等产品产销及贸易经营。 产品：“青山牌”系列伸性纸袋纸、环保纸袋纸、精制牛皮纸、溶解浆、竹木浆、风油精、光器件、光模块、纸、医药、纸板、纸箱,baostock+akshare
600104.SH,上汽集团,A股,C36汽车制造业,,整车、零部件、移动出行和服务、金融、国际经营、创新科技。 产品：整车业务、零部件业务、劳务及其他、金融业务,baostock+akshare
600105.SH,永鼎股份,A股,C38电气机械和器材制造业,光芯片,光电缆、光芯片等产品的生产和销售、电力工程承揽与施工、汽车线束制造、超导带材研发及生产、软件开发等业务。 产品：光通信、汽车线束、电力工程、大数据应用、超导及铜导体、光纤预制棒、通信光纤、特种光纤、通信光缆、光电复合缆、通信电缆、数据电缆,baostock+akshare
600106.SH,重庆路桥,A股,G54道路运输业,,桥梁、公路的建设、经营和维护。 产品：路桥收费业务、股权投资,baostock+akshare
600107.SH,*ST尔雅,A股,C18纺织服装、服饰业,,服装服饰类产品的研发、设计、生产和销售，药品零售和医疗服务等。 产品：服装、药店连锁、品牌男装、品牌女装、出口加工类、医疗,baostock+akshare
600108.SH,亚盛集团,A股,A01农业,,农产品开发、种植、收购与销售。 产品：牧草、辣椒产品、商品玉米、马铃薯、食葵、制种玉米、果品、啤酒花、农产品销售收入、其他、其他(补充),baostock+akshare
600109.SH,国金证券,A股,J67资本市场服务,,投资银行业务、财富管理业务、机构服务业务、资产管理业务、自营投资业务及做市交易业务、期货业务、境外业务。 产品：投资银行业务、财富管理业务、机构服务业务、资产管理业务、自营投资业务,baostock+akshare
600110.SH,诺德股份,A股,C39计算机、通信和其他电子设备制造业,PCB,电解铜箔的研发、生产和销售。 产品：3－6微米超薄铜箔、高抗拉强度、高延伸率铜箔、固态电池用镀镍合金箔、复合集流体、锂电池用多孔铜箔、印制电路板用电解铜箔、超厚电解铜箔、HVLP超低轮廓铜箔、RTF反转铜箔、HTE高温延展电解铜箔、载体可剥离/极薄铜箔、复合铜箔、复合铝箔、铜箔产品、电线电缆及附件、贸易,baostock+akshare
600111.SH,北方稀土,A股,C32有色金属冶炼和压延加工业,,稀土精矿，稀土深加工产品，稀土新材料生产与销售，稀土高科技应用产品的开发、生产和销售；稀土技术转让等。 产品：稀土原料产品、稀土新材料产品、稀土终端应用产品、稀土盐类、稀土氧化物、稀土金属、稀土磁性材料、抛光材料、储氢材料、催化材料、稀土合金、稀土永磁高效节能电机、固态储氢瓶、氢能两轮车、稀土产品、贸易业务、环保产品及服务,baostock+akshare
600113.SH,浙江东日,A股,L72商务服务业,,农副产品批发交易市场业务、生鲜食材配送业务（配菜业务）和豆制品生产加工领域的相关业务。 产品：农副产品批发交易市场业务（含市场交易管理、市场租赁业务）、生鲜食材配送业务（配菜业务）和豆制品生产加工、店面/摊位租赁、交易管理、其他市场配套服务、生鲜食材配送、豆制品、商品销售、批发交易市场收入、租赁收入、农批市场开发,baostock+akshare
600114.SH,东睦股份,A股,C33金属制品业,光模块;液冷;数据中心电源;交换机/服务器;机器人减速器;机器人核心部件;新能源车/储能,粉末冶金新材料研发、生产和销售。 产品：粉末压制成形产品（P&S）、软磁复合材料（SMC）、金属注射成形产品（MIM）、机器人P&S零件、汽车P&S零件、家用电器P&S零件、轴向磁通电机SMC定子、铜铁共烧一体式芯片电感、服务器电源电感(组合式芯片电感)、光伏逆变器SMC材料、新能源车充电用SMC材料、消费电子MIM零件、手术机器人MIM零件、汽车MIM零件、轴向磁通电机及减速器、MIM丝杠、高速连接器MIM结构件、液冷流体连接器MIM结构件、光模块基座导热垫片、钛合金AR眼镜零件及表壳、金属注射成形产品、粉末压制成形产品、软磁复合材料,baostock+akshare
600115.SH,中国东航,A股,G56航空运输业,,国内和经批准的国际、地区航空客、货、邮、行李运输业务及延伸服务。 产品：通用航空业务、航空器维修、航空设备制造与维修、国内外航空公司的代理业务、与航空运输有关的其他业务、保险兼业代理服务、电子商务、空中超市、商品批发、零售、客运服务收入、货运服务收入、其他(补充),baostock+akshare
600116.SH,三峡水利,A股,D44电力、热力生产和供应业,,电力生产、供应，综合能源服务等业务。 产品：电力、综合能源、电力板块、其他版块,baostock+akshare
600117.SH,西宁特钢,A股,C31黑色金属冶炼和压延加工业,,特殊钢的冶炼和压延加工业务。 产品：销售房屋、合结钢、碳结钢、滚珠钢、合工钢、碳工钢、钢材销售收入、商品房销售收入、其他(补充),baostock+akshare
600118.SH,中国卫星,A股,C39计算机、通信和其他电子设备制造业,,卫星及相关产品的研发、设计、制造、销售；航天技术应用及相关产品的研发、设计、制造、销售及综合信息服务。 产品：宇航制造业务、卫星应用业务、卫星应用技术设备、卫星应用服务、宇航制造及卫星应用、租赁收入、材料销售,baostock+akshare
600119.SH,*ST长投,A股,G54道路运输业,,现代物流、气象科技和其他产业投资。 产品：现代物流、气象科技、其他产业投资、进口商品车报关、仓储及物流运输、国际进出口海运货运代理、探空仪、风速仪、长期气候站、自动气象站、遥测雨量站、租赁管理、物业改造、运营服务、物流及仓储服务、产品销售、租赁及管理服务,baostock+akshare
600120.SH,浙江东方,A股,J69其他金融业,,金融业务和类金融业务，涵盖信托、期货、人身险、融资租赁、基金管理、基金投资、财富管理等。 产品：信托行业、期货行业、人身险行业、财富管理行业、私募基金行业、融资租赁行业、融资租赁、保险业务、信托业务、期货业务,baostock+akshare
600121.SH,郑州煤电,A股,B06煤炭开采和洗选业,,煤炭开采与销售，兼营煤炭相关物资和设备的采购与销售等贸易业务。 产品：原煤、洗精煤、贫煤、贫瘦煤、无烟煤、高炉喷吹煤、煤炭、其他(补充)、物资流通,baostock+akshare
600123.SH,兰花科创,A股,B06煤炭开采和洗选业,,煤炭开采与销售、肥料生产与销售、化工产品生产与销售等。 产品：无烟煤、动力煤、焦煤、尿素、二甲醚、己内酰胺、煤炭、化肥、化工,baostock+akshare
600125.SH,铁龙物流,A股,G53铁路运输业,,铁路特种集装箱物流业务、铁路货运及临港物流业务、供应链管理业务、房地产业务、其他业务。 产品：铁路特种集装箱物流业务、铁路货运及临港物流业务、供应链管理业务、房地产业务、铁路特种集装箱运输及物流业务,baostock+akshare
600126.SH,杭钢股份,A股,C31黑色金属冶炼和压延加工业,,钢铁及其压延产品的生产和销售。 产品：热轧卷板、再生资源、热轧钢材、原燃料及金属贸易,baostock+akshare
600127.SH,金健米业,A股,C13农副食品加工业,,优质粮油、新型健康食品开发、生产、销售。 产品：大米、面粉、面条、植物油、牛奶、休闲食品、粮油食品、农产品贸易,baostock+akshare
600128.SH,苏豪弘业,A股,F51批发业,,贸易、文化和投资业务。 产品：贸易业务、文化艺术工程业务、一般贸易、跨境电商、文化艺术工程、能源化工、轻工工艺品、机电产品,baostock+akshare
600129.SH,太极集团,A股,C27医药制造业,,中、西成药的生产和销售。 产品：藿香正气口服液、急支糖浆、通天口服液、盐酸吗啡缓释片、洛芬待因缓释片、注射用头孢唑肟钠、氯化钠注射液、复方对乙酰氨基酚片(Ⅱ)、复方甘草片、鼻窦炎口服液、小金片,baostock+akshare
600130.SH,波导股份,A股,C39计算机、通信和其他电子设备制造业,,电子通信相关产品的研发、生产和销售。 产品：手机及配件、智能设备、车载模组、其他(补充),baostock+akshare
600131.SH,国网信通,A股,I65软件和信息技术服务业,,云网基础设施建设、企业数字化服务、电力数字化服务。 产品：数字化基础设施业务、大数据业务、前沿技术创新（人工智能）业务、电力数字化应用业务、企业数字化应用业务、能源创新服务业务,baostock+akshare
600132.SH,重庆啤酒,A股,C15酒、饮料和精制茶制造业,,啤酒产品的制造与销售。 产品：啤酒、包装物、废料销售及其他,baostock+akshare
600133.SH,东湖高新,A股,N77生态保护和环境治理业,,大气治理、水务治理、固废处置、节能降碳四大业务。 产品：大气治理、水务治理、固废处置、节能降碳、商品买卖、服务、建设工程,baostock+akshare
600135.SH,乐凯胶片,A股,C26化学原料和化学制品制造业,锂电材料;电芯,影像、医疗、光电等膜类新材料的研发、生产、销售及服务。 产品：彩色相纸、彩色胶卷、医用干式片、工业探伤胶片、锂离子电池隔膜、铝塑膜、TAC膜、医疗产品,baostock+akshare
600136.SH,ST明诚,A股,R87广播、电视、电影和录音制作业,,影视传媒和智慧空间运营。 产品：影视剧业务、影院业务、演艺传媒业务、智慧空间服务业务、智慧空间营造业务、智慧空间运营业务,baostock+akshare
600137.SH,浪莎股份,A股,C18纺织服装、服饰业,,针织内衣、针织面料的制造，商品批发与零售，互联网销售等。 产品：内衣、短裤、文胸、其他,baostock+akshare
600138.SH,中青旅,A股,L72商务服务业,,文旅目的地投资运营管理和文旅综合服务业务。 产品：旅游产品服务、整合营销服务、景区经营、酒店业务、IT产品销售与技术服务、房屋租赁、房地产销售、IT产品、旅游服务,baostock+akshare
600141.SH,兴发集团,A股,C26化学原料和化学制品制造业,,磷矿石和硅矿石的开采、加工与销售；磷化工系列产品的生产、销售及进出口业务；以及化学肥料（包括复混肥料）、特种化学品、农药和有机硅系列产品的生产与销售。 产品：磷矿石、特种化学品、农药产品、有机硅系列产品、肥料、新能源材料、农药、矿山采选、其他、商贸物流,baostock+akshare
600143.SH,金发科技,A股,C29橡胶和塑料制品业,,化工新材料的研发、生产和销售。 产品：改性塑料、新材料、绿色石化产品、医疗健康产品、贸易品、环保高性能再生塑料、生物降解塑料、特种工程塑料、高性能纤维增强复合材料、轻烃及氢能源、聚丙烯树脂、苯乙烯类树脂、医疗健康高分子材料,baostock+akshare
600148.SH,长春一东,A股,C36汽车制造业,,汽车零部件的研发、生产与销售。 产品：商用车离合器、驾驶室液压翻转机构、离合器、液压翻转机构,baostock+akshare
600149.SH,廊坊发展,A股,D44电力、热力生产和供应业,,供热业务。 产品：供热、制冷产品、工程及设计、租赁业务、咨询服务、供热、制冷产品,baostock+akshare
600150.SH,中国船舶,A股,C37铁路、船舶、航空航天和其他运输设备制造业,,造船业务（军、民）、修船业务、海洋工程及机电设备等。 产品：船舶造修及海洋工程、机电设备、船舶配套、机电设备及其他、其他(补充),baostock+akshare
600151.SH,航天机电,A股,C38电气机械和器材制造业,,汽车热系统产业业务和光伏产业业务。 产品：太阳能系统产品、HVAC／座舱空调系统、PTC／发动机制冷系统、Compressor/压缩机、Controlhead/控制头、PTC/发动机制冷系统、HVAC/座舱空调系统,baostock+akshare
600152.SH,维科技术,A股,C38电气机械和器材制造业,电芯,消费类电池（包括聚合物电池、铝壳电池）、小动力电池（包括两轮车电池、电动工具电池）的研发、生产和销售以及钠离子电池储能业务。 产品：消费类聚合物电池、消费类铝壳电池、小动力电池、储能电池、纯锰电池、三元电池、三元加锰电池、三元加钴电池、纯钴电池,baostock+akshare
600153.SH,建发股份,A股,L72商务服务业,,供应链运营业务和房地产业务的设计、开发和服务。 产品：冶金原材料、农林产品、住宅地产、美凯龙自营家居商场租赁及管理、其他主营业务,baostock+akshare
600155.SH,华创云信,A股,J67资本市场服务,,证券金融业务、数智化应用业务。 产品：财富管理业务、信用交易业务、机构业务、投资与交易业务、投资银行业务、资产管理业务、证券其他业务、数字科技业务,baostock+akshare
600156.SH,华升股份,A股,C17纺织业,,苎麻、亚麻、大麻等麻类纺织印染和服装产品的开发、设计、生产及销售。 产品：纱、布、服装、纺织贸易-布、纺织贸易-服装、纺织生产-布,baostock+akshare
600157.SH,永泰能源,A股,D44电力、热力生产和供应业,,电力和煤炭业务。 产品：电力业务产品、煤炭、电能、热能、主焦煤、配焦煤、电力、其他(补充),baostock+akshare
600158.SH,中体产业,A股,R89体育,,体育赛事、体育传播、体育彩票、标准认证、赛教融合、体旅文化、体育空间、数字体育、体育国际交流、地产等细分板块。 产品：房地产、体育服务、体育制造、体育相关产品、体育相关产品销售,baostock+akshare
600159.SH,大龙地产,A股,E47房屋建筑业,,房地产开发业务和建筑施工业务。 产品：建筑施工承包、房地产开发、房地产销售、建筑工程施工、其他收入,baostock+akshare
600160.SH,巨化股份,A股,C26化学原料和化学制品制造业,,基础化工、氟化工、食品包装材料、石油化工及后续产品的研发、生产与销售。 产品：氟化工原料、制冷剂、含氟聚合物材料、含氟精细化学品、食品包装材料、石化材料、基础化工、其他(补充)、基础化工产品及其它,baostock+akshare
600161.SH,天坛生物,A股,C27医药制造业,,以健康人血浆、经特异免疫的健康人血浆为原材料和采用基因重组技术研发、生产血液制品，开展血液制品经营业务。 产品：人血白蛋白、静注人免疫球蛋白、其他血液制品、静注人免疫球蛋白（pH4）、破伤风人免疫球蛋白、狂犬病人免疫球蛋白、乙型肝炎人免疫球蛋白、冻干静注乙型肝炎人免疫球蛋白（pH4）、人免疫球蛋白、组织胺人免疫球蛋白、人凝血酶原复合物、人凝血因子Ⅷ、人纤维蛋白原、注射用重组人凝血因子Ⅷ,baostock+akshare
600162.SH,香江控股,A股,K70房地产业,,商贸流通运营、城市发展配套建设业务。 产品：商贸流通运营、城市发展配套建设业务、商贸物业经营、综合家居运营管理、精品住宅开发、其他、商品房、商铺及写字楼销售,baostock+akshare
600163.SH,中闽能源,A股,D44电力、热力生产和供应业,,风力发电、光伏发电等新能源发电项目的投资、开发、建设、运营。 产品：风电、光伏发电、生物质发电、其他(补充),baostock+akshare
600165.SH,ST宁科,A股,C26化学原料和化学制品制造业,,长链二元酸的生产及销售，煤质活性炭生产及销售。 产品：长链二元酸、活性炭、其他产品,baostock+akshare
600166.SH,福田汽车,A股,C36汽车制造业,,车辆与移动装备、零部件、数字科技和商业生态。 产品：整车、其他,baostock+akshare
600167.SH,联美控股,A股,D44电力、热力生产和供应业,,清洁供热为主的综合能源服务和高铁数字媒体广告经营业务。 产品：供暖及蒸汽、发电、工程、接网、广告发布、物业、多种经营,baostock+akshare
600168.SH,武汉控股,A股,D46水的生产和供应业,,污水处理、水务工程建设、自来水生产、隧道运营。 产品：污水处理、水务工程建设、自来水、隧道运营、污水处理收入、工程施工收入、其他,baostock+akshare
600169.SH,ST太重,A股,C35专用设备制造业,,轨道交通设备、起重设备、挖掘设备、齿轮传动、冶金设备、工程机械、油膜轴承、铸锻件、带式传送机、立体车库等产品及工程项目的总承包。 产品：重型装备产品、工程机械产品、轨道交通设备、起重设备、矿山设备、冶金设备、油膜轴承、齿轮传动、工程机械、铸锻件产品、带式输送机、立体车库、其他(补充),baostock+akshare
600170.SH,上海建工,A股,E48土木工程建筑业,,建筑施工业务、设计咨询业务、建材工业业务、房产开发业务和城市建设投资业务。 产品：房屋建设、基建工程、专业工程、建筑装饰、园林绿化、设计咨询、商品混凝土及混凝土构件、其他建筑工业、石料、房地产开发、城市建设投资、成套设备及其他商品进出口、黄金销售业务、光伏新能源,baostock+akshare
600171.SH,上海贝岭,A股,C39计算机、通信和其他电子设备制造业,半导体材料,集成电路设计，专注于模拟及功率芯片的设计及开发。 产品：集成电路产品、电源管理、信号链产品、功率器件产品、半导体材料配件、其中:集成电路产品-电源管理芯片、其中:集成电路产品-信号链模拟芯片、其中:集成电路产品-功率器件,baostock+akshare
600172.SH,黄河旋风,A股,C30非金属矿物制品业,,超硬材料及制品、超硬复合材料及制品的生产与销售。 产品：超硬材料、超硬材料制品、建筑机械、超硬刀具、超硬复合材料、金属粉末,baostock+akshare
600173.SH,卧龙新能,A股,K70房地产业,,新能源业务和房地产开发与销售业务。 产品：储能产品、氢能产品、光伏发电、房产销售、矿产贸易业务,baostock+akshare
600176.SH,中国巨石,A股,C30非金属矿物制品业,,玻璃纤维及制品的生产、销售。 产品：玻纤纱及制品、电子布、粗纱及制品、玻璃纤维纱及制品、其中:内销、其中:出口、电子纱及电子布,baostock+akshare
600177.SH,雅戈尔,A股,C18纺织服装、服饰业,,以品牌服装为主体的时尚产业，地产开发和投资。 产品：品牌衬衫、品牌西服、品牌裤子、品牌上衣、服装、房地产开发、纺织,baostock+akshare
600178.SH,东安动力,A股,C36汽车制造业,,汽车发动机、变速器及其零部件的开发、生产、销售。 产品：发动机、变速器及其他、其他(补充),baostock+akshare
600179.SH,安通控股,A股,G58多式联运和运输代理业,,集装箱航运物流。 产品：集装箱物流服务、物流服务、其他(补充),baostock+akshare
600180.SH,*ST瑞茂,A股,F51批发业,,煤炭供应链业务、石油化工品供应链业务、农产品业务。 产品：供应链管理、产业互联网平台服务、农产品加工、煤炭贸易收入、非煤大宗贸易收入,baostock+akshare
600182.SH,S佳通,A股,C29橡胶和塑料制品业,,汽车轮胎的生产和销售。 产品：半钢子午线轮胎、全钢子午线轮胎、轮胎、其他(补充),baostock+akshare
600183.SH,生益科技,A股,C39计算机、通信和其他电子设备制造业,PCB,设计、生产和销售覆铜板和粘结片、印制线路板。 产品：覆铜板、粘结片、印制线路板、房地产、废弃资源综合利用、覆铜板业务、线路板业务、其他业务,baostock+akshare
600184.SH,光电股份,A股,C35专用设备制造业,,大型武器系统、精确制导导引头、光电信息装备、光电材料与元器件四大产品领域的研发、生产与销售。 产品：防务产品、光电材料、元器件产品、光电材料与元器件、其他(补充),baostock+akshare
600185.SH,珠免集团,A股,L72商务服务业,,免税品零售及大消费相关业务。 产品：房地产、免税商品销售、免税、房产板块、大消费,baostock+akshare
600186.SH,莲花控股,A股,C14食品制造业,,味精等氨基酸调味品、鸡精等复合调味品、面粉和面制品等食品的研发、生产和销售。 产品：味精等氨基酸调味品、鸡精等复合调味品、算力服务、面粉和面制品、有机肥和水溶肥、水业公司产品、料酒等液态调味品,baostock+akshare
600187.SH,*ST国中,A股,D46水的生产和供应业,,污水处理、环保工程技术服务。 产品：污水处理、工程总包、设备销售、供热、贸易,baostock+akshare
600188.SH,兖矿能源,A股,B06煤炭开采和洗选业,,煤炭开采及销售、煤化工产品的生产及销售、物流运输业务以及设备制造和电力业务等。 产品：动力煤、喷吹煤、焦煤、煤炭业务、煤化工、电力及热力、物流贸易,baostock+akshare
600189.SH,泉阳泉,A股,C15酒、饮料和精制茶制造业,,长白山天然饮用矿泉水的生产、销售。 产品：矿泉水、绿化工程、设计费、门业产品、长白山天然矿泉水系列、其他,baostock+akshare
600191.SH,华资实业,A股,C13农副食品加工业,,生物发酵技术应用、粮食深加工及制糖业务。 产品：谷朊粉、食用酒精、黄原胶、食糖、生物发酵制品,baostock+akshare
600192.SH,长城电工,A股,C38电气机械和器材制造业,,高中低压开关成套设备、高中低压电器元件、母线槽、电气传动自动化装置、新能源装备等电工电器类产品的研发、生产与销售，以及水电运营与管理等业务。 产品：电器元件、开关柜、自动化装置、母线、物流贸易、工程项目,baostock+akshare
600193.SH,退市创兴,A股,,,建筑工程业务。 产品：建筑工程、软件和信息技术服务,baostock+akshare
600195.SH,中牧股份,A股,C27医药制造业,,动物保健品和动物营养品研发、生产、销售及技术服务。 产品：生物制品、化药、饲料、禽用疫苗、畜用疫苗、宠物用疫苗、致病性禽流感疫苗、鸡马立克系列产品、口蹄疫类疫苗、ST猪瘟疫苗、猪圆环病毒灭活疫苗、猪伪狂犬病活疫苗、牛结节性皮肤病灭活疫苗、狂犬病灭活疫苗、犬四联疫苗、猫三联灭活疫苗、泰妙菌素、泰万菌素原料药、氟苯尼考原料药、牧乐星、氟欣泰、磺胺氯哒嗪钠、宠物用消毒剂、贸易,baostock+akshare
600196.SH,复星医药,A股,C27医药制造业,,制药、医疗器械与医学诊断、医疗健康服务，并通过参股国药控股覆盖到医药商业领域。 产品：抗肿瘤及免疫调节核心产品、抗感染核心产品、代谢及消化系统核心产品、心血管系统核心产品、中枢神经系统核心产品、原料药和中间体核心产品、其他主营业务、肿瘤及免疫调节核心产品,baostock+akshare
600197.SH,伊力特,A股,C15酒、饮料和精制茶制造业,,白酒的生产、研发和销售。 产品：白酒、高档酒系列、中档酒系列、低档酒系列、高档、中档、低档,baostock+akshare
600198.SH,大唐电信,A股,C39计算机、通信和其他电子设备制造业,,安全芯片业务、特种通信业务。 产品：安全芯片与解决方案、专用特种通信产品及解决方案,baostock+akshare
600199.SH,金种子酒,A股,C15酒、饮料和精制茶制造业,,白酒生产和销售业务。 产品：浓香型白酒、金种子系列酒、种子系列酒、醉三秋系列酒、颍州系列酒、金种子馥合香型白酒、低端酒、中端酒、医药,baostock+akshare
600201.SH,生物股份,A股,C27医药制造业,药企/生物科技,兽用生物制品的研发、生产与销售。 产品：猪用疫苗、反刍动物疫苗、禽用疫苗、宠物类疫苗、生物制药、其他(补充)、其他收入,baostock+akshare
600202.SH,哈空调,A股,C34通用设备制造业,,各种高、中、低压空冷器的设计、制造和销售。 产品：石化空冷器、电站空冷器、其他定制产品,baostock+akshare
600203.SH,福日电子,A股,C39计算机、通信和其他电子设备制造业,服务器与终端,智能终端产品业务、LED光电业务。 产品：智能终端产品业务、LED光电业务、智能产品综合服务、LED封装、LED照明、LED显示、LED工程项目的方案设计及投资运营、智能终端、LED光电及其他,baostock+akshare
600206.SH,有研新材,A股,C32有色金属冶炼和压延加工业,半导体材料,高纯金属靶材、先进稀土材料、特种红外光学及光电材料、生物医用材料等多个战略性新材料领域的研究、开发、生产、销售。 产品：铂族、薄膜材料、贵金属、有色金属及高端制造、稀土材料、红外光学材料、医疗器械材料、集成电路用薄膜材料、稀土金属、磁性材料、磁体、特种红外光学、发光材料、生物医用材料、口腔医疗器械,baostock+akshare
600207.SH,安彩高科,A股,C30非金属矿物制品业,,光伏玻璃、浮法玻璃、药用玻璃及管道天然气业务。 产品：光伏玻璃、天然气管道运输、浮法玻璃、超白浮法玻璃、光热玻璃、硼硅药用玻管、西林瓶、安瓿瓶、管道天然气运输、天然气、管道运输,baostock+akshare
600208.SH,衢州发展,A股,K70房地产业,,房地产开发、投资、商业贸易等。 产品：房地产、海涂开发、其他、其他(补充),baostock+akshare
600210.SH,紫江企业,A股,C29橡胶和塑料制品业,,包装业务、商业、房地产和创投业务。 产品：饮料包装、纸塑包装、铝塑膜、房地产开发、PET瓶及瓶坯、皇冠盖、塑料标签、塑料防盗盖、OEM饮料、喷铝纸及纸板、薄膜、彩色纸包装印刷、其他,baostock+akshare
600211.SH,西藏药业,A股,C27医药制造业,,生产、销售胶囊剂、生物制剂、颗粒剂、涂膜剂等。 产品：新活素、依姆多、诺迪康、十味蒂达胶囊、雪山金罗汉止痛涂膜剂、小儿双清颗粒、自有产品、其他(补充)、外加工类,baostock+akshare
600212.SH,绿能慧充,A股,C38电气机械和器材制造业,,新能源充电及储能业务、重载工业无人机业务、铁路专用线运输业务。 产品：铁路运输、充电桩销售、工程施工业务、充电业务、无人机业务、储能业务,baostock+akshare
600215.SH,派斯林,A股,C34通用设备制造业,机器人本体/集成;机器人应用,工业自动化产线的规划、设计、研发、制造、安装、调试、售后支持和咨询。 产品：工业自动化产线解决方案业务、汽车制造自动化生产线、智能仓储自动化生产线、装配式建筑自动化生产线、数字工厂解决方案和服务、工业自动化系统集成业务、其他(补充),baostock+akshare
600216.SH,浙江医药,A股,C27医药制造业,医药商业化,药品与生命营养品的研发、生产和销售以及药品流通。 产品：生命营养品、医药制造类产品、医药商业、维生素、类维生素产品、抗耐药抗生素、抗疟疾类、喹诺酮、降糖类、激素类、叶黄素、天然维生素E、辅酶Q10、维生素及类维生素系列、医药商业流通、抗感染类药品,baostock+akshare
600217.SH,中再资环,A股,C42废弃资源综合利用业,,废电的回收与拆解处理和产业园区固体废弃物一体化处置。 产品：废电拆解物、工业废弃物、工业废弃物及深加工、租赁收入,baostock+akshare
600218.SH,全柴动力,A股,C34通用设备制造业,,发动机的研发、制造与销售。 产品：发动机、塑料管材、其他(补充),baostock+akshare
600219.SH,南山铝业,A股,C32有色金属冶炼和压延加工业,,铝及铝合金制品开发、生产、加工、销售。 产品：热电、氧化铝、电解铝、熔铸、铝型材/热轧-冷轧-箔轧、废铝回收(再生利用)、电力、铝合金锭、汽车板、航空板、罐料、工业型材、建筑型材、铝箔、冷轧卷/板、氧化铝粉、铝型材,baostock+akshare
600221.SH,海航控股,A股,G56航空运输业,,国际、国内（含港澳）航空客货邮运输业务；与航空运输相关的服务业务；航空旅游；机上供应品，航空器材，航空地面设备及零配件的生产；候机楼服务和经营；保险兼业代理服务（限人身意外险）。 产品：航空运输业务、客运及其他、其他(补充)、航空货运及逾重行李,baostock+akshare
600222.SH,太龙药业,A股,C27医药制造业,医药商业化,药品制造和药品研发服务。 产品：中药口服液、固体制剂、中药饮片、药品研发服务、药材贸易、药品流通、双黄连口服液（普通型）、双黄连口服液（浓缩型）、双黄连口服液（儿童型）、双黄连合剂、双金连合剂、小儿清热止咳口服液、小儿退热口服液、藿香正气合剂、止咳橘红口服液、小儿复方鸡内金咀嚼片、乌金口服液、五子衍宗口服液、丹参口服液、生脉饮（党参方）、生脉饮（红参方）、复方益母口服液、石杉碱甲片、药材加工及贸易,baostock+akshare
600223.SH,福瑞达,A股,C26化学原料和化学制品制造业,,化妆品、医药、原料及添加剂的研发、生产与销售，另外，还涉及物业服务业务。 产品：化妆品、医药、原料及衍生产品、添加剂、物业管理及其他、原料及衍生产品、添加剂,baostock+akshare
600226.SH,亨通股份,A股,D44电力、热力生产和供应业,,电解铜箔、生物兽药、饲料添加剂的生产与销售及热电联供等相关业务。 产品：电解铜箔、电及蒸汽、兽药产品、农药产品,baostock+akshare
600227.SH,赤天化,A股,C26化学原料和化学制品制造业,,化工业务、医疗服务业务和煤炭业务。 产品：尿素、甲醇、硫磺、硫酸铵、复合肥、医疗服务、煤炭,baostock+akshare
600228.SH,返利科技,A股,I64互联网和相关服务,,第三方在线导购、广告推广服务、平台技术服务等商业服务业务。 产品：导购服务、广告推广服务、平台技术服务、其他产品服务,baostock+akshare
600229.SH,城市传媒,A股,R86新闻和出版业,,出版物的策划、编辑、出版、版权运营、发行。 产品：教材教辅、一般图书、印刷物资、运输劳务、其他商品,baostock+akshare
600230.SH,沧州大化,A股,C26化学原料和化学制品制造业,,TDI产品、烧碱产品的产销业务。 产品：TDI、离子膜烧碱、PC、双酚A、TDI产品、烧碱产品、PC产品、双酚A产品,baostock+akshare
600231.SH,凌钢股份,A股,C31黑色金属冶炼和压延加工业,,冶金产品生产、经营、开发，黑色金属矿石开采、洗选及深加工。 产品：优特圆钢、热轧中宽带钢、螺纹钢、钢坯、工业纯铁、棒材、中宽热带、其他(补充),baostock+akshare
600232.SH,金鹰股份,A股,C17纺织业,锂电材料,麻、毛、绢纺织机械成套设备研发制造、销售；亚麻纺、绢纺、织造、制衣；注塑机械系列设备研发、制造和销售；锂电池正极材料研发、制造和销售。 产品：纺织品、纺机及配件、注塑机及配件、服装、新能源电池材料,baostock+akshare
600233.SH,圆通速递,A股,G60邮政业,,提供国内、国际快递、仓配一体、商贸、航空货运及供应链等综合服务。 产品：国内时效产品、国际快递及包裹服务、增值服务、货代服务、航空业务,baostock+akshare
600234.SH,科新发展,A股,E50建筑装饰、装修和其他建筑业,,建筑工程业务、写字楼出租业务及互联网广告营销业务。 产品：租赁业、互联网广告营销业务、建筑工程业务、互联网广告业务,baostock+akshare
600235.SH,民丰特纸,A股,C22造纸和纸制品业,,纸和纸制品的研发、生产和销售；造纸设备的设计、制造、安装、维修和技术服务；机械配件的制造、加工。 产品：烟草行业用纸系列、描图纸（亦称半透明纸）系列、涂布纸系列、卷烟纸、成型纸、烟用接装原纸、描图纸（亦称半透明纸）、涂布纸、工业配套纸、描图纸,baostock+akshare
600236.SH,桂冠电力,A股,D44电力、热力生产和供应业,,投资建设、经营以电力生产、销售为主业的电力能源项目。 产品：水力发电、火力发电、风力发电、光伏发电、售电业务、水电、风电、火电,baostock+akshare
600237.SH,铜峰电子,A股,C39计算机、通信和其他电子设备制造业,,薄膜电容器及其薄膜材料的研发、生产和销售。 产品：电子级薄膜材料、电容器、再生树脂、连接器,baostock+akshare
600238.SH,*ST椰岛,A股,C15酒、饮料和精制茶制造业,,酒类产品的生产与销售、饮料产品的销售等。 产品：鹿龟酒、海王酒、酱香白酒、酒类、食品饮料类、其他,baostock+akshare
600239.SH,ST云城,A股,K70房地产业,,物业服务、商业运营及酒店运营管理。 产品：商业管理、物业服务、住宅销售、其他房地产业态、酒店运营,baostock+akshare
600241.SH,时代万恒,A股,C38电气机械和器材制造业,电芯,新能源电池的研发、生产和销售。 产品：锂电池、镍氢电池、锂离子电池、组合产品、其他(补充),baostock+akshare
600243.SH,*ST海华,A股,C34通用设备制造业,,天然气运营、电梯配件、齿轮（箱）、工程机械结构件等的研发、生产及销售。 产品：电梯件、天然气、齿轮、金属结构件、齿轮及金属结构件,baostock+akshare
600246.SH,万通发展,A股,K70房地产业,,物业资产管理、房地产开发与销售、通信与数字科技。 产品：销售开发产品、物业出租、房地产销售、房屋租赁、数字科技,baostock+akshare
600248.SH,陕建股份,A股,E48土木工程建筑业,,建筑工程业务、石油化工工程业务。 产品：建筑工程业务、石油化工工程业务、其他,baostock+akshare
600249.SH,两面针,A股,C26化学原料和化学制品制造业,,日化用品的研发、生产和销售。 产品：日化产品、药品、商业贸易、其他(补充),baostock+akshare
600250.SH,南京商旅,A股,N78公共设施管理业,,商业贸易和旅游。 产品：纺织品服装、机电产品、化工原料、金属材料、非金属矿石、旅游服务、零售百货、家居收纳,baostock+akshare
600251.SH,冠农股份,A股,C13农副食品加工业,,番茄、棉花、甜菜制糖三大产业板块的研发、生产、加工、副产物综合利用、销售及贸易、仓储服务。 产品：番茄产业、棉花产业、甜菜制糖产业、大包装番茄酱、小包装番茄酱、番茄丁、番茄碎、无菌灌装番茄汁、番茄沙司、各类有机番茄制品、皮棉、棉籽、棉花仓储、棉花期货交割、棉籽油、棉粕、棉短绒、棉壳、白砂糖、冰糖、棉花产品、油脂产品、果蔬产品、糖业产品,baostock+akshare
600252.SH,中恒集团,A股,C27医药制造业,,医药制造。 产品：心脑血管领域用药、骨骼肌肉领域用药、其他普药系列、特色专科类、大输液类、抗感染类、其他品种、药品销售服务、医药流通类、龟苓膏系列、龟苓宝系列、其他食品系列、药品、食品、日化产品,baostock+akshare
600255.SH,鑫科材料,A股,C32有色金属冶炼和压延加工业,数据中心/云厂商,高性能、高精密度铜合金板带、合金箔、汽车用电线、算力中心用高速铜连接及高速铜缆产品的研发、生产和销售。 产品：铜基合金、电线电缆、黄铜、高铜、青铜、锌白铜带材、黄铜箔以及其回流镀锡、热浸镀锡带材、ACC/AEC高速铜连接、铜基合金材料、辐照特种电缆、其他,baostock+akshare
600256.SH,广汇能源,A股,B07石油和天然气开采业,,天然气板块、煤炭板块和煤化工板块。 产品：天然气销售、煤炭、煤化工产品,baostock+akshare
600257.SH,大湖股份,A股,A04渔业,,健康产品的生产与销售业务；康复、护理为主的健康医疗服务业务。 产品：水产品、白酒、医疗服务,baostock+akshare
600258.SH,首旅酒店,A股,H61住宿业,,中高端及经济型酒店运营管理，并兼有景区经营业务。 产品：酒店运营、酒店管理、景区业务,baostock+akshare
600259.SH,中稀有色,A股,B09有色金属矿采选业,,稀土矿开采、冶炼分离、深加工以及有色金属贸易业务。 产品：稀土及相关产品、稀土精矿、混合稀土、稀土氧化物、稀土永磁材料、其他,baostock+akshare
600261.SH,阳光照明,A股,C38电气机械和器材制造业,,照明电器的研发、生产、销售，同时为客户提供综合照明解决方案。 产品：LED光源产品、LED灯具产品、其他主营业务,baostock+akshare
600262.SH,北方股份,A股,C35专用设备制造业,,矿用车的研发、生产、销售和服务，同时提供矿用车备件、维修承包及劳务服务等。 产品：载重28-400吨全系列矿用车、机械传动矿用车、电动轮矿用车、矿用洒水车、双动力矿用车、纯电动矿用车、氢能源矿用车、矿用车整车、矿用车备件及服务、其他(补充),baostock+akshare
600265.SH,*ST景谷,A股,C20木材加工和木、竹、藤、棕、草制品业,,人造板产品、林化产品、营林造林、林木采伐等业务。 产品：胶合板、纤维板、刨花板、单板、人造板类产品、其他(补充)、林化类产品,baostock+akshare
600266.SH,城建发展,A股,K70房地产业,,房地产开发、对外股权投资和商业地产经营。 产品：房地产开发、租赁、物业管理、房地产开发(房屋销售)、租赁收入、房地产开发(土地一级开发),baostock+akshare
600267.SH,海正药业,A股,C27医药制造业,药物发现/CRO;临床服务/CDMO,化学原料药和制剂的研发、生产和销售业务。 产品：抗肿瘤药、抗感染药、心血管药、抗寄生虫药及兽药、内分泌药、其他药品、医药商业、CMO/CDMO/CRO业务、医药制造、其中:医药制造-成品药、其中:医药商业-医药经销、其中:医药制造-抗感染药、其中:医药制造-心血管药、其中:医药制造-原料药、其中:医药制造-抗肿瘤药,baostock+akshare
600268.SH,XD国电南,A股,C38电气机械和器材制造业,机器人本体/集成,为客户提供配套自动化、信息化产品、集成设备及整体解决方案。 产品：电网自动化产品、电厂自动化产品、水电自动化产品、轨道交通自动化产品、信息与安全技术产品服务、新能源、输变电系统集成业务、电网自动化、电厂自动化、系统集成中心业务、信息技术业务,baostock+akshare
600269.SH,赣粤高速,A股,G54道路运输业,,高速公路运营、智慧交通、实业投资和金融投资。 产品：智慧交通、实业投资、金融投资、高速公路运营、成品油销售、房地产销售、车辆通行服务收入、成品油销售收入、其中:昌九高速公路、智慧交通收入、其中:昌泰高速公路,baostock+akshare
600271.SH,航天信息,A股,I65软件和信息技术服务业,,数字财税业务、智慧业务和网信业务。 产品：数字财税业务产品、智慧业务产品、网信业务产品,baostock+akshare
600272.SH,开开实业,A股,F51批发业,,医药流通及服务和服装批发、零售。 产品：医药类、服装类、衬衫、羊毛（绒）衫、系列服装、中西成药、中药饮片、医用耗材试剂、其他(补充),baostock+akshare
600273.SH,嘉化能源,A股,C26化学原料和化学制品制造业,,制造和销售脂肪醇（酸）、聚氯乙烯(氯乙烯)、蒸汽、氯碱、磺化医药以及硫酸（精制硫酸）等系列产品。 产品：脂肪醇（酸）系列产品、聚氯乙烯（氯乙烯）、蒸汽、烧碱（折百）、磺化医药系列产品、硫酸（总酸量）、光伏发电、装卸及相关、氢气、贸易及其他产品、脂肪醇(酸)系列产品、聚氯乙烯(氯乙烯),baostock+akshare
600276.SH,恒瑞医药,A股,C27医药制造业,,药品的研发、生产和销售。 产品：马来酸吡咯替尼片、注射用卡瑞利珠单抗、瑞维鲁胺片、海曲泊帕乙醇酰胺片、羟乙磺酸达尔西利片、碘佛醇注射液、肿瘤、神经科学、其他(补充),baostock+akshare
600278.SH,东方创业,A股,F51批发业,,货物贸易以及现代物流和大健康产业的开发、运营。 产品：货物贸易、健康产业、货运、仓储及代理、船舶租赁、服务贸易、贸易业务、货运物流业务,baostock+akshare
600279.SH,重庆港,A股,G55水上运输业,,港口货物中转运输及综合物流。 产品：港口中转运输业务、综合物流业务、商品贸易业务、装卸业务及客货代理业务,baostock+akshare
600280.SH,中央商场,A股,F52零售业,,百货零售业以及房地产开发业务。 产品：百货零售业务、罗森便利业务、房地产开发业务、百货零售、房地产、其他,baostock+akshare
600281.SH,华阳新材,A股,C32有色金属冶炼和压延加工业,,铂族金属的加工、生产、销售。 产品：贵金属催化网、废催化剂的回收处置、贵金属化合物、二元网（铂、铑）、三元网（铂、铑、钯）、四元网（铂、钯、铈）及氨氧化节铂组合网、铂催化剂200t钯催化剂800t、氯化钯硝酸钯、铂合金网、其他(补充),baostock+akshare
600282.SH,南钢股份,A股,C31黑色金属冶炼和压延加工业,,钢铁产品及其副产品的生产和销售。 产品：专用板材、特钢长材、建筑螺纹、钢材销售、其他销售,baostock+akshare
600283.SH,钱江水利,A股,D46水的生产和供应业,,水务行业投资运营管理。 产品：自来水供应、污水处理、管道安装业务、水供给及处理业务、材料销售及其他,baostock+akshare
600284.SH,浦东建设,A股,E48土木工程建筑业,,建筑工程施工、设计勘察咨询、园区开发运营、建筑材料生产和销售。 产品：施工工程项目、设计勘察咨询业务、建筑材料生产与销售、园区综合开发业务、建筑施工,baostock+akshare
600285.SH,羚锐制药,A股,C27医药制造业,,药品的研发、生产及销售。 产品：贴剂、片剂、胶囊剂、软膏剂、其他,baostock+akshare
600287.SH,苏豪时尚,A股,F51批发业,,服装出口贸易和国内贸易，木制品出口业务、监控化工产品进口业务、海产品进口业务，以及核电钢材、白酒等国内贸易业务。 产品：服装（贸易）、木制品、医药化工、服装（生产）、酒水、黑色金属及制品、食品、仓储服务、商品流通收入、服装加工收入、房租水电,baostock+akshare
600288.SH,大恒科技,A股,C39计算机、通信和其他电子设备制造业,机器人传感器;机器人本体/集成,机器视觉及信息技术业务、光机电一体化业务、电视数字网络编辑及播放系统业务。 产品：机器视觉及信息技术、光机电一体化产品、电视数字网络编辑及播放系统、面阵工业相机、线阵工业相机、智能化视觉平台、镜头、光源、标签、印刷检品机、检验机、玻璃容器检品机、SMT检测设备(AOI/SPI)、信息系统集成业务、太赫兹光谱仪、磨粒检测仪、高校光电教学实验产品、精密光学器件、微米级高精度调整架、超快激光器、准直、聚焦、扩束、扫描反射镜、激光波长分光镜、多通道、二向色、高反射、透镜、偏振分光镜、准直聚焦透镜、反射镜、高陡度深截止滤光片、低角度效应滤光片、窄带陷波器、分光镜、非线性编辑系统、数字内容资源平台、千机大模型平台、智新融媒采编系统、全媒体演播室系统、大观视频云平台、SDI/IP播出系统,baostock+akshare
600289.SH,ST信通,A股,I65软件和信息技术服务业,,信息通信技术（ICT）运营管理领域的基础软件和应用软件的研发，面向电信运营商及各大行业客户提供运营支撑系统（OSS）及管理信息化支撑系统（MSS）全面解决方案。 产品：算力业务系列产品和服务、运营支撑系统（OSS）、管理支撑系统（MSS）、硬件定制业务、技术开发/服务、其他(补充),baostock+akshare
600292.SH,电投水电,A股,N77生态保护和环境治理业,,水力发电及流域水电站新能源一体化综合开发运营、脱硫脱硝除尘工程总承包、脱硫脱硝特许经营、脱硝催化剂制造及再生、水务工程及运营等业务。 产品：发电、脱硝催化剂、环保工程、水处理运营、催化剂销售、电力销售、脱硫脱硝电价收入,baostock+akshare
600293.SH,三峡新材,A股,C30非金属矿物制品业,,平板玻璃及特种功能玻璃的生产和销售，新型建材的科研与开发。 产品：浮法原片体系、镀膜原片体系、深加工产品体系、浮法玻璃、无色透明玻璃、普通白玻、超白浮法玻璃、本体着色玻璃、欧洲灰玻璃、茶色玻璃、低辐射镀膜玻璃、钢化/半钢化玻璃、热弯/弯钢化玻璃、夹层玻璃、中空玻璃、彩釉玻璃、玻璃制品、其他(补充),baostock+akshare
600295.SH,鄂尔多斯,A股,C31黑色金属冶炼和压延加工业,,羊绒品类服装及服饰的生产加工、品牌建设与市场销售，煤炭等矿产资源采选、电力（热能）、硅系铁合金、氯碱化工、合成氨、尿素等产品的加工及销售。 产品：服装、硅铁、硅锰合金、煤炭、电石、PVC树脂、烧碱、化肥、多晶硅,baostock+akshare
600298.SH,安琪酵母,A股,C14食品制造业,,酵母、酵母衍生物及相关生物制品的研发、生产与销售。 产品：酵母及深加工产品、制糖产品、包装类产品、食品原料产品、面包酵母、中华面食酵母、酵母抽提物、酿酒酵母、生物饲料添加剂、营养保健产品、食品原料,baostock+akshare
600299.SH,安迪苏,A股,C14食品制造业,,研发、生产和销售动物营养健康添加剂。 产品：功能性产品、特种产品、蛋氨酸、蛋氨酸羟基类似物、维生素、硫酸铵、硫酸钠、酶制剂、反刍动物蛋氨酸、有机硒添加剂、益生菌产品、适口性产品、霉菌毒素、管理产品、丁酸盐添加剂、饲料保鲜产品、水产产品,baostock+akshare
600300.SH,维维股份,A股,C15酒、饮料和精制茶制造业,,豆奶粉、动植物蛋白饮料、乳品、茶叶等系列产品的研发、生产和销售，以及粮食收购、仓储、贸易、加工业务。 产品：“维维”豆奶粉、“维维”豆浆粉、“维维”谷物麦片、“维维”豆奶饮料、“维维”汽水、“维维”粮油、“百分植”豆浆粉、“天山雪”乳品、“维维六朝松”面粉、“怡清源”茶叶、“汉元”酒、固体冲调饮料(豆奶粉、豆浆粉等)、粮油仓储贸易、粮油初加工、动植物蛋白饮料(牛奶、鲜奶等),baostock+akshare
600301.SH,华锡有色,A股,B09有色金属矿采选业,,有色金属勘探、开采、选矿以及工程监理等业务。 产品：锡锭、锌锭、锑锭、铟锭、铅锑精矿、锌精矿、有色金属深加工产品、监理业务,baostock+akshare
600302.SH,ST标准,A股,C35专用设备制造业,,为服饰、箱包、家居、汽车内饰等产业客户提供系统解决方案和系统服务。 产品：工业缝纫机、零件制造、其他(补充),baostock+akshare
600303.SH,曙光股份,A股,C36汽车制造业,,汽车车桥及零部件业务和汽车整车业务。 产品：新能源客车、传统能源及新能源N系列皮卡、A系列轻客、特种专用车、车桥、整车、经销其他汽车,baostock+akshare
600305.SH,XD恒顺醋,A股,C14食品制造业,,食醋、酱油、酱菜、复合调味料、调味剂等系列调味品及包装材料的研发、生产、销售。 产品：调味品、食醋、料酒、调味品业务、其他商品及服务业务,baostock+akshare
600307.SH,酒钢宏兴,A股,C31黑色金属冶炼和压延加工业,,钢铁冶炼、钢材生产及销售等。 产品：高速线材、棒材、中厚板材、热轧卷板、冷轧卷板、各类涂镀卷板（镀锌、镀铝锌、锌铝镁）、不锈钢板带材、卷板、不锈钢、线材,baostock+akshare
600308.SH,华泰股份,A股,C22造纸和纸制品业,,造纸和化工。 产品：造纸产品、化工产品、新闻纸、文化纸、铜版纸、包装用纸、烧碱、液氯、双氧水、甲烷氯化物、环氧丙烷、氯乙酸、苯胺、包装纸,baostock+akshare
600309.SH,万华化学,A股,C26化学原料和化学制品制造业,,聚氨酯、石化、精细化学品及新材料产品的研发、生产和销售。 产品：聚氨酯系列、石化系列、精细化学品及新材料系列、其他,baostock+akshare
600310.SH,广西能源,A股,D44电力、热力生产和供应业,,发电、供电、电力投资开发、供水、交通建设及其基础设施开发等。 产品：电力（含水电、火电、风电、光伏）、电网销售、电力生产、其他,baostock+akshare
600312.SH,平高电气,A股,C38电气机械和器材制造业,,中压、高压、超高压、特高压交直流开关设备研发制造、销售安装、检修服务。 产品：开关设备、40.5千伏～1100千伏SF6气体绝缘封闭式组合电器（GIS/H-GIS）、40.5千伏～1100千伏SF6罐式断路器、12千伏～1100千伏SF6瓷柱式断路器、直流场成套设备、12千伏～1100千伏交流隔离开关及接地开关、10千伏～1120千伏直流隔离开关及接地开关、72.5千伏～550千伏隔离断路器、40.5千伏～1100千伏气体绝缘金属封闭输电线路(GIL)、高压电极式电锅炉、10千伏～126千伏真空断路器、中低压成套电气设备、铁道电气化用开关设备、10千伏～220千伏车载移动式变电站、预制舱式模块化变电站、高效节能配电变压器、输变电设备在线监测装置、互感器、避雷器、液压/弹簧机构、绝缘件、复合绝缘子、穿墙套管、SF6气体回收净化装置、机械加工、高压板块、配网板块、运维检修及其他,baostock+akshare
600313.SH,农发种业,A股,F51批发业,,农作物种子的研发、生产和销售，农药产品的生产与销售，化肥贸易业务以及专用粮业务。 产品：小麦、玉米、水稻、油菜、大豆等多种农作物种子、化肥、农产品、农药,baostock+akshare
600315.SH,上海家化,A股,C26化学原料和化学制品制造业,,日化产品的研发、生产和销售。 产品：日化产品、个护产品、美妆产品、创新产品、海外产品、个护、美妆、海外、创新,baostock+akshare
600316.SH,洪都航空,A股,C37铁路、船舶、航空航天和其他运输设备制造业,,教练机系列产品的设计、研制、生产、销售、维修及服务保障等。 产品：教练机、防务产品、CJ6初级教练机、K8基础教练机、L15高级教练机、其他航空产品、非航空产品,baostock+akshare
600318.SH,新力金融,A股,J66货币金融服务,,融资租赁、小额贷款、软件和信息技术服务、典当、融资担保、供应链服务等业务。 产品：融资租赁、小额贷款、典当业务、软件和信息技术服务、融资担保、网贷信息中介服务、供应链业务,baostock+akshare
600319.SH,亚星化学,A股,C26化学原料和化学制品制造业,,生产、销售氯化聚乙烯、烧碱和双氧水。 产品：CPE、氯碱、双氧水、化工产品、其他,baostock+akshare
600320.SH,振华重工,A股,C34通用设备制造业,,设计、建造、安装和承包大型港口装卸系统和设备、海上重型装备、工程机械、工程船舶和大型金属结构件及部件、配件；销售公司自产产品。 产品：港口机械、重型装备、工程建设项目、钢结构、船舶运输及其他、钢结构及相关收入,baostock+akshare
600322.SH,津投城开,A股,K70房地产业,,房地产开发与销售。 产品：房地产开发经营、物业、出租、物业及出租、其他,baostock+akshare
600323.SH,瀚蓝环境,A股,N77生态保护和环境治理业,,固废处理业务、能源业务、供水业务以及排水业务。 产品：固废处理业务、能源业务、供水业务、排水业务、固废处理,baostock+akshare
600325.SH,华发股份,A股,K70房地产业,,房地产开发与经营。 产品：房地产开发、物业服务,baostock+akshare
600326.SH,西藏天路,A股,C30非金属矿物制品业,,工程承包，水泥及水泥制品生产销售，沥青及沥青制品生产销售，矿产品加工与销售。 产品：市政道路、公路工程、房建工程、其他工程、水泥销售、商混销售、骨料销售、沥青砼销售、监理检测、技术服务、物流及其他、租赁,baostock+akshare
600327.SH,大东方,A股,Q84卫生,,百货零售业务、三凤桥品牌经营业务、医疗健康业务。 产品：百货零售、新鲜熟食、包装礼品、大客户端定制单品、医疗健康、医疗服务、百货零售销售、餐饮与食品销售,baostock+akshare
600328.SH,中盐化工,A股,C26化学原料和化学制品制造业,,基础化工行业、精细化工行业、建材行业、医药行业四大业务。 产品：纯碱产品、氯碱树脂产品、两钠产品,baostock+akshare
600329.SH,达仁堂,A股,C27医药制造业,,中药材、中成药、化学原料及制剂、营养保健品的研发制造及药品零售。 产品：中成药、西药、速效救心丸、清咽滴丸、痹祺胶囊、通脉养心丸、牛黄清心丸、安宫牛黄丸、清肺消炎丸、清宫寿桃丸、胃肠安丸、其他,baostock+akshare
600330.SH,天通股份,A股,C39计算机、通信和其他电子设备制造业,,软磁材料及磁心的研发、生产与销售；钽酸锂（LiTaO3）、铌酸锂（LiNbO3）晶体材料的创新研发、规模化生产及专业销售；蓝宝石晶体材料及其相关制品的研发、生产和销售；高端专用智能装备的研发、制造、销售、服务以及整体解决方案。 产品：开关电源磁性材料、滤波磁性材料、镍锌磁性材料、金属粉芯材料（金属粉芯）、NFC铁氧体磁片、一体电感、蓝宝石晶棒、蓝宝石衬底片、蓝宝石窗口片、压电晶片、专用设备、电子材料制造、专用装备制造及安装、材料销售及其他,baostock+akshare
600331.SH,宏达股份,A股,C26化学原料和化学制品制造业,,化肥、工业级磷酸一铵等化工产品，以及锌锭、锌合金、氧化锌、稀有金属（钼、铟、锗）等的生产与销售。 产品：磷化工板块、有色金属锌冶炼板块、磷酸盐系列产品、磷肥、复合肥、液氨、锌锭、锌合金、锌金属及副产品,baostock+akshare
600332.SH,白云山,A股,C27医药制造业,,中西成药、化学原料药、天然药物、生物医药、化学原料药中间体的研发、制造与销售；西药、中药和医疗器械的批发、零售和进出口业务；大健康产品的研发、生产与销售；医疗服务、健康管理、养生养老等健康产业投资。 产品：现代中药、化药科技、天然饮品、医药商业、医药商业业务、现代中药业务,baostock+akshare
600333.SH,长春燃气,A股,D45燃气生产和供应业,,燃气销售业务。 产品：燃气、燃气销售、燃气安装、其他,baostock+akshare
600335.SH,国机汽车,A股,F51批发业,,汽车批发、零售、汽车工业工程技术服务。 产品：汽车工程系统服务业务、汽车流通服务业务、汽车租赁服务业务,baostock+akshare
600336.SH,澳柯玛,A股,C38电气机械和器材制造业,,制冷技术研发和产品制造。 产品：制冷电器、生活电器、空调、洗衣机、其他,baostock+akshare
600337.SH,ST美克,A股,F52零售业,,家具及配套家居产品的研发、生产及销售。 产品：家具、家居用品、批发家具商品、其中:批发家具商品-家具、零售家居商品、其中:零售家居商品-家具,baostock+akshare
600338.SH,西藏珠峰,A股,B09有色金属矿采选业,,有色金属矿山采掘、选矿和冶炼。 产品：铅精矿（含银）、锌精矿、铜精矿（含银）、冶炼产品、金属铅、金属锌、金属铜、金属银、锂盐、铅精矿(含银)、铜精矿(含银),baostock+akshare
600339.SH,中油工程,A股,B11开采专业及辅助性活动,,面向全球能源化工行业提供全产业链“一站式”工程综合服务。 产品：油气田地面工程、管道与储运工程、炼油与化工工程、环境工程、项目管理及其他,baostock+akshare
600340.SH,*ST华幸,A股,K70房地产业,,开发业务、运营业务、服务业务、园区衍生业务。 产品：产业新城开发和住宅开发业务、产业园运营、创新中心运营、产业招商、产业招租、产业新城服务、园区衍生业务,baostock+akshare
600343.SH,航天动力,A股,C34通用设备制造业,,泵及泵系统、液力传动系统的研发、生产、销售以及工程项目的承揽。 产品：泵及泵系统产品、液力传动系统产品、泵及泵系统、液力变矩器、电机,baostock+akshare
600345.SH,长江通信,A股,C39计算机、通信和其他电子设备制造业,机器人本体/集成,智能化应用产品和解决方案、公安、应急及城运行业通信与指挥领域的自主产品的销售、系统集成和运营服务。 产品：系统集成、运维与技术服务、IT设备销售、排队调度机、应急通信网关、消防应急指挥终端、卫星定位终端、视频监控终端、智慧应急通信与指挥、智慧城市运营管理、其他(补充),baostock+akshare
600346.SH,恒力石化,A股,C26化学原料和化学制品制造业,,炼化、煤化工、芳烃、烯烃、基础化工、精细化工以及下游各个应用领域新材料产品的生产、研发和销售。 产品：炼化产品、PTA、聚酯产品,baostock+akshare
600348.SH,华阳股份,A股,B06煤炭开采和洗选业,,煤炭开采、洗选、销售及相关配套业务。 产品：洗块煤、洗末煤、末煤、煤泥、煤炭、电力、其他(补充),baostock+akshare
600350.SH,山东高速,A股,G54道路运输业,,交通基础设施的投资运营、以及高速公路产业链上下游相关行业等领域的股权投资。 产品：智慧运营、产业投资、工程建设、绿色低碳、山东省通行费收入、机电工程施工收入、建造服务收入、铁路运输收入,baostock+akshare
600351.SH,亚宝药业,A股,C27医药制造业,,医药产品的研发、生产与销售。 产品：片剂、注射剂、贴敷剂、口服液、颗粒剂、原料药、丁桂儿脐贴、薏芽健脾凝胶、儿童清咽解热口服液、甲钴胺片、盐酸倍他司汀注射液、红花注射液、硝苯地平缓释片、唯源素、唯源泰、唯源全、医药生产-儿科类、医药生产-心血管系统、医药批发,baostock+akshare
600352.SH,浙江龙盛,A股,C26化学原料和化学制品制造业,,以染料、助剂为主的纺织用化学品业务以及以间苯二胺、间苯二酚为主的中间体业务。 产品：纺织用化学品、中间体、间苯二胺、间苯二酚、染料、助剂,baostock+akshare
600353.SH,旭光电子,A股,C39计算机、通信和其他电子设备制造业,,电力设备业务、军工业务、电子材料业务。 产品：大功率激光器射频电子管、真空灭弧室（电力开关设备核心器件）、新型电力及新能源成套设备、航空航天飞行器精密结构件、智能嵌入式计算机、半导体封装及热管理用氮化物电子材料、真空灭弧室(电力开关设备核心器件)、其他(补充),baostock+akshare
600354.SH,敦煌种业,A股,A05农、林、牧、渔专业及辅助性活动,,各类农作物种子的研发、生产、加工、销售和脱水菜、番茄粉、番茄酱的生产、加工、销售；棉花及其副产品和其它农产品的收购、加工、仓储、贸易。 产品：种子、食品、棉花,baostock+akshare
600356.SH,恒丰纸业,A股,C22造纸和纸制品业,,特种纸、纸浆的生产和销售。 产品：特种纸、纸浆、烟草工业用纸、印刷工业用纸、医疗保健生活用纸、食品食材接触用纸、剑麻浆、大麻浆、亚麻浆、其他纸类、机械光泽纸,baostock+akshare
600358.SH,国旅联合,A股,L72商务服务业,,互联网数字营销业务、旅游目的地投资开发和运营业务及跨境购业务。 产品：广告营销、旅游饮食服务、文体服务项目、电商业务,baostock+akshare
600359.SH,新农开发,A股,A01农业,,种子加工及销售业务、甘草制品业务、畜牧业-肉牛育肥养殖业务、食品饮料制造及销售业务、大米及谷物加工销售业务。 产品：皮棉、短绒、粮种、棉种、棉籽、其他代加工、大米、大米副产品、其他农产品、甘草制品、育肥牛、加工业、养殖业、服务业及其他,baostock+akshare
600360.SH,华微电子,A股,C39计算机、通信和其他电子设备制造业,,集功率半导体芯片设计、加工、封装、测试及产品营销为一体。 产品：半导体分立器件、集成电路、电力电子产品、汽车电子产品、自动化仪表、电子元件、应用软件、其他、其他(补充),baostock+akshare
600361.SH,创新新材,A股,C32有色金属冶炼和压延加工业,,铝合金及制品研究开发和生产加工。 产品：棒材、铝杆线缆、板带箔、型材、结构件,baostock+akshare
600362.SH,江西铜业,A股,C32有色金属冶炼和压延加工业,,涵盖了铜和黄金的采选、冶炼与加工；稀散金属的提取与加工；硫化工及贸易等领域，并且在铜以及相关有色金属领域建立了集勘探、采矿、选矿、冶炼、加工于一体的完整产业链。 产品：阴极铜、铜杆线、黄金、铜加工产品、白银、化工产品(硫酸及硫精矿)、铜精矿、稀散及其他有色金属、硫酸、铜杆、铜管、铜箔、硒、碲、铼、铋,baostock+akshare
600363.SH,联创光电,A股,C39计算机、通信和其他电子设备制造业,,激光系列及传统LED芯片产品、智能控制系列产品、背光源及应用产品，光电通信与智能装备线缆及金属材料产品的研发、生产和销售。 产品：激光系列及传统LED芯片产品、智能控制系列产品、背光源及应用产品、光电通信与智能装备线缆及金属材料产品、智能控制、背光源及应用,baostock+akshare
600365.SH,ST通葡,A股,F52零售业,,果露酒、葡萄酒制造、销售。 产品：自制葡萄酒、其他酒类产品、其他,baostock+akshare
600366.SH,宁波韵升,A股,C30非金属矿物制品业,,稀土永磁材料的研发、制造和销售。 产品：钕铁硼、钕铁硼永磁材料、其他(补充),baostock+akshare
600367.SH,红星发展,A股,C26化学原料和化学制品制造业,,钡盐、锶盐和锰系产品的研发、生产和销售。 产品：钡盐产品、锶盐产品、锰系产品、多规格专用型碳酸钡、多品种硫酸钡、高纯碳酸钡、高纯氯化钡、高纯硝酸钡、氢氧化钡、硝酸钡、碳酸锶、硝酸锶、氯化锶、氢氧化锶、高纯碳酸锶、一次电池和锂电池用EMD、高纯硫酸锰、无机盐产品、其他产品、锰盐产品,baostock+akshare
600368.SH,XD五洲交,A股,G54道路运输业,,收费公路业务，以及商贸物流、资产经营业务。 产品：交通运输业、商贸物流业、资产经营业、金融业、商贸物流、其他业务,baostock+akshare
600369.SH,西南证券,A股,J67资本市场服务,,证券及期货经纪业务、投资银行业务、自营业务、资产管理业务等。 产品：证券及期货经纪业务、投资银行业务、自营业务、资产管理业务、证券经纪业务、证券自营业务、其他业务,baostock+akshare
600370.SH,*ST三房,A股,C26化学原料和化学制品制造业,,以瓶级聚酯切片、PTA的生产与销售为核心，以热电、PBT工程塑料的生产与销售等业务为补充。 产品：瓶级聚酯切片、PTA、电、蒸汽、工程塑料、电、蒸汽,baostock+akshare
600371.SH,万向德农,A股,A05农、林、牧、渔专业及辅助性活动,,玉米杂交种子研发、生产、销售。 产品：玉米、化肥、棉种、其他(补充),baostock+akshare
600372.SH,中航机载,A股,C37铁路、船舶、航空航天和其他运输设备制造业,,航空电子产品的研发、生产和销售。 产品：航空产品、非航空防务产品、现代产业及其他,baostock+akshare
600373.SH,中文传媒,A股,R86新闻和出版业,,报刊和音像电子出版物编辑出版、印刷发行、物资供应等传统出版业务；国内外贸易和供应链业务、现代物流和物联网技术应用等产业链延伸业务；新媒体、数字教育、互联网游戏、数字出版、艺术品经营、文化综合体、整合营销服务和投融资等新业态业务。 产品：一般图书、教材教辅、音像及数码产品、物流业务、印刷包装、物资贸易、新业态、整合营销,baostock+akshare
600375.SH,汉马科技,A股,C36汽车制造业,,重卡、专用车及汽车零部件的研发、生产与销售。 产品：整车及底盘、专用车、汽车零部件、重卡底盘、重卡整车、混凝土搅拌车、散装水泥车、混凝土泵车、半挂牵引车、工程自卸车、发动机、变速箱、车桥,baostock+akshare
600376.SH,首开股份,A股,K70房地产业,,房地产开发、物业经营业务。 产品：房产销售、酒店物业经营、酒店物业经营等、其他(补充),baostock+akshare
600377.SH,宁沪高速,A股,G54道路运输业,,江苏省境内收费路桥的投资、建设、经营及管理，并开发高速公路沿线的服务区配套经营业务。 产品：收费公路、配套服务、地产业务、电力销售、清障业务、其他业务、沪宁高速、广靖高速及锡澄高速、宁常高速及镇溧高速、锡宜高速及无锡环太湖公路、镇丹高速、常宜高速、宜长高速、五峰山大桥、宁扬长江大桥、通行费收入、建造服务收入、公路配套服务收入,baostock+akshare
600378.SH,昊华科技,A股,C26化学原料和化学制品制造业,锂电材料,高端氟材料、电子化学品、高端制造化工材料及碳减排业务等。 产品：高端氟材料、高端制造化工材料、电子化学品、工程技术服务、制冷剂、灭火剂、氟树脂、氟橡胶、含氟中间体、电解液,baostock+akshare
600379.SH,宝光股份,A股,C38电气机械和器材制造业,,电力设备业务、新能源业务。 产品：真空灭弧室,baostock+akshare
600380.SH,健康元,A股,C27医药制造业,,医药产品及保健品研发、生产及销售。 产品：化学制剂、化学原料药及中间体、中药制剂、诊断试剂及设备、保健食品、生物制品,baostock+akshare
600381.SH,*ST春天,A股,C14食品制造业,,酒水产品销售，以及冬虫夏草类产品研发、生产和销售。 产品：冬虫夏草、中成药、酒水,baostock+akshare
600382.SH,广东明珠,A股,B08黑色金属矿采选业,,非煤矿山矿产资源开采；金属矿石销售；非金属矿及制品销售。 产品：铁精粉、砂石、块矿、粉矿,baostock+akshare
600383.SH,金地集团,A股,K70房地产业,,房地产开发运营、物业管理服务。 产品：房地产开发、物业管理,baostock+akshare
600386.SH,北巴传媒,A股,F52零售业,,广告传媒、汽车服务和新能源综合服务三大业务板块。 产品：广告传媒业务、汽车服务业务、新能源业务、公交车身媒体业务、候车亭灯箱及其他公交广告媒体业务、乘用车销售、维修与售后业务、车辆租赁业务、车辆报废拆解和回收再利用业务、汽车4S店、充电桩服务、其他(补充),baostock+akshare
600388.SH,龙净环保,A股,C35专用设备制造业,,大气污染治理、绿电及储能以及电动矿卡三大业务。 产品：大气污染治理设备、绿电业务、储能业务、除尘器及配套设备及安装、脱硫、脱硝工程项目、水处理环保设备、危废处置收入、垃圾焚烧收入、脱硝催化剂、土壤修复、水污染治理、VOCS项目、环保设备运营项目、脱硫、脱硝工程项目,baostock+akshare
600389.SH,江山股份,A股,C26化学原料和化学制品制造业,,以除草剂、杀虫剂为主的农药产品，以新材料、化工中间体、氯碱为主的化工产品，以及热电联产蒸汽等产品的研发、生产和销售。 产品：农药、新材料、化工中间体、基础化工产品、草甘膦、乙草胺、丁草胺、（精）异丙甲草胺、敌敌畏、敌百虫、氯噻啉、二嗪磷、苯嘧草唑、制剂产品、阻燃剂、水处理剂、纳米材料、亚磷酸、亚磷酸二甲酯、亚磷酸三甲酯、三氯化磷、三氯氧磷、三氯乙醛、氯甲烷、烧碱、氯气、氢气、高纯盐酸、饮用水级次氯酸钠、农药产品、新材料产品、化工产品、热电产品,baostock+akshare
600390.SH,五矿资本,A股,J69其他金融业,,信托业务、融资租赁业务、证券业务、期货业务。 产品：信托业务、融资租赁业务、证券业务、期货业务、固有业务、直租业务、售后回租业务、经营性租赁业务、证券经纪、证券投资咨询、财务顾问、证券自营、证券资产管理、融资融券、股票质押式回购、证券投资基金销售、代销金融产品、中间介绍业务、证券承销与保荐、私募股权投资业务、另类投资业务、期货经纪、期货交易咨询、资产管理业务、基差贸易、仓单服务、合作套保、场外衍生品业务、做市业务、境外期货经纪业务、期货投资咨询业务、租赁公司、期货风险管理业务、证券公司、信托公司、期货经纪业务及其他,baostock+akshare
600391.SH,航发科技,A股,C37铁路、船舶、航空航天和其他运输设备制造业,,航空发动机及燃气轮机零部件的研发、制造、销售、服务。 产品：内贸航空及衍生产品、外贸产品、航空轴承、其他(补充),baostock+akshare
600392.SH,盛和资源,A股,C32有色金属冶炼和压延加工业,,稀土矿采选、冶炼分离、金属加工、稀土废料回收以及锆钛矿选矿业务。 产品：稀土产品、锆钛及其他、稀土精矿、稀土氧化物、稀土盐、稀土金属、稀土抛光材料、独居石、锆英砂、钛精矿、金红石、其他(补充),baostock+akshare
600395.SH,盘江股份,A股,B06煤炭开采和洗选业,,煤炭开采、洗选加工与销售，以及电力生产与销售。 产品：煤炭、电力、精煤、动力煤,baostock+akshare
600396.SH,华电辽能,A股,D44电力、热力生产和供应业,,电力、热力的生产与销售。 产品：电力、热力、电力销售、热力销售、其他(补充),baostock+akshare
600397.SH,江钨装备,A股,C35专用设备制造业,,磁选装备的研发、生产、销售。 产品：电磁、永磁、离心、动力煤、焦煤、磁选装备整机、煤炭及焦炭贸易、自产煤炭、磁选装备产品销售,baostock+akshare
600398.SH,海澜之家,A股,C18纺织服装、服饰业,,自主品牌运营、国际品牌授权及代理、团购定制以及城市奥莱等业务。 产品：服装、裤子、T恤衫、羽绒服、茄克衫、衬衫、西服、鞋子、针织衫、其他,baostock+akshare
600399.SH,抚顺特钢,A股,C31黑色金属冶炼和压延加工业,,特殊钢和合金材料的研发制造。 产品：特殊钢、合金材料、高温合金、超高强度钢、不锈钢、工模具钢、汽车钢、钛合金、高档机械用钢、轴承钢、合金结构钢、工具钢,baostock+akshare
600400.SH,红豆股份,A股,C18纺织服装、服饰业,,男装的生产与销售。 产品：男装产品、衬衫、西服、西裤、茄克、T恤、毛衫、休闲服、内衣、裤子,baostock+akshare
600403.SH,大有能源,A股,B06煤炭开采和洗选业,,原煤开采、煤炭批发经营、煤炭洗选加工。 产品：长焰煤、焦煤、贫煤、洗精煤、气煤、煤炭采掘销售、其他(补充),baostock+akshare
600405.SH,动力源,A股,C39计算机、通信和其他电子设备制造业,,数据通信、绿色出行、新能源业务。 产品：通信电源、光储相关电源、车载相关电源、充换电电源、节能服务及高压变频器、定制及模块电源,baostock+akshare
600406.SH,XD国电南,A股,I65软件和信息技术服务业,,电网智能、数能融合、能源低碳、轨道交通及工业自动化设备的研发、设计、制造、销售、工程服务与总承包业务。 产品：电网智能、数能融合、能源低碳、工业互联、集成及其他,baostock+akshare
600408.SH,安泰集团,A股,C31黑色金属冶炼和压延加工业,,焦炭和型钢产品的生产与销售。 产品：焦炭、型钢、焦化、其他(补充),baostock+akshare
600409.SH,三友化工,A股,C26化学原料和化学制品制造业,,粘胶短纤维、纯碱、烧碱、聚氯乙烯、混合甲基环硅氧烷等系列产品的生产、销售。 产品：纯碱、粘胶短纤维、聚氯乙烯树脂、电、蒸汽、烧碱、二甲基硅氧烷混合环体、室温胶、高温胶、矿石,baostock+akshare
600410.SH,华胜天成,A股,I65软件和信息技术服务业,数据中心/云厂商,以服务AI智能算力需求为代表的新基建业务、自主产品及行业解决方案业务。 产品：企业、IT系统解决方案、云计算产品及服务、企业IT系统解决方案、其他(补充),baostock+akshare
600415.SH,小商品城,A股,L72商务服务业,,市场开发经营及配套服务，提供网上交易平台和服务，网上交易市场开发经营等。 产品：商品展示交易、市场配套服务生态、贸易履约服务、市场经营、自营贸易、会展业务、酒店业务、线上服务平台、品牌出海服务、仓储物流、支付、征信、保理等业务、销售商品、小商品城市场商位使用及其经营配套服务、配套房产销售,baostock+akshare
600416.SH,湘电股份,A股,C38电气机械和器材制造业,,发电机、交直流电动机、特种电机、船用推进系统、电气控制设备、风力发电机的设计、生产和销售。 产品：电机、电控、特种产品及备件,baostock+akshare
600418.SH,江淮汽车,A股,C36汽车制造业,,乘用车、商用车、客车、底盘等的研发、生产和销售。 产品：乘用车、商用车、客车、底盘,baostock+akshare
600419.SH,天润乳业,A股,C14食品制造业,,乳制品制造及畜牧。 产品：常温乳制品、低温乳制品、畜牧业产品,baostock+akshare
600420.SH,国药现代,A股,C27医药制造业,,医药产品研发、生产与销售。 产品：原料药、化学制剂、6-APA、7-ACA、D-7ACA、青霉素工业钾盐、头孢曲松钠粗盐、氨苄西林酸、其他主营业务、全身用抗感染药、心血管系统用药,baostock+akshare
600422.SH,昆药集团,A股,C27医药制造业,,药物研发、生产及销售、医药流通及大健康产业。 产品：心脑血管治疗领域、骨科系列、抗疟类、妇科、消化系统、其他、药品、器械批发与零售、药品、器械批发与零售,baostock+akshare
600423.SH,*ST柳化,A股,C26化学原料和化学制品制造业,,双氧水的生产和销售。 产品：27.5%双氧水、双氧水、其他主营业务、其他(补充),baostock+akshare
600425.SH,青松建化,A股,C30非金属矿物制品业,,水泥、建材、化工产品的生产与销售。 产品：水泥、水泥制品、化工产品、加气砼、商品混凝土、尿素、PVC、烧碱、纸面石膏板,baostock+akshare
600426.SH,华鲁恒升,A股,C26化学原料和化学制品制造业,,新能源新材料相关产品、化学肥料、有机胺、醋酸及衍生品等。 产品：新能源新材料相关产品、有机胺、化学肥料、醋酸及衍生品,baostock+akshare
600428.SH,中远海特,A股,G55水上运输业,,远洋及沿海货物运输。 产品：多用途船、半潜船、纸浆船、重吊船、汽车船、沥青船、木材船、新型多用途船,baostock+akshare
600429.SH,三元股份,A股,C14食品制造业,,加工乳制品、冷食冷饮。 产品：低温鲜奶、低温酸奶、常温牛奶、常温酸奶、奶粉、奶酪、冰淇淋、中式奶酪、液态奶、冰淇淋及其他、固态奶,baostock+akshare
600433.SH,冠豪高新,A股,C22造纸和纸制品业,,特种纸（热敏纸、热升华转印纸、高档涂布白卡纸等）及特种材料（不干胶标签、医疗胶片涂料、数码印刷膜、造纸化工品等）的研发、生产制造和销售业务。 产品：特种纸、特种材料、热敏纸、热升华转印纸、高档涂布白卡纸、不干胶标签、热敏医疗胶片涂料、数码印刷膜、造纸化工品、纸及纸制品、不干胶、化工,baostock+akshare
600435.SH,北方导航,A股,C39计算机、通信和其他电子设备制造业,,军品二三四级配套为主的研发、制造。 产品：军民两用产品、其他(补充),baostock+akshare
600436.SH,片仔癀,A股,C27医药制造业,,医药制造业、医药流通业及化妆品业等。 产品：肝病用药、心脑血管用药、医药行业、其中:医药行业-医药制造业、其中:医药制造业-肝病用药、其中:医药行业-医药流通业,baostock+akshare
600438.SH,通威股份,A股,C38电气机械和器材制造业,半导体材料,生产、销售工业硅、太阳能高纯晶硅及化工产品、硅棒、硅片、太阳能电池、组件等；太阳能发电及相关业务；生产、销售饲料等；水产养殖、种苗培育、食品加工等。 产品：饲料、食品及相关业务、太阳能电池、组件及相关业务、高纯晶硅、化工及相关业务、光伏电力及相关业务、太阳能电池、组件及相关业务、饲料、食品及相关业务、高纯晶硅、化工及相关业务,baostock+akshare
600439.SH,瑞贝卡,A股,C19皮革、毛皮、羽毛及其制品和制鞋业,,假发制品的研发、生产和销售。 产品：工艺发条、化纤发条、化纤假发、人发假发、阻燃纤维、工艺（真人发）发条、复合纤维材料（包括纤维发丝、阻燃纤维）,baostock+akshare
600444.SH,国机通用,A股,C35专用设备制造业,,流体机械相关的产品研发及制造、技术服务与咨询、工程设计及成套等业务。 产品：工程承包及设备成套分部、流体机械行业产品、塑料管材产品、技术服务及其他,baostock+akshare
600446.SH,金证股份,A股,I65软件和信息技术服务业,机器人本体/集成,面向金融体系及相关领域提供具备自主知识产权的基础技术平台、应用软件产品及信息技术服务。 产品：软件业务、硬件业务、定制及系统集成服务业务、科技园租赁业务,baostock+akshare
600448.SH,华纺股份,A股,C17纺织业,,印染加工为主业，形成包含纺纱、服装、家纺成品、纺织贸易、品牌开发、“B2B”平台、金融投资及热电等业务的多元化发展模式。 产品：印染、家纺、服装、棉纱,baostock+akshare
600449.SH,宁夏建材,A股,C30非金属矿物制品业,数据中心/云厂商,基础建材业务和数字物流业务。 产品：水泥及熟料、商品混凝土、骨料、运输服务收入、增值服务收入、数据中心业务、数字物流,baostock+akshare
600452.SH,涪陵电力,A股,D44电力、热力生产和供应业,,电网运营业务、配电网节能业务。 产品：电力供应与销售、配电网能效管理系统、多级联动与区域综合治理、配电网节能关键设备改造、电力销售、节能服务、电力销售及工程安装、其他(补充),baostock+akshare
600455.SH,博通股份,A股,P83教育,,高等教育，辅之以少量计算机信息技术。 产品：高等教育、学费及住宿费收入、其他(补充),baostock+akshare
600456.SH,宝钛股份,A股,C32有色金属冶炼和压延加工业,,钛及钛合金的生产、加工和销售。 产品：钛产品、其他产品、海绵钛、钛锭、板材、管材、棒材、带、箔材、线、丝材、环材、饼材、精密铸件、其他金属产品、其他主营业务,baostock+akshare
600458.SH,时代新材,A股,C29橡胶和塑料制品业,,轨道交通、工业与工程、风力发电、汽车、高性能高分子材料等产业领域系列产品的研制、生产与销售。 产品：减振降噪制品、风电叶片、高分子新材料、风力发电、汽车产品、轨道交通,baostock+akshare
600459.SH,贵研铂业,A股,C32有色金属冶炼和压延加工业,,贵金属及贵金属材料的研究、开发和生产经营。 产品：贵金属特种功能材料、贵金属信息功能材料、贵金属前驱体材料、贵金属工业催化剂材料、机动车催化净化器、贵金属再生资源材料、贵金属供给服务、贵金属产品、其中:贵金属产品-贵金属特种功能材料,baostock+akshare
600460.SH,士兰微,A股,C39计算机、通信和其他电子设备制造业,,硅半导体以及化合物半导体产品的设计、制造和封装。 产品：硅基集成电路、分立器件、化合物半导体器件（LED芯片和成品、SiC、GaN功率器件）、分立器件产品、集成电路、发光二极管产品,baostock+akshare
600461.SH,洪城环境,A股,D46水的生产和供应业,,自来水、污水处理、燃气能源、固废处置、工程等业务。 产品：自来水业务、污水处理业务、燃气能源业务、固废处置业务、其他相关业务、城镇生活污水处理、工业废水处理、污水处理服务费、燃气销售、自来水销售、固废处理业务,baostock+akshare
600463.SH,空港股份,A股,E48土木工程建筑业,,建筑施工、房屋出租、供暖服务、物业管理、提供劳务等业务。 产品：建筑施工、租赁、供热、物业管理及其他、热力供应,baostock+akshare
600467.SH,好当家,A股,A04渔业,,海参养殖和销售、食品加工和销售、远洋捕捞和销售。 产品：海参产品、冷冻调理食品、捕捞海产品、海参、海带、其他贝类、速冻调理食品(肉制品、蔬菜制品、面制品、冷冻调理食品)、水产品（海参、鱼、虾、贝类等制品）、盐渍海参、即食鲜海参、淡干海参、海参原浆、刺参软胶囊、海参口服液,baostock+akshare
600468.SH,百利电气,A股,C38电气机械和器材制造业,,输配电及控制设备、电线电缆及泵的研发、生产和销售。 产品：电磁线、线圈、定子嵌线、铜排、线棒、大功率电力电子产品SVG、SVC、输电系统二次控制电连接产品、单螺杆泵、双螺杆泵、三螺杆泵、离心泵、电磁线产品、高中低压电器产品、泵类产品,baostock+akshare
600469.SH,风神股份,A股,C29橡胶和塑料制品业,,轮胎的研制、设计、开发、生产、经营及轮胎进出口业务。 产品：轮胎、其他(补充),baostock+akshare
600470.SH,六国化工,A股,C26化学原料和化学制品制造业,,化肥(含氮肥、磷肥、钾肥)、肥料（含复合肥料、复混肥料、水溶肥及微生物肥料）、化学制品（含精制磷酸、磷酸盐）、化学原料的生产加工和销售。 产品：复合肥、磷肥、尿素、磷酸、氨水、硫酸钾,baostock+akshare
600475.SH,华光环能,A股,N77生态保护和环境治理业,机器人本体/集成,锅炉设备的设计制造、电力工程总包、热电运营、光伏电站运营的全产业链业务；环保领域（主要为固废处置）的专业设计、环保设备制造、制氢设备制造、工程建设、处置运营的全产业链系统解决方案和综合服务。 产品：能源装备及服务、环保综合服务、循环流化床锅炉、煤粉锅炉、传统火电、新能源光伏电站工程总承包业务、蒸汽、电力、光伏发电、燃机余热炉、生活垃圾焚烧炉、垃圾炉排、生物质炉、危废余热炉、污泥焚烧炉、碱性电解水制氢设备、灵活性低氮高效燃煤锅炉技术产品、固废处置工程及系统集成服务、烟气治理（脱硫脱硝）工程、市政工程、地方热电及光伏运营服务、环保设备、节能高效发电设备、电站工程及服务,baostock+akshare
600476.SH,*ST湘邮,A股,I65软件和信息技术服务业,机器人本体/集成,信息系统集成、软件开发、产品销售、平台运营和运维服务。 产品：软件产品、邮政、数字经济、平台运营服务、系统集成及其他、产品销售,baostock+akshare
600477.SH,杭萧钢构,A股,C33金属制品业,,开展对外承包工程业务，钢结构工程的制作、安装、技术咨询及技术服务。 产品：多高层钢结构、轻钢结构、建材产品、其他(补充),baostock+akshare
600478.SH,科力远,A股,C38电气机械和器材制造业,电芯,先进电池及关键材料的技术开发与产业化探索。 产品：镍氢电池材料、锂电池材料、动力电池、消费类电池、储能电池、储能产品、动力电池及极片,baostock+akshare
600479.SH,XD千金药,A股,C27医药制造业,,中成药、化学药、女性卫生用品的研发、生产和销售，以及药品的批发和零售业务。 产品：中药生产、西药生产、娱乐、卫生用品、妇科千金片（胶囊）、补血益母丸（颗粒）、缬沙坦胶囊、马来酸依那普利片、盐酸地芬尼多片、水飞蓟宾葡甲胺片、苯磺酸氨氯地平片、非那雄胺片、妇科专用棉巾系列、药品批发零售,baostock+akshare
600480.SH,凌云股份,A股,C36汽车制造业,,汽车零部件生产及销售业务、塑料管道系统生产及销售业务。 产品：汽车金属及塑料零部件、塑料管道系统、其他(补充),baostock+akshare
600481.SH,双良节能,A股,C34通用设备制造业,半导体材料,节能节水装备、新能源装备、光伏产品。 产品：节能节水装备、新能源装备、光伏产品、溴化锂制冷机及热泵、电热泵、电制冷系统、换热器、空冷器、多晶硅还原炉及其模块、绿电智能制氢装备、大尺寸单晶硅棒、硅片、高效光伏组件,baostock+akshare
600482.SH,中国动力,A股,C37铁路、船舶、航空航天和其他运输设备制造业,机器人本体/集成;新能源车/储能,燃气动力、蒸汽动力、柴油机动力、综合电力、化学动力、热气机动力、核动力（设备）等七类动力业务及机电配套业务，高端动力装备研发、制造、系统集成、销售及服务。 产品：化学动力、海工平台及船用机械、柴油机动力、热气机动力、综合电力、核动力（设备）、燃气蒸汽动力、传动设备、贵金属、柴油机、燃气轮机、汽轮机、电机及电控设备、蓄电池、电池储能系统、热气机、核电特种设备、船用机械、港口机械、齿轮箱,baostock+akshare
600483.SH,福能股份,A股,D44电力、热力生产和供应业,,电力、热力生产和销售。 产品：供电、供热、纺织制品,baostock+akshare
600486.SH,扬农化工,A股,C26化学原料和化学制品制造业,,农药产品的研发、生产和销售。 产品：杀虫剂、除草剂、杀菌剂、植物生长调节剂、拟除虫菊酯系列产品、草甘膦、麦草畏、烯草酮、氟啶胺、吡唑醚菌酯、抗倒酯、原药、贸易、制剂,baostock+akshare
600487.SH,亨通光电,A股,C38电气机械和器材制造业,,提供行业领先的光通信、智能电网、工业与新能源智能、海洋能源、海洋通信等产品与解决方案。 产品：光通信、智能电网、海洋能源、通信、工业、新能源智能、铜导体、工业与新能源智能,baostock+akshare
600488.SH,津药药业,A股,C27医药制造业,,甾体激素类、氨基酸类原料药及制剂的研发、生产和销售。 产品：原料药、剂型药品、地塞米松系列、泼尼松系列、甲泼尼龙系列、倍他米松系列、氨基酸、注射剂、软膏剂、乳膏剂、硬胶囊剂、丸剂、冻干粉针剂、吸入制剂、片剂、甾体激素类、其他、制剂,baostock+akshare
600489.SH,中金黄金,A股,B09有色金属矿采选业,,黄金、其他有色金属矿的采选、冶炼和销售。 产品：金、铜、金精矿、合质金、标准金、钼、白银、硫酸、冶炼、矿山、其他,baostock+akshare
600490.SH,鹏欣资源,A股,C32有色金属冶炼和压延加工业,,以黄金、铜等有色金属为主要着力点的矿业资源勘探、开采、冶炼加工及相关配套的贸易业务。 产品：黄金、自产阴极铜、硫酸、氢氧化钴、电钴、贸易阴极铜,baostock+akshare
600491.SH,ST龙元,A股,E48土木工程建筑业,,建筑总包板块业务、基建投资板块业务、绿色建筑板块业务。 产品：土建施工、装饰、钢结构、水利施工、PPP项目投资,baostock+akshare
600493.SH,凤竹纺织,A股,C17纺织业,,生产、加工针织、机织色布、漂染、纺纱、染纱、印花加工，销售自产产品；从事环保设施运营；从事货物或技术的进出口业务等。 产品：针织坯布、针织成品布、筒子色纱、汗布、毛巾布、提花布、彩条布、双面提花布、罗玛布、交织布、夹层布、1X1罗纹、2X2罗纹、弹力罗纹、移圈罗纹、单刷单摇、双刷双摇、双刷单摇、卫衣布、坯布及经编布、鞋材布、全棉、涤棉、涤纶、腈纶、锦纶、粘胶丝、染整成品、染整加工、纺纱,baostock+akshare
600495.SH,晋西车轴,A股,C37铁路、船舶、航空航天和其他运输设备制造业,,铁路车辆及相关配件产品的研发、制造、销售。 产品：车轴、铁路车辆、车辆配套产品、其他产品,baostock+akshare
600496.SH,精工钢构,A股,C33金属制品业,,钢结构工程和以钢结构为主体的完整建筑产品的设计、制作、施工和工程服务。 产品：钢结构、建筑产品、建筑整体的完整解决方案、公建产品、工业产品、居住产品、工业建筑、公共建筑、EPC,baostock+akshare
600497.SH,驰宏锌锗,A股,C32有色金属冶炼和压延加工业,,锌、铅、锗系列产品的采选、冶炼、深加工、销售与贸易业务。 产品：锌产品、铅产品、硫酸、银产品、硫精矿、锌精矿,baostock+akshare
600498.SH,烽火通信,A股,C39计算机、通信和其他电子设备制造业,,通信系统设备、光纤及线缆、数据网络等产品的生产与销售。 产品：通信系统设备、光纤及线缆、数据网络产品,baostock+akshare
600499.SH,科达制造,A股,C35专用设备制造业,锂电材料,建筑陶瓷机械及海外建材产品的生产和销售，并战略投资以蓝科锂业为主体的锂盐业务，另有锂电材料及装备、液压泵、智慧能源等培育业务。 产品：建筑陶瓷机械、海外建材、新能源装备、锂电材料、陶瓷压机、窑炉、抛磨设备、窑后智能整线、液压泵马达、智慧能源、建材机械装备,baostock+akshare
600500.SH,中化国际,A股,C26化学原料和化学制品制造业,,化工原料、精细化工、塑料等的进出口及内销贸易，以及仓储运输和货运代理业务，橡胶助剂等的制造、加工及销售等。 产品：基础原料及中间体、高性能材料、聚合物添加剂、化工材料营销、其他,baostock+akshare
600501.SH,航天晨光,A股,C35专用设备制造业,机器人应用,核工装备、智能制造、航天防务、后勤保障、环保装备、柔性管件、压力容器、艺术工程等多个领域的产品研发、生产和销售。 产品：特种装备、专用车改装、压力容器、柔性管件、艺术工程,baostock+akshare
600502.SH,安徽建工,A股,E48土木工程建筑业,机器人应用,高速公路投资建设运营，工程施工，智能制造，房地产+康养，建材商贸物流，新兴产业（新能源、新材料、低空科技），工程设计、检测及现代服务业等。 产品：投资与工程施工业务、智能制造业务、商品房销售与社会服务业务、建材、商贸物流业务、设计检测咨询业务、新兴产业业务、建材、商贸物流业务,baostock+akshare
600503.SH,华丽家族,A股,K70房地产业,,房地产开发。 产品：房地产业、装修及绿化工程、石墨烯衍生品、房地产产品、其他(补充),baostock+akshare
600505.SH,西昌电力,A股,D44电力、热力生产和供应业,,发电、供电、电力工程设计安装。 产品：发供电业务、电力工程设计安装业务、水力发电、太阳能光伏发电、电力工程设计安装、电力供应、电生产、电力工程,baostock+akshare
600506.SH,统一股份,A股,C25石油、煤炭及其他燃料加工业,液冷,润滑油脂的研发、生产和销售。 产品：传统润滑油液、液冷和特种润滑油液、汽机油、柴机油、变速箱油、齿轮油、摩托车油、工程机械专用油、农用机械专用油、液冷、特种润滑油液、润滑油脂、防冻液、其他化工品,baostock+akshare
600507.SH,方大特钢,A股,C31黑色金属冶炼和压延加工业,,冶金原燃材料的加工、黑色金属冶炼及其压延加工产品及其副产品的制造、销售。 产品：汽车板簧、弹簧扁钢、优线、螺纹钢、铁精粉、钢材销售、其他销售,baostock+akshare
600508.SH,上海能源,A股,B06煤炭开采和洗选业,,煤炭开采、洗选加工、煤炭销售、铁路运输（限管辖内的煤矿专用铁路）、发电、铝及铝合金的压延加工生产及销售等业务。 产品：煤炭、铝加工、电力、煤炭销售、电力生产、铝产品,baostock+akshare
600509.SH,天富能源,A股,D44电力、热力生产和供应业,,电力与热力生产、供应，天然气供应，城镇供水及建筑施工等业务。 产品：供电、供热、供水、天然气、建筑施工,baostock+akshare
600510.SH,黑牡丹,A股,K70房地产业,,新型城镇化建设和纺织服装的研发、生产、销售。 产品：纺织服装、工程施工、地产业务、土地前期开发项目收益、万顷良田工程项目收益、纺织行业、商品房销售、其中:工程施工、建筑行业,baostock+akshare
600511.SH,国药股份,A股,F51批发业,,医药流通。 产品：药品及器械配送、普药分销与综合服务、麻精业务、工业板块、口腔业务、营销业务、物流服务、进口保税业务、商业分部、其他分部,baostock+akshare
600512.SH,腾达建设,A股,E48土木工程建筑业,,基础设施建设施工。 产品：工程施工、房地产开发、桥梁经营,baostock+akshare
600513.SH,联环药业,A股,C27医药制造业,,药品生产、销售，化工原料、药品批发、药品等研发，技术成果转让、咨询。 产品：医药、泌尿系统药、抗组胺药、心血管药、甾体激素、抗生素、片剂、医疗器械、其他,baostock+akshare
600515.SH,海南机场,A股,K70房地产业,,机场管理、免税与商业、房地产开发与销售、物业管理及酒店餐饮等业务。 产品：机场管理业务、免税与商业业务、房地产业务、物业管理业务、其他(补充),baostock+akshare
600516.SH,方大炭素,A股,C30非金属矿物制品业,锂电材料;电芯,石墨及炭素新材料的研制、生产与销售。 产品：石墨电极、高炉用炭砖、电解铝用石墨质阴极炭块、特种石墨制品、核电用炭/石墨材料、石墨烯及其下游产品、超级电容器用活性炭、锂离子电池用高端石墨负极材料、炭炭复合材料、炭素制品、其他(补充),baostock+akshare
600517.SH,国网英大,A股,J69其他金融业,,信托、证券、期货、碳资产业务；电气及新材料设备的研发、生产、销售和技术服务，以及电力运维业务和低碳节能与工程服务。 产品：信托业务、证券期货业务、碳资产业务、电气及新材料设备、电力运维业务、低碳节能与工程服务,baostock+akshare
600518.SH,康美药业,A股,C27医药制造业,,以中药饮片生产、销售为核心，实施中医药全产业链一体化。 产品：中药饮片、中成药、化学药、保健食品、食品、保宁半夏颗粒、乐脉丸、心脑欣丸、清热解毒的抗感解毒颗粒、解毒利咽的板蓝根颗粒、复方板蓝根颗粒、解表散热的小柴胡颗粒、清肝明目的夏桑菊颗粒、滋阴补肾的六味地黄丸、阿咖酚散、新开河超微参粉胶囊、康美菊皇口服液浓缩液、康美怡泰口服液浓缩液、菊皇茶、固体饮料、人参片、红参浸膏、中药、西药、保健食品及食品,baostock+akshare
600519.SH,贵州茅台,A股,C15酒、饮料和精制茶制造业,,茅台酒及系列酒的生产与销售。 产品：茅台酒、其他系列酒、其他(补充),baostock+akshare
600520.SH,三佳科技,A股,C35专用设备制造业,机器人应用,半导体封装装备及智能制造业务。 产品：半导体封装装备、智能制造业务、半导体封装设备、半导体切筋成型设备、半导体封装模具、塑料挤出模具及配套设备、冲压轴承座及配套密封件、塑封压机、系统、冲切成型系统、其他、电子塑封模具,baostock+akshare
600521.SH,华海药业,A股,C27医药制造业,药企/生物科技,多剂型的仿制药、生物药、创新药及特色原料药的研发、生产和销售。 产品：心血管系统、神经系统、抗感染、厄贝沙坦氢氯噻嗪片、氯沙坦钾片、厄贝沙坦片、利伐沙班片、安立生坦片、缬沙坦氢氯噻嗪片、缬沙坦氨氯地平片、缬沙坦片、福辛普利钠片、盐酸舍曲林片、奥氮平片、盐酸帕罗西汀片、草酸艾司西酞普兰片、盐酸多奈哌齐片、磷酸奥司他韦胶囊、伏立康唑片、依非韦伦片、成品药销售、原料药及中间体销售、其他,baostock+akshare
600522.SH,中天科技,A股,C38电气机械和器材制造业,,通信、电力、海洋、新能源等领域产品的生产与销售，及海洋工程施工等经营活动。 产品：光通信及网络、电网建设、海洋系列、新能源、铜产品、汽车零部件,baostock+akshare
600523.SH,贵航股份,A股,C36汽车制造业,,汽车零部件的制造、销售。 产品：电动刮水器和玻璃升降器、热交换器、电子电器开关、车锁总成及门把手、汽车刮水器、散热器、电器开关、车锁,baostock+akshare
600525.SH,ST长园,A股,C38电气机械和器材制造业,锂电材料;新能源车/储能,智能电网设备与能源互联网技术服务、消费类电子及其他领域智能设备、磷酸铁锂产品。 产品：智能电网设备与能源互联网技术服务、消费类电子及其他领域的智能装备、磷酸铁锂材料、电网保护控制及自动化、综合能源及碳中和、智能配用电、电力电缆附件及复合绝缘子、安全防误、在线监测、智能运维系统、云服务及平台、工业自动化设备及测试解决方案、智能工厂装备及测试解决方案、新能源汽车“三电”装配测试及智能驾驶整体解决方案、芯片封装设备解决方案、生物医疗器械自动化解决方案、食品检测解决方案、人机交互自动化解决方案、锂电池正极材料磷酸铁锂、消费类电子及其他领域智能设备,baostock+akshare
600526.SH,菲达环保,A股,C35专用设备制造业,,大气污染治理及国内环保水务。 产品：除尘器及其配套设备、省煤器设备、烟气脱硫设备、垃圾焚烧烟气处理设备、气力输送设备、总成套、建筑安装服务、环保运营、碳足迹及智慧环保项目,baostock+akshare
600527.SH,江南高纤,A股,C28化学纤维制造业,,化纤生产制造业务、租赁业务。 产品：复合短纤维、涤纶毛条、其他(补充),baostock+akshare
600528.SH,中铁工业,A股,C35专用设备制造业,,交通运输装备、工程机械装备等装备的研发、制造和配套服务。 产品：全断面隧道掘进机、架桥机、道岔、桥梁用钢铁结构、交通运输装备及相关服务、专用工程机械装备及相关服务、其他,baostock+akshare
600529.SH,山东药玻,A股,C30非金属矿物制品业,,各种药用玻璃包装产品的研发、生产和销售。 产品：玻璃产品、橡塑产品、模制瓶、安瓿瓶、管制瓶、棕色瓶、丁基胶塞、铝塑盖塑料瓶、模制瓶系列、棕色瓶系列、其他,baostock+akshare
600530.SH,交大昂立,A股,C14食品制造业,,保健品、保健食品和保健品原料的研发、生产、销售，并为老年医疗护理机构的运营及管理。 产品：保健品板块、医养板块、资产投资、舒渴安糖片、明视胶囊、智多邦压片糖果、益生菌蛋白粉、老年医疗护理机构、输出管理咨询服务、其他、保健品、其他(补充),baostock+akshare
600531.SH,豫光金铅,A股,C32有色金属冶炼和压延加工业,,铅、铜冶炼，产出铅锭和阴极铜，同时对黄金、白银、锌、硫酸等有价金属和有价元素进行综合回收。 产品：铅产品、铜产品、黄金产品、白银产品、锌系列产品、硫酸产品、银产品、金产品,baostock+akshare
600533.SH,栖霞建设,A股,K70房地产业,,房地产开发经营、租赁及物业管理业务。 产品：南京云汇府、南京翰锦院、南京栖悦湾、房地产开发、建筑装饰服务收入、物业经营管理,baostock+akshare
600535.SH,天士力,A股,C27医药制造业,,药品的研发、生产和销售。 产品：复方丹参滴丸、养血清脑颗粒、养血清脑丸、芪参益气滴丸、注射用益气复脉、水林佳、医药工业、其中:医药工业-心血管及代谢、其中:医药工业-神经/精神、其中:医药工业-消化、其中:医药工业-其他,baostock+akshare
600536.SH,中国软件,A股,I65软件和信息技术服务业,,应用软件生产和提供相关服务。 产品：基础软件、党政核心应用解决方案、其中:党政核心应用解决方案-面向中央部委与地方政府客户提供解决方案、其中:党政核心应用解决方案-面向企业客户提供数智化业务,baostock+akshare
600537.SH,*ST亿晶,A股,C38电气机械和器材制造业,,高效晶体硅太阳能电池、组件的研发、生产和销售，同时开展光伏电站开发、建设和运营业务。 产品：光伏电池组件、发电业务、EPC电站,baostock+akshare
600538.SH,国发股份,A股,F51批发业,,批发零售各类药品、医疗器械，生产并销售珍珠明目滴眼液等中成药，DNA检测设备、耗材的销售及检测服务等。 产品：医药制造、医药流通、司法IVD（体外诊断）、海宝牌珍珠明目滴眼液、珍珠末、珍珠层粉、胃肠宁颗粒、乙醇消毒液、金银花合剂、肥儿糖浆、海蛇药酒、跌打药酒、其中:医药流通-医药批发产品、司法IVD产品,baostock+akshare
600539.SH,狮头股份,A股,F52零售业,,为品牌方提供一站式全渠道代运营业务和经销业务，属电子商务服务业。 产品：电商经销、电商代运营、净水龙头（含配件）、净水龙头(含配件)、其他(补充),baostock+akshare
600540.SH,新赛股份,A股,A01农业,,棉花的收购、加工和销售。 产品：皮棉、棉籽、氧化钙/石灰石、不孕籽、三级棉油、棉蛋白、商贸及其他,baostock+akshare
600543.SH,*ST莫高,A股,C15酒、饮料和精制茶制造业,,葡萄种植及葡萄酒生产、销售。 产品：葡萄酒、药品、可降解材料、膜袋,baostock+akshare
600545.SH,卓郎智能,A股,C35专用设备制造业,,智能化纺织成套设备及核心零部件的研发、生产和销售。 产品：纺纱机械、开清棉组、梳棉机、粗纱机、细纱机、倍捻机、转杯纺纱机、空气纺纱机、纺纱事业部、技术事业部,baostock+akshare
600546.SH,山煤国际,A股,B06煤炭开采和洗选业,,煤炭生产业务、煤炭销售和物流业务。 产品：自产煤、贸易煤、运输、动力煤、冶金煤、其中:自产煤-动力煤、其中:自产煤-冶金煤,baostock+akshare
600547.SH,山东黄金,A股,B09有色金属矿采选业,,黄金开采、选冶；黄金矿山专用设备、建筑装饰材料（不含国家法律法规限制产品）的生产、销售。 产品：自产金、外购金、成品金（小金条）、标准金锭、投资金条、合质金、银锭、外购金收入、自产金收入、小金条收入,baostock+akshare
600548.SH,深高速,A股,G54道路运输业,,收费公路及大环保业务的投资、建设及经营管理。 产品：收费公路、固废资源化处理、清洁能源发电、其他相关业务、通行费、其他主营业务、其中:特许经营安排下的建造服务、大环保,baostock+akshare
600549.SH,厦门钨业,A股,C32有色金属冶炼和压延加工业,,钨钼、稀土和能源新材料三大核心业务。 产品：钨产业、钼产业、稀土产业、能源新材料产业、钨丝、硬质合金棒材、切削工具、凿岩工程工具、钼酸铵、钼粉、钴酸锂、电池材料产品、钨钼等有色金属产品、稀土产品,baostock+akshare
600550.SH,保变电气,A股,C38电气机械和器材制造业,,变压器及配件的制造与销售。 产品：变压器、互感器、输变电产业、其他(补充)、其他,baostock+akshare
600551.SH,时代出版,A股,R86新闻和出版业,,图书期刊出版、新媒体出版、素质教育课后服务、印刷复制、文化产品贸易、股权投资等多个业务。 产品：教材教辅、一般图书、期刊杂志、数字产品、印装及制造业务、印刷物资销售、文化商品销售、电子商务、培训、科技孵化、影视、课后服务、文化商品销售等,baostock+akshare
600552.SH,凯盛科技,A股,C39计算机、通信和其他电子设备制造业,,显示材料板块和应用材料板块。 产品：显示材料、应用材料、柔性可折叠玻璃（UTG）、超薄电子玻璃、ITO导电膜玻璃、柔性触控、面板减薄、显示触控一体化模组、拥有较为完整的显示产业链、其他(补充),baostock+akshare
600556.SH,天下秀,A股,I64互联网和相关服务,,通过技术驱动和全方位的商业服务帮助每一个红人（内容创作者）实现商业变现，帮助企业提高经营效益。 产品：红人营销平台业务、红人经济生态链创新业务板块,baostock+akshare
600557.SH,康缘药业,A股,C27医药制造业,,药品的研发、生产与销售。 产品：注射类产品、口服类产品、外用类产品、口服类、注射类、外用类,baostock+akshare
600558.SH,大西洋,A股,C33金属制品业,,焊条、焊丝、焊剂等焊接材料产品的研发、生产和销售。 产品：焊条、焊丝、焊剂、焊条（碳钢焊条、低合金钢焊条、不锈钢焊条、堆焊焊条、铸铁焊条、镍及镍合金焊条、铜及铜合金焊条）、焊丝（适用于MAG、MIG、TIG的气体保护焊实心焊丝、药芯焊丝、有色金属焊丝及埋弧焊焊丝）、焊剂（用于埋弧焊和电渣焊的各种熔炼型、烧结型焊剂）、焊剂及其他,baostock+akshare
600559.SH,老白干酒,A股,C15酒、饮料和精制茶制造业,,白酒的生产与销售。 产品：衡水老白干酒系列、板城烧锅酒系列、武陵酒系列、文王贡酒系列、孔府家酒系列、衡水老白干系列酒、十八酒坊系列酒、承德乾隆醉系列酒、文王贡系列酒、武陵系列酒、孔府家系列酒,baostock+akshare
600560.SH,金自天正,A股,C35专用设备制造业,,工业自动化领域的工业计算机控制系统、电气传动装置、工业检测及控制仪表等三电产业相关产品的研制、生产、销售及承接工业自动化工程和技术服务等。 产品：电气传动装置、工业计算机控制系统、其他主营业务,baostock+akshare
600561.SH,江西长运,A股,G54道路运输业,,道路旅客运输与道路货运。 产品：道路旅客运输、道路货运、销售业务、汽车客运、货物运输、其他(补充)、其中:租赁收入,baostock+akshare
600562.SH,国睿科技,A股,C39计算机、通信和其他电子设备制造业,机器人应用,雷达整机与相关系统、工业软件及智能制造、智慧轨交等产品研发、生产与销售以及相关服务。 产品：雷达装备及相关系统、工业软件及智能制造、智慧轨交、空管雷达、微波器件、射频组件、电源、智能列车运行、智能调度指挥、智能运维安全、智慧乘客服务,baostock+akshare
600563.SH,法拉电子,A股,C39计算机、通信和其他电子设备制造业,,薄膜电容器的研发、生产和销售。 产品：薄膜电容、电子变压器、其他(补充),baostock+akshare
600566.SH,XD济川药,A股,C27医药制造业,,药品的研发、生产和销售。 产品：儿科药品、呼吸系统药品、消化系统药品、妇科领域药品、小儿豉翘清热颗粒、糖浆剂型、蒲地蓝消炎口服液、黄龙止咳颗粒、三拗片、健胃消食口服液、硫酸镁钠钾口服用浓溶液、甘海胃康胶囊、妇炎舒胶囊、蛋白琥珀酸铁口服溶液、中药、西药、其他,baostock+akshare
600567.SH,山鹰国际,A股,C22造纸和纸制品业,,箱板纸、瓦楞原纸、特种纸、纸板及纸制品包装的生产和销售以及国内外回收纤维贸易业务。 产品：箱板纸、瓦楞纸、其他原纸、纸制品、再生纤维,baostock+akshare
600568.SH,ST中珠,A股,Q84卫生,,医药制造、医疗服务、医疗器械三大战略板块。 产品：医疗器械、中心合作、房地产、医药、医院、融资租赁,baostock+akshare
600569.SH,安阳钢铁,A股,C31黑色金属冶炼和压延加工业,,研究开发、生产和经营冶金产品、副产品，钢铁延伸产品、冶金产品的原材料、化工产品等。 产品：建材、板带材、高线、铸管、铸管等产品,baostock+akshare
600570.SH,恒生电子,A股,I65软件和信息技术服务业,机器人本体/集成,证券、金融、交通等行业计算机软件产品和系统集成的开发及销售，计算机及配件的销售等。 产品：财富科技服务、资管科技服务、运营与机构科技服务、风险与平台科技服务、数据服务业务、创新业务、企金保险核心、金融基础设施科技服务、软件业收入、物业出租收入、其他(补充),baostock+akshare
600571.SH,信雅达,A股,I65软件和信息技术服务业,,软件技术开发及其咨询服务。 产品：软件产品、硬件、环保产品、硬件销售,baostock+akshare
600572.SH,康恩贝,A股,C27医药制造业,,药品、中药饮片及大健康产品的研发、制造与销售业务。 产品：全品类中药、特色化学药、特色健康消费品、“前列康”牌普乐安片及胶囊、“天保宁”牌银杏叶制剂、“康恩贝”牌肠炎宁系列、“金奥康”牌奥美拉唑肠溶胶囊、“金笛”牌复方鱼腥草合剂、“金艾康”牌汉防己甲素片、“金康速力”牌乙酰半胱氨酸泡腾片、“至心�N”牌麝香通心滴丸、“康恩贝”、“宝芝林”、“养营堂”品牌系列保健食品和功能性食品,baostock+akshare
600573.SH,惠泉啤酒,A股,C15酒、饮料和精制茶制造业,,生产销售啤酒。 产品：啤酒、惠泉一麦、惠泉纯生、惠泉欧骑士、惠泉鲜啤、惠泉1983、老惠泉系列产品、其他(补充),baostock+akshare
600575.SH,淮河能源,A股,G55水上运输业,,火力发电、光伏发电、售电、铁路运输、配煤、电力检修等业务。 产品：煤炭、电力、物流贸易、煤炭销售,baostock+akshare
600576.SH,祥源文旅,A股,N78公共设施管理业,,旅游、商品销售、文化三大行业业务。 产品：旅游景区业务、旅游服务业务、茶叶销售业务、动漫及动画影视、旅游度假业务,baostock+akshare
600577.SH,精达股份,A股,C38电气机械和器材制造业,,特种电磁线、特种导体及精密模具的制造、维修、生产、研发与销售。 产品：铜基电磁线、铝基电磁线、特种导体线材、漆包线、汽车、电子线、特种导体、铜杆及铝杆、裸铜线、汽车、电子线,baostock+akshare
600578.SH,京能电力,A股,D44电力、热力生产和供应业,,生产、销售电力热力产品、电力设备运行，发电设备检测、修理、脱硫石膏销售。 产品：售电、售热、电力、热力、其他(补充),baostock+akshare
600579.SH,中化装备,A股,C35专用设备制造业,,为石油化工、轮胎等基础产业提供化工装备、橡胶机械产品及技术解决方案。 产品：化工装备、橡胶机械、大型干燥设备、阳极保护浓硫酸冷却设备、废热锅炉、余热回收设备、工业炉及燃烧器、γ射线料位计和密度计、在线分析仪表成套系统、机械式硫化机（42��-122�迹�、液压式硫化机（24��-170�迹�、干燥设备、其他、工程、监理及技术服务,baostock+akshare
600580.SH,卧龙电驱,A股,C38电气机械和器材制造业,,电机及控制的研发、生产、销售和服务。 产品：防爆电驱动系统解决方案、工业电驱动系统解决方案、暖通电驱动系统解决方案、新能源交通电驱动系统解决方案、机器人组件及系统应用,baostock+akshare
600581.SH,*ST八钢,A股,C31黑色金属冶炼和压延加工业,,钢铁冶炼、轧制、加工及销售。 产品：热轧板卷、螺纹钢、中厚板、线材、型材、热镀锌板卷、棒材、冷轧板卷、钢材产品、其他、焦煤产品,baostock+akshare
600582.SH,天地科技,A股,C35专用设备制造业,,集科学研究、设计、产品制造销售、工程承包、生产运营、煤炭生产销售、技术服务、金融工具支持为一体，为行业进步发展提供技术和服务，为煤炭行业客户解决安全高效绿色智能化开采与清洁高效低碳集约化利用技术问题。 产品：智能装备板块、矿山安全板块、清洁低碳板块、设计建设板块、绿色开发板块、新兴多元板块、矿山自动化、机械化装备、安全技术与装备、节能环保与装备、煤炭洗选装备、矿井生产技术服务与经营、地下特殊工程施工、煤炭生产与销售、生态修复工程、矿山自动化、机械化装备,baostock+akshare
600583.SH,海油工程,A股,B11开采专业及辅助性活动,,海洋油气开发工程设计、采购、建造和海上安装、调试、维修以及液化天然气、海上风电、炼化工程。 产品：海洋工程、非海洋工程、海洋工程总承包项目收入、海洋工程非总承包项目收入、其中:海洋工程非总承包项目收入-陆地建造收入,baostock+akshare
600584.SH,长电科技,A股,C39计算机、通信和其他电子设备制造业,机器人本体/集成,提供全方位、一站式芯片成品制造解决方案，包括微系统集成、设计仿真、晶圆中测、芯片及器件封装、成品测试、产品认证以及全球直运等服务。 产品：芯片封测、先进封装、传统封装、其他(补充),baostock+akshare
600585.SH,海螺水泥,A股,C30非金属矿物制品业,,水泥、商品熟料、骨料及混凝土的生产、销售。 产品：水泥、商品熟料、骨料、混凝土、建材行业(自产品销售)-42.5级水泥、其他(补充)、建材行业(自产品销售)-32.5级水泥,baostock+akshare
600586.SH,金晶科技,A股,C30非金属矿物制品业,,玻璃、纯碱及其延伸产品的开发、生产、加工、经营。 产品：玻璃原片、Low―E节能玻璃、光伏玻璃、纯碱、建筑玻璃、技术玻璃、Low—E节能玻璃等,baostock+akshare
600587.SH,新华医疗,A股,C35专用设备制造业,,医疗器械、制药装备的制造销售，提供适配的医疗服务与医疗商贸。 产品：医疗器械制造产品、制药装备产品、医疗商贸产品、医疗服务,baostock+akshare
600588.SH,用友网络,A股,I65软件和信息技术服务业,数据中心/云厂商,以AI、大数据、云计算为核心技术的企业数智化软件与智能服务的研发创新、销售与服务。 产品：云与软件业务、用友BIP产品、技术服务及培训、产品许可、其他,baostock+akshare
600589.SH,大位科技,A股,I65软件和信息技术服务业,数据中心/云厂商,为客户提供全面、优质的数据中心及算力专业解决方案，助力各行业客户实现数字化转型需求。 产品：机柜租赁服务、网络传输及增值服务、算力与云服务、运维服务,baostock+akshare
600590.SH,泰豪科技,A股,C38电气机械和器材制造业,,军工装备及其相关技术民用化的应急装备业务。 产品：军工装备、应急装备、车载通信指挥系统、军用导航装备、军用电源装备、军用新材料、智能应急电源、应急特种车辆、其中:应急装备业务-智能应急电源、应急装备业务、军工装备业务、其中:军用通信装备,baostock+akshare
600592.SH,龙溪股份,A股,C34通用设备制造业,,关节轴承、圆锥滚子轴承、齿轮/变速箱研发、生产与销售及部分生产性贸易。 产品：轴承产品、齿轮箱、粉末冶金、汽车配件、其他(钢材贸易等),baostock+akshare
600593.SH,大连圣亚,A股,N78公共设施管理业,,景区经营、商业运营、动物经营、酒店运营。 产品：景区经营、商业运营、动物经营、酒店运营、大连圣亚海洋世界景区、哈尔滨极地公园景区、景区场馆内商业空间对外出租、商业自营、联营、动物租赁和销售、圣亚企鹅酒店、北极熊酒店,baostock+akshare
600594.SH,益佰制药,A股,C27医药制造业,,药品的研发、生产和销售，综合性医院、肿瘤专科医院、肿瘤放疗中心的运营与管理，开发、研制、生产及销售以苗药为特色的大健康产品。 产品：化学药、中成药、生物药、医疗服务、大健康产品、注射用洛铂、银杏达莫注射液、抗肿瘤类、心脑血管类、男科类、妇科类、其他、注射用瑞替普酶、科博肽、糖果、植物饮料、膏滋、抗肿瘤、妇科药、心脑血管,baostock+akshare
600595.SH,中孚实业,A股,C32有色金属冶炼和压延加工业,,铝及铝精深加工，配套煤炭开采、火力发电、炭素等产业。 产品：易拉罐罐体料、罐盖料、拉环料、新能源电池铝塑膜用铝箔、新能源电池集流体用铝箔、新能源电池极耳铝箔、高档双零铝箔毛料、3C电子产品用高表面阳极氧化料、汽车板用料、油罐车用高性能板材、铝合金车轮、高纯铝锭、铝加工、电解铝、煤炭,baostock+akshare
600596.SH,新安股份,A股,C26化学原料和化学制品制造业,,硅基新材料、作物保护产品的研发、生产及销售。 产品：硅基基础产品、硅基终端产品、农化自产品、农化贸易产品、其他,baostock+akshare
600597.SH,光明乳业,A股,C14食品制造业,,各类乳制品的开发、生产和销售，奶牛的饲养、培育，物流配送等业务。 产品：乳制品、新鲜牛奶、新鲜酸奶、常温白奶、常温酸奶、乳酸菌饮品、冷饮、婴幼儿及中老年奶粉、奶酪、黄油、液态奶、其他乳制品、其他,baostock+akshare
600598.SH,北大荒,A股,A01农业,,耕地发包经营；谷物、豆类、油料等作物的种植及销售；农业技术开发、技术咨询、技术服务及技术转让；信息处理和储存支持服务；房地产开发经营；肥料制造及销售（仅限分支机构经营）；牲畜饲养等。 产品：土地承包、农产品销售、土地承包费、农用物资销售,baostock+akshare
600600.SH,青岛啤酒,A股,C15酒、饮料和精制茶制造业,,啤酒生产及销售。 产品：啤酒、其他(补充),baostock+akshare
600601.SH,方正科技,A股,C39计算机、通信和其他电子设备制造业,PCB;机器人本体/集成,印制电路板（PCB）的研发设计、生产制造及销售。 产品：印制电路板、融合通信服务、IT系统集成、高多层板、HDI板、软硬结合板、个性化定制PCB、其他(补充),baostock+akshare
600602.SH,云赛智联,A股,I65软件和信息技术服务业,数据中心/云厂商,以云服务大数据、行业解决方案、智能化产品为核心业务的专业化信息技术服务。 产品：云计算大数据、行业解决方案、智能产品、租赁和技术服务、销售和技术服务、集成与解决方案,baostock+akshare
600603.SH,广汇物流,A股,G53铁路运输业,,能源物流、房地产及物流协同三个板块。 产品：能源物流服务、物业租赁、商品房销售、保理业务、能源物流服务收入、房地产销售收入、物流园经营收入,baostock+akshare
600604.SH,市北高新,A股,K70房地产业,,产业地产开发运营、产业投资孵化、产业服务集成。 产品：园区产业载体销售、住宅销售、园区产业载体租赁、其他服务业,baostock+akshare
600605.SH,汇通能源,A股,K70房地产业,SSD/存储模组;机器人应用,房地产开发与经营、房屋租赁、商业管理、物业服务、房屋装修及建材销售并开展了对半导体和智能制造等硬科技领域的布局。 产品：内存芯片颗粒（DDR4、DDR5、LPDDR5X）、内存条、房产租赁、物业管理、装修业务,baostock+akshare
600606.SH,绿地控股,A股,E48土木工程建筑业,,房地产开发、房屋及基础设施配套建设、金融信息服务、绿化工程、能源、汽车销售、酒店管理、物业管理等业务。 产品：房地产业务、基建业务、金融产业、能源产业、消费产业、数字金融业务、供应链金融业务、特殊机会投资业务、资本经营业务、商贸、酒店旅游会展、汽车服务,baostock+akshare
600608.SH,退市沪科,A股,,,花卉商品贸易业务及花卉经纪代理服务、花卉运输代理服务等配套服务业务。 产品：化工产品、花卉,baostock+akshare
600609.SH,金杯汽车,A股,C36汽车制造业,,设计、生产和销售汽车零部件。 产品：汽车零部件、汽车饰件、整椅、照明系统组件、电池组件、三电冷却系统组件、零部件-内饰、零部件-座椅、其他,baostock+akshare
600610.SH,中毅达,A股,C26化学原料和化学制品制造业,,精细化工产品的生产与销售。 产品：季戊四醇系列产品、三羟甲基丙烷系列产品、食用酒精及主联副产品DDGS饲料、工业用季戊四醇、工业用双季戊四醇、工业用三季戊四醇、特级品季戊四醇、工业用三羟甲基丙烷、工业用双三羟甲基丙烷、食用酒精、主联副产品DDGS饲料、DDGS饲料,baostock+akshare
600611.SH,大众交通,A股,G54道路运输业,,交通汽服产业群、金融投资产业群、房产酒店产业群和大数据产业。 产品：交通运输业、房地产业、旅游饮食服务业、信息技术服务业、工/商业,baostock+akshare
600612.SH,老凤祥,A股,C24文教、工美、体育和娱乐用品制造业,,黄金珠宝首饰、工艺美术品、笔类文教用品的生产经营及销售。 产品：黄金、铂金、钻石、白银、白玉、翡翠、珍珠、有色宝石、珐琅、K金珠宝眼镜、珊瑚、手表、琥珀、胸针饰品、工艺美术旅游纪念品、珠宝首饰、黄金交易、其他(补充),baostock+akshare
600613.SH,神奇制药,A股,C27医药制造业,,药品的研发、生产与销售。 产品：抗肿瘤药系列、皮肤外用抗菌系列、三高慢病产品系列、中药经典止咳系列、经典滋补产品系列、苗药强筋健骨系列、神奇娃娃儿药系列、其他特色产品系列、斑蝥酸钠维生素B6注射液、斑蝥酸钠注射液、枇杷止咳颗粒、强力枇杷露、枇杷止咳胶囊、金乌骨通胶囊、珊瑚癣净、精乌胶囊、全天麻胶囊、银丹心泰滴丸,baostock+akshare
600615.SH,鑫源智造,A股,C33金属制品业,,农机、通机和园林机械以及镁铝合金零部件产品的研发、制造和销售。 产品：农机、通机、园林机械产品、镁铝金属车辆配件、全铝定制家具、农机、通机、园林机械产品、其他(补充),baostock+akshare
600616.SH,金枫酒业,A股,C15酒、饮料和精制茶制造业,,以黄酒为核心的酒类生产经营业务。 产品：黄酒、葡萄酒、其他(补充),baostock+akshare
600617.SH,国新能源,A股,D45燃气生产和供应业,,燃气经营，天然气的销售管道输送服务。 产品：天然气、煤层气、电力、天然气及煤层气、其他(补充),baostock+akshare
600618.SH,氯碱化工,A股,C26化学原料和化学制品制造业,,制造和销售烧碱、氯及氯制品，以及聚氯乙烯塑料树脂与制品。 产品：烧碱、二氯乙烷、液氯、氯乙烯、聚氯乙烯、氯产品,baostock+akshare
600619.SH,海立股份,A股,C34通用设备制造业,,冷暖关联解决方案及核心零部件业务和汽车零部件业务。 产品：压缩机及相关制冷设备、汽车零部件、汽车零部件业务、其他(补充),baostock+akshare
600620.SH,天宸股份,A股,S91综合,,天宸健康城项目开发、天宸新能源产业基地项目、物业租赁、装修业务等。 产品：房地产销售、装饰装修、物业管理、运输与客运、房地产销售收入、租赁收入、装修收入,baostock+akshare
600621.SH,华鑫股份,A股,J67资本市场服务,,经纪业务、自营业务、资产管理业务、投行业务、研究业务、信用业务、另类投资业务。 产品：证券与期货经纪业务、代理销售金融产品业务、投资顾问业务、以自有资金开展证券及衍生金融工具的投资交易、集合资产管理、定向资产管理、专项资产管理业务、证券的保荐、承销、财务顾问业务、证券研究报告业务、融资融券业务、股票质押式回购业务、约定购回式证券业务、自有资金股权投资业务、经纪业务、其他业务、资管业务,baostock+akshare
600622.SH,光大嘉宝,A股,K70房地产业,,不动产资产管理和不动产投资业务。 产品：房产销售、不动产租赁、不动产资管、商品房销售,baostock+akshare
600623.SH,华谊集团,A股,C26化学原料和化学制品制造业,,能源化工、绿色轮胎、先进材料、精细化工和化工服务五大核心业务。 产品：能源化工业务、绿色轮胎业务、先进材料业务、精细化工业务、化工服务业务、甲醇、醋酸、醋酸乙酯、合成气、载重胎、乘用胎、工程胎、含氟聚合物、制冷剂、发泡剂、丙烯酸及酯、丙烯酸催化剂、高吸水性树脂、聚酰亚胺、特种环氧树脂、工业涂料、颜料、油墨、日用化学品、化工贸易、化工投资、信息技术、精细化工、其中:丙烯及下游产品、轮胎制造、其中:全钢丝载重子午线轮胎、能源化工,baostock+akshare
600624.SH,ST复华,A股,C27医药制造业,,电脑系统、通讯设备、自动化仪表、生物技术、光源照明等产品的研制及生产销售。 产品：消化系统药品、神经系统用药品、抗肿瘤药品、循环系统药品、调节免疫功能药品、金融保险系统软件产品、工业、其中:药品生产与销售、软件开发服务,baostock+akshare
600626.SH,申达股份,A股,C17纺织业,,汽车内饰及声学元件、纺织新材料和进出口贸易。 产品：成型地毯及周边产品、出口服装类、出口其他、出口纺织品、制造业、贸易服务、租赁收入,baostock+akshare
600628.SH,新世界,A股,F52零售业,医药商业化,百货零售。 产品：百货商场、医药销售、酒店服务,baostock+akshare
600629.SH,华建集团,A股,M74专业技术服务业,,以工程设计咨询为核心，为城乡建设提供高品质综合解决方案。 产品：工程设计、工程承包、工程技术咨询管理与勘察、信息化服务及销售,baostock+akshare
600630.SH,龙头股份,A股,C18纺织服装、服饰业,,品牌经营和国际贸易。 产品：针织类产品、家纺类产品、服饰类产品、针织内衣、家居系列、休闲系列、内裤、文胸、袜品、床单、被套、枕套、靠套、被芯、毛毯、毛巾、衬衣、休闲裤、T恤、毛衫、夹克、羽绒棉褛、大衣、针织服装、进出口贸易、其他(补充),baostock+akshare
600633.SH,浙数文化,A股,I64互联网和相关服务,,数字文化产业、数字科技产业和产业投资。 产品：在线游戏运营业务、在线社交业务、技术信息服务业务、数字文化、数智技术、浙数文化本级,baostock+akshare
600635.SH,大众公用,A股,D45燃气生产和供应业,,公用事业、金融创投领域的生产、服务和销售。 产品：商业、施工业、市政隧道运营、燃气销售、污水处理业、金融业、运输业、燃气、环境物流、金融投资,baostock+akshare
600637.SH,东方明珠,A股,I63电信、广播电视和卫星传输服务,,以融合媒体、智慧广电5G为主的智慧广电业务，以及以零售、文旅、文化地产为主的文化消费业务。 产品：融合媒体业务、智慧广电5G业务、文旅业务、零售业务、文化地产业务、智慧广电业务、其中:智慧广电5G业务、文化消费业务、其中:融合媒体业务、其中:文旅业务,baostock+akshare
600638.SH,新黄浦,A股,K70房地产业,,租赁住房建设与运营、商品住宅开发与销售、保障性住房开发与建设、商业办公地产开发、园区建设与运营等。 产品：房产销售、房地产出租、物业管理服务、酒店业、金融服务、批发和零售业、代管代建,baostock+akshare
600639.SH,浦东金桥,A股,K70房地产业,,上海金桥开发区及碧云国际社区的开发建设、招商引资、产业投资和服务运营。 产品：房地产销售、房地产租赁、酒店公寓服务、物业管理,baostock+akshare
600640.SH,国脉文化,A股,I64互联网和相关服务,,数字内容运营平台的业务开发、提供。 产品：数字内容、数智应用、酒店运营、数字权益运营、数字内容及数智应用,baostock+akshare
600641.SH,先导基电,A股,K70房地产业,半导体材料,房地产开发、制造和销售半导体集成电路设备，生产和销售铋深加工产品。 产品：离子注入机、铋材料、TEC产品、iStellar-500、iStellar-500C、iStellar-500CIS、Hyperion（新品）、iKing-360（新品）、iStellar-HE2000、铋针、铋粒（珠）、铋粉、浇铸铋、氢化铋、高纯铋、铋系合金、三氧化二铋、氢氧化铋、氯氧化铋、柠檬酸铋、硝酸铋、碱式硝酸铋、碱式水杨酸铋、有机铋、硫化铋、铋基靶材、TO系列、激光器应用系列、红外探测应用系列、工业科学仪器类、铋材料销售、专用设备制造、房产销售,baostock+akshare
600642.SH,申能股份,A股,D44电力、热力生产和供应业,,电力、石油天然气的开发建设和经营管理。 产品：煤电业务、气电业务、风电业务、光伏发电业务、油气管输业务、煤炭销售,baostock+akshare
600643.SH,爱建集团,A股,J69其他金融业,,提供财富管理和资产管理综合服务。 产品：信托业务、融资租赁业务、资产管理、财富管理、私募股权投资、类金融板块、其他板块,baostock+akshare
600644.SH,乐山电力,A股,D44电力、热力生产和供应业,,电力业务、天然气业务、自来水业务、新兴业务、服务业务五大业务。 产品：电力业务、天然气业务、自来水业务、新兴业务、乐山电力乐山市水电供应、乐山电力乐山市天然气供应、乐山电力乐山市自来水供应,baostock+akshare
600645.SH,中源协和,A股,C27医药制造业,,“精准预防”领域的细胞检测制备及存储；“精准诊断”领域的体外诊断原料、体外诊断试剂和器械的研产销，生物基因、蛋白、抗体等科研试剂产品，以及基因检测服务；“细胞治疗”领域的干细胞、免疫细胞临床应用的研发。 产品：细胞检测制备及存储、基因检测、科研试剂、检测试剂、制造业务、服务业务,baostock+akshare
600648.SH,外高桥,A股,F51批发业,,产业园区开发、城市更新运营、贸易服务、生物医药、专业服务等业务板块。 产品：物业经营（工业、商业房产租赁和物业管理）、贸易及服务（含财务公司）、房产销售、日化产品制造与销售、物流贸易分部、房产分部、其他分部,baostock+akshare
600649.SH,城投控股,A股,K70房地产业,,以地产开发、运营和金融为主业，围绕房地产全产业链开展相关业务。 产品：房地产业务、商品房开发与销售、保障性租赁住房开发与运营、科技园区开发与运营、城市历史风貌保护街区功能性开发、酒店建设与管理、物业服务、商业管理、不动产金融、相关产业投资、房产业务、特许经营权项目收入、运营管理收入及其他,baostock+akshare
600650.SH,锦江在线,A股,G54道路运输业,,车辆营运和低温物流业务。 产品：车辆营运业务、汽车销售业务、低温物流业务、商品销售业务、车辆运营、汽车销售、低温物流,baostock+akshare
600651.SH,飞乐音响,A股,C38电气机械和器材制造业,机器人本体/集成;机器人应用,"工程项目和整体照明解决方案,为客户提供专业方案、设计优化、工程施工等一揽子服务。 产品：汽车电子电器、汽车照明、模块封装及芯片测试服务、智能制造系统集成、检验检测、精密零件、智能制造系统集成业务",baostock+akshare
600653.SH,申华控股,A股,F52零售业,,汽车销售与服务、物业租赁与管理、其他股权投资与创新孵化业务。 产品：汽车销售、新能源发电、房产销售、其他(补充),baostock+akshare
600654.SH,中安科,A股,L72商务服务业,机器人本体/集成,智能硬件制造、智能系统集成和安保运营服务。 产品：安保系统集成、安保运营服务、安保智能产品制造、租赁,baostock+akshare
600655.SH,豫园股份,A股,F52零售业,,珠宝时尚、文化饮食、国潮腕表、美丽健康以及地产开发运营等业务板块。 产品：产业运营、商业综合运营与物业综合服务、物业开发与销售、珠宝时尚、餐饮管理与服务、食品、百货及工艺品、医药健康及其他、化妆品、时尚表业、其他经营管理服务、酒业、商业综合及物业综合服务、度假村、商业经营管理与租赁,baostock+akshare
600657.SH,信达地产,A股,K70房地产业,,以房地产开发业务为核心，以房地产金融业务、持有型物业经营和物业服务为支持。 产品：住宅、商业、车位及其他房地产产品、租赁及其他、其他(补充),baostock+akshare
600658.SH,电子城,A股,K70房地产业,,产业项目及商业项目的开发、销售及运营，科技创新服务管理、物业管理、广告传媒、软件销售及运维集成服务。 产品：地产销售、新型科技服务、广告传媒、园区地产销售、文化传媒,baostock+akshare
600660.SH,福耀玻璃,A股,C30非金属矿物制品业,,为各种交通运输工具提供安全玻璃、汽车饰件全解决方案。 产品：汽车级浮法玻璃、汽车玻璃、机车玻璃、行李架、车窗饰件、浮法玻璃、其他,baostock+akshare
600661.SH,昂立教育,A股,P83教育,,素质教育、职业教育、成人教育和国际与基础教育。 产品：青少儿素质教育、高中业务、职业及成人教育、国际与基础教育,baostock+akshare
600662.SH,外服控股,A股,L72商务服务业,,人事管理、人才派遣、薪酬福利、招聘及灵活用工和业务外包。 产品：人事管理服务、人才派遣服务、薪酬福利服务、招聘及灵活用工服务、业务外包服务,baostock+akshare
600663.SH,陆家嘴,A股,K70房地产业,,在浦东新区、天津红桥区及苏州高新区等地从事以城市综合开发为主的房地产综合开发业务。 产品：房地产销售(含投资性房地产转让）、房地产租赁、物业管理、酒店业务、金融业务、房地产销售（含投资性房地产转让）、房地产、信托、其他,baostock+akshare
600664.SH,哈药股份,A股,C27医药制造业,,医药研发与制造、批发与零售业务。 产品：化学制剂、生物制剂、中药、保健食品、葡萄糖酸锌口服溶液、哈药牌钙铁锌口服液、复方葡萄糖酸钙口服溶液、人促红素注射液、阿莫西林胶囊、双黄连口服液、注射用青霉素钠、祛风骨痛凝胶膏、拉西地平片、小儿氨酚黄那敏颗粒、其他主营业务、工业、其中:工业-营养补充剂,baostock+akshare
600665.SH,天地源,A股,K70房地产业,,房地产开发与经营业务。 产品：房地产业、房地产、其他,baostock+akshare
600666.SH,奥瑞德,A股,C30非金属矿物制品业,,算力综合服务业务和蓝宝石制品的生产和销售。 产品：蓝宝石晶棒、蓝宝石晶片、灯具系列、算力服务,baostock+akshare
600667.SH,XD太极实,A股,E48土木工程建筑业,,半导体业务、工程技术服务业务和光伏电站投资运营业务。 产品：光伏发电、工程总包、设计和咨询、封装测试、模组,baostock+akshare
600668.SH,尖峰集团,A股,C30非金属矿物制品业,,以建材和医药为主，以健康品、商贸物流、电缆等业务为辅。 产品：水泥、机制砂及骨料、医药工业产品、医药商业产品、健康品、药品,baostock+akshare
600671.SH,天目药业,A股,C27医药制造业,医药商业化,医药产品研发、生产与销售。 产品：中成药、化药、原料药、保健品、流通商品、医疗器械、河车大造胶囊、六味地黄口服液（无糖型）、养阴清肺糖浆、安眠补脑颗粒、阿莫西林克拉维酸钾片、薄荷脑、薄荷素油、铁皮枫斗、白花蛇草水加强型、参类、冬虫夏草、康源软胶囊、铁皮石斛枸杞浸膏、铁皮石斛含片、铁皮石斛软胶囊、雾化产品、药品流通、六味地黄口服液(无糖型),baostock+akshare
600673.SH,东阳光,A股,S91综合,液冷,电子元器件、化工新材料、高端铝箔、液冷科技、具身智能、能源材料六大板块。 产品：电子元器件类、高端铝箔类、化工新材料类、能源材料类,baostock+akshare
600674.SH,川投能源,A股,D44电力、热力生产和供应业,,投资开发、经营管理清洁能源；研发、生产、销售轨道交通电气自动化系统，生产经营光纤光缆等高新技术产品。 产品：电力、软件产品、硬件产品,baostock+akshare
600675.SH,中华企业,A股,K70房地产业,,房地产开发经营。 产品：住宅、商办项目开发、持有物业经营、物业管理服务、开发产品、劳务收入、租赁,baostock+akshare
600676.SH,交运股份,A股,G54道路运输业,,体育赛事运营、体育场馆经营、演艺策划运营、水上旅游、城市交通物流及汽车销售业务等文体旅交融合业务。 产品：道路货运与物流服务、汽车零部件制造与销售服务、乘用车销售与汽车后服务,baostock+akshare
600678.SH,ST金顶,A股,C30非金属矿物制品业,,非金属矿开采、加工及产品销售。 产品：石灰石、氧化钙、商品混凝土及水泥稳定碎石、物流运输业务、其他、物流行业,baostock+akshare
600679.SH,上海凤凰,A股,C37铁路、船舶、航空航天和其他运输设备制造业,,自行车整车及其零部件的研发、生产与销售业务，同时开展部分房地产租赁及物业租赁等业务。 产品：锂电助力车、共享单车、童车、自行车、零配件、房地产租赁业务、辐条、自行车业务、其他、辐条业务,baostock+akshare
600681.SH,百川能源,A股,D45燃气生产和供应业,,城市管道燃气销售、燃气工程安装、燃气具销售。 产品：天然气、燃气工程安装、燃气具、供暖、成品油、燃气分部、热力分部,baostock+akshare
600682.SH,南京新百,A股,C27医药制造业,,现代商业、健康养老与生物医疗领域，覆盖百货零售、健康养老服务、脐带血造血干细胞储存、细胞免疫以及医疗服务。 产品：商业、宾馆餐饮业、健康养老、护理业、专业技术服务业、科研服务、医药制造业、医疗服务、医疗服务业、健康养老、护理业,baostock+akshare
600683.SH,京投发展,A股,K70房地产业,,房地产开发、经营及租赁。 产品：房产销售、物业服务、物业租赁、酒店客房服务、服务及其他,baostock+akshare
600684.SH,珠江股份,A股,K70房地产业,,城市服务、文体服务、多业态服务。 产品：城市生活服务、城市公建服务、广告推广服务、体育馆管理服务、体育馆运营及相关配套服务、酒店管理服务、不动产租售服务、物业服务、文体运营、物业出租,baostock+akshare
600685.SH,中船防务,A股,C37铁路、船舶、航空航天和其他运输设备制造业,,海洋防务装备、海洋运输装备、海洋开发装备和海洋科技应用装备。 产品：防务装备产品、船舶海工产品、新兴业务产品、军用舰船、海警装备、公务船、支线集装箱船、散货船、中小型气体船、疏浚船、海洋工程平台、风电安装平台、能源装备、工业互联网平台、造船产品、其中:造船产品-特种船及其他、其中:造船产品-集装箱船,baostock+akshare
600686.SH,金龙汽车,A股,C36汽车制造业,,客车产品的生产和销售。 产品：大型客车、中型客车、轻型客车、汽车及车身件、其他(补充),baostock+akshare
600688.SH,上海石化,A股,C25石油、煤炭及其他燃料加工业,,通过石油加工生产多种石油产品、中间石化产品、树脂和塑料及合成纤维。 产品：化工产品、炼油产品、石油化工产品贸易,baostock+akshare
600689.SH,XD上海三,A股,F51批发业,,进出口贸易、安防服务以及园区物业租赁管理。 产品：纺织品、钢材、机械五金、保安服务业、其他,baostock+akshare
600690.SH,海尔智家,A股,C38电气机械和器材制造业,,家电的研发、生产及销售工作，涉及冰箱/冷柜、厨电、空调、洗衣设备、水家电及其他智能家庭业务，以及提供智能家庭全套化解决方案。 产品：空调、电冰箱、厨电、水家电、洗衣机、装备部品及渠道综合服务,baostock+akshare
600691.SH,潞化科技,A股,C26化学原料和化学制品制造业,,化工产品的生产和销售及化工装备设计、制造、安装、开车运行、检修、维保、检测、服务等。 产品：尿素、聚氯乙烯、丙烯、烧碱、三氯化磷、双氧水、化工设备、贸易,baostock+akshare
600692.SH,亚通股份,A股,K70房地产业,,房地产开发、光伏电站及风电场建设运营、通信管网施工及运维、混凝土制品生产销售等。 产品：商品房、保障房、光伏电站、风电场、通信管网施工维护,baostock+akshare
600693.SH,东百集团,A股,F52零售业,,商业零售、仓储物流。 产品：商业零售、仓储物流、酒店餐饮、商业地产,baostock+akshare
600694.SH,大商股份,A股,F52零售业,,实体零售业务。 产品：百货、超市、家电、零售业务、其他主营业务、其他,baostock+akshare
600697.SH,欧亚集团,A股,F52零售业,,综合百货业务。 产品：食品百货类、家电类、服饰妆品类、家居家饰类、购物中心、连锁超市、大型综合卖场,baostock+akshare
600698.SH,湖南天雁,A股,C36汽车制造业,,发动机配件、机械配件的生产，机械加工等业务活动，为客户提供创新、绿色可持续发展的流体技术解决方案。 产品：增压器、气门、发动机增压器、汽车热管理、底盘及电驱系统的泵阀、执行元件、其他,baostock+akshare
600699.SH,均胜电子,A股,C39计算机、通信和其他电子设备制造业,,提供汽车电子和汽车安全解决方案。 产品：汽车安全系统、汽车电子系统、其他,baostock+akshare
600702.SH,舍得酒业,A股,C15酒、饮料和精制茶制造业,,白酒产品的设计、生产和销售。 产品：中高档酒、普通酒、玻瓶、超高端产品天子呼、舍不得、吞之乎等、舍得10年、智慧舍得、品味舍得、舍得自在、舍之道、沱牌曲酒、沱牌特曲、陶醉、大众光瓶酒沱牌特级T68、酒类、其中:酒类-中高档酒、其中:酒类-普通酒,baostock+akshare
600703.SH,三安光电,A股,C39计算机、通信和其他电子设备制造业,半导体材料,化合物半导体材料与器件的研发、生产和销售。 产品：LED外延片、LED芯片、LED车灯、射频芯片、滤波器芯片、电力电子芯片、光通讯芯片、非光通讯芯片、LED外延芯片、材料、废料销售、LED应用品、集成电路产品,baostock+akshare
600704.SH,物产中大,A股,F51批发业,,智慧供应链集成服务、金融服务、高端制造。 产品：智慧供应链集成服务、金融服务、高端制造、钢材、化工、其他贸易品种,baostock+akshare
600706.SH,曲江文旅,A股,N78公共设施管理业,,景区运营管理业务、历史文化主题酒店管理(含餐饮管理)业务、旅行社业务、演出演艺业务、文化旅游商品业务及其他新型旅游业务、房地产的开发和销售。 产品：景区运营管理、酒店餐饮、旅游商品销售、旅游服务(旅行社)、园林绿化、体育项目、数字科技,baostock+akshare
600707.SH,彩虹股份,A股,C39计算机、通信和其他电子设备制造业,,基板玻璃、显示面板的研发、生产与销售。 产品：液晶面板、基板玻璃、材料销售,baostock+akshare
600708.SH,光明地产,A股,K70房地产业,,房产开发、商业运营、冷链物流、物业服务、建筑施工及供应链产业链。 产品：房地产开发及配套、物业、租赁,baostock+akshare
600710.SH,苏美达,A股,F51批发业,,产业链、供应链。 产品：船舶制造与航运、柴油发电机组、户外动力设备（OPE）、清洁能源（含光伏产品、工程、服务）、生态环保（含垃圾处理、土壤修复、餐厨垃圾处理、可降解塑料工业工程等）、纺织服装（服装、家用纺织品、品牌校服）、供应链集成服务、供应链、产业链、其中:先进制造,baostock+akshare
600711.SH,盛屯矿业,A股,B09有色金属矿采选业,,能源金属业务、基本金属业务、金属贸易业务。 产品：钴产品、铜产品、镍产品、锌产品、贸易、服务及其他产品、能源金属业务、基本金属业务、有色金属贸易及其他,baostock+akshare
600712.SH,南宁百货,A股,F52零售业,,商业零售业务。 产品：百货业态（含家电、团购）、超市业态、汽车业态、电子商务（含跨境体验店）、百货、家电、超市、汽车、电子商务、百货业态(含家电、团购)、其他(补充),baostock+akshare
600713.SH,XD南京医,A股,F51批发业,,药品配送、批发、零售及医疗器械配送、批发、医药物流服务和互联网药品零售。 产品：医药批发、医药零售、医药“互联网+”、医药第三方物流服务、批发、零售、电商,baostock+akshare
600714.SH,金瑞矿业,A股,C26化学原料和化学制品制造业,,天青石矿的开采、销售，以及锶盐系列产品的生产和销售。 产品：锶盐产品、金属锶、铝锶合金、其他产品、碳酸锶（含工业级碳酸锶、电子级碳酸锶）、硝酸锶、氢氧化锶和副产品硫磺、亚硫酸钠,baostock+akshare
600715.SH,文投控股,A股,R87广播、电视、电影和录音制作业,,影院及院线运营管理、游戏研发发行与运营、漫剧制作与发行。 产品：影院及院线运营管理业务、游戏研发发行与运营业务、漫剧制作与发行业务、移动端游戏、小程序游戏、影院电影放映及相关衍生业务、网络游戏业务、影视投资制作及发行业务,baostock+akshare
600716.SH,凤凰股份,A股,K70房地产业,,房地产开发。 产品：紫金和旭府项目、镇江和颐居项目、宜兴凤凰怡然居项目、合肥、南通等其他房地产开发项目,baostock+akshare
600717.SH,天津港,A股,G55水上运输业,,装卸、销售、物流和港口综合配套服务等。 产品：装卸业务、销售业务、港口物流业务、港口服务及其他业务、装卸、销售、港口物流,baostock+akshare
600718.SH,东软集团,A股,I65软件和信息技术服务业,机器人本体/集成,以软件技术为核心，通过软件与服务的结合，软件与制造的结合，技术与行业管理能力的结合，提供行业解决方案、产品工程解决方案及相关软件产品、平台及服务等。 产品：自主软件、产品及服务、系统集成、物业广告、自主软件、产品及服务,baostock+akshare
600719.SH,大连热电,A股,D44电力、热力生产和供应业,,热电联产、集中供热。 产品：电力、热力、工业蒸汽、高温水、供暖、热力收入、电力收入、其他(补充),baostock+akshare
600720.SH,中交设计,A股,M74专业技术服务业,,规划咨询、勘察设计、工程试验检测、监理及工程项目管理业务。 产品：项目规划策划、可行性研究、项目前期咨询评估、招投标咨询、代政府审查、勘察设计、监理、项目管理、试验检测等业务、机电交安、光伏安装及项目管理等、工程试验检测,baostock+akshare
600721.SH,百花医药,A股,M73研究和试验发展,,新药早期发现与筛选、药物CMC开发、临床试验、注册申报、BE/PK生物样品分析及药学检测服务、临床SMO及数据服务、MAH服务、API及中间体技术服务。 产品：医药研发、临床试验、其他医药、租赁及物业服务,baostock+akshare
600722.SH,金牛化工,A股,C26化学原料和化学制品制造业,,甲醇的生产和销售。 产品：甲醇、其他(补充),baostock+akshare
600724.SH,宁波富达,A股,C30非金属矿物制品业,,商业地产的出租、自营联营及托管；水泥及其制品的生产、销售。 产品：水泥销售、混凝土销售、商品销售、物业管理、广告、租赁,baostock+akshare
600725.SH,云维股份,A股,F51批发业,,以煤炭为主的产品贸易业务。 产品：煤炭产品、硅石、兰炭、硅石、兰炭等,baostock+akshare
600726.SH,华电能源,A股,D44电力、热力生产和供应业,,生产和销售煤炭，以及向本公司发电资产所在的区域销售电力、热力产品。 产品：煤炭、电力、热力、电力销售、煤炭销售、热力销售,baostock+akshare
600727.SH,鲁北化工,A股,C26化学原料和化学制品制造业,,钛白粉业务、甲烷氯化物业务、化肥业务、水泥业务、盐业业务。 产品：钛白粉、甲烷氯化物、化肥、原盐、溴素、水泥、硫酸亚铁,baostock+akshare
600728.SH,XD佳都科,A股,I65软件和信息技术服务业,,提供涵盖理论创新、技术研究、产品开发、解决方案应用及一体化服务等全链条产品及服务。 产品：企业数智化升级解决方案、智慧城市群立体交通解决方案、智慧城市轨道交通解决方案、智慧城市交通管理解决方案、其中:智慧城市群立体交通解决方案--智慧城市轨道交通解决方案,baostock+akshare
600729.SH,重百集团,A股,F52零售业,,百货、超市、电器和汽贸等业务经营。 产品：百货商场经营、超市门店经营、电器门店经营、汽车零售与批发贸易、超市、汽车贸易、电器、百货,baostock+akshare
600730.SH,*ST高科,A股,P83教育,,教育和不动产运营业务。 产品：教育业务、不动产运营业务、教育、不动产运营、其他,baostock+akshare
600731.SH,湖南海利,A股,C26化学原料和化学制品制造业,锂电材料,农药、化工新材料、种业等领域研究、开发、生产和销售。 产品：化学农药、精细化工产品、动力型锰酸锂、高容量型锰酸锂、农业农药、锂电材料、其他(补充),baostock+akshare
600732.SH,爱旭股份,A股,C38电气机械和器材制造业,,研发、生产、销售太阳能电池和组件。 产品：太阳能电池片、智慧能源业务、组件、受托加工,baostock+akshare
600733.SH,北汽蓝谷,A股,C36汽车制造业,,新能源乘用车与核心零部件的研发、生产、销售和服务。 产品：SUV、轿车、跨界车、整车、其他(补充)、其他,baostock+akshare
600734.SH,*ST实达,A股,I65软件和信息技术服务业,机器人本体/集成,智能算力、数智教育、数据流动及数字政府等领域的系统集成、运营及软件产品服务。 产品：大数据业务、物联网周界安防业务、其他(补充),baostock+akshare
600735.SH,ST新华锦,A股,C41其他制造业,,发制品、纺织服装的出口和跨境电商进口，出口业务和进口业务双向循环和石墨矿开展石墨深加工及石墨应用的新材料业务。 产品：男发块、女装假发、接发、教习假发、人发条、假发配件、人发化纤混合发制品、发制品、电商、纺织品,baostock+akshare
600736.SH,苏州高新,A股,K70房地产业,,房地产开发及基础设施经营。 产品：产业园区运营、产业投资、产城综合开发、产业园运营、其他主营业务,baostock+akshare
600737.SH,中粮糖业,A股,C13农副食品加工业,,白砂糖及相关产品的制造销售、番茄加工及番茄制品的销售。 产品：食糖、番茄制品、贸易糖、自产糖（含Tully）、加工糖、番茄制品（含小包装、林果）、农资、农作物种植、自产糖(含塔利糖业),baostock+akshare
600738.SH,丽尚国潮,A股,F52零售业,,专业市场管理、商贸百货零售业务、商业及酒店管理业务。 产品：专业市场管理、商贸百货零售业务、商业及酒店管理、新零售业务,baostock+akshare
600739.SH,辽宁成大,A股,F51批发业,药企/生物科技,医药医疗、金融投资、国内外贸易和能源开发。 产品：进出口贸易、商品流通、生物制药、能源开发、国内外贸易、其他,baostock+akshare
600740.SH,山西焦化,A股,C25石油、煤炭及其他燃料加工业,,焦炭及相关化工产品的生产和销售。 产品：焦炭、相关化工产品、冶金焦炭、硫铵、工业萘、蒽油、改质沥青、纯苯、焦化甲苯、焦化二甲苯、重苯、甲醇、炭黑、焦炭产品、化工产品、现代服务收入,baostock+akshare
600741.SH,华域汽车,A股,C36汽车制造业,,汽车等交通运输车辆和工程机械的零部件及其总成的设计、研发和销售等。 产品：内外饰件、金属成型和模具、功能件、电子电器件、热加工件、其他(补充),baostock+akshare
600742.SH,富维股份,A股,C36汽车制造业,,汽车零部件的研发、生产和销售。 产品：汽车内饰、汽车保险杠、汽车车灯、冲压件、汽车视镜、汽车车轮,baostock+akshare
600743.SH,华远控股,A股,K70房地产业,,物业管理、酒店管理和房地产租赁经营等。 产品：酒店产品、租赁产品、物业服务,baostock+akshare
600744.SH,华银电力,A股,D44电力、热力生产和供应业,,火力发电业务，同时经营水电、风电、太阳能业务以及电力销售业务。 产品：电力、电力行业、其他(补充)、其他,baostock+akshare
600745.SH,*ST闻泰,A股,C39计算机、通信和其他电子设备制造业,服务器与终端,消费、工业、汽车等领域智能终端产品的研发和制造业务；半导体业务板块从事的主要业务系半导体和新型电子元器件的研发和制造业务。 产品：智能终端、半导体产品、二极管、双极性晶体管、ESD保护器件、MOSFET器件、氮化镓场效应晶体管（GaNFET）、碳化硅（SiC）二极管、绝缘栅双极晶体管（IGBT）、模拟IC、逻辑IC、其他,baostock+akshare
600746.SH,江苏索普,A股,C26化学原料和化学制品制造业,,包括醋酸及衍生品、氯碱等化工原料的生产与销售。 产品：醋酸及衍生品、其他产品、其他(补充),baostock+akshare
600748.SH,上实发展,A股,K70房地产业,,房地产开发销售、物业服务及自持不动产租赁。 产品：房地产销售、物业管理服务、房地产租赁、工程项目、酒店经营,baostock+akshare
600749.SH,西藏旅游,A股,N78公共设施管理业,,旅游景区、旅游服务、旅游文创和香客接待。 产品：旅游接待、短途运输、内容体验、租赁、国内商旅服务、出入境商旅服务、旅游景区、旅游服务、旅游文创,baostock+akshare
600750.SH,华润江中,A股,C27医药制造业,,药品和大健康产品的生产、研发与销售。 产品：非处方药、健康消费品及其他、健胃消食片、乳酸菌素片、双歧杆菌三联活菌肠溶胶囊、多维元素片、复方草珊瑚含片、复方鲜竹沥液、川贝枇杷胶囊、牛黄蛇胆川贝液、复方瓜子金颗粒、氨咖黄敏口服溶液、处方药,baostock+akshare
600751.SH,海航科技,A股,G55水上运输业,,国际远洋干散货运输业务及上下游相关的商品贸易业务。 产品：航运业务、商品贸易业务、商品贸易、航运、其他(补充),baostock+akshare
600753.SH,ST海钦,A股,F51批发业,,以液化石油气批发销售为核心的大宗商品供应链业务。 产品：液化石油气、聚丙烯改性料、贸易业务、充电服务,baostock+akshare
600754.SH,锦江酒店,A股,H61住宿业,,全服务型酒店营运及管理业务、有限服务型酒店营运及管理业务和食品及餐饮业务。 产品：全服务型酒店、有限服务型酒店、食品及餐饮业务、综合性酒店、餐厅投资、餐厅经营管理、持续加盟及劳务派遣服务、酒店客房、餐饮服务,baostock+akshare
600755.SH,厦门国贸,A股,L72商务服务业,,供应链管理业务、健康科技业务等。 产品：供应链管理业务、健康科技业务、供应链管理板块、其他板块业务,baostock+akshare
600756.SH,浪潮软件,A股,I65软件和信息技术服务业,机器人本体/集成,为区域政府、行业政府、教育、企业等行业数智化转型提供整体解决方案、软件开发和系统集成等服务。 产品：软件及系统集成、其他(补充),baostock+akshare
600757.SH,长江传媒,A股,R86新闻和出版业,,一般图书的出版、教材教辅的出版、报刊的出版及新媒体经营；图书、报刊、电子音像制品、数码产品的批发、零售；图书、报刊印刷和纸质包装品印刷；印刷物资自主采购和销售。 产品：教材教辅、一般图书、期刊杂志、音像制品、印装业务、传统及其他物资贸易、其他,baostock+akshare
600758.SH,辽宁能源,A股,B06煤炭开采和洗选业,,煤炭开采、洗选加工和销售，电力、热力的生产和供应。 产品：煤炭、电力、热力、煤炭产品、发电业务、供暖业务,baostock+akshare
600759.SH,ST洲际,A股,B07石油和天然气开采业,,石油勘探开发和石油化工项目的投资及相关工程的技术开发、咨询、服务；石油化工产品、管道生产建设所需物资设备、器材的销售；油品贸易和进出口；能源基础产业投资、开发、经营；新能源产品技术研发、生产、销售；股权投资；房屋租赁及物业管理。 产品：石油勘探开发和石油化工项目的投资及相关工程的技术开发、咨询、服务、石油化工产品、管道生产建设所需物资设备、器材的销售、油品贸易和进出口、能源基础产业投资、开发、经营、新能源产品技术研发、生产、销售、股权投资、房屋租赁及物业管理、油气销售、租赁、服务,baostock+akshare
600760.SH,中航沈飞,A股,C37铁路、船舶、航空航天和其他运输设备制造业,,航空产品制造。 产品：航空制造业、航空防务装备、民用航空产品、航空产品、其他(补充)、其他,baostock+akshare
600761.SH,安徽合力,A股,C34通用设备制造业,,工业车辆整机、零部件、后市场、智能物流四大业务板块。 产品：叉车、电动平衡重乘驾式叉车（Ⅰ类车）、电动乘驾式仓储叉车（Ⅱ类车）、电动步行式仓储叉车（Ⅲ类车）、内燃平衡重式叉车（Ⅳ+Ⅴ类车）、重型叉车、港机、牵引车、特种车辆,baostock+akshare
600763.SH,通策医疗,A股,Q84卫生,,医疗器械、日用品、消毒用品的销售，投资管理，经营进出口业务，技术开发、技术咨询和技术服务，培训服务(不含办培训班)。 产品：医疗服务、产品销售、建设工程,baostock+akshare
600764.SH,中国海防,A股,C39计算机、通信和其他电子设备制造业,,电子类产品、压载水电源的研制生产以及为相关电子设备提供试验检测服务。 产品：水声电子防务产品、特装电子产品、电子信息产品、专业技术服务,baostock+akshare
600765.SH,中航重机,A股,C37铁路、船舶、航空航天和其他运输设备制造业,,锻铸件、液压件及散热器业务、锻造材料销售、高端智能装备制造等。 产品：锻铸产品、散热器、液压产品,baostock+akshare
600768.SH,宁波富邦,A股,C32有色金属冶炼和压延加工业,,有色金属材料的加工及销售业务，业务板块涵盖电接触产品深加工及铝铸棒等产品的贸易业务。 产品：电触点及组件、铝材、其他(补充),baostock+akshare
600769.SH,祥龙电业,A股,D46水的生产和供应业,,供水和建筑安装。 产品：供水、建筑、其他(补充),baostock+akshare
600770.SH,综艺股份,A股,D44电力、热力生产和供应业,,信息科技、新能源、股权投资三大核心业务。 产品：芯片设计及应用、太阳能电站、环保设备及环保材料、计算机信息技术服务、手机游戏,baostock+akshare
600771.SH,广誉远,A股,C27医药制造业,,中药产品的生产与销售。 产品：传统中药、精品中药、养生酒、龟龄集、定坤丹大蜜丸、定坤丹水蜜丸、定坤丹口服液、安宫牛黄丸、牛黄清心丸、加味龟龄集酒、远字牌龟龄集酒、其他主营业务,baostock+akshare
600773.SH,西藏城投,A股,K70房地产业,,房地产开发销售。 产品：普通住宅、商办楼、各类商品住宅、商业写字楼和商业综合体的开发及运营管理、璟宸尊域府、客房餐饮收入、商场经营,baostock+akshare
600774.SH,汉商集团,A股,C27医药制造业,,医药、医疗器械、商业及会展运营。 产品：中药、化药、医疗器械、购物中心、会展运营及配套服务,baostock+akshare
600775.SH,南京熊猫,A股,C39计算机、通信和其他电子设备制造业,机器人应用,智慧交通与平安城市、工业互联网与智能制造、绿色服务型电子制造。 产品：智能工厂及系统工程、智能制造核心部件、智慧交通、数字园区、平安城市、电子制造服务,baostock+akshare
600776.SH,东方通信,A股,C39计算机、通信和其他电子设备制造业,机器人应用,信息通信、金融科技、智能制造、资产经营业务。 产品：信息通信、金融科技、智能制造、资产经营、专网通信、公网通信、DICT服务、金融科技产业、智能制造产业、民用通信,baostock+akshare
600777.SH,新潮能源,A股,B07石油和天然气开采业,,石油和天然气的勘探、开发及销售。 产品：石油、伴生天然气、石油及伴生天然气、其他(补充),baostock+akshare
600778.SH,友好集团,A股,F52零售业,,商业零售业务。 产品：百货零售、超市零售、电器零售、商业-超市零售、商业-百货零售、其他(补充),baostock+akshare
600779.SH,水井坊,A股,C15酒、饮料和精制茶制造业,,白酒产品的生产与销售。 产品：高档白酒、中档白酒、水井坊井台系列、水井坊臻酿八号系列、第一坊・元、第一坊・明、第一坊・清、第一坊・十五年、第一坊・晶狮、天号陈、水井坊・珍心珍意・清漾29°、小水井、高档、其他(补充)、中档,baostock+akshare
600780.SH,通宝能源,A股,D44电力、热力生产和供应业,,火力发电业务、配电业务。 产品：发电、配电、供热、电力、热力、其他(补充),baostock+akshare
600782.SH,新钢股份,A股,C31黑色金属冶炼和压延加工业,,黑色金属及金属制品冶炼、锻压加工及销售。 产品：中厚板、冷热卷、电工钢、线棒材、金属制品、热轧板卷、其他(钢绞线等),baostock+akshare
600783.SH,鲁信创投,A股,J67资本市场服务,,创业投资业务与磨具实业经营。 产品：磨具、投资管理、投资管理业、其他(补充),baostock+akshare
600784.SH,鲁银投资,A股,C14食品制造业,,盐及盐化工产品的生产和销售，粉末冶金材料及制品的生产和销售，新能源技术研究和应用，股权投资。 产品：食盐、工业盐、生活用盐、溴素、钢铁粉末、食用盐,baostock+akshare
600785.SH,新华百货,A股,F52零售业,,商业零售、物流和商业物业出租业务。 产品：商品零售、商业物业出租及其他服务、超市零售收入、电器零售收入、商业物业出租及服务收入,baostock+akshare
600787.SH,中储股份,A股,G59装卸搬运和仓储业,,仓储物流基础设施综合服务、大宗商品供应链服务、智慧运输平台建设与运营。 产品：仓储物流基础设施综合服务、大宗商品供应链服务、智慧运输平台建设与运营、物流业务、商品流通业务,baostock+akshare
600789.SH,鲁抗医药,A股,C27医药制造业,,生物医药及生物制造产品的研发、生产和销售等业务。 产品：药物制剂、原料药、动植物保健药品、兽用药、制剂,baostock+akshare
600790.SH,轻纺城,A股,L72商务服务业,,市场租赁，市场物业管理。 产品：纺织品市场租赁、配套服务、租赁业、其他(补充)、网络服务业,baostock+akshare
600791.SH,京能置业,A股,K70房地产业,,房地产开发与经营。 产品：房地产开发、住宅、商业、储藏间、车库、房地产开发销售、其中:商品房住宅、其中:保障房住宅,baostock+akshare
600792.SH,云煤能源,A股,C25石油、煤炭及其他燃料加工业,,焦化板块和重型机械板块。 产品：焦炭、煤气、化工产品、燃气工程、设备制造,baostock+akshare
600793.SH,宜宾纸业,A股,C22造纸和纸制品业,,食品包装原纸、生活用纸原纸以及生活用纸成品纸、瓦楞纸箱、醋酸纤维素的生产和销售。 产品：纸制品、醋酸纤维素产品、本色抽纸、本色卷纸、盒抽、厨卫、纸杯杯茶、竹纤维、乳霜纸、瓦楞纸箱、纺丝级二醋酸纤维素、塑料级二醋酸纤维素、三醋酸纤维素、其他(补充),baostock+akshare
600794.SH,保税科技,A股,G59装卸搬运和仓储业,,集码头仓储、智慧物流和大宗商品供应链为一体的专业的物流供应链服务。 产品：液化仓储、固体仓储、供应链管理服务、租赁服务、智慧物流、数据服务,baostock+akshare
600795.SH,国电电力,A股,D44电力、热力生产和供应业,,电力、热力生产及销售。 产品：火力发电、水力发电、新能源发电、火力发电产品、新能源发电产品、水力发电产品,baostock+akshare
600796.SH,钱江生化,A股,D46水的生产和供应业,,水务环保和生物制造两大板块。 产品：植物生长调节剂-赤霉酸原药及制剂、杀虫剂-阿维菌素、甲氨基阿维菌素苯甲酸盐、杀菌剂-井冈霉素系列产品、井冈丙环唑、嘧菌酯、醚菌酯、微生物菌剂-多粘类芽孢杆菌、类干酪乳杆菌、生物有机肥-枯草芽孢杆菌、工程安装及物资销售、污水处理、农药、其他废弃物处置,baostock+akshare
600797.SH,浙大网新,A股,I65软件和信息技术服务业,数据中心/云厂商,提供算网融合服务、模型服务、IDC托管服务、云计算及互联网资源加速服务等业务。 产品：政府数智化产品、基建数智化产品、产业数智化产品、智算云服务、产业数智化、基建数智化、政府数智化,baostock+akshare
600798.SH,宁波海运,A股,G55水上运输业,,水路货物运输业务、收费公路运营业务。 产品：水路货物运输业务、收费公路运营业务、国际、国内的大宗干散货运输、国内沿海成品油运输、航运业务、高速公路业务、其他(补充),baostock+akshare
600800.SH,渤海化学,A股,C26化学原料和化学制品制造业,,丙烯及副产品生产销售、卡类产品、印刷业务及卡类配套机具制造销售。 产品：丙烯及副产品、化工贸易、技术服务、磁卡、印刷、机具、设备材料,baostock+akshare
600801.SH,华新建材,A股,C30非金属矿物制品业,,"水泥制造和销售,水泥技术服务,水泥设备的研究、制造、安装及维修,水泥进出口贸易。 产品：水泥、混凝土、骨料、商品熟料",baostock+akshare
600802.SH,福建水泥,A股,C30非金属矿物制品业,,水泥及熟料的生产及销售。 产品：水泥、熟料、其他(补充),baostock+akshare
600803.SH,新奥股份,A股,D45燃气生产和供应业,,天然气全产业链（包括天然气销售、基础设施运营、工程建造及安装）、泛能业务与智家业务。 产品：天然气销售、基础设施运营、工程建造及安装、泛能业务、智家业务、平台交易气业务、天然气零售、天然气批发、工程建造业务、工程安装业务、天然气,baostock+akshare
600805.SH,悦达投资,A股,S91综合,机器人应用,新能源、新材料、智能制造及其他业务。 产品：纺织产品、农用拖拉机、专用车、光伏发电、棉纱、物流收入、光伏储能,baostock+akshare
600807.SH,济高发展,A股,C27医药制造业,,体外诊断业务、贸易业务、房地产及物业服务业务。 产品：体外诊断业务、贸易业务、房地产、物业服务业务、生命健康类产品、生物安全类产品、医疗检测服务、钢筋销售、房地产开发、物业服务、贸易及其他、房地产及物业服务、体外诊断,baostock+akshare
600808.SH,马钢股份,A股,C31黑色金属冶炼和压延加工业,,钢铁产品的生产和销售。 产品：板材、长材、轮轴、特钢、钢材类销售、钢铁生坯销售、其他,baostock+akshare
600809.SH,山西汾酒,A股,C15酒、饮料和精制茶制造业,,汾酒、竹叶青酒、杏花村酒的生产、销售。 产品：汾酒、竹叶青酒、杏花村酒、其他酒类、其他(补充),baostock+akshare
600810.SH,神马股份,A股,C28化学纤维制造业,,尼龙66帘子布、工业丝、切片等的生产与销售。 产品：尼龙66工业丝、帘子布、尼龙66切片、尼龙6切片、己二酸、环己烷、阻燃纤维、原液色丝、尼龙6民用丝、聚酰胺产品、合成纤维产品、中间体产品、其他(补充),baostock+akshare
600812.SH,华北制药,A股,C27医药制造业,,医药产品的研发、生产和销售等业务。 产品：化学原料药、化学制剂药、生物制剂、医药中间体、其他、医药及其他物流贸易、注射用哌拉西林钠他唑巴坦钠、注射用青霉素钠、注射用盐酸去甲万古霉素、抗感染类、防疫类,baostock+akshare
600814.SH,杭州解百,A股,F52零售业,,商品零售。 产品：商场销售、客房及餐饮、租赁、其他(补充),baostock+akshare
600815.SH,厦工股份,A股,C35专用设备制造业,,工程机械与矿山机械的研发、制造、销售与全链条服务。 产品：装载机、挖掘机等土方机械、盾构机等掘进机械、智能矿卡等矿山机械、土石方机械、其他工程机械、矿山机械、装备租赁,baostock+akshare
600816.SH,建元信托,A股,J69其他金融业,,信托业务、固有资产负债业务、提供投资顾问、咨询、托管及代理销售服务、受托境外理财业务。 产品：固有业务、信托业务,baostock+akshare
600817.SH,宇通重工,A股,C35专用设备制造业,,环卫设备、矿用装备、基础工程机械的科研开发、生产制造、销售售后服务。 产品：环卫设备、工程机械、环卫服务、纯电动洗扫车、纯电动吸尘车、纯电动多功能抑尘车、纯电动清洗车、纯电动道路污染清除车、纯电动路面养护车、纯电动扫路车、纯电动高速扫路车、纯电动自动驾驶洗扫车、燃油洗扫车、燃油吸尘车、燃油清洗车、燃油多功能抑尘车、燃油扫路车、燃油洒水车、纯电动压缩式垃圾车、纯电动密闭式桶装垃圾车、纯电动餐厨垃圾车、纯电动自装卸式垃圾车、纯电动对接式垃圾车、纯电动车厢可卸式垃圾车、燃油压缩式垃圾车、燃油餐厨垃圾车、燃油车厢可卸式垃圾车、燃油自装卸式垃圾车、其他(补充),baostock+akshare
600818.SH,ST中路,A股,C37铁路、船舶、航空航天和其他运输设备制造业,,自行车等制造业务以及对外股权投资业务。 产品：儿童系列产品、童车、青少年车、通勤车、山地车、公路车、电助力车、两轮电动自行车、两轮电动摩托车、三轮电动摩托车、自行车和童车、电动自行车、房屋租赁及仓储,baostock+akshare
600819.SH,耀皮玻璃,A股,C30非金属矿物制品业,,研发、生产和销售浮法玻璃、建筑加工玻璃、汽车加工玻璃。 产品：浮法玻璃、建筑加工玻璃、汽车加工玻璃,baostock+akshare
600820.SH,隧道股份,A股,E48土木工程建筑业,,隧道、轨道交通、路桥、燃气及新能源、水务、地下空间等城市基础设施的设计、施工、投资、传统及智慧运营养护业务，同时还包括与施工业务相配套的盾构（含数字盾构）设备制造业务。 产品：施工业、设计服务、基础设施运营业务、机械加工及制造、融资租赁、投资业务、数字信息、其他业务,baostock+akshare
600821.SH,金开新能,A股,D44电力、热力生产和供应业,,新能源电力的开发、投资、建设及运营。 产品：风力发电、光伏发电、电力、新能源发电、其中:风力发电、其中:光伏发电,baostock+akshare
600822.SH,上海物贸,A股,F51批发业,,汽车贸易、化工等生产资料的批发与零售业务。 产品：金属、汽车、商品销售收入、服务收入、租赁收入,baostock+akshare
600824.SH,益民集团,A股,F52零售业,,商业批发零售、商业物业租赁、餐饮旅游。 产品：商业批发零售、商业物业租赁经营、养老服务、线上销售、房产事业、内衣服饰、照相器材,baostock+akshare
600825.SH,新华传媒,A股,R86新闻和出版业,,图书发行、报刊经营、报刊发行、广告代理、传媒衍生等业务。 产品：图书、文教用品、报刊及广告收入,baostock+akshare
600826.SH,兰生股份,A股,L72商务服务业,,展览组织、展馆运营、会议活动赛事、会展服务等。 产品：会展组织、会展配套服务、赛事活动、展馆运营服务,baostock+akshare
600827.SH,百联股份,A股,F52零售业,,以百货商店、连锁超市、购物中心、奥特莱斯为核心业务。 产品：百货、购物中心、奥特莱斯、标准超市、便利店、大卖场、专业专卖,baostock+akshare
600828.SH,茂业商业,A股,F52零售业,,以商业零售为主，并辅以部分物业租赁和酒店业务。 产品：商业零售、部分物业租赁、酒店业务,baostock+akshare
600829.SH,人民同泰,A股,F51批发业,,医药批发、医药零售、医疗服务及医药物流。 产品：化学药、中成药、生物制品、医疗器械、中药饮片、保健食品、日用品、玻璃仪器、化学试剂、医药商业、其中:批发-医疗客户、其中:批发-商业客户、其中:零售,baostock+akshare
600830.SH,香溢融通,A股,J69其他金融业,,类金融业务和贸易业务。 产品：类金融业务、贸易业务、商品贸易、融资租赁、典当、担保、特殊资产、其他主营业务、其他(补充)、酒类,baostock+akshare
600831.SH,广电网络,A股,I63电信、广播电视和卫星传输服务,机器人本体/集成,广播电视基础收视、数据传输服务、卫视落地服务、入网安装服务以及工程施工和商品销售等业务。 产品：直播业务产品、互动增值业务产品、大带宽数据业务产品、移动业务产品、数字家庭业务产品、智慧酒店业务产品、专网专线、视频监控、广电5G行业应用、物联网、应急广播、系统集成、融合媒体、文化数字化、平安社区、数字乡村、算力服务、固定语音通话、有线电视业、商品销售业、广告代理业,baostock+akshare
600833.SH,第一医药,A股,F52零售业,,药品的零售和批发业务。 产品：医药零售、医药批发,baostock+akshare
600834.SH,申通地铁,A股,S91综合,,公共交通运维管理业务，新能源相关业务，综合物业服务业务，融资租赁及商业保理业务和产业投资业务。 产品：运营维护管理、新能源、综合物业服务、融资租赁、商业保理、地铁运营服务、光伏发电,baostock+akshare
600835.SH,上海机电,A股,C34通用设备制造业,,电梯制造、冷冻空调设备制造、印刷包装机械制造、液压产品制造、人造板机械制造、工程机械制造及电机制造等。 产品：电梯业务、印刷包装业务、液压机器业务、能源工程业务、其中:电梯设备销售、其中:电梯安装及维保等其他业务,baostock+akshare
600838.SH,上海九百,A股,F52零售业,,商贸零售、商铺租赁、洗染服务。 产品：商贸零售、商铺租赁、洗染服务,baostock+akshare
600839.SH,四川长虹,A股,C39计算机、通信和其他电子设备制造业,,电视机、冰箱、空调、压缩机、视听产品、电池、手机等产品的生产销售、IT产品的销售以及房地产开发等生产经营活动。 产品：电视、空调、冰箱（柜）、洗衣机、厨卫产品及小家电、ICT产品与服务,baostock+akshare
600841.SH,动力新科,A股,C34通用设备制造业,,生产制造销售柴油发动机和重型卡车。 产品：发动机、重卡,baostock+akshare
600843.SH,上工申贝,A股,C35专用设备制造业,机器人应用,研发、生产、销售缝制设备、智能制造设备、汽车零部件、轻型运动飞机。 产品：缝制设备、智能制造设备、汽车零部件、轻型运动飞机、现代物流运输服务、工业缝纫机、自动缝制工作站、家用缝纫机、柔性材料智能连接加工工艺设备及其零部件、汽车内饰件、功能件、碳纤维水陆两栖、陆地起降轻型飞机、缝制设备及智能制造分部、物流服务分部、汽车零部件分部,baostock+akshare
600844.SH,金煤科技,A股,C26化学原料和化学制品制造业,,煤化工产品的生产及销售。 产品：乙二醇、草酸、催化剂、草酸粉末,baostock+akshare
600845.SH,宝信软件,A股,I65软件和信息技术服务业,机器人本体/集成,软件开发及工程服务、服务外包、系统集成。 产品：软件开发及工程服务、服务外包、系统集成,baostock+akshare
600846.SH,同济科技,A股,E48土木工程建筑业,,工程监理及咨询、建筑工程管理业务以及环境工程科技服务与投资建设以及房地产开发。 产品：工程建设及咨询服务、房地产业、环境工程及环保运营,baostock+akshare
600847.SH,万里股份,A股,C38电气机械和器材制造业,,铅酸蓄电池的研发、生产和销售。 产品：铅酸蓄电池、其他,baostock+akshare
600848.SH,上海临港,A股,K70房地产业,,园区产业载体（包括研发科技楼、工业厂房）的开发、销售与租赁。 产品：房地产、房屋销售、房屋租赁、园区综合开发-销售、园区综合开发-租赁、其他(补充),baostock+akshare
600850.SH,电科数字,A股,I65软件和信息技术服务业,数据中心/云厂商,数字化产品、行业数字化和数字新基建。 产品：数字化产品业务板块、行业数字化业务板块、数字新基建业务板块、智能计算软硬件、数智应用软件、数据中心、楼宇智能领域的咨询设计、总包管理、工程建设、运维保障、行业测评、行业数字化、数字新基建、数字化产品,baostock+akshare
600851.SH,海欣股份,A股,C27医药制造业,,医药产品的制造，园区物业出租经营，长毛绒面料及服装的研发和销售，金融投资和大宗商品贸易等。 产品：医药制造、纺织、贸易业务、其他(补充),baostock+akshare
600853.SH,龙建股份,A股,E48土木工程建筑业,,公路工程、市政道路桥梁等施工及咨询设计，以及相关基础设施投资、运维、养护和管理等工作。 产品：公路、市政、铁路、建筑等行业大型基础设施、建造工程项目、其他(补充)、其他,baostock+akshare
600854.SH,春兰股份,A股,C38电气机械和器材制造业,,销售空调制冷产品、房地产开发经营、房屋租赁。 产品：空调制冷产品、房地产开发、房屋租赁、空调、其他(补充),baostock+akshare
600855.SH,航天长峰,A股,C35专用设备制造业,,生产及销售医疗器械产品、提供数字化手术室、手术室洁净工程等医疗工程服务。 产品：军工电子、公共安全、高端医疗装备产业、模块电源、开关电源、定制电源、电源系统、不间断电源、滤波器、红外光电成像板卡、组件、整机、光学镜片设计加工、光学系统组装调、半实物仿真红外模拟设备、无人机与鸟情探测及处置设备、电源产品、光电探测产品、仿真模拟设备、边海空防智慧信息化平台、低空安全无人机察打一体化管控平台、迭代大数据研判、视频融合、多维地理信息系统、呼吸机、麻醉机、手术床、血液动力类医疗产品、数字化手术室建设、洁净工程实施、公共安全业务、军工电子业务、其他(补充),baostock+akshare
600857.SH,宁波中百,A股,F52零售业,,商业的零售、批发和生产。 产品：商业零售,baostock+akshare
600858.SH,银座股份,A股,F52零售业,,商品的批发与零售业务。 产品：商业、房地产、百货商场、大型综合超市、购物中心,baostock+akshare
600859.SH,王府井,A股,F52零售业,,商品零售和商业物业出租业务。 产品：商品零售、租赁、百货业态、购物中心业态、奥特莱斯业态、专业店,baostock+akshare
600860.SH,京城股份,A股,C35专用设备制造业,机器人本体/集成;机器人应用,气体储运板块、智能制造板块。 产品：气体储运产品、自动化制造设备系统集成、车用液化天然气(LNG)气瓶、车用压缩天然气(CNG)气瓶、钢质无缝气瓶、焊接绝热气瓶、碳纤维全缠绕复合气瓶、燃料电池用铝内胆碳纤维全缠绕复合气瓶、塑料内胆碳纤维全缠绕复合气瓶、加气站设备、地面输送装配系统产品、悬挂链空中输送系统产品、机器人集成应用和冲压连线产品、非标自动化专机产品、其他,baostock+akshare
600861.SH,北京人力,A股,L72商务服务业,,综合人力资源服务。 产品：业务外包服务、人事管理服务、薪酬福利服务、招聘及灵活用工服务,baostock+akshare
600862.SH,中航高科,A股,C37铁路、船舶、航空航天和其他运输设备制造业,,聚焦航空新材料主业，业务范围涵盖航空新材料、商用发动机关键零组件、通用航空装备复合材料及制品、民用航空复合材料及构件、航空专用装备、航空零部件、工装模具等战略性领域。 产品：树脂及预浸料产品、芳纶纸蜂窝、铝蜂窝、民用飞机结构件、钢刹车盘副、炭刹车盘副、机轮附件、轨道车辆制动产品、叶片防磨定位工装、前声衬检验工装、新材料产品、其他(补充)、其他,baostock+akshare
600863.SH,华能蒙电,A股,D44电力、热力生产和供应业,,火力发电、供热为主，兼顾部分风力发电及煤炭业务。 产品：电力、热力、煤炭、电力销售、煤炭销售、其他(补充),baostock+akshare
600864.SH,哈投股份,A股,J67资本市场服务,,热电业务和证券业务。 产品：热电业务、证券业务、电力、热力、蒸汽、证券经纪、证券承销与保荐、证券投资咨询、证券自营、证券资产管理、融资融券、证券投资基金代销、代销金融产品、电、供暖、蒸汽、入网配套费、水泥、渣粉,baostock+akshare
600865.SH,百大集团,A股,F52零售业,,商业零售和租赁。 产品：社会消费品、酒店服务、租赁、商品销售、其他(补充),baostock+akshare
600866.SH,星湖科技,A股,C14食品制造业,,食品添加剂、饲料添加剂和医药中间体及原料药的研发、生产和销售。 产品：食品添加剂、饲料添加剂、医药中间体及原料药主要产品、其他产品、味精、核苷酸、复合调味品系列、“玉米发酵物”系列、赖氨酸、苏氨酸、缬氨酸、异亮氨酸、色氨酸、精氨酸、肌苷、利巴韦林、脯氨酸、鸟苷、腺苷、腺嘌呤、艾滋病药物中间体、丙肝药物中间体、有机肥料、生物基新材料类产品、其他(补充),baostock+akshare
600867.SH,通化东宝,A股,C27医药制造业,,糖尿病及内分泌治疗领域生物制品、中成药、化学药等药品的研发、生产和销售。 产品：生物制品、注射用笔、血糖试纸、医疗器械、中成药、化药、人胰岛素原料药、人胰岛素注射剂、甘精胰岛素原料药、甘精胰岛素注射液、门冬胰岛素原料药、门冬胰岛素注射液、预混型门冬胰岛素、利拉鲁肽注射液、恩格列净片、镇脑宁胶囊、糖尿病相关的医疗器械、生物制品(原料药及制剂产品)、注射用笔、血糖试纸等医疗器械、中成药和化药,baostock+akshare
600868.SH,梅雁吉祥,A股,D44电力、热力生产和供应业,,水力发电、地理信息业务。 产品：水力发电、沼气发电、沼气提纯、水利发电、地理数据测绘、BPO业务,baostock+akshare
600869.SH,远东股份,A股,C38电气机械和器材制造业,机器人应用,智能缆网/电能、智能电池储能/算力AI、智慧机场。 产品：智能缆网、智能制造线缆、绿色建筑线缆、智能电网线缆、清洁能源线缆、数字通讯线缆、智能交通线缆、智能电池、锂电池、锂电铜箔、智慧机场、线缆分部、机场分部、电池分部,baostock+akshare
600871.SH,石化油服,A股,B11开采专业及辅助性活动,,大型综合油气工程与技术服务。 产品：地球物理、钻井、测录井、井下特种作业、工程建设,baostock+akshare
600872.SH,中炬高新,A股,C14食品制造业,,调味食品、园区运营及城市开发。 产品：园区及房地产开发运营、调味品、厨邦酱油、厨邦鸡精鸡粉、厨邦食用油、厨邦蚝油、厨邦料酒、食醋、厨邦调味酱、其他(补充),baostock+akshare
600873.SH,梅花生物,A股,C14食品制造业,,氨基酸的规模化生产。 产品：动物营养氨基酸类产品、食品味觉性状优化产品、人类营养与医用氨基酸类产品、其他产品、赖氨酸、苏氨酸、色氨酸、饲料级缬氨酸、淀粉副产品饲料纤维、玉米胚芽、菌体蛋白、味精渣、谷氨酸、谷氨酸钠、呈味核苷酸二钠、肌苷酸二钠、食品级黄原胶、海藻糖、谷氨酰胺、脯氨酸、亮氨酸、异亮氨酸、医药级缬氨酸、肌苷、鸟苷、腺苷、普鲁兰多糖、维生素B2、组氨酸、精氨酸、石油级黄原胶、生物有机肥、动物营养氨基酸、其他,baostock+akshare
600874.SH,创业环保,A股,D46水的生产和供应业,,污水处理、再生水利用、污泥资源化、固废处置、资源循环、新能源供冷供热、光伏储能等业务。 产品：污水处理及水厂设施建设业务、再生水处理及再生水配套工程业务、道路收费、自来水供水及水厂设施建设业务、供冷供热及相关设施建设业务、科研成果转化、危废处置业务、污水处理及水厂设施建设、其他(补充)、再生水处理及再生水配套工程,baostock+akshare
600875.SH,东方电气,A股,C34通用设备制造业,,开发、设计、制造、销售先进的火电、水电、核能、气电、风电等高端能源装备。 产品：能源装备制造、制造服务、新兴产业,baostock+akshare
600876.SH,凯盛新能,A股,C30非金属矿物制品业,,新能源材料的研发、生产及销售。 产品：光伏玻璃、用于太阳能光伏组件的前板玻璃、光伏双玻组件背板玻璃等太阳能装备用光伏电池封装材料、其他(补充),baostock+akshare
600877.SH,电科芯片,A股,C39计算机、通信和其他电子设备制造业,服务器与终端,硅基模拟半导体芯片及其应用产品的设计、研发、制造、测试、销售。 产品：硅基模拟半导体相关芯片、器件、模组、整体解决方案、智能终端应用产品、集成电路产品、电源产品、技术服务,baostock+akshare
600879.SH,航天电子,A股,C37铁路、船舶、航空航天和其他运输设备制造业,,航天电子信息、无人系统装备等产品的研发、生产与销售。 产品：航天电子信息产品、无人系统装备产品、惯性与导航、测控通信与网络信息、微电子、机电组件与传感系统、精导对抗与有效载荷、无人机系统、精确制导产品、航天配套产品、系统装备产品、航天机电组件产品,baostock+akshare
600880.SH,博瑞传播,A股,R86新闻和出版业,机器人本体/集成,广告的发布与制作、教育、游戏软件的开发与销售等业务。 产品：媒体业务、软件开发及系统集成业务、楼宇租赁业务、游戏业务、其他业务,baostock+akshare
600881.SH,亚泰集团,A股,C30非金属矿物制品业,,建材、房地产开发、金融行业、药品生产及经营。 产品：建材产品、房地产品、医药产品、煤炭产品、商贸产品,baostock+akshare
600882.SH,妙可蓝多,A股,C14食品制造业,,以奶酪为核心的特色乳制品的研发、生产和销售，也从事液态奶的研发、生产和销售，以及乳制品贸易业务。 产品：乳制品加工、乳制品贸易、奶酪棒、马苏里拉奶酪、奶酪片、黄油、稀奶油、奶酪、贸易、液态奶,baostock+akshare
600883.SH,博闻科技,A股,C13农副食品加工业,,食用菌业务、火腿业务和咖啡业务。 产品：食用菌、火腿、咖啡、新鲜松茸、冷冻美味牛肝菌、干牛肝菌、干羊肚菌、其他食用菌制品、诺邓火腿、盐泥肉、午餐肉、咖啡生豆、咖啡熟豆、挂耳咖啡、咖啡果皮茶、冷冻牛肝菌、咖啡生豆贸易、其他食用菌产品,baostock+akshare
600884.SH,杉杉股份,A股,C39计算机、通信和其他电子设备制造业,锂电材料,负极材料与偏光片两大业务。 产品：负极材料、偏光片、人造石墨、天然石墨、硅基负极、软/硬碳材料、偏光片分部、锂电池材料分部、其他,baostock+akshare
600885.SH,宏发股份,A股,C38电气机械和器材制造业,,继电器和电气产品的生产、研发及销售。 产品：继电器、电气产品、继电器产品、其他(补充),baostock+akshare
600886.SH,国投电力,A股,D44电力、热力生产和供应业,,各类型能源电力项目的全生命周期投资、开发、建设与运营管理。 产品：电力、其他、其他(补充),baostock+akshare
600887.SH,伊利股份,A股,C14食品制造业,,各类乳品及健康饮品的生产与销售。 产品：液体乳、奶粉、奶制品、冷饮产品、液态奶、乳饮料、酸奶、冷冻饮品、奶酪、乳脂、包装饮用水、奶粉及奶制品,baostock+akshare
600888.SH,新疆众和,A股,C39计算机、通信和其他电子设备制造业,,铝电子新材料和铝及合金制品的研发、生产和销售。 产品：电子铝箔、电极箔、高纯铝、铝制品及合金产品、合金产品,baostock+akshare
600889.SH,*ST京化,A股,C28化学纤维制造业,机器人核心部件,滚动功能部件的研发、生产和销售。 产品：滚珠丝杠副系列、滚动导轨副系列、滚动花键副系列、线性模组及其他、滚珠丝杠副、行星滚柱丝杠副、螺母轴承复合产品、滚珠导轨副、滚柱导轨副、圆弧导轨副、滚动花键副、丝杠花键复合产品、粘胶短纤、PET结构芯材、城市生态补水、其他(补充),baostock+akshare
600892.SH,*ST大晟,A股,I64互联网和相关服务,,网络游戏研发、运营以及影视剧、短剧制作、发行业务。 产品：影视剧、网络游戏、其他,baostock+akshare
600893.SH,航发动力,A股,C37铁路、船舶、航空航天和其他运输设备制造业,,航空发动机及衍生产品业务、外贸出口转包业务、非航空产品及其他业务。 产品：航空发动机及衍生产品、外贸出口转包、非航空产品及其他、航空发动机及燃气轮机整机、部件、零组件、维修保障服务、以及航空发动机、燃气轮机、石油钻探、医疗器械零部件出口业务、其他(补充),baostock+akshare
600894.SH,广日股份,A股,C34通用设备制造业,,研发、设计、生产、安装、维修及保养电梯、自动扶梯、自动人行道等设备，设计和生产电梯电气零部件及相关电气产品、电梯导轨以及相关零配件，并提供物流配送等完整电梯产业链服务。 产品：电梯整机及后市场、电梯零部件及配套服务、其他,baostock+akshare
600895.SH,张江高科,A股,K70房地产业,,"受让地块内的土地转让、房产开发与销售、房产租赁、数据通信服务,创业投资。 产品：科技产业投资、集成电路全产业链服务、园区综合运营与服务、房产分部、投资分部",baostock+akshare
600897.SH,厦门空港,A股,G56航空运输业,,航空运输地面服务及其他相关业务的交通运输行业服务。 产品：航空服务,baostock+akshare
600900.SH,长江电力,A股,D44电力、热力生产和供应业,,水力发电业务。 产品：大型水电运营、境内水电行业、其他行业、其中:其他,baostock+akshare
600901.SH,江苏金租,A股,J66货币金融服务,,融资租赁业务。 产品：融资租赁、清洁能源、交通运输、工业装备,baostock+akshare
600903.SH,贵州燃气,A股,D45燃气生产和供应业,,燃气销售及天然气支线管道、城市燃气输配系统、液化天然气接收储备供应站、加气站等设施的建设、运营、服务管理，以及相应的工程设计、施工、维修。 产品：天然气销售和安装、综合能源供应服务、其他(补充),baostock+akshare
600905.SH,三峡能源,A股,D44电力、热力生产和供应业,,风能、太阳能的开发、投资和运营。 产品：电力、风力发电、太阳能发电、其他,baostock+akshare
600906.SH,财达证券,A股,J67资本市场服务,,财富管理与机构业务、投资银行业务、资产管理业务、证券投资业务。 产品：财富管理与机构业务、投资银行业务、资产管理业务、证券投资业务、证券经纪、证券自营、信用交易、投资银行,baostock+akshare
600908.SH,无锡银行,A股,J66货币金融服务,,公司业务、个人业务、资金业务、其他业务。 产品：公司业务、个人业务、资金业务、对公贷款、开立票据、贸易融资、对公存款业务、汇款业务、零售贷款业务、储蓄存款业务、信用卡业务、交易性金融工具、债券投资、回购及返售债券业务、同业拆借业务,baostock+akshare
600909.SH,华安证券,A股,J67资本市场服务,,一、二级市场证券投资、交易，以获取手续费及佣金收入、利息收入、投资收益等。 产品：证券经纪业务、期货经纪业务、证券自营业务、投资银行业务、资产管理业务、信用交易业务、证券金融业务,baostock+akshare
600916.SH,中国黄金,A股,F52零售业,,加工黄金、黄金制品、珠宝、白银制品；黄金、黄金制品、珠宝的技术开发、技术咨询。 产品：黄金产品、K金珠宝类产品、管理服务费、品牌使用费,baostock+akshare
600917.SH,重庆燃气,A股,D45燃气生产和供应业,,重庆市管道燃气供应及燃气设施、设备的安装服务，综合服务、综合能源服务。 产品：天然气、天然气接驳、天然气销售、其他,baostock+akshare
600918.SH,中泰证券,A股,J67资本市场服务,,投资银行业务、财富管理业务、研究业务、机构业务、投资业务、信用业务、资产管理业务、国际业务、期货业务等。 产品：投资银行业务、财富管理业务、研究业务、机构业务、投资业务、信用业务、资产管理业务、国际业务、期货业务,baostock+akshare
600919.SH,江苏银行,A股,J66货币金融服务,,公司和个人金融业务、支付结算业务、资金业务、投资银行业务、融资租赁业务及其他金融业务。 产品：发放贷款及垫款、债务工具投资、存放同业及其他金融机构款项、存放中央银行款项、买入返售金融资产、拆出资金、公司金融业务、个人金融业务、资金业务,baostock+akshare
600925.SH,XD苏能股,A股,B06煤炭开采和洗选业,,原煤开采、煤炭洗选、加工、煤炭批发经营、电力生产、新能源开发等业务。 产品：煤炭销售、电力及热力、托管劳务,baostock+akshare
600926.SH,杭州银行,A股,J66货币金融服务,,为城乡中、小企业客户及居民家庭提供全面的商业银行产品及服务。 产品：大公司板块、大零售板块、大资管板块、渠道建设、交易银行、投资银行、科创金融、绿色金融、小微金融、财富管理、消费信贷、网络金融、金融市场、金融同业、资产托管、资产管理、线上渠道、线下渠道、客服中心、公司业务、零售业务、资金业务、小企业业务,baostock+akshare
600927.SH,永安期货,A股,J67资本市场服务,,期货经纪业务、基金销售业务、资产管理业务、风险管理业务及境外金融服务业务等。 产品：期货经纪业务、基金销售业务、资产管理业务、风险管理业务、境外金融服务业务、期货经纪业务等、境外业务,baostock+akshare
600928.SH,西安银行,A股,J66货币金融服务,,金融业务、零售金融业务、普惠金融业务、金融市场业务、数字金融建设。 产品：金融业务、零售金融业务、普惠金融业务、金融市场业务、数字金融建设、公司银行业务、资金业务、个人银行业务,baostock+akshare
600929.SH,雪天盐业,A股,C14食品制造业,,盐及盐化工产品的生产、销售。 产品：食盐、工业盐、日化用盐、饲料盐、芒硝、烧碱、纯碱、氯化铵、液氯、双氧水、各类盐、新能源业务,baostock+akshare
600930.SH,华电新能,A股,D44电力、热力生产和供应业,,以风力发电、太阳能发电为主的新能源业务。 产品：电力产品、其他(补充),baostock+akshare
600933.SH,爱柯迪,A股,C36汽车制造业,新能源车/储能,汽车用铝合金、锌合金、镁合金精密压铸件以及微特电机精密零部件的研发、生产及销售。 产品：新能源汽车铝合金零件、应用于车身结构件、电驱动系统、电控系统、电池包系统、智能驾驶系统、精密压铸件、汽车微特电机零部件、汽车类、其他(补充)、工业类,baostock+akshare
600935.SH,华塑股份,A股,C26化学原料和化学制品制造业,,以PVC和烧碱为核心的氯碱化工产品的生产与销售业务。 产品：PVC、烧碱、灰岩、电石渣水泥、石灰、三氯氢硅,baostock+akshare
600936.SH,北投科技,A股,I63电信、广播电视和卫星传输服务,,数智工程、勘察设计与试验检测、新材料及机电设备的生产与销售。 产品：数智工程领域、勘察设计与试验检测领域、新材料及机电设备生产与销售领域、机电工程、信息化服务、公路勘察设计、市政环保、咨询检测、新材料、机电设备、数智工程、传统广电业务、勘察设计与试验检测、新材料及机电设备生产及销售,baostock+akshare
600938.SH,中国海油,A股,B07石油和天然气开采业,,原油和天然气的勘探、开发、生产及销售。 产品：原油、天然气、油气销售、贸易、其他(补充),baostock+akshare
600939.SH,重庆建工,A股,E47房屋建筑业,,房屋建筑工程、基础设施建设与投资业务。 产品：施工合同模式、融资合同模式、工程总承包、EPC、施工总承包、专业承包、PPP、BOT、BOO投资模式、房屋建设、基建工程、专业工程,baostock+akshare
600941.SH,中国移动,A股,I63电信、广播电视和卫星传输服务,,通信和信息服务。 产品：通信及信息服务、无线上网业务、有线宽带业务、应用及信息服务、语音业务、短彩信业务、其他(补充)、其他主营业务,baostock+akshare
600955.SH,维远股份,A股,C26化学原料和化学制品制造业,,有机化学新材料和新能源产业链产品的研发、生产与销售。 产品：酚酮相、新能源新材料相关产品、专用化学品、气体相关产品、苯酚、丙酮、双酚A、异丙醇、酚酮相关产品,baostock+akshare
600956.SH,新天绿能,A股,D45燃气生产和供应业,,新能源发电业务及天然气销售业务。 产品：天然气销售业务、风力/光伏发电、接驳及建设燃气管网、租赁及设备使用服务、风力/光伏发电业务、接驳及建设燃气管网业务、天然气销售收入、风力/光伏发电收入、其他,baostock+akshare
600958.SH,东方证券,A股,J67资本市场服务,,财富及资产管理、投行及另类投资、机构及销售交易、国际及其他业务。 产品：财富及资产管理、投行及另类投资、机构及销售交易、国际及其他业务、财富管理、资产管理、期货业务、投资银行、另类投资、自营投资、客需业务、做市业务、研究服务、托管业务,baostock+akshare
600959.SH,江苏有线,A股,I63电信、广播电视和卫星传输服务,,广电网络的建设运营，广播电视节目传输，数据宽带业务，数字电视增值业务的开发与经营，5G通信技术服务，智慧城市建设以及金融业务。 产品：有线电视服务,baostock+akshare
600960.SH,渤海汽车,A股,C36汽车制造业,,活塞及组件、轻量化汽车零部件、汽车轮毂、汽车空调、减振器、油箱等多个产品的设计、开发、制造及销售。 产品：活塞类、铝制结构件、轮毂、汽车空调箱,baostock+akshare
600961.SH,株冶集团,A股,C32有色金属冶炼和压延加工业,,铅锌等有色金属的采选、冶炼、销售。 产品：锌锭、热镀锌合金、铸造锌合金、铅锭、铅基合金、黄金、白银、硫酸、冰铜、锑白粉、粗汞、铜精矿、金硫精矿、铋锭、碲锭、镉锭、铟锭、锌及锌合金、金锭及金硫精矿、银锭,baostock+akshare
600962.SH,国投中鲁,A股,C15酒、饮料和精制茶制造业,,浓缩果蔬汁(浆)的生产和销售。 产品：果汁、香料及果糖、浓缩苹果汁、苹果清汁、其他产品、梨汁,baostock+akshare
600963.SH,岳阳林纸,A股,C22造纸和纸制品业,,文化用纸、包装用纸、工业用纸、商品纤维素等在内的研发、生产和销售。 产品：文化用纸、包装用纸、工业用纸、商品纤维素、印刷用纸、商品浆,baostock+akshare
600965.SH,*ST福成,A股,C13农副食品加工业,,农业种植、畜牧养殖、食品加工及制造和餐饮服务业务。 产品：畜牧产品、牛肉、羊肉、肉制品、乳制品、速食品、益生菌粉、生鲜肉、面食、烘焙食品、速食（预制菜）、中餐、西餐、餐饮火锅、墓位销管、殡葬服务、餐饮服务,baostock+akshare
600966.SH,博汇纸业,A股,C22造纸和纸制品业,,浆纸产品的研发、生产与销售。 产品：白纸板、文化纸、箱板纸、石膏护面纸,baostock+akshare
600967.SH,内蒙一机,A股,C37铁路、船舶、航空航天和其他运输设备制造业,,轮履系列军品装备、军民协同产品、铁路车辆、车辆零部件等。 产品：特种装备,baostock+akshare
600968.SH,海油发展,A股,B11开采专业及辅助性活动,,能源技术服务、低碳环保与数字化产业、能源物流服务产业。 产品：能源技术服务产业、低碳环保与数字化产业、能源物流服务产业、油田工程技术业务、装备制造维修业务、采油生产业务、新能源业务、安全环保业务、数字科技业务、新材料业务、销售业务、供应链支持业务、能源物流服务、能源技术服务、低碳环保与数字化,baostock+akshare
600969.SH,郴电国际,A股,D44电力、热力生产和供应业,,供电、供水业务，同时布局工业气体、水电开发、污水处理、新能源开发及综合能源服务。 产品：电力供应、城市供水、水电开发、工业气体、污水处理、新能源及综合能源、供电行业、自来水销售及其他、供气行业,baostock+akshare
600970.SH,中材国际,A股,E48土木工程建筑业,,以EPC工程总承包服务为主，同时采用工程咨询和设计、成套技术装备供货（EP）、设备安装、工程建设管理等模式。 产品：工程技术服务、高端装备制造、生产运营服务,baostock+akshare
600971.SH,恒源煤电,A股,B06煤炭开采和洗选业,,煤炭开采、洗选、运输、销售以及生产服务等业务。 产品：煤炭、混煤、精煤、块煤、煤泥、其他主营业务、其他(补充),baostock+akshare
600973.SH,宝胜股份,A股,C38电气机械和器材制造业,,电线电缆及电缆附件的研发、生产、销售及其服务。 产品：电力电缆、电气装备用电缆、通信电缆及光缆、裸导体及其制品,baostock+akshare
600975.SH,新五丰,A股,A03畜牧业,,生猪养殖、肉品销售、饲料加工。 产品：生猪出口、生猪内销、饲料销售、贸易、鲜肉、冻肉、屠宰冷藏业务,baostock+akshare
600976.SH,健民集团,A股,F51批发业,,药品的研发、制造、批发与零售业务。 产品：医药制造、大健康业务、中医诊疗业务、医药商业、药品零售业务、工业、其中:商业、商业、其中:儿科、其中:妇科,baostock+akshare
600977.SH,中国电影,A股,R87广播、电视、电影和录音制作业,,创作、发行、放映、科技、服务、创新六大板块，涵盖电影剧集制片，电影后产品经营；国产与进口电影宣传发行，二级市场发行；影院投资与管理，院线经营；电影科技研发，影视设备生产销售与技术服务；影视制作，票务平台和融资租赁服务等业务。 产品：创作板块、发行板块、放映板块、科技板块、服务板块、创新板块、电影创作、项目开发、制片生产、商务合作、版权经营、电影发行、电影宣传、二级市场业务、电影放映、电影院线、CINITY系列、中影巴可放映机、中影综合业务服务平台、影院智慧放映系统、影视制作、电影票务、融资租赁,baostock+akshare
600979.SH,广安爱众,A股,D44电力、热力生产和供应业,,发电、供电、天然气供应、生活饮用水、新能源开发和股权投资。 产品：电力、光伏发电、自来水、天然气、售电、其中:售电-供区售电、售气、工程施工,baostock+akshare
600980.SH,北矿科技,A股,C35专用设备制造业,,矿冶装备和磁性材料的研发、生产、销售以及配套技术咨询服务。 产品：磁性材料、矿冶装备、浮选设备、磁选设备、磨矿设备、搅拌槽、选矿辅助设备、自动剥锌机组、冶金浸出槽、浓密机、熔锌感应电炉、矿热炉、储热炉、铸锭生产线、固废资源化无害化处理装备、节能环保装备、烧结永磁铁氧体、粘结永磁铁氧体、注塑粒料、磁记录材料、吸波材料、稀土永磁、其他(补充),baostock+akshare
600981.SH,苏豪汇鸿,A股,F51批发业,,供应链运营业务与以融促产的金融投资业务。 产品：大宗业务、食品生鲜、绿色循环、纺织服装,baostock+akshare
600982.SH,宁波能源,A股,D44电力、热力生产和供应业,,热电联产、生物质发电、抽水蓄能、综合能源服务以及能源、环保行业相关的投资业务等。 产品：电、蒸汽、煤炭贸易、其他,baostock+akshare
600983.SH,惠而浦,A股,C38电气机械和器材制造业,,洗衣和厨房产品的生产、销售。 产品：洗衣机、冰箱、生活电器、电机、洗碗机、干衣机、厨房电器,baostock+akshare
600984.SH,建设机械,A股,L71租赁业,,工程机械、建筑起重机械、金属结构产品及相关配件的研发、生产及销售；金属结构安装工程；工程机械设备租赁及维修；自产产品出口；本企业所需原辅材料、设备、零配件的进出口等。 产品：沥青混凝土摊铺机、压路机、铣刨机、稳定土拌合机、沥青搅拌站、无轨胶轮车、旋挖钻机、塔式起重机、各种非标钢结构产品、建筑施工产品租赁、路面工程、钢结构施工,baostock+akshare
600985.SH,淮北矿业,A股,B06煤炭开采和洗选业,,煤炭采掘、洗选加工、销售，煤化工产品的生产、销售等业务。 产品：煤炭产品、煤化工产品、炼焦精煤、动力煤、焦炭、乙醇、甲醇、硫铵、焦油、精苯、碳酸酯、碳酸二甲酯、乙基胺、其他(补充),baostock+akshare
600986.SH,浙文互联,A股,I64互联网和相关服务,,数智营销板块、数字文化板块、算力基础设施三大业务板块。 产品：数字营销、创新业务、品牌营销、效果营销、互联网业务、算力业务、其他,baostock+akshare
600987.SH,航民股份,A股,C17纺织业,,印染业务、黄金饰品业务。 产品：印染业务产品、黄金饰品、中高档棉、麻、T/C、涤棉、涤毛、各种化纤织物或交织混纺布,baostock+akshare
600988.SH,赤峰黄金,A股,B09有色金属矿采选业,,黄金的开采、选矿及销售。 产品：黄金业务、多金属业务、合质金、锌精粉、铅精粉（含银）、铜精粉（含银）、钼精粉、矿产金、电解铜、其他(电子产品拆解),baostock+akshare
600989.SH,宝丰能源,A股,C26化学原料和化学制品制造业,,以煤替代石油生产高端化工产品。 产品：烯烃产品、焦化产品、精细化工产品,baostock+akshare
600990.SH,四创电子,A股,C39计算机、通信和其他电子设备制造业,PCB,气象雷达、空管雷达、低空警戒雷达等感知产品业务，印制电路板、微波组件、电源等感知基础业务，军队防务、模拟训练、应急指挥、低空安全等感知应用业务。 产品：雷达及配套产品、公共安全产品、电源产品、机动保障装备产品,baostock+akshare
600992.SH,贵绳股份,A股,C33金属制品业,,直径范围φ0.15mm-9.0mm各种用途的钢丝、φ0.6mm-264mm各种结构的钢绳产品、预应力钢绞线及相关设备、材料、技术的研究、生产、加工、销售及进出口业务、高科技产品的研制、开发与技术服务。 产品：钢丝、钢绳、钢绞线、索具,baostock+akshare
600993.SH,马应龙,A股,C27医药制造业,,医药工业、医药商业和医疗服务。 产品：治痔产品、其他产品、医药商业、医疗服务、马应龙麝香痔疮膏、麝香痔疮栓、地奥司明片、痔炎消片、龙珠软膏、马应龙八宝眼膏,baostock+akshare
600995.SH,南网储能,A股,D44电力、热力生产和供应业,,抽水蓄能、调峰水电和新型储能业务的开发、投资、建设、运营及相关技术服务。 产品：抽水蓄能、调峰水电、新型储能、技术服务,baostock+akshare
600996.SH,贵广网络,A股,I63电信、广播电视和卫星传输服务,,广播电视网络建设运营、宽带业务、智慧广电建设运营的开发、设计。 产品：有线电视,baostock+akshare
600997.SH,开滦股份,A股,C25石油、煤炭及其他燃料加工业,,煤炭开采、原煤洗选加工、煤炭产品经营销售、炼焦及煤化工产品的生产销售。 产品：洗精煤、焦炭、纯苯、甲醇、聚甲醛、己二酸、焦化副产品、冶金焦、其他煤化工产品,baostock+akshare
600998.SH,九州通,A股,F51批发业,,医药流通、医药新零售、医药工业、医药CSO业务。 产品：医药流通、医药新零售、医药工业、医药CSO、数字化医药分销、供应链业务、总代品牌推广业务（CSO）、医药工业自产及OEM业务、新零售与万店加盟业务（C端）、医疗健康（C端）、技术增值服务、数字物流与供应链解决方案、分销分部、工业分部、零售分部,baostock+akshare
600999.SH,招商证券,A股,J67资本市场服务,,财富管理和机构业务、投资银行业务、投资管理业务、投资及交易业务。 产品：财富管理和机构业务、投资银行业务、投资管理业务、投资及交易业务、投资及交易、其他,baostock+akshare
601000.SH,唐山港,A股,G55水上运输业,,港口综合运输业务。 产品：港口装卸堆存、运输物流、保税仓储、港口综合服务,baostock+akshare
601001.SH,晋控煤业,A股,B06煤炭开采和洗选业,,煤炭生产及销售业务。 产品：煤炭、非煤、动力煤、其他(补充),baostock+akshare
601002.SH,晋亿实业,A股,C34通用设备制造业,,各类紧固件的研究和开发，生产销售各类紧固件、铁道扣件、五金制品、精线、自动化仓储设备等产品。 产品：紧固件、五金工具、自动仓储设备、各类紧固件、铁道扣件、五金制品、精线、自动化仓储设备、其他(补充),baostock+akshare
601003.SH,柳钢股份,A股,C31黑色金属冶炼和压延加工业,,焦化、烧结、铁、钢冶炼及钢板、型材等钢压延加工业务。 产品：宽厚板、棒线材、冷轧卷、热轧卷、钢坯、能化,baostock+akshare
601005.SH,重庆钢铁,A股,C31黑色金属冶炼和压延加工业,,热轧薄板、中厚板、钢坯、钢铁副产品及焦炭、煤化工制品、水渣等产品的生产和销售。 产品：商品坯材、热轧薄板、中厚板、钢坯、钢铁副产品、焦炭、煤化工制品、水渣、其他、其他(补充),baostock+akshare
601006.SH,大秦铁路,A股,G53铁路运输业,,铁路货、客运输业务，同时向国内其他铁路运输企业提供服务。 产品：货运业务、客运业务、其他业务,baostock+akshare
601007.SH,金陵饭店,A股,H61住宿业,,以酒店投资管理为核心主业，商业综合体运营、酒类贸易、物业管理、食品科技等为协同业务。 产品：客房、餐饮、其他酒店服务、酒店管理、商品贸易、房屋租赁、物业管理、房地产销售,baostock+akshare
601008.SH,连云港,A股,G55水上运输业,,海港码头货物的装卸、堆存及综合物流业务。 产品：装卸及相关业务、综合物流及其他业务、金融服务业务,baostock+akshare
601009.SH,南京银行,A股,J66货币金融服务,,公司银行业务、个人银行业务、资金业务和其他业务等。 产品：公司银行业务、个人银行业务、资金业务、其他业务,baostock+akshare
601010.SH,ST文峰,A股,F52零售业,,百货、超市、电器以及购物中心的连锁经营业务。 产品：百货、超市、电器、购物中心、百货业态、其他(补充)、超市业态、电器业态、其中:租金收入,baostock+akshare
601011.SH,宝泰隆,A股,C25石油、煤炭及其他燃料加工业,,煤炭开采、洗选加工、炼焦、化工、发电、供热、新材料、氢气等产品的生产销售以及技术研发和服务。 产品：焦炭、沫煤、甲醇、供热和电力、新材料相关产品、精煤、原煤、焦炭（含焦粉、焦粒）、针状焦、电力、供热、石墨烯,baostock+akshare
601012.SH,隆基绿能,A股,C38电气机械和器材制造业,半导体材料,单晶硅棒和硅片、电池和组件的研发、生产和销售，以及光伏电站的开发运营。 产品：组件及电池、硅片及硅棒、电站业务、光伏产品销售、其他业务,baostock+akshare
601015.SH,陕西黑猫,A股,C25石油、煤炭及其他燃料加工业,,焦化产品、煤化工产品和煤炭产品的生产和销售。 产品：焦炭、甲醇、合成氨、LNG、BDO、精煤、焦油、液化天然气,baostock+akshare
601016.SH,节能风电,A股,D44电力、热力生产和供应业,,风力发电的项目开发、建设及运营。 产品：电力、其他(补充),baostock+akshare
601018.SH,宁波港,A股,G55水上运输业,,集装箱、铁矿石、原油、煤炭、液化油品、粮食、矿建材料及其他货种的港口装卸及相关业务，同时从事综合物流、贸易销售等其他业务。 产品：集装箱装卸及相关业务、铁矿石装卸及相关业务、原油装卸及相关业务、其他货物装卸及相关业务、综合物流及其他业务、贸易销售业务,baostock+akshare
601019.SH,山东出版,A股,R86新闻和出版业,,出版、发行、印刷、印刷物资贸易。 产品：图书、期刊、电子音像出版物、发行、印刷服务、物资贸易、文化活动体验、文旅组织服务、教材教辅、一般图书、物资,baostock+akshare
601020.SH,华钰矿业,A股,B09有色金属矿采选业,,有色金属勘探、采矿、选矿及贸易业务。 产品：铅、锌、铜、锑、银、黄金、金精矿、铅锑精矿含银、锌精矿,baostock+akshare
601021.SH,春秋航空,A股,G56航空运输业,,国内、国际及港澳台航空客货运输业务及与航空运输业务相关的服务。 产品：航空客运、航空货运、其他(补充),baostock+akshare
601022.SH,宁波远洋,A股,G55水上运输业,,国际、沿海和长江航线的航运业务、船舶代理业务及干散货货运代理业务。 产品：航运业务、航运辅助业务、集装箱运输业务、干散货运输业务、船舶代理业务、干散货货运代理业务、运输服务、综合物流及代理服务、租赁业务,baostock+akshare
601026.SH,道生天合,A股,C26化学原料和化学制品制造业,新能源车/储能,新材料的研发、生产和销售。 产品：风电叶片用材料、新型复合材料用树脂、新能源汽车及工业胶粘剂、高性能电工绝缘材料,baostock+akshare
601033.SH,永兴股份,A股,N77生态保护和环境治理业,,垃圾焚烧发电和生物质处理服务。 产品：项目运营、其他(补充),baostock+akshare
601038.SH,一拖股份,A股,C35专用设备制造业,,制造销售农业机械及动力机械。 产品：拖拉机产品、柴油机及新型动力总成、核心零部件产品、铸锻件、齿轮传动零部件、非道路车桥、变速箱、驾驶室/覆盖件、农业机械、动力机械,baostock+akshare
601058.SH,赛轮轮胎,A股,C29橡胶和塑料制品业,,轮胎产品的研发、生产和销售。 产品：半钢子午胎、全钢子午胎、非公路轮胎、轮胎产品、其他(补充),baostock+akshare
601059.SH,信达证券,A股,J67资本市场服务,,财富管理、证券自营、投资银行、资产管理、研究服务等相关金融服务业务。 产品：证券及期货经纪业、证券自营业务、投资银行业务、资产管理业务、其他业务、证券及期货经纪业务,baostock+akshare
601061.SH,中信金属,A股,F51批发业,,金属及矿产品的贸易业务。 产品：有色金属、黑色金属、铌、铜、铝、镍、铁矿石、钢材、铬矿、锰矿、其他贸易,baostock+akshare
601065.SH,江盐集团,A股,C26化学原料和化学制品制造业,,岩盐地下开采；食盐、工业盐、元明粉等盐产品及纯碱、小苏打等盐化工产品的研发、生产、加工和销售。 产品：食盐、工业盐、元明粉、纯碱、小苏打、钙产品、其他产品、食用盐,baostock+akshare
601066.SH,中信建投,A股,J67资本市场服务,,投资银行业务板块、财富管理业务板块、交易及机构客户服务业务板块以及资产管理业务板块。 产品：投资银行业务、财富管理业务、交易及机构客户服务业务、资产管理业务、股权融资、债务融资、财务顾问、经纪及财富管理、融资融券、回购业务、股票销售及交易业务、固定收益销售及交易业务、投资研究业务、主经纪商业务、QFI和WFOE业务、另类投资业务、证券公司资产管理业务、基金管理业务、私募股权投资业务、交易及机构客户服务,baostock+akshare
601068.SH,中铝国际,A股,E48土木工程建筑业,,设计咨询、EPC工程总承包及施工、装备制造业务。 产品：定制的核心冶金、加工设备、环保设备、机械及电子设备、工业自动化系统、矿山安全监测与应急智能系统、EPC工程总承包及施工业务、装备制造业务、设计与咨询业务,baostock+akshare
601069.SH,西部黄金,A股,B09有色金属矿采选业,,黄金采选冶、锰矿开采及电解锰生产加工销售。 产品：黄金产品、自产金、外购金、电解金属锰及锰锭、锰矿石、硅锰合金、提金剂及其他、其中:黄金产品-外购金、其中:黄金产品-自产金(含金精矿和焙砂),baostock+akshare
601077.SH,渝农商行,A股,J66货币金融服务,,普惠金融业务、公司金融业务、金融市场业务。 产品：普惠金融业务、公司金融业务、金融市场业务、个人贷款、个人存款业务、银行卡及信用卡业务、财富管理、中间业务、金融服务、对公存款、贷款业务、供应链融资业务、外币融资业务、贸易融资业务、票据业务、投资银行业务、资金营运业务、资产托管业务、零售银行业务、公司银行业务,baostock+akshare
601083.SH,锦江航运,A股,G55水上运输业,,国际、国内海上集装箱运输业务。 产品：运输服务、班轮运输、其他(补充)、其中:集装箱堆存服务,baostock+akshare
601086.SH,国芳集团,A股,F52零售业,,以百货购物中心为主，超市为辅的连锁零售业务。 产品：连锁零售业务、百货、超市、电器、房地产租赁、餐饮服务、其他(补充),baostock+akshare
601088.SH,中国神华,A股,B06煤炭开采和洗选业,,煤炭、电力的生产和销售，铁路、港口和船舶运输，煤制烯烃等业务。 产品：煤炭、电力、煤炭收入、发电收入、运输收入,baostock+akshare
601089.SH,福元医药,A股,C27医药制造业,,药品及医疗器械研发、生产和销售。 产品：药品制剂、医疗器械、心血管类药品、糖尿病类药品、慢性肾病类药品、消化系统类药品、皮肤病类药品、神经精神系统类药品、妇科类药品、其他治疗领域、心血管类、消化系统类、皮肤病类、糖尿病类,baostock+akshare
601096.SH,宏盛华源,A股,C33金属制品业,,输电线路铁塔的研发、生产和销售。 产品：角钢塔、钢管塔、钢管杆、变电构支架、新兴业务、其他产品,baostock+akshare
601098.SH,中南传媒,A股,R86新闻和出版业,,出版物的出版、发行、印刷及印刷物资供应。 产品：出版、发行、物资、印刷、媒体、数字化服务、金融服务、其中:发行-教材教辅、其中:发行-一般图书、其中:出版-教材教辅,baostock+akshare
601099.SH,太平洋,A股,J67资本市场服务,,证券经纪业务、信用业务、证券投资业务、投资银行业务、资产管理业务、股权投资业务、证券研究业务。 产品：证券经纪业务、信用业务、证券投资业务、投资银行业务、资产管理业务、股权投资业务、证券研究业务,baostock+akshare
601100.SH,恒立液压,A股,C34通用设备制造业,,涵盖高压油缸、高压柱塞泵、液压多路阀、工业阀、液压系统、液压测试台及高精密液压铸件等产品研发和制造。 产品：液压油缸、液压泵阀及马达、液压系统、配件及铸件,baostock+akshare
601101.SH,昊华能源,A股,B06煤炭开采和洗选业,,烟煤和无烟煤开采洗选。 产品：自产煤炭、煤化工、煤炭物流、铁路运输,baostock+akshare
601106.SH,中国一重,A股,C35专用设备制造业,,重型机械制造及其相关业务。 产品：冶金成套设备、核能设备、重型压力容器、大型铸锻件、其它专用设备、运营与服务、工程总包、工程总包等、其它专用设备等,baostock+akshare
601107.SH,四川成渝,A股,G54道路运输业,,高速公路的运营管理和投资建设。 产品：公路桥梁管理及养护、建造服务、租赁、BT/PPP、商品销售及其他、公路桥梁管理及养护业、商品销售,baostock+akshare
601108.SH,财通证券,A股,J67资本市场服务,,财富管理业务、投资银行业务、证券资产管理业务、自营投资业务、证券信用业务、期货业务、国际化业务、基金业务、私募股权投资业务和另类投资业务。 产品：财富管理业务、证券信用业务、投资银行业务、自营投资业务、私募股权投资业务、另类投资业务、证券资产管理业务、基金业务、期货业务、国际化业务、资产管理业务、总部后台及其他,baostock+akshare
601111.SH,中国国航,A股,G56航空运输业,,提供中国内地、港澳台地区及国际航空客运、货运邮运及维修业务。 产品：航空客运、航空货运、航空邮运、其他、航空货运及邮运,baostock+akshare
601112.SH,振石股份,A股,C30非金属矿物制品业,,清洁能源领域纤维增强材料研发、生产及销售。 产品：清洁能源功能材料、其他纤维增强材料、风电叶片材料、光伏材料、其他(补充),baostock+akshare
601113.SH,华鼎股份,A股,F52零售业,,高品质、差别化民用锦纶长丝的研发、生产与销售。 产品：锦纶丝、建造合同、其他(补充),baostock+akshare
601116.SH,三江购物,A股,F52零售业,,社区生鲜超市业务的开发、销售。 产品：食品、生鲜、日用百货、针纺,baostock+akshare
601117.SH,中国化学,A股,E48土木工程建筑业,,为客户提供建筑工程及其工程和工艺技术研发、勘察、设计、投资、建造、运营及服务。 产品：化学工程、基础设施、环境治理、实业及新材料、现代服务业、工程业务、实业业务,baostock+akshare
601118.SH,海南橡胶,A股,A01农业,,天然橡胶种植、加工、贸易、科技研发、橡胶木加工与销售及热带特色高效农业等。 产品：橡胶产品、橡胶木材、其他(补充),baostock+akshare
601121.SH,宝地矿业,A股,B08黑色金属矿采选业,,铁矿石的开采、选矿加工和铁精粉销售。 产品：铁精粉、金多金属矿粉、其他(补充),baostock+akshare
601126.SH,四方股份,A股,C38电气机械和器材制造业,,提供继电保护、自动化与控制系统、电力电子、一二次融合、智慧物联等产品及解决方案。 产品：电网自动化、电厂及工业自动化、其他,baostock+akshare
601127.SH,赛力斯,A股,C36汽车制造业,新能源车/储能,新能源汽车及核心三电等产品的研发、制造、销售及服务。 产品：新能源汽车、传统燃油车、其他、其他(补充),baostock+akshare
601128.SH,常熟银行,A股,J66货币金融服务,,零售银行业务、公司银行业务、金融市场与财富管理业务、金融科技业务。 产品：零售银行业务、公司银行业务、金融市场与财富管理业务、金融科技、存款业务、贷款业务、网络金融业务、贵金属业务、公司业务、投资银行业务、票据业务、国际业务、金融市场业务、财富管理业务、私人银行业务、个人业务、资金业务,baostock+akshare
601133.SH,柏诚股份,A股,E49建筑安装业,机器人本体/集成,为国内外高科技产业的建厂、技改等项目提供专业的洁净系统集成整体解决方案。 产品：洁净室系统集成、机电工艺系统、二次配、产品销售、设计业务,baostock+akshare
601136.SH,首创证券,A股,J67资本市场服务,,证券经纪；证券投资咨询；与证券交易、证券投资活动有关的财务顾问；证券承销与保荐；证券自营；证券投资基金销售；证券资产管理；融资融券；代销金融产品；为期货公司提供中间介绍业务。 产品：资产管理类业务、投资类业务、投资银行类业务、财富管理类业务、研究业务与买方投研能力建设、资产管理业务、私募投资基金业务、公募基金业务、固定收益投资交易业务、权益类证券投资业务、新三板做市业务、另类投资业务、股权融资及财务顾问业务、债券承销及资产证券化业务、财富管理业务、期货业务,baostock+akshare
601137.SH,博威合金,A股,C32有色金属冶炼和压延加工业,,高性能、高精度有色合金材料应用AI人工智能的研发、生产和销售；太阳能电池片、组件的研发、生产和销售及光伏电站的建设运营。 产品：合金材料、光伏组件/电站、其他(补充),baostock+akshare
601138.SH,工业富联,A股,C39计算机、通信和其他电子设备制造业,数据中心/云厂商,设计、研发、制造和销售通信及移动网络设备、云计算、工业互联网及机器人等电子设备产品。 产品：3C电子产品、其他(补充),baostock+akshare
601139.SH,深圳燃气,A股,D45燃气生产和供应业,,城市燃气、燃气资源（上游资源）、综合能源、智慧服务。 产品：城市管道燃气、燃气工程及其他、天然气批发及其他、石油气批发、发电业务、光伏胶膜、商品销售及其他,baostock+akshare
601155.SH,新城控股,A股,K70房地产业,,商业综合体运营管理、房地产开发销售。 产品：房地产开发销售、物业出租及管理、物业销售、其中:综合体、其中:住宅,baostock+akshare
601156.SH,东航物流,A股,G56航空运输业,,航空速运、地面综合服务和综合物流的方案提供。 产品：航空速运、地面综合服务、综合物流解决方案,baostock+akshare
601158.SH,重庆水务,A股,D46水的生产和供应业,,供水业务、污水处理业务、污泥处理处置业务、工程施工和其他业务。 产品：自来水销售、污水处理服务、工程施工及安装、污泥处理处置、污水处理板块、集团本部、供水板块,baostock+akshare
601162.SH,天风证券,A股,J67资本市场服务,,证券经纪业务、投资银行业务、自营业务、研究业务、资产管理业务、私募基金管理业务、另类投资业务以及海外业务等。 产品：证券经纪业务、证券自营业务、投资银行业务、资产管理业务、私募基金业务,baostock+akshare
601163.SH,三角轮胎,A股,C29橡胶和塑料制品业,,轮胎的研发、制造和全球营销。 产品：轮胎、商用车胎、乘用车胎、工程胎、巨胎、特种车胎、其他(补充)、保理,baostock+akshare
601166.SH,兴业银行,A股,J66货币金融服务,,提供银行及相关金融服务。 产品：企业金融业务、零售银行业务、金融市场业务,baostock+akshare
601168.SH,西部矿业,A股,B09有色金属矿采选业,,铜、铅、锌、钼、镍、铁、钒等金属的采选、冶炼与贸易，同时开展黄金、白银等稀有金属及非金属产品的生产和贸易。 产品：铅类产品、锌类产品、铜类产品、银锭、镁类产品、阳极泥、金锭、矿产钼、铁类产品、有色金属采选冶、金属贸易、金融服务,baostock+akshare
601169.SH,北京银行,A股,J66货币金融服务,,"以商业银行为主体，涵盖消费金融,人寿保险,金融租赁,基金,理财,农村金融等多个领域的综合金融服务平台，积极为客户提供一体化,一站式,一揽子的综合金融服务解决方案。 产品：存贷款业务、电子银行业务、机构业务、结算业务、人民币理财、外汇理财、银行卡、中间业务、公司银行业务、个人银行业务、资金业务",baostock+akshare
601177.SH,XD杭齿前,A股,C34通用设备制造业,,各类齿轮传动装置的研发生产和销售。 产品：船用齿轮箱、船舶推进系统、工程机械变速箱、风电增速箱、工业齿轮箱、汽车分动器、农业机械变速箱、驱动桥、摩擦材料、摩擦片、弹性联轴器、船用齿轮箱产品、风电及工业传动产品、工程机械变速箱产品、其他主营业务,baostock+akshare
601179.SH,中国西电,A股,C38电气机械和器材制造业,,输配电及控制设备研发、设计、制造、销售、检测、相关设备成套、技术研究、服务与工程承包等业务。 产品：输配电及控制设备、变压器、开关、换流阀、绝缘子和避雷器、套管、电容器、交直流互感器、电力电子、能源设备控制、电力电子器件,baostock+akshare
601186.SH,中国铁建,A股,E48土木工程建筑业,,工程承包、规划设计咨询、投资运营、房地产开发、工业制造、物资物流、绿色环保、产业金融及其他新兴产业。 产品：工程承包、规划设计咨询、投资运营、房地产开发、工业制造、物资物流、绿色环保、产业金融、其他,baostock+akshare
601187.SH,厦门银行,A股,J66货币金融服务,,公司银行业务、零售银行业务、金融市场业务、两岸金融业务。 产品：公司银行业务、零售银行业务、金融市场业务、两岸金融业务、公司业务、个人业务、资金业务,baostock+akshare
601188.SH,龙江交通,A股,G54道路运输业,,高速公路收费运营管理。 产品：高速公路、出租车运营、大宗集采贸易、房地产开发与销售,baostock+akshare
601198.SH,东兴证券,A股,J67资本市场服务,,证券经纪；证券投资咨询；与证券交易、证券投资活动有关的财务顾问；证券承销与保荐；证券自营；证券资产管理；融资融券；证券投资基金销售；代销金融产品。 产品：财富管理业务、投资交易业务、投资银行业务、资产管理业务、其他业务、证券经纪业务、信用业务、权益类投资业务、固定收益类投资业务、场外衍生品业务、另类投资业务、股权融资业务、债券融资业务、证券经营机构私募资产管理业务、公募基金管理业务、私募投资基金管理业务、期货业务、境外业务,baostock+akshare
601199.SH,江南水务,A股,D46水的生产和供应业,,自来水制售；自来水排水及相关水处理业务，同时经营工程业务和排水业务。 产品：自来水业务、工程业务、排水业务、水处理业务、排水管网运维业务、排水管网工程业务、污水厂委托运行服务业务、自来水业、工程安装、服务业,baostock+akshare
601200.SH,上海环境,A股,N77生态保护和环境治理业,,固体废弃物处置、城市污水处理等环境市政项目投资、建设与运营。 产品：环保项目建造及运营、设计、工程承包及生态修复、固体废弃物处理板块、工程承包及设计规划板块、环境服务板块,baostock+akshare
601208.SH,东材科技,A股,C26化学原料和化学制品制造业,,化工新材料的研发、生产和销售业务。 产品：电工绝缘材料、新能源材料、光学膜材料、电子材料、环保阻燃材料,baostock+akshare
601211.SH,国泰海通,A股,J67资本市场服务,,财富管理业务、投资银行业务、机构与交易业务、投资管理业务和国际业务。 产品：财富管理业务、投资银行业务、机构与交易业务、投资管理业务、国际业务、证券及期货经纪、金融产品、投资咨询、融资融券、股票质押、约定购回、上市保荐、股票承销、债券承销、结构性债务融资、并购财务顾问、企业多样化解决方案、研究、机构经纪、交易投资、股权投资、资产管理、基金管理服务、财富管理、机构及交易、投资管理,baostock+akshare
601212.SH,白银有色,A股,C32有色金属冶炼和压延加工业,,铜、锌、铅、金、银等多种有色金属及贵金属的采选、冶炼、加工及贸易。 产品：阴极铜、锌、电银、电铅、金、铜精矿、铅锌精矿、硫酸、其他,baostock+akshare
601216.SH,君正集团,A股,C26化学原料和化学制品制造业,,能源化工和化工物流。 产品：聚氯乙烯、硅铁、电、片碱、电石、煤、水泥熟料、PTMEG、BDO、甲醇、焦炭、化学原料和化学制品、物流综合服务、其他,baostock+akshare
601218.SH,吉鑫科技,A股,C33金属制品业,,生产750kW-15MW风力发电机组用轮毂、底座、轴、轴承座等系列产品。 产品：轮毂、底座、750kW-15MW风力发电机组用轮毂、轴、轴承座等产品、轮毂、底座等主产品、风力发电、其他(补充),baostock+akshare
601222.SH,林洋能源,A股,C38电气机械和器材制造业,新能源车/储能,智能电网、新能源、储能三个板块业务。 产品：电能表、系统类产品及配件、储能系统、发电业务、电站销售、智维服务、光伏产品、单相电能表系列、三相电能表系列、物联电能表、IR46电能表、直流电能表以及数字化变电站表、集中器、采集器、专变采集终端、智能检测台体及现场检测装置、配电自动化终端、电能表、系统类产品及配件,baostock+akshare
601225.SH,陕西煤业,A股,B06煤炭开采和洗选业,,煤炭、电力的生产和销售以及生产服务等业务。 产品：原选煤、洗煤、贸易煤、电力、运输、自产煤、其中:自产煤-原选煤、其中:自产煤-洗煤,baostock+akshare
601226.SH,华电科工,A股,M74专业技术服务业,,工程系统设计、工程总承包以及核心高端装备研发、设计、制造。 产品：环保圆形料场堆取料机、长距离曲线带式输送机、管状带式输送机、装卸船机、堆取料机、新型高效穿越式岸桥、排土机、翻车机、数字化料场管理机器人、智能巡检机器人、高端钢结构工程、海洋工程、物料输送系统工程、热能工程,baostock+akshare
601228.SH,广州港,A股,G55水上运输业,,码头建设运营和港口物流。 产品：装卸及相关业务、物流及港口辅助业务、贸易业务,baostock+akshare
601229.SH,上海银行,A股,J66货币金融服务,,公司和个人金融业务、资金业务、投资银行业务，并提供资产管理及其他金融服务。 产品：公司贷款、票据贴现、公司存款、个人贷款、银行卡业务、个人存款、中间业务产品与服务、货币市场业务、投资及交易业务、黄金交易、同业黄金拆借和黄金租赁、代客资金交易、跨境业务、固定资产贷款、流动资金贷款、结算业务、现金管理业务、投资银行业务、托管业务、担保与贷款承诺服务、代理服务、住房按揭贷款、个人经营性贷款、借记卡业务、信用卡业务、代发业务、个人理财产品和服务、代销基金业务、代理保险业务、代理贵金属业务、其他中间业务与服务、批发金融业务、零售金融业务、其他业务,baostock+akshare
601231.SH,环旭电子,A股,C39计算机、通信和其他电子设备制造业,交换机/服务器,全球电子制造设计，通过为品牌客户提供更有附加值的设计制造及相关服务，参与产品的应用型解决方案，提升产品制造及整体服务的附加值。 产品：通讯类产品、消费电子类产品、工业类产品、云端及存储类产品、汽车电子类产品、医疗类产品、无线通讯系统级封装模组(SiP)、系统级物联网模块及无线路由器、智能穿戴SiP模组、视讯产品、连接装置、销售点管理系统(POS)、智能手持终端机(SHD)、智能车队记录仪、工厂自动化控制模块、服务器主板/算力板卡、工作站主板、笔记本电脑的CPUModule、笔记本电脑的扩展坞(DockingStation)、外接适配器(Dongle),baostock+akshare
601233.SH,桐昆股份,A股,C28化学纤维制造业,,各类民用涤纶长丝的生产、销售，以及涤纶长丝主要原料PTA（精对苯二甲酸）和MEG（乙二醇）的生产。 产品：涤纶牵伸丝、涤纶加弹丝、涤纶预取向丝、复合丝、精对苯二甲酸、乙二醇、切片,baostock+akshare
601236.SH,红塔证券,A股,J67资本市场服务,,自营投资业务板块、财富管理业务板块以及机构服务业务板块。 产品：自营投资业务、财富管理业务、机构服务业务、股票自营投资、固收自营投资、创新与衍生品投资业务、新三板做市投资、股权直投与另类投资、财富管理（经纪）业务、融资融券业务、资产管理业务、公募基金管理、私募股权管理、投资银行业务、资产证券化业务、股票质押业务、研究与销售业务,baostock+akshare
601238.SH,广汽集团,A股,C36汽车制造业,,研发、整车(汽车、摩托车)、零部件、商贸与出行、能源及生态、国际化、投资与金融等业务。 产品：乘用车、汽车相关业务、金融、汽车业务及相关贸易、其他,baostock+akshare
601279.SH,英利汽车,A股,C36汽车制造业,,车身结构零部件及防撞系统零部件的设计、研发、制造及销售。 产品：金属零部件、非金属零部件、模具、表板骨架、防撞梁、门槛、EV电池下壳体、EV电池上壳体、副车架、前后纵梁、其他车身冲压件、前端框架、车底护板、新能源电池下护板、备胎仓、电瓶托盘、轮罩、前储物仓、金属件、非金属件,baostock+akshare
601288.SH,农业银行,A股,J66货币金融服务,,提供银行及相关金融服务。 产品：公司金融业务、个人金融业务、资金业务、资产管理业务、普惠金融业务、绿色金融业务、网络金融业务、跨境金融服务、消费者权益保护、综合化经营、金融科技、人力资源管理和机构管理、网络渠道、个人银行业务、公司银行业务、资金运营业务,baostock+akshare
601298.SH,青岛港,A股,G55水上运输业,,集装箱、金属矿石、煤炭、原油等各类货物的装卸及配套服务、物流及港口增值服务、港口配套服务等。 产品：装卸及相关业务、物流及港口增值服务业务、港口配套服务业务、各类货物的码头装卸、堆存和相关服务、货运代理、船舶代理、场站、仓储、运输、拖轮、理货、港区供电服务、供油服务、物流及港口增值服务、港口配套服务-销售油、电及其他,baostock+akshare
601311.SH,骆驼股份,A股,C38电气机械和器材制造业,,汽车低压电池业务、回收业务等。 产品：低压铅酸电池、锂电池、再生铅,baostock+akshare
601318.SH,中国平安,A股,J68保险业,,提供多元化的金融产品及服务。 产品：寿险及健康险业务、财产保险业务、银行业务、资产管理业务、金融赋能业务、寿险及健康险、财产保险、银行,baostock+akshare
601319.SH,中国人保,A股,J68保险业,,提供综合金融产品和服务，并从事财产保险业务，人身保险业务，资产管理以及其他业务。 产品：保险业务、资产管理业务、投资组合、人保财险、机动车辆险、意外伤害及健康险、农险、责任险、信用保证险、企业财产险、货运险、其他险种、人保寿险、人保健康、财产保险、人寿保险、健康保险,baostock+akshare
601326.SH,秦港股份,A股,G55水上运输业,,提供高度一体化的综合港口服务，包括装卸、堆存、仓储、运输及物流服务。 产品：装卸、堆存、仓储、运输、物流服务、煤炭、金属矿石、油品及液体化工、集装箱、杂货、煤炭及相关制品服务、金属矿石及相关制品服务、其他杂货服务,baostock+akshare
601328.SH,交通银行,A股,J66货币金融服务,,提供银行及相关金融服务。 产品：客户贷款、金融投资、抵债资产、公司金融业务、个人金融业务、资金业务,baostock+akshare
601330.SH,绿色动力,A股,N77生态保护和环境治理业,,生活垃圾焚烧发电厂的投资、建设、运营、维护以及技术顾问业务。 产品：固废处理,baostock+akshare
601333.SH,广深铁路,A股,G53铁路运输业,,铁路客货运输服务。 产品：客运业务、货运业务、提供运输服务业务、客运收入、委托运输服务收入、路网清算及其他运输服务收入,baostock+akshare
601336.SH,新华保险,A股,J68保险业,,保险业务、公司资产管理业务。 产品：保险业务、公司资产管理业务、传统型保险、分红型保险、其他业务,baostock+akshare
601339.SH,百隆东方,A股,C17纺织业,,色纺纱的研发、生产和销售。 产品：色纺纱、纱线、坯纱、其他(补充),baostock+akshare
601360.SH,三六零,A股,I64互联网和相关服务,,互联网、数字安全、智能硬件三大业务。 产品：互联网广告及服务、智能硬件、互联网增值服务、游戏、安全及其他、互联网及智能硬件业务、其中:互联网广告及服务、其中:互联网增值服务、安全业务,baostock+akshare
601366.SH,利群股份,A股,F52零售业,,零售连锁、物流供应链及食品生产加工。 产品：百货、超市、家电、其他(补充),baostock+akshare
601368.SH,绿城水务,A股,D46水的生产和供应业,,自来水生产供应及生活污水处理业务。 产品：供水、污水处理、工程施工、检测、污水处理业务、供水业务、工程施工业务,baostock+akshare
601369.SH,陕鼓动力,A股,C34通用设备制造业,,储能、石油化工、煤化工、冶金、有色、电力、硝酸、发酵等国民经济支柱产业以及一带一路、智慧城市等诸多业务。 产品：节能高效能量转换装备产品、轴流压缩机组、离心压缩机组、能量回收透平装置、乙烯三机、合成氨机组、空分机组、PTA配套机组、天然气管线及LNG机组、压缩空气储能机组、冶金余热余压能量回收机组、硝酸四合一机组、汽轮机、能源基础设施运营、能量转换设备、工业服务,baostock+akshare
601375.SH,中原证券,A股,J67资本市场服务,,财富管理业务、投资银行业务、投资管理业务、自营交易业务、信用业务、期货业务和境外业务。 产品：财富管理业务、投资银行业务、投资管理业务、自营交易业务、信用业务、期货业务、境外业务,baostock+akshare
601377.SH,兴业证券,A股,J67资本市场服务,,财富管理业务、机构服务业务、自营投资业务、海外业务。 产品：财富管理业务、机构服务业务、自营投资业务、海外业务、证券及期货经纪业务、资产管理业务、研究与机构服务、投资银行业务、权益投资业务、固定收益投资业务、另类投资业务、其他,baostock+akshare
601388.SH,怡球资源,A股,C42废弃资源综合利用业,,利用所回收的各种废旧铝资源，进行分选、加工、熔炼等工序，生产出再生铝合金产品。 产品：铝锭、黑色和有色金属、边角料、铝锭销售,baostock+akshare
601390.SH,中国中铁,A股,E48土木工程建筑业,,工程建造、设计咨询、装备制造、特色地产、资产经营、资源利用、金融物贸以及新兴业务。 产品：基础设施建设、设计咨询、装备制造、房地产开发,baostock+akshare
601398.SH,工商银行,A股,J66货币金融服务,,从事公司和个人金融业务、资金业务、投资银行业务，并提供资产管理、信托、金融租赁及其他金融服务。 产品：银行业、公司金融业务、个人金融业务、资金业务,baostock+akshare
601399.SH,国机重装,A股,C35专用设备制造业,,大型冶金成套装备、重型石化容器、能源发电设备等重大技术装备的研发、设计与制造，国内外矿山、能源、水务、环保等工程总包、设计、施工以及带资运营等。 产品：高端大型铸锻件、冶金装备、石化装备、锻压、挤压等设备、工程承包、制造服务,baostock+akshare
601456.SH,国联民生,A股,J67资本市场服务,,经纪及财富管理业务、投资银行业务、资产管理及投资业务、信用交易业务及证券投资业务。 产品：经纪及财富管理业务、信用交易业务、投资银行业务、证券投资业务、资产管理与及投资业务,baostock+akshare
601500.SH,通用股份,A股,C29橡胶和塑料制品业,,轮胎产品的研发、生产和销售。 产品：全钢子午胎、半钢子午胎、工程胎、斜交轮胎、短途工矿型轮胎、中短途承载型轮胎、中长途公路运输型轮胎、轻卡型轮胎、PCR（家用轿车轮胎）、SUV（城市越野轮胎）、AT/MT（越野轮胎）、LT（商用载重胎）、千里马EV、ET系列绿色轮、轮胎、其他(补充),baostock+akshare
601512.SH,中新集团,A股,K70房地产业,,园区开发运营。 产品：园区开发运营、绿色发展、绿色公用、其他,baostock+akshare
601515.SH,衢州东峰,A股,C27医药制造业,锂电材料,I类医药包装、新型材料等产品的研发、设计、生产与销售。 产品：医药包装、膜类新材料、纸品、烟标、新能源隔膜、PET基膜、PVA高阻隔膜、PVC硬片、PVDC硬片、药用包装瓶、药用玻璃管、药用玻璃瓶、易刺铝盖、铝塑组合盖、药用SP复合膜、药用包装铝箔、成型冲压复合硬片（包括冷冲压成型铝、热带型泡罩铝）,baostock+akshare
601518.SH,吉林高速,A股,G54道路运输业,,收费公路的投资、开发、建设和经营管理。 产品：高速公路通行业务、机电工程业务,baostock+akshare
601519.SH,大智慧,A股,J69其他金融业,,证券信息服务、大数据及数据工程服务、境外业务三大板块。 产品：金融资讯及数据PC终端服务系统、金融资讯及数据移动终端服务系统、证券公司综合服务系统、港股服务系统、互联网直播社交平台系统、广告及互联网业务推广服务、保险经纪业务,baostock+akshare
601528.SH,瑞丰银行,A股,J66货币金融服务,,公司业务、个人业务以及资金业务。 产品：零售金融板块、公司金融板块、金融市场板块、储蓄存款、投资理财、代销基金、代销贵金属、代销保险、信用卡、市民卡、手机银行、个人网银、收单结算、个人经营性贷款、消费金融、农村社区金融服务、公司金融业务、小微金融业务、票据业务、国际金融业务、资金业务、债券业务、外汇业务、衍生品业务、理财业务、个人业务、公司业务,baostock+akshare
601555.SH,东吴证券,A股,J67资本市场服务,,财富管理业务、投资银行业务、投资交易业务、资产管理业务等。 产品：财富管理业务、投资银行业务、投资交易业务、资产管理业务,baostock+akshare
601566.SH,九牧王,A股,C18纺织服装、服饰业,,男裤及男士商务休闲服饰的生产和销售。 产品：男裤、茄克、T恤、衬衫、西装,baostock+akshare
601567.SH,三星电气,A股,C40仪器仪表制造业,,智能配用电设备及整体解决方案，同时包括康复专科等医疗服务机构的投资运营。 产品：智能用电产品及系统、智能配电产品及系统、新能源产品、医疗服务、智能配用电、其他(补充),baostock+akshare
601568.SH,北元化工,A股,C26化学原料和化学制品制造业,,聚氯乙烯、烧碱等产品的研发、生产和销售。 产品：聚氯乙烯、烧碱、配套热电、电石、电石渣制水泥、水泥,baostock+akshare
601577.SH,长沙银行,A股,J66货币金融服务,,吸收公众存款、发放贷款、办理结算、票据承兑与贴现、发行与买卖金融债券、代理债券业务、同业拆借、外汇业务、银行卡业务、信用证服务及担保、代理收付款与保险业务、保管箱服务、公募证券投资基金销售与托管等多项商业银行业务。 产品：吸收公众存款、发放贷款、办理国内外结算、办理票据承兑与贴现、发行金融债券、买卖政府债券、金融债券、同业拆借、银行卡业务、公司业务、个人业务、资金业务,baostock+akshare
601579.SH,会稽山,A股,C15酒、饮料和精制茶制造业,,黄酒的生产、销售和研发等业务。 产品：中高档酒、普通黄酒及其他酒、其他(补充),baostock+akshare
601588.SH,北辰实业,A股,K70房地产业,,会展及配套设施服务、房地产开发。 产品：房地产开发、会展及配套设施服务、长沙北辰三角洲、北京北辰红橡墅、重庆北辰悦来壹号、苏州观澜府、北京金辰府、四川北辰龙熙台、重庆北辰香麓、廊坊北辰香麓、会展(含酒店)及商业物业、其他,baostock+akshare
601595.SH,上海电影,A股,R87广播、电视、电影和录音制作业,,电影院线业务、影院管理业务、电影发行业务及大IP开发业务。 产品：电影放映、广告服务、电影发行(含版权代理及销售)、知识产权转授权、影视作品分账及份额转让、商品,baostock+akshare
601598.SH,中国外运,A股,G58多式联运和运输代理业,,专业物流、代理及相关业务和电商业务。 产品：专业物流、代理及相关业务、电商业务、合同物流、项目物流、化工物流、冷链物流、空运代理、铁路代理、船舶代理、库场站服务、物流电商平台、物流装备共享平台,baostock+akshare
601599.SH,浙文影业,A股,C17纺织业,,影视业务与毛纺织业务。 产品：影视业务、毛纺织业务、精纺纱线、半精纺纱线、高档精纺呢绒、呢绒面料,baostock+akshare
601600.SH,中国铝业,A股,C32有色金属冶炼和压延加工业,,铝土矿、煤炭等资源的勘探开采，氧化铝、原铝、铝合金及炭素产品的生产、销售、技术研发，国际贸易，物流产业，火力及新能源发电等。 产品：氧化铝、铝产品、煤炭、电力、原铝板块、营销板块、氧化铝板块,baostock+akshare
601601.SH,中国太保,A股,J68保险业,,各类风险保障、财富规划以及资产管理等产品和服务。 产品：人身保险产品和服务、财产保险产品和服务、健康险产品及健康管理服务、保险资金运用以及第三方资产管理业务、养老金融服务及相关资产管理业务、私募基金管理业务及相关咨询服务、公募基金管理业务、市场化科技赋能支持和服务、人寿及健康保险、财产保险、资产管理,baostock+akshare
601606.SH,长城军工,A股,C33金属制品业,,特品业务与民品业务。 产品：特品业务、民品业务、装备制造、预应力锚具、预应力锚具及其他、其他(补充),baostock+akshare
601607.SH,上海医药,A股,F52零售业,,医药工业、医药商业。 产品：麝香保心丸、多糖铁复合物胶囊、胃复春胶囊、双歧杆菌三联活菌制剂、注射用乌司他丁、分销、工业、零售,baostock+akshare
601608.SH,中信重工,A股,C35专用设备制造业,,矿山及重型装备（含工程成套）、机器人及智能装备、新能源装备、特种材料等领域的大型设备、大型成套技术装备及关键基础件的开发、研制及销售，并提供相关配套服务和整体解决方案。 产品：矿山及重型装备、机器人及智能装备、新能源装备、特种材料、大型矿用磨机、破碎机、高压辊磨机、立式搅拌磨、提升机、回转窑、大型重型关键铸锻件以及海上风电单桩、塔筒、导管架、液压打桩锤、嵌岩桩钻机、微风垂直轴风机、汽轮机、发电机、特种机器人、智能煤矿、智慧矿山等标志性产品、服务及智能化综合解决方案,baostock+akshare
601609.SH,金田股份,A股,C32有色金属冶炼和压延加工业,,有色金属加工业务。 产品：铜及铜合金产品、铜线（排）、稀土永磁产品、铜线(排)、铜及铜合金产品(不含铜线排)、其他(补充),baostock+akshare
601611.SH,中国核建,A股,E48土木工程建筑业,,核电工程建设及工业与民用工程建设。 产品：工程建设、核电工程、工业与民用工程、工程业务、其他非工程业务、其他(补充),baostock+akshare
601615.SH,明阳智能,A股,C34通用设备制造业,,风电机组制造业务、新能源电站发电与售电业务、新能源电站产品销售业务。 产品：风机及相关配件销售、电站产品销售、风电场发电,baostock+akshare
601616.SH,广电电气,A股,C38电气机械和器材制造业,,配电与控制设备的研发、制造、销售及服务。 产品：成套设备、电力电子业务、元器件业务、kV-40.5kV交流中压开关柜、400V-690V交流低压开关柜、高压启动柜、低压启动柜、低压变频柜、智能精密配电柜（列头柜）、智能交流中压开关柜、船用交流低压开关柜、箱型固定式交流开关柜、直流开关柜、中压固态软启动开关柜、气体绝缘环网柜、密集型母线、干式电力变压器、油浸式电力变压器、动力柜（箱）、控制柜（箱）、照明箱、低压成套无功功率补偿装置、有源电力滤波器、高压变频调速装置、智能低压柜、节能型变压器、电力监控、运维平台、40.5kV及以下中压接触器、中压断路器、低压接触器、低压断路器（ACB、MCCB、MCB）、低压真空断路器、智能控制元件（电动机保护装置、综合保护装置、智能多功能仪表、智能数显表、变频软启）、电源自动转换开关（MARS/MEAT/MAST/旁路型）、充电桩（Poros）、浪涌保护器、无功补偿装置（电力电容器、滤波电抗器、功率因素控制器、可控硅投切开关）、成套设备及电力电子产品、元器件、其他(补充),baostock+akshare
601618.SH,中国中冶,A股,E48土木工程建筑业,,工程承包、资源开发、装备制造及房地产开发业务。 产品：工程承包业务、特色业务、工程承包、终止经营业务,baostock+akshare
601619.SH,嘉泽新能,A股,D44电力、热力生产和供应业,,可再生能源发电、售电及其配套服务的综合性新能源电力供应商。 产品：新能源电站开发-建设-运营-出售、新能源电站运维管理服务、屋顶分布式光伏、新能源产业基金、新能源装备制造产业园区,baostock+akshare
601628.SH,中国人寿,A股,J68保险业,,提供个人人寿保险、团体人寿保险、意外险和健康险等产品与服务。 产品：个人人寿保险、团体人寿保险、意外险、健康险、寿险业务、健康险业务与意外险业务、其他业务,baostock+akshare
601633.SH,长城汽车,A股,C36汽车制造业,,汽车及零部件设计、研发、生产、销售和服务。 产品：汽车、零配件、模具、皮卡、SUV、轿车、销售汽车、销售零配件、模具及其他,baostock+akshare
601636.SH,旗滨集团,A股,C30非金属矿物制品业,,浮法玻璃、节能建筑玻璃、光伏玻璃、电子玻璃、药用玻璃的制造与销售。 产品：优质浮法玻璃、节能建筑玻璃、超白光伏玻璃、其他功能玻璃、物流、超白浮法玻璃、着色（绿、蓝、灰）浮法玻璃、钢化玻璃、夹层玻璃、中空玻璃、各种离线LOW-E低辐射镀膜玻璃、在线阳光控制镀膜玻璃、热反射镀膜玻璃、光伏光电高透基板玻璃、高、中铝超薄电子玻璃、微晶玻璃、中性硼硅药用玻璃素管,baostock+akshare
601658.SH,邮储银行,A股,J66货币金融服务,,提供银行及相关金融服务。 产品：个人银行业务、公司银行业务、资金业务,baostock+akshare
601665.SH,齐鲁银行,A股,J66货币金融服务,,公司银行业务、个人银行业务及资金业务等。 产品：公司银行业务、个人银行业务、普惠金融业务、县域金融业务、金融市场业务、资产管理业务、数字银行业务、资金营运业务,baostock+akshare
601666.SH,XD平煤股,A股,B06煤炭开采和洗选业,,煤炭开采、洗选加工和销售。 产品：混煤、冶炼精煤、其他洗煤、材料销售、地质勘探、其他(补充),baostock+akshare
601668.SH,中国建筑,A股,E48土木工程建筑业,,房地产开发、融投资建造、城镇综合建设等领域。 产品：房屋建筑工程、基础设施建设与投资、房地产开发与投资、勘察设计,baostock+akshare
601669.SH,中国电建,A股,E48土木工程建筑业,,工程承包与勘察设计、电力投资与运营、房地产开发、设备制造与租赁等。 产品：工程承包、勘测设计业务、电力投资、运营、工程承包与勘测设计、其他、电力投资与运营,baostock+akshare
601677.SH,明泰铝业,A股,C32有色金属冶炼和压延加工业,机器人本体/集成;机器人应用,铝板带箔、铝型材、再生资源综合应用业务。 产品：新能源系列、交通轻量化系列、高端智能制造铝材、民用及传统铝材、保级再生铝板带箔、电池壳、铝塑膜铝箔、钎焊复合铝材、汽车板、车身结构铝材、轨交铝材、工业机器人立柱、臂体、外壳、结构件、散热铝材、家电及食品药品包装、工业耗材、铝板带、铝箔、其他(补充),baostock+akshare
601678.SH,滨化股份,A股,C26化学原料和化学制品制造业,,有机、无机化工产品的生产、加工与销售。 产品：烧碱、环氧丙烷、甲基叔丁基醚、其他,baostock+akshare
601686.SH,友发集团,A股,C33金属制品业,,焊接钢管研发、生产、销售。 产品：焊接钢管、镀锌钢管、其他、其他(补充),baostock+akshare
601688.SH,华泰证券,A股,J67资本市场服务,,财富管理业务、机构服务业务、投资管理业务和国际业务。 产品：财富管理业务、机构服务业务、投资管理业务、国际业务、财富管理、机构服务、投资管理,baostock+akshare
601689.SH,拓普集团,A股,C36汽车制造业,,汽车零部件的研发、生产及销售。 产品：减震系统、内饰功能件、底盘系统、汽车电子、热管理系统、电驱系统、汽车NVH减震系统、内外饰系统、轻量化车身、智能座舱部件、空气悬架系统、智能驾驶系统,baostock+akshare
601696.SH,中银证券,A股,J67资本市场服务,,投资银行业务、财富管理业务、资产管理业务、投资交易业务、研究与机构销售业务和股权投资业务等在内的全方位服务。 产品：投资银行业务、财富管理业务、资产管理业务、投资交易业务、研究与机构销售、股权投资业务、融资、财务顾问服务、证券经纪、融资融券、股票质押、股票期权、期货经纪、产品代销、投资咨询、公募基金投顾、PB业务、券商结算、公募证券投资基金产品、集合资产管理、单一资产管理、专项资产管理、顾问、债券投资业务、权益证券投资业务、新三板做市业务、FICC与衍生品业务、专业化研究、销售交易服务、私募股权投资业务、另类投资业务、证券经纪业务、期货业务,baostock+akshare
601698.SH,中国卫通,A股,I63电信、广播电视和卫星传输服务,,卫星通信业务的服务、维护和研发。 产品：卫星通信业务,baostock+akshare
601699.SH,XD潞安环,A股,B06煤炭开采和洗选业,,生产销售煤炭、焦炭产品。 产品：采掘业、煤化工业、混煤、喷吹煤、洗精煤、其他洗煤、焦炭、煤炭、其他(补充),baostock+akshare
601700.SH,风范股份,A股,C33金属制品业,半导体材料,电力铁塔及钢结构业务和光伏行业。 产品：超高压输电线路角塔、钢管组合塔、各类管道、变电站构支架、220kV以下钢管、各类钢结构件、单晶硅片、提纯锭、多晶硅片、单晶硅棒、多晶硅锭、电池片、组件、光伏电站运营项目、角钢塔、钢管塔及直缝焊管、成方焊管及钢结构,baostock+akshare
601702.SH,华峰铝业,A股,C32有色金属冶炼和压延加工业,,铝板带箔的研发、生产和销售。 产品：铝热传输材料、电池料、冲压件制品、复合铝热传输材料、非复合铝热传输材料、矩形/方形电池壳料、条形电池用铝带材、电池箔、软包电池铝塑膜用铝箔、铝板带箔、其他(补充),baostock+akshare
601717.SH,中创智领,A股,C35专用设备制造业,,生产销售以液压支架、刮板机为主的煤矿综采设备，生产销售汽车零部件。 产品：液压支架、刮板输送机、采煤机、汽车零部件产品、液压支架及其他煤机设备产品及物料、工业智能相关产品,baostock+akshare
601718.SH,ST际华,A股,C18纺织服装、服饰业,,服装制造、鞋靴制造、纺织印染、防护装具、国际贸易。 产品：服装制造、鞋靴制造、纺织印染、防护装具、国际贸易、作训服、常服、防护服装、消防救援服、职业工装、高级定制礼服、军用鞋靴、职业防护鞋靴、民用皮鞋、胶鞋及橡胶核心部件、纱线、坯布、功能性面料、高端印染布、家纺面料、防弹衣、防弹头盔、软质防弹插板、多功能救生衣、高压充气帐篷、伪装隐身装备、军贸订单、海外后勤装备、国际援助、品牌代工、民品、军需品、贸易及其他,baostock+akshare
601727.SH,上海电气,A股,C34通用设备制造业,,能源装备业务、工业装备业务、集成服务业务。 产品：能源装备、工业装备、集成服务、锅炉、汽轮机、汽轮发电机、风机、电梯,baostock+akshare
601728.SH,中国电信,A股,I63电信、广播电视和卫星传输服务,,综合智能信息服务。 产品：电信服务,baostock+akshare
601766.SH,中国中车,A股,C37铁路、船舶、航空航天和其他运输设备制造业,,铁路装备业务、城轨与城市基础设施业务、新产业业务、现代服务业务、国际业务。 产品：动车组、机车、客车、货车、轨道工程机械、城市轨道车辆、机电、新兴产业、铁路装备、新产业、城轨与城市基础设施,baostock+akshare
601777.SH,千里科技,A股,C36汽车制造业,新能源车/储能,乘用车（含新能源汽车）、摩托车、摩托车发动机和通用机械的研发、生产及销售（含出口）。 产品：乘用车及其配件、摩托车及其配件、内燃机及其配件、汽车、摩托车、摩托车发动机、通用汽油机,baostock+akshare
601778.SH,晶科科技,A股,D44电力、热力生产和供应业,,以光伏为主的新能源电站开发运营转让业务和电站EPC等业务。 产品：光伏电站开发运营转让业务、光伏电站EPC业务、户用光伏电站滚动开发业务,baostock+akshare
601788.SH,光大证券,A股,J67资本市场服务,,财富管理业务、企业融资业务、机构客户业务、投资交易业务、资产管理业务、股权投资业务。 产品：财富管理业务、企业融资业务、机构客户业务、投资交易业务、各类券商资产管理服务、基金资产管理服务、私募股权投资融资、另类投资业务、财富管理业务集群、投资交易业务集群、资产管理业务集群、机构客户业务集群,baostock+akshare
601789.SH,宁波建工,A股,E48土木工程建筑业,,房屋建筑工程勘察、设计、施工、安装，市政道路桥梁、园林绿化，建筑装修装饰、建筑幕墙的设计、施工及预拌商品混凝土、水泥预制构件、钢结构、装配式建筑等的生产、销售。 产品：房屋建筑、市政与公用设施、安装、建筑装饰工程、销售建筑材料、设计、桩基、提供施工劳务、建材物资销售、其他(补充),baostock+akshare
601798.SH,蓝科高新,A股,C35专用设备制造业,,传热与节能环保、传质与分离、储运与新能源、石油钻采与实验室成套、特种设备全生命周期服务。 产品：板壳式热交换器、焊接板式热交换器、高效管式换热器、空冷器、余热回收、蒸发结晶装置、塔器、LNG接收站技术与装备、船舶烟气脱硫脱碳系统、FPSO上部模块轻烃处理和储存设备、天然气脱水装置、公用系统（柴油罐、饮用水罐、开闭排罐）、段塞流捕集系统、气体过滤与分离装置、原油稳定装置、清管发射接收装置、井口集输及计量系统、含油污水处理系统、燃气处理系统、接箍拧接机、压力容器产品、检测分析技术产品、钻采设备技术产品,baostock+akshare
601799.SH,星宇股份,A股,C36汽车制造业,,汽车（主要是乘用车）车灯的设计、开发、制造和销售。 产品：车灯、控制器、汽车前部车灯、后部车灯、其他车灯、其他(补充),baostock+akshare
601800.SH,中国交建,A股,E48土木工程建筑业,,基建设计、基建建设、疏浚业务。 产品：港口建设、基建设计、疏浚业务、道路与桥梁建设、铁路建设、城市建设、海外工程、工程建设、其他、疏浚吹填,baostock+akshare
601801.SH,皖新传媒,A股,R86新闻和出版业,,文化服务业务、教育服务业务、全供应链管理业务。 产品：教材图书、一般图书及音像制品、文体用品及其他、教育装备及多媒体业务、游戏业务、供应链及物流服务业务,baostock+akshare
601808.SH,中海油服,A股,B11开采专业及辅助性活动,,钻井服务、油田技术服务、船舶服务、物探采集和工程勘察服务等。 产品：钻井服务、油田技术服务、船舶服务、物探采集、工程勘察服务,baostock+akshare
601811.SH,新华文轩,A股,R86新闻和出版业,,出版物的编辑和出版、图书及影音产品零售、分销以及教材和助学类读物发行业务等。 产品：教材教辅、一般图书、印刷及物资、新闻报刊、发行分部、出版分部、其他,baostock+akshare
601816.SH,京沪高铁,A股,G53铁路运输业,,高铁旅客运输。 产品：客运业务、路网服务、其他主营业务,baostock+akshare
601818.SH,光大银行,A股,J66货币金融服务,,提供零售银行业务、公司银行业务及资金业务。 产品：公司银行业务、零售银行业务、金融市场业务、其他业务、企业贷款、贸易融资、存款服务、代理服务、现金管理服务、财务顾问与咨询服务、汇款和结算服务、担保服务、个人贷款、银行卡服务、个人理财服务、汇款服务、证券代理服务,baostock+akshare
601825.SH,沪农商行,A股,J66货币金融服务,,面向企业和个人提供全面综合金融服务。 产品：商业银行业务、公司银行业务、个人银行业务、金融市场业务,baostock+akshare
601827.SH,三峰环境,A股,N77生态保护和环境治理业,,垃圾焚烧发电等固废项目投资、EPC总承包、设备制造和运营管理服务。 产品：工程建造、项目运营、其他(补充),baostock+akshare
601828.SH,美凯龙,A股,L72商务服务业,,通过经营和管理自营商场、委管商场、特许经营商场和战略合作商场，为商户、消费者和合作方提供全面服务。 产品：租赁及管理、委托经营、建筑装饰服务、自营及租赁收入、委托经营管理收入、其他收入,baostock+akshare
601838.SH,成都银行,A股,J66货币金融服务,,公司金融业务、小微金融业务、个人金融业务、金融市场业务、其他业务。 产品：公司金融业务、小微金融业务、个人金融业务、金融市场业务、公司银行业务、个人银行业务、资金营运业务,baostock+akshare
601857.SH,中国石油,A股,B07石油和天然气开采业,,原油及天然气的勘探、开发、生产、输送和销售及新能源业务；原油及石油产品的炼制，基本及衍生化工产品、其他化工产品的生产和销售及新材料业务；炼油产品和非油品的销售以及贸易业务；天然气的输送及销售业务。 产品：油气和新能源、炼油化工和新材料、天然气销售、销售,baostock+akshare
601858.SH,中国科传,A股,R86新闻和出版业,,图书出版业务、期刊业务、出版物进出口业务和知识服务业务等。 产品：图书业务、期刊业务、出版物进口业务,baostock+akshare
601860.SH,紫金银行,A股,J66货币金融服务,,为企业、事业单位和政府机构等客户提供广泛的公司银行产品和服务。 产品：公司业务、零售业务、储蓄存款、财富管理、个人贷款、渠道建设、个人业务、资金业务,baostock+akshare
601865.SH,福莱特,A股,C30非金属矿物制品业,,光伏玻璃的研发、生产及销售。 产品：光伏玻璃、家居玻璃、工程玻璃、浮法玻璃、发电、采矿产品、发电收入,baostock+akshare
601866.SH,中远海发,A股,G55水上运输业,,以集装箱制造、集装箱租赁、航运租赁业务为核心，以投资为支撑的产融投一体化业务发展。 产品：集装箱运输及相关业务、集装箱制造、航运租赁、其他,baostock+akshare
601868.SH,中国能建,A股,E48土木工程建筑业,,勘测设计及咨询、工程建设、工业制造、投资运营。 产品：勘测设计及咨询、工程建设、工业制造、投资运营,baostock+akshare
601869.SH,长飞光纤,A股,C39计算机、通信和其他电子设备制造业,光器件;光模块,研究、开发、生产和销售光纤预制棒、光纤、光缆及相关产品。 产品：光传输产品、光互联组件、光纤预制棒、光纤、光缆及漏泄电缆、射频电缆、光器件、光模块、有源光缆、无源预端接跳线、数通高速铜缆、其他,baostock+akshare
601872.SH,招商轮船,A股,G55水上运输业,,海上运输业务。 产品：油轮运输、散货船运输、集装箱运输、滚装船运输、未分配项目,baostock+akshare
601877.SH,正泰电器,A股,C38电气机械和器材制造业,,配电电器、终端电器、控制电器、电源电器、电子电器、建筑电器和仪器仪表、自动化控制系统的研发、生产和销售；以及光伏电站开发、建设、运营、运维，EPC工程总包，和BIPV、户用光伏的开发和建设；以及逆变器和储能的研发、生产和销售。 产品：配电电器、终端电器、控制电器、电源电器、电子电器、仪器仪表、建筑电器、控制系统、金属制品业、逆变器及储能、电站运营、光伏电站工程承包,baostock+akshare
601878.SH,浙商证券,A股,J67资本市场服务,,证券经纪业务、投资银行业务、证券自营业务、信用业务、财富管理业务、资产管理业务、期货业务、私募基金管理及投资业务、证券研究业务、另类投资业务、资产托管业务、上市证券做市业务。 产品：证券经纪业务、投资银行业务、投资业务、资产管理业务、期货业务,baostock+akshare
601880.SH,辽港股份,A股,G55水上运输业,,油品/液体化工品码头及相关物流业务（油品部分）；集装箱码头及相关物流业务（集装箱部分）；汽车码头及相关物流业务（汽车部分）；散杂货码头及相关物流业务（散杂货部分）；散粮码头及相关物流业务（散粮部分）；客运滚装码头及相关物流业务（客运滚装部分）及港口增值与支持业务（增值服务部分）。 产品：油品、集装箱、散杂货、散粮、客运、增值、汽车、港口作业业务、运输收入、物流服务收入,baostock+akshare
601881.SH,中国银河,A股,J67资本市场服务,,财富管理业务、投资银行业务、机构业务、国际业务、投资交易业务及母子公司一体化的综合金融服务。 产品：财富管理业务、投资银行业务、机构业务、国际业务、投资交易业务、母子公司一体化业务,baostock+akshare
601882.SH,海天精工,A股,C34通用设备制造业,,高端数控金属切削机床的研发、生产和销售。 产品：数控龙门加工中心、数控卧式加工中心、数控立式加工中心、数控车床,baostock+akshare
601886.SH,江河集团,A股,E50建筑装饰、装修和其他建筑业,,建筑装饰业务和医疗健康业务两大板块。 产品：建筑装饰服务、医疗健康服务、其他(补充),baostock+akshare
601888.SH,中国中免,A股,L72商务服务业,,以免税为主的旅游零售业务及以免税业务为核心的商业综合体投资开发业务。 产品：免税商品销售、有税商品销售、其他(补充),baostock+akshare
601890.SH,亚星锚链,A股,C37铁路、船舶、航空航天和其他运输设备制造业,,船用锚链、海洋石油平台系泊链和矿用链的生产、销售。 产品：船用锚链和附件、海洋平台系泊链及其配套附件、高强度矿用链条及其配套附件、船用链及附件、系泊链、其他(补充),baostock+akshare
601898.SH,中煤能源,A股,B06煤炭开采和洗选业,,煤炭的生产和销售、煤化工产品的生产和销售、煤矿装备制造、金融服务以及包括发电等在内的其他业务。 产品：动力煤、炼焦煤、聚烯烃、尿素、甲醇、硝铵、煤炭分部、煤化工分部、其他分部,baostock+akshare
601899.SH,紫金矿业,A股,B09有色金属矿采选业,,金、铜、锌铅、锂等矿产资源勘查与开发，清洁能源业务。 产品：矿山产金锭、矿山产金精矿、矿山产铜精矿、矿山产电积铜、矿山产电解铜、矿山产锌、矿山产银、铁精矿、冶炼加工及贸易金、冶炼产铜、冶炼产锌、其他、矿山产金,baostock+akshare
601900.SH,南方传媒,A股,R86新闻和出版业,,图书、报刊、电子音像出版物的出版和发行，以及印刷物资供应和印刷业务。 产品：教材、教辅、一般图书、音像制品、文体用品、报媒（含出版社的期刊）、其他、其他(补充),baostock+akshare
601901.SH,方正证券,A股,J67资本市场服务,,财富管理、投资与交易、资产管理、投资银行、研究服务等相关金融服务业务。 产品：财富管理业务、投资与交易业务、资产管理业务、投资银行业务、研究服务业务、证券经纪、期货经纪、两融、投资顾问、资产配置、金融产品销售、财富保值增值规划、股票质押、期权经纪、交易系统、产品代销、资本引荐、场外衍生品、投研服务、期货IB、固定收益类证券投资、权益类证券投资、FOF投资及另类股权投资、金融市场的销售交易、大宗经纪、交易所买卖基金及衍生品、私募股权基金管理、公募基金管理、证券公司资产管理、期货资产管理业务、股权及债券融资、并购重组、财务顾问、新三板推荐挂牌、专业化研究咨询服务、证券产品及服务、财富管理、投资交易、资产管理,baostock+akshare
601908.SH,京运通,A股,C38电气机械和器材制造业,半导体材料,高端装备制造业务、新材料业务、新能源发电业务。 产品：设备、硅棒、硅片、电力、脱硝催化剂、其他(补充),baostock+akshare
601916.SH,浙商银行,A股,J66货币金融服务,,公司及零售银行服务，资金业务及其他商业银行业务。 产品：大零售板块、大公司板块、大投行板块、大资管板块、大跨境板块、个人存款、贷款业务、财富管理、私人银行、信用卡（消费金融）业务、小企业业务、公司业务、投行业务、金融市场业务、金融机构业务、票据业务、资产托管业务、公司银行业务、资金业务、零售银行业务,baostock+akshare
601918.SH,新集能源,A股,B06煤炭开采和洗选业,,以煤炭开采、煤炭洗选和火力发电为主的能源项目。 产品：煤炭、电力、煤炭采掘、发电,baostock+akshare
601919.SH,中远海控,A股,G55水上运输业,,集装箱航运业务和码头业务。 产品：集装箱航运业务、码头业务,baostock+akshare
601921.SH,浙版传媒,A股,R86新闻和出版业,,图书、期刊、音像制品和电子出版物等出版物的出版、发行和印刷。 产品：教材教辅、一般图书、发行、其中:发行-教材教辅、其中:发行-一般图书、出版、其中:出版-一般图书、其中:出版-教材教辅,baostock+akshare
601928.SH,凤凰传媒,A股,R86新闻和出版业,,图书、报刊、电子出版物、音像制品的编辑出版、发行。 产品：出版行业、发行行业、软件行业、数据服务、教材、教辅、一般图书、音像数字制品、报纸及期刊、文化用品、发行-教辅、发行-教材、发行-一般图书、出版-教材、出版-教辅、出版-一般图书,baostock+akshare
601929.SH,吉视传媒,A股,I63电信、广播电视和卫星传输服务,,提供智慧广电业务、数据服务业务。 产品：面向公众客户的智慧广电业务、面向政企客户的数据服务业务、面向未来垂直领域的数字化创新服务业务、移动通讯业务（广电5G）、宽带互联网业务、直播电视业务（广播电视）、视频点播业务、IPTV视频业务、IPTV增值业务、数智家庭业务、域外广播电视节目落地传输业务、数字电视工程配套业务、算力租赁与大数据应用服务业务、专网服务业务、社会信息化应用服务业务、集团通讯及物联网业务、数据要素服务业务、大模型部署服务、数智化产品销售业务、服务保障模式、有线电视和综合信息服务,baostock+akshare
601933.SH,永辉超市,A股,F52零售业,,通过线下门店端+线上出售精选商品。 产品：生鲜及加工、食品用品（含服装）、租赁及其他、食品用品(含服装)、其他(补充),baostock+akshare
601939.SH,建设银行,A股,J66货币金融服务,,银行业及有关的金融服务。 产品：公司金融业务、个人金融业务、资金资管业务、其他业务,baostock+akshare
601949.SH,中国出版,A股,R86新闻和出版业,,图书、报纸、期刊等出版物出版。 产品：出版业务、发行业务、物资供销业务、印刷业务、图书、报刊、电子音像、材料物资、印刷,baostock+akshare
601952.SH,苏垦农发,A股,C13农副食品加工业,,农作物的种植和销售、种子及大米的生产及销售、农资销售、麦芽的生产及销售、食用油的生产及销售。 产品：稻麦原粮、种子、大米、食用油、农资、农产品、原粮,baostock+akshare
601956.SH,XD东贝集,A股,C34通用设备制造业,,研发、生产家用及商用制冷压缩机。 产品：全封活塞压缩机产品、制冷设备产品、电机产品、铸件产品、冰淇淋机、制冰机、冷热饮机、雪融机、压缩机铸件、汽车配件铸件、压缩机、铸件、制冷设备,baostock+akshare
601958.SH,金钼股份,A股,B09有色金属矿采选业,,钼系列产品的生产、销售、研发及钼相关产品贸易经营。 产品：钼炉料、钼化工、钼金属,baostock+akshare
601963.SH,重庆银行,A股,J66货币金融服务,,银行业务及有关的金融服务。 产品：公司银行业务、普惠金融业务、个人银行业务、金融市场业务、投资银行业务、贸易金融业务、资金业务,baostock+akshare
601965.SH,中国汽研,A股,M74专业技术服务业,,汽车技术服务和装备制造业务。 产品：整车及传统零部件开发和测评业务、新能源及智能网联汽车开发和测评业务、专用汽车改装与销售、轨道交通及专用汽车零部件、汽车燃气系统及关键零部件,baostock+akshare
601966.SH,玲珑轮胎,A股,C29橡胶和塑料制品业,,轮胎的设计、开发、制造、销售与服务。 产品：轮胎产品、乘用及轻卡子午线轮胎、卡客车子午线轮胎、非公路轮胎、其他(补充),baostock+akshare
601968.SH,宝钢包装,A股,C33金属制品业,,生产食品、饮料等快速消费品金属包装。 产品：金属饮料罐、包装彩印铁、其他(补充),baostock+akshare
601969.SH,海南矿业,A股,B08黑色金属矿采选业,锂电资源,铁矿石采选、加工及销售、石油、天然气勘探开发及生产、锂资源采选、加工及销售大宗商品贸易及加工、砂石料生产及销售。 产品：铁矿石（自采及加工）、铁矿石（贸易及加工）、油气、锂盐及副产品、铁矿石(自采及加工)、铁矿石(贸易及加工),baostock+akshare
601975.SH,招商南油,A股,G55水上运输业,,海上原油、成品油、化工品和气体等运输业务。 产品：原油运输、成品油运输、化学品运输、乙烯运输、船舶管理、船员租赁,baostock+akshare
601985.SH,中国核电,A股,D44电力、热力生产和供应业,,电力（包括核能发电与风、光发电）销售业务、核电相关技术服务与咨询业务。 产品：电力、核电、光伏、风电,baostock+akshare
601988.SH,中国银行,A股,J66货币金融服务,,从事银行业及有关的金融服务，包括商业银行、投资银行、直接投资、证券、保险、基金、飞机租赁、资产管理、金融科技、金融租赁等。 产品：商业银行业务、投资银行业务、保险业务、直接投资、投资管理业务、基金管理业务、飞机租赁、个人金融业务、公司金融业务、资金业务,baostock+akshare
601990.SH,南京证券,A股,J67资本市场服务,,证券及期货经纪、证券投资、投资银行、资管及投资管理等。 产品：证券及期货经纪业务、证券投资业务、投资银行业务、资管及投资管理业务、代理买卖证券期货、金融产品销售、投资顾问、权益类证券、固定收益类证券、证券衍生品以及另类金融产品的投资和交易、股权融资、债权融资、财务顾问、集合资产管理业务、单一资产管理业务、专项资产管理业务、私募股权基金管理业务,baostock+akshare
601991.SH,大唐发电,A股,D44电力、热力生产和供应业,,以火电为主的发电。 产品：电力销售、热力销售、其他产品,baostock+akshare
601992.SH,金隅集团,A股,C30非金属矿物制品业,,生产和销售水泥熟料、各类硅酸盐水泥和与水泥相关的建材产品。 产品：绿色建材板块、地产开发及运营板块、大宗商品贸易、产品销售、房屋销售,baostock+akshare
601995.SH,中金公司,A股,J67资本市场服务,,投资银行业务、股本销售及交易业务、自营投资及交易业务、财富管理业务、投资管理业务及中国证监会批准的其他业务活动。 产品：投资银行、股票业务、固定收益、资产管理、私募股权、财富管理及相关金融服务、财富管理,baostock+akshare
601996.SH,丰林集团,A股,C20木材加工和木、竹、藤、棕、草制品业,,纤维板、刨花板的制造与销售以及营林造林业务。 产品：纤维板、刨花板、林木,baostock+akshare
601997.SH,贵阳银行,A股,J66货币金融服务,,公司金融业务、零售类业务、金融市场及同业业务、资产管理业务、信息科技建设等。 产品：科技金融业务、绿色金融业务、信贷投放、投资银行、国际业务和票据业务、供应链金融、公司业务、个人业务、其他业务,baostock+akshare
601998.SH,中信银行,A股,J66货币金融服务,,商业银行及相关金融服务业务。 产品：综合金融解决方案、多元化金融产品及服务、银行业务、国际业务、金融市场业务、机构业务、投资银行业务、交易银行业务、托管业务、财富管理业务、私人银行业务、个人信贷业务、信用卡业务、养老金融业务、出国金融业务、公司银行业务、零售银行业务,baostock+akshare
601999.SH,出版传媒,A股,R86新闻和出版业,,教材教辅、一般图书等出版物的出版、发行、印刷以及印刷物资供销等业务。 产品：一般图书、教材教辅、纸张、印刷耗材及图书、票据印刷、纸张、印刷耗材及图书、票据印刷等,baostock+akshare
603000.SH,人民网,A股,I64互联网和相关服务,,广告及宣传服务业务、内容科技服务业务、数据及信息服务业务、网络技术服务业务以及其他服务业务。 产品：广告及宣传服务、内容科技服务、数据及信息服务、网络技术服务,baostock+akshare
603001.SH,奥康国际,A股,C19皮革、毛皮、羽毛及其制品和制鞋业,,皮鞋及皮具产品的研发、生产、零售。 产品：男鞋、女鞋、皮具、商务正装鞋、商务休闲鞋、皮具配套产品,baostock+akshare
603002.SH,宏昌电子,A股,C39计算机、通信和其他电子设备制造业,PCB,环氧树脂业务、覆铜板业务。 产品：环氧树脂、覆铜板、多层板用环氧玻璃布覆铜板、多层板用环氧玻璃布半固化片、覆铜板/半固化片、液态环氧树脂、阻燃环氧树脂,baostock+akshare
603004.SH,鼎龙科技,A股,C26化学原料和化学制品制造业,,精细化学品的研发、生产和销售。 产品：染发剂原料、特种工程材料单体、植保材料,baostock+akshare
603005.SH,晶方科技,A股,C39计算机、通信和其他电子设备制造业,,传感器领域的封装测试业务。 产品：晶圆级封装产品、Fan-out等芯片级封装产品、光学器件、芯片封装及测试、光学及其他、设计收入,baostock+akshare
603006.SH,联明股份,A股,C36汽车制造业,,汽车车身零部件业务和供应链综合服务业务。 产品：车身零部件、供应链综合服务、其他(补充),baostock+akshare
603007.SH,顺景科技,A股,E48土木工程建筑业,机器人应用;新能源车/储能,智能制造业务和新基建业务。 产品：智能制造业务、新基建业务、新能源混合动力汽车高压燃油箱系统、传感器、城市更新及储能系统施工、新能源混动汽车核心零部件、工程及设计、其他(补充),baostock+akshare
603008.SH,ST喜临门,A股,C21家具制造业,,软垫家具、钢木家具、床上用品、日用金属制品、海绵、工艺制品的生产、加工、销售。 产品：床垫、软床、沙发、软床及配套,baostock+akshare
603009.SH,北特科技,A股,C36汽车制造业,,汽车零部件业务。 产品：转向器类零部件、减振器类零部件、差速器类零部件、高精密类零部件、铝合金轻量化零部件、空调压缩机产品、热管理系统、底盘零部件业务、空调压缩机业务、铝合金轻量化业务,baostock+akshare
603010.SH,万盛股份,A股,C26化学原料和化学制品制造业,,功能性精细化学品的生产、研发和销售。 产品：聚合物功能性助剂、有机胺、涂料助剂、原料及中间体、家庭及个人护理品添加剂、磷系阻燃剂、增韧剂、抗滴落剂、聚合物加工助剂、工业环氧固化剂、稀释剂、三氯氧磷、五氯化磷,baostock+akshare
603011.SH,合锻智能,A股,C34通用设备制造业,,为客户提供液压机、机械压力机、色选机、移动式破碎筛分装备、智能化集成控制及新材料等产品及服务。 产品：液压机、机压机、色选机,baostock+akshare
603012.SH,创力集团,A股,C35专用设备制造业,,煤矿机械装备制造及服务业务。 产品：采煤机、系列掘进装备、液压支架、变频一体机、乳化液泵站、喷雾泵站、电液阀及控制系统、带式输送机、单轨吊、矿山节能减排设备、采煤机业务、泵站、电液控及阀、掘进机业务、单轨吊业务,baostock+akshare
603013.SH,亚普股份,A股,C36汽车制造业,新能源车/储能,汽车储能系统和新能源核心部件研发、制造、销售和服务。 产品：汽车传统/高压燃油系统、电池包壳体、燃料电池储氢系统、汽车热管理集成模块、磁阻/绕线式旋转变压器、燃油箱、其他、其他(补充),baostock+akshare
603014.SH,威高血净,A股,C35专用设备制造业,,血液净化医用制品的研发、生产和销售。 产品：血液净化医用制品、血液透析器、血液透析管路、血液透析机以及腹膜透析液、耗材/制剂、医疗设备、其他医疗产品,baostock+akshare
603015.SH,弘讯科技,A股,C40仪器仪表制造业,新能源车/储能,自动化、数字化、新能源三大业务板块。 产品：自动化、数字化、新能源、工业控制类、驱动系统类、橡塑行业数字化解决方案、其他行业数字化解决方案、数字化网关、高精度、高动态特种电源、大功率电源、工商储能系统、新能源相关类,baostock+akshare
603016.SH,新宏泰,A股,C38电气机械和器材制造业,,断路器关键部件、低压断路器及刀熔开关的研发、生产与销售。 产品：低压断路器、模塑绝缘制品、电机及电动操作机构、塑料外壳式断路器、万能式断路器、断路器用BMC/SMC模塑绝缘制品、HDZ断路器用交直流两用电机、ZYJ系列永磁直流电机、CD型电动操作机构、ADW型电动操作机构、电机及电操,baostock+akshare
603017.SH,中衡设计,A股,M74专业技术服务业,,产业服务及城乡建设品质提升相关工程设计及咨询（含绿色低碳智能建筑设计）、工程总承包、项目管理及工程监理业务。 产品：设计咨询、工程总承包、工程监理及项目管理、招标代理及咨询项目、建筑与规划设计、监理与项目管理,baostock+akshare
603018.SH,华设集团,A股,M74专业技术服务业,,规划咨询、工程勘察设计、数字智慧、绿色环保等业务。 产品：基础设施、城市更新与新消费、低碳环保与新能源、数智与智库,baostock+akshare
603019.SH,中科曙光,A股,C39计算机、通信和其他电子设备制造业,数据中心/云厂商;机器人本体/集成,高端计算机、存储、安全、数据中心产品的研发及制造，同时大力发展数字基础设施建设、智能计算等业务。 产品：高端计算机、存储产品、网络安全产品、云计算服务、数据中心、计算服务、IT设备、软件开发、系统集成及技术服务、其他(补充),baostock+akshare
603020.SH,爱普股份,A股,C14食品制造业,,香精、香料和食品配料的研发、制造和销售及食品配料贸易。 产品：香精、香料、食品配料、食用香精、日用香精、合成香料、天然香料、工业巧克力,baostock+akshare
603021.SH,*ST华鹏,A股,C30非金属矿物制品业,,研发、生产和销售玻璃器皿产品和玻璃瓶罐。 产品：瓶罐、器皿、其他(补充),baostock+akshare
603022.SH,新通联,A股,C20木材加工和木、竹、藤、棕、草制品业,,纸包装、木包装产品的生产与销售，并为客户提供从产品包装设计、生产、物流到现场包装“一体化”服务。 产品：轻型包装产品、重型包装产品、轻型瓦楞包装产品、重型瓦楞包装产品、木制品包装产品、各类组合包装产品、木产品、纸产品、第三方产品,baostock+akshare
603023.SH,威帝股份,A股,C39计算机、通信和其他电子设备制造业,,客车及乘用车零部件产品的研发、设计、制造与销售。 产品：CAN总线产品、控制器、乘用车仪表及中控屏、光导注塑件、其他、汽车组合仪表、汽车CAN总线控制系统、车身域控制器、全液晶仪表、智能座舱系统、汽车行驶记录仪、BCM车身控制模块、云总线车联网系统、传感器、车载中央网、乘用车配套产品、商用车配套产品、其他(补充),baostock+akshare
603025.SH,大豪科技,A股,C39计算机、通信和其他电子设备制造业,,智能装备电控系统、智能工厂解决方案、网络安全与网络通信硬件及集成服务的研发、生产、销售及相关技术服务。 产品：智能装备电控系统、智能工厂云平台系统、信息安全硬件、网络通信硬件、网络安全硬件及网络通信硬件开发及平台集成服务、智能工厂,baostock+akshare
603026.SH,石大胜华,A股,C26化学原料和化学制品制造业,锂电材料;电芯,新能源材料领域，公司新能源、新材料业务技术研发。 产品：碳酸二甲酯系列产品、电解液、MTBE、液化气、环氧丙烷、产品销售、-锂离子电池相关材料、碳酸二甲酯系列,baostock+akshare
603027.SH,千禾味业,A股,C14食品制造业,,高品质酱油、食醋、料酒、蚝油等调味品的研发、生产和销售。 产品：酱油、食醋、料酒、蚝油、复合调味、焦糖色、其他,baostock+akshare
603028.SH,赛福天,A股,C33金属制品业,,特种钢丝绳与索具的研发、生产和销售。 产品：电梯用钢丝绳、起重用钢丝绳、钢丝绳索具、合成纤维吊装带索具及配件、钢丝绳、索具、吊装带检测服务、光伏电池片及组件、钢丝绳及索具、其他(补充),baostock+akshare
603029.SH,天鹅股份,A股,C35专用设备制造业,,棉花加工机械、收获机械的研发、生产及销售。 产品：棉花加工机械产品、收获机械产品、其他农机产品、轧花设备、剥绒设备、辅机设备、其他(补充),baostock+akshare
603030.SH,全筑股份,A股,E50建筑装饰、装修和其他建筑业,,设计板块业务、建造板块业务、供应链服务、智慧建筑、海外板块业务、创新板块业务。 产品：公装施工、家装施工、设计业务、家具业务,baostock+akshare
603031.SH,安孚科技,A股,C38电气机械和器材制造业,,电池的研发、生产及销售。 产品：碱性锌锰电池、碳性锌锰电池、其他电池、消费类电子产品、碱性电池、碳性电池、其他产品,baostock+akshare
603032.SH,德新科技,A股,C35专用设备制造业,,精密制造业务以及交通运输业务。 产品：精密制造、道路客运、电子电器,baostock+akshare
603033.SH,三维股份,A股,C29橡胶和塑料制品业,,"橡胶制品、聚酯纤维、混凝土枕和1,4-丁二醇及电石等产品的制造和销售。 产品：轨道交通产业、橡胶制品产业、化纤产业、新材料产业、预应力混凝土轨枕、混凝土桥枕、电容枕、岔枕及轨道板、地铁管片、扣配件、橡胶输送带、传动V带、功能性聚酯切片、高强涤纶工业丝、高性能加捻线、合股纱线、BDO、聚酯化纤、BDO及衍生品、橡胶制品",baostock+akshare
603035.SH,常熟汽饰,A股,C36汽车制造业,,研发、生产和销售汽车饰件总成产品。 产品：门内护板总成、仪表板总成、副仪表板总成、立柱总成、行李箱总成、衣帽架总成、底护板以及模检具、设备自动化设计制造、汽车饰件、其他(补充),baostock+akshare
603036.SH,如通股份,A股,C35专用设备制造业,,石油、天然气钻修井提供钻采井口装备和工具的研发、生产和销售。 产品：提升设备、卡持设备、旋扣设备、其他,baostock+akshare
603037.SH,凯众股份,A股,C36汽车制造业,新能源车/储能,汽车（涵盖传统汽车、新能源汽车和智能驾驶汽车）底盘悬架系统减震元件和操控系统轻量化踏板总成的设计、研发、生产和销售，以及非汽车零部件领域高性能聚氨酯承载轮等特种聚氨酯弹性体的研发、生产和销售。 产品：汽车底盘悬架系统减震元件产品、轻量化踏板总成产品、高性能聚氨酯承载轮、聚氨酯缓冲块、聚氨酯弹簧垫、聚氨酯减震支撑、防尘罩、制动、离合、电子油门、减震元件、踏板总成、胶轮,baostock+akshare
603038.SH,华立股份,A股,C41其他制造业,,装饰复合材料研发、设计、生产和销售。 产品：饰边条、饰面板、水处理设备、膜组件、软件开发及销售、基金管理,baostock+akshare
603039.SH,泛微网络,A股,I65软件和信息技术服务业,,协同管理和移动办公软件产品的研发、销售及相关技术服务。 产品：软件产品、技术服务、第三方产品、e-cology、e-office、OA-eteams、聚才林人事管理软件、采知连知识管理软件、京桥通采购管理软件、今承达合同管理软件、齐业成费控管理软件、千里聆信息采集软件、文书定档案管理软件、九川汇营销管理软件、事井然项目管理软件、睦客邻客服管理软件,baostock+akshare
603040.SH,新坐标,A股,C36汽车制造业,,精密零部件的研发、生产和销售。 产品：气门组精密零部件、气门传动组精密零部件、其他精密零部件、其他,baostock+akshare
603041.SH,美思德,A股,C26化学原料和化学制品制造业,,聚氨酯泡沫稳定剂和有机胺催化剂的研发、生产和销售及配套技术服务。 产品：聚氨酯泡沫稳定剂、有机胺催化剂、硬泡助剂、软泡助剂、其他(补充),baostock+akshare
603042.SH,华脉科技,A股,C39计算机、通信和其他电子设备制造业,,为客户提供信息通信网络基础设施解决方案。 产品：ODN物理连接及保护设备、光无源器件、光缆、微波无源器件、POI多路接入、室内外设备机箱、机柜、机房、光缆类、ODN网络物理连接及保护设备、微波无源器件类,baostock+akshare
603043.SH,广州酒家,A股,C14食品制造业,,食品制造业务及餐饮服务。 产品：月饼系列产品、速冻食品、食品制造业务、其中:食品制造业务-月饼系列产品、餐饮服务业务、其中:食品制造业务-速冻食品、其中:食品制造业务-其他产品,baostock+akshare
603045.SH,福达合金,A股,C38电气机械和器材制造业,,电工材料、含银合金电工材料的制造、加工。 产品：触头材料、复层触头、触头元件,baostock+akshare
603048.SH,浙江黎明,A股,C36汽车制造业,,汽车精密零部件产品的研发、生产和销售业务。 产品：精锻件、装配件、冲压件、其他件,baostock+akshare
603049.SH,中策橡胶,A股,C29橡胶和塑料制品业,,全钢胎、半钢胎、特种胎和车胎等轮胎产品的研发、生产和销售。 产品：轮胎、橡胶制品、全钢胎、半钢胎、特种胎、车胎、其他,baostock+akshare
603050.SH,科林电气,A股,C38电气机械和器材制造业,,智能电网业务、新能源业务和综合能源服务业务。 产品：智能电网业务、新能源业务、综合能源服务业务、其他(补充),baostock+akshare
603051.SH,鹿山新材,A股,C29橡胶和塑料制品业,机器人本体/集成,绿色环保高性能功能高分子材料的开发、创新和应用。 产品：功能性胶膜、功能性聚烯烃热熔胶粒、太阳能电池封装胶膜、光学透明胶膜、复合建材热熔胶、油气管道防腐热熔胶、高阻隔包装热熔胶、硅碳负极功能材料、人形机器人电子皮肤、功能性聚烯烃热熔胶胶粒、热熔胶胶膜、其他(苯乙烯共聚物热熔胶、铝塑膜用胶粘剂等),baostock+akshare
603052.SH,可川科技,A股,C39计算机、通信和其他电子设备制造业,,功能性器件的设计、研发、生产和销售。 产品：电池类功能性器件、结构类功能性器件、光学类功能性器件,baostock+akshare
603053.SH,成都燃气,A股,D45燃气生产和供应业,,城市燃气输配、销售，城市燃气工程施工、综合服务及综合能源等业务。 产品：燃气销售、燃气接驳、其他、天燃气入户安装,baostock+akshare
603055.SH,台华新材,A股,C17纺织业,,尼龙6、尼龙66及尼龙环保再生系列产品的研发、生产及销售。 产品：锦纶长丝、坯布、功能性成品面料、长丝、成品面料,baostock+akshare
603057.SH,紫燕食品,A股,C13农副食品加工业,,卤制食品的研发、生产和销售。 产品：鲜货产品、预包装产品、包材、加盟费、门店管理费、信息系统使用费、夫妻肺片、整禽类、香辣休闲类、其他鲜货、鲜货类产品、其中:鲜货类产品-夫妻肺片、其中:鲜货类产品-其他鲜货、其中:鲜货类产品-整禽类、预包装及其他产品,baostock+akshare
603058.SH,永吉股份,A股,C23印刷和记录媒介复制业,,精品纸包装产品的设计、研发、生产和销售。 产品：烟标、药盒、酒盒、纸品及部件、管制药品、其他(补充),baostock+akshare
603059.SH,倍加洁,A股,C41其他制造业,,口腔清洁护理用品、一次性卫生用品以及益生菌制品的研发、生产和销售。 产品：牙刷、电动牙刷、牙膏、牙线签、齿间刷、假牙清洁片、假牙清洁刷、口喷、漱口水、口腔护理产品、湿巾、益生菌,baostock+akshare
603060.SH,国检集团,A股,M74专业技术服务业,机器人应用,检验检测、认证、检测仪器及智能制造、计量校准、科研及技术服务等五大综合业务。 产品：检验、认证、检测仪器及智能制造、计量校准服务、科研及技术服务,baostock+akshare
603061.SH,金海通,A股,C35专用设备制造业,,集成电路测试分选机的研发、生产及销售。 产品：测试分选机、EXCEED-6000系列、EXCEED-8000系列、EXCEED-9000系列、SUMMIT系列、COLLIE系列等不同系列的测试分选机、备品备件、其他(补充),baostock+akshare
603062.SH,麦加芯彩,A股,C26化学原料和化学制品制造业,,开发、生产和销售应用于多个领域的环保型、高性能、特殊功能涂料产品，利用科学技术为客户提供可持续的解决方案及相关的工业涂料产品和服务。 产品：专用功能涂层材料、水性涂料及辅料、油性涂料及辅料、无溶剂涂料及辅料、光伏减反射镀膜液、海洋装备行业涂料、新能源行业涂料、基础设施行业涂料,baostock+akshare
603063.SH,禾望电气,A股,C38电气机械和器材制造业,,变换领域的技术、产品及系统方案的研发与应用，帮助客户实现高效、可靠、高品质的发电、用电和变电。 产品：风电变流器、变桨控制系统、场站级能量管理系统、多功能电网模拟装置、SVG无功补偿装置、远程智能运维系统、新能源电控业务、工程传动业务、其他,baostock+akshare
603065.SH,宿迁联盛,A股,C26化学原料和化学制品制造业,,高分子材料防老化助剂及其中间体的研发、生产与销售。 产品：受阻胺光稳定剂、复配制剂、阻聚剂系列、中间体、紫外线抗氧剂、复配助剂、阻聚剂、紫外线抗氧剂及其他,baostock+akshare
603066.SH,音飞储存,A股,G59装卸搬运和仓储业,机器人本体/集成;机器人应用,智能制造、智能物流的规划设计及系统集成、核心设备及软件的研发、设计、生产、销售。 产品：物流搬运机器人、物流软件系统、高精密货架设备、穿梭车、堆垛机、AGV、空中搬运机器人（EMS）、辅助类机器人、仓库管理系统、仓库控制系统、全生命周期服务平台、数字孪生平台、立体库高位货架、复杂阁楼货架、普通货架、自动化系统集成、货架产品、堆垛机产品,baostock+akshare
603067.SH,振华股份,A股,C26化学原料和化学制品制造业,,铬化学品、维生素K3等铬盐联产产品、超细氢氧化铝等铬盐副产品的研发、制造与销售。 产品：重铬酸盐、铬的氧化物、铬盐联产产品、超细氢氧化铝、铬基冶金材料、其他,baostock+akshare
603068.SH,博通集成,A股,C39计算机、通信和其他电子设备制造业,,无线通讯集成电路芯片的研发与销售。 产品：无线数传类芯片、无线音频类芯片、Wi-Fi产品、蓝牙数传、5.8GHz产品、通用无线、对讲机、广播收发、蓝牙音频、无线麦克风、无线数传类、无线音频类,baostock+akshare
603069.SH,海汽集团,A股,G54道路运输业,,汽车客运、汽车场站的商业开发与经营、汽车综合服务等。 产品：班车客运、城乡公交一体化客运、校车服务、出租车客运、旅游客运、汽车客运、其他(补充)、汽车综合服务,baostock+akshare
603070.SH,万控智造,A股,C38电气机械和器材制造业,,配电开关控制设备的研发、制造和销售。 产品：电气机柜、气体绝缘开关设备、铠装移开式交流金属封闭开关柜、低压抽出式成套开关柜、低压无功功率补偿柜、低压固定式成套开关柜、MAX环保气体绝缘开关柜、MGA系列环保气体绝缘环网柜、MGC系列气体绝缘环网柜、MGW系列户外高压环网箱、MXGN系列箱型固定式金属封闭开关设备、其他,baostock+akshare
603071.SH,物产环能,A股,F51批发业,,煤炭流通、热电联产和新能源相关业务。 产品：煤炭流通业务、热电联产业务、新能源业务、动力煤、焦煤、蒸汽、压缩空气、电、污泥处置、新能源风光储充一体化服务、新能源技术输出服务、绿色经济的综合能源托管服务、煤炭、供热、供电,baostock+akshare
603072.SH,天和磁材,A股,C39计算机、通信和其他电子设备制造业,,烧结钕铁硼、烧结钐钴等高性能稀土永磁材料研发、生产、销售。 产品：稀土永磁、烧结钕铁硼、烧结钐钴、其他相关业务,baostock+akshare
603073.SH,彩蝶实业,A股,C17纺织业,,涤纶面料、无缝成衣和涤纶长丝的研发、生产和销售及染整受托加工业务。 产品：涤纶面料、无缝成衣、染整受托加工、涤纶长丝,baostock+akshare
603075.SH,热威股份,A股,C38电气机械和器材制造业,新能源车/储能,电热元件和组件的研发、生产及销售。 产品：民用电器电热元件、商用电器电热元件、工业装备电热元件、新能源汽车电热元件、商用电器/工业装备电热元件,baostock+akshare
603076.SH,乐惠国际,A股,C35专用设备制造业,,液态食品装备的研发、生产和制造。 产品：酒类酿造设备、无菌灌装设备、其他生物过程设备、啤酒设备、饮料机械、包装设备、啤酒销售,baostock+akshare
603077.SH,和邦生物,A股,C26化学原料和化学制品制造业,,化工、农药、饲料添加剂、玻璃及制品、光伏材料及制品制造以及盐矿、磷矿的开发。 产品：联碱产品、矿产品、双甘膦/草甘膦、玻璃及光伏业务、蛋氨酸及副产品、生物农药、零售成品油、液氨、硫酸铵、天然气,baostock+akshare
603078.SH,江化微,A股,C26化学原料和化学制品制造业,半导体材料,超净高纯试剂、光刻胶配套试剂等湿电子化学品的研发、生产和销售。 产品：超净高纯试剂、光刻胶配套试剂、其他(补充),baostock+akshare
603079.SH,圣达生物,A股,C14食品制造业,,维生素、生物保鲜剂、食品添加剂和饲料添加剂的研发、生产和销售。 产品：维生素、生物保鲜剂及功能配料、对外蒸汽销售、其他,baostock+akshare
603080.SH,新疆火炬,A股,D45燃气生产和供应业,,城市燃气供应、加油加气站运营管理、燃气设施设备安装服务、城市热力供应。 产品：金属、天然气、安装业务、成品油、供热业务、出租车业务、天然气销售,baostock+akshare
603081.SH,大丰实业,A股,C35专用设备制造业,,文体旅科技装备、数字艺术科技、轨道交通装备、文体旅运营服务等业务。 产品：文体旅科技装备、数字艺术科技、轨道交通装备、文体旅运营服务,baostock+akshare
603082.SH,北自科技,A股,C34通用设备制造业,,智能物流系统和装备的研发、设计、制造与集成业务。 产品：智能仓储物流系统、智能生产物流系统、智能物流装备、智能物流软件、备件、运维及其他,baostock+akshare
603083.SH,剑桥科技,A股,C39计算机、通信和其他电子设备制造业,光模块,电信、数通、企业网络与家庭网络领域通信连接的终端设备（包括电信宽带、无线网络与边缘计算）以及高速光模块产品的研发、生产与销售。 产品：高速光模块、电信宽带、无线网络与边缘计算,baostock+akshare
603085.SH,天成自控,A股,C36汽车制造业,,乘用车座椅、航空座椅、工程机械与商用车座椅等各类座椅产品的研发设计、生产和销售。 产品：乘用车座椅、工程机械与商用车座椅、航空业务、零部件、航空座椅、挖掘机座椅、装载机座椅、叉车座椅、重卡座椅、大中客车座椅、铝合金座椅骨架、碳纤维座椅靠背、轻量化结构件,baostock+akshare
603086.SH,先达股份,A股,C26化学原料和化学制品制造业,,安全、高效、低毒、环境友好型农药原药及制剂、中间体的研发、生产和销售。 产品：除草剂、杀菌剂、中间体,baostock+akshare
603087.SH,甘李药业,A股,C27医药制造业,,胰岛素类似物原料药及注射剂研发、生产和销售。 产品：胰岛素类似物产品、精蛋白人胰岛素混合注射液、甘精胰岛素注射液、赖脯胰岛素注射液、精蛋白锌重组赖脯胰岛素混合注射液、门冬胰岛素注射液、门冬胰岛素30注射液、生物制品(原料药及制剂产品)、其他、其他(补充),baostock+akshare
603088.SH,宁波精达,A股,C34通用设备制造业,,换热器设备、精密成形压力机等的研发、生产和销售。 产品：换热器自动化装备系列、精密压力机系列、微通道装备、模具产品、汽车零部件、换热器产品系列、微通道换热器装备及其他、微通道装备及其他,baostock+akshare
603089.SH,正裕工业,A股,C36汽车制造业,,汽车悬架系统减震器、汽车橡胶减震产品以及发动机密封件等汽车零部件产品的研发、生产与销售。 产品：汽车悬架系统减震器、发动机密封件、橡胶减震器,baostock+akshare
603090.SH,宏盛股份,A股,C34通用设备制造业,PACK/BMS,铝制板翅式换热器及其相关产品的研发、设计、生产和销售。 产品：换热器、热管理系统、深冷设备、锂电池PACK、其他(补充),baostock+akshare
603091.SH,众鑫股份,A股,C22造纸和纸制品业,,自然降解植物纤维模塑产品的研发、生产与销售。 产品：自然降解植物纤维模塑产品、餐饮具、其他环保包装、其他、其他(补充),baostock+akshare
603092.SH,德力佳,A股,C34通用设备制造业,,高速重载精密齿轮传动产品的研发、生产与销售。 产品：风电主齿轮箱、其他(补充),baostock+akshare
603093.SH,南华期货,A股,J67资本市场服务,,期货经纪业务、财富管理业务、风险管理业务、境外金融服务业务及期货投资咨询业务等。 产品：期货经纪业务、财富管理业务、风险管理业务、境外金融服务业务、期货投资咨询业务,baostock+akshare
603095.SH,越剑智能,A股,C35专用设备制造业,,纺织机械的研发、生产和销售。 产品：大加弹机、小加弹机、经编机、加弹机系列、经编机系列,baostock+akshare
603096.SH,新经典,A股,R86新闻和出版业,,纸质图书策划与发行业务、数字内容业务、版权运营业务。 产品：纸质图书、数字内容、版权运营,baostock+akshare
603097.SH,江苏华辰,A股,C38电气机械和器材制造业,,节能型变压器、箱式变电站和智能电气成套设备等输配电及控制设备的研发、生产与销售。 产品：干式变压器、油浸式变压器、新能源箱变、预装式变电站、组合式变电站、智能电气成套设备、箱式变电站,baostock+akshare
603098.SH,森特股份,A股,E50建筑装饰、装修和其他建筑业,,建筑光伏一体化(BIPV)业务、高端建筑金属围护业务、土壤与地下水环境治理业务以及声屏障系统。 产品：BIPV业务、金属围护系统、土壤与地下水环境治理、声屏障系统、BIPV产品、金属复合幕墙板、铝镁锰合金板、镀制烤漆板、污染物系统化治理解决方案、混凝土声屏障、有机玻璃声屏障、泡沫金属声屏障、铁路声屏障、公路声屏障、城市轨道交通声屏障、建筑金属围护系统,baostock+akshare
603099.SH,长白山,A股,N78公共设施管理业,,旅游客运业务，主要提供劳务为游客运营、酒店服务等。 产品：旅游客运业务、温泉开发业务、酒店管理业务、旅行社业务、景区管理业务,baostock+akshare
603100.SH,川仪股份,A股,C40仪器仪表制造业,机器人本体/集成,工业自动控制系统装置及工程成套，包括智能执行机构、智能变送器、智能调节阀、智能流量仪表、温度仪表、物位仪表、控制设备及装置、分析仪器等各大类单项产品以及系统集成及总包服务。 产品：工业自动化仪表及装置、电子信息材料及器件、智能变送器、智能流量仪表、温度仪表、物位仪表、分析仪器、智能执行机构、智能调节阀、智控系统与解决方案、复合材料、电子器件,baostock+akshare
603101.SH,汇嘉时代,A股,F52零售业,,百货、超市等相关商品零售、商业物业租赁及物业管理。 产品：百货、超市、其他(补充),baostock+akshare
603102.SH,百合股份,A股,C14食品制造业,,营养保健食品的研发、生产和销售。 产品：软胶囊、功能饮品、片剂、粉剂、硬胶囊、软糖、口服液、滴剂、瓶装饮品及袋装饮品,baostock+akshare
603103.SH,横店影视,A股,R87广播、电视、电影和录音制作业,,影视投资、制作、发行、电影放映及相关衍生业务。 产品：影视投资、制作及发行业务、电影放映及相关衍生业务、电影放映、销售卖品、发布广告、影视投资、制作及发行业务、其他(补充),baostock+akshare
603105.SH,芯能科技,A股,D44电力、热力生产和供应业,,分布式光伏电站发电、光伏产品销售、光伏电站项目相关服务和充电桩充电服务等业务。 产品：光伏发电、光伏产品、光伏电站EPC、工商业储能、储能产品、充电桩,baostock+akshare
603106.SH,恒银科技,A股,C39计算机、通信和其他电子设备制造业,,金融自助设备的研发、生产和销售。 产品：现金类设备及服务、非现金类设备及服务、设备配件类、技术服务及其他,baostock+akshare
603107.SH,上海汽配,A股,C36汽车制造业,,汽车热管理系统零部件及发动机系统零部件产品的研发、生产与销售。 产品：汽车热管理系统产品、汽车发动机系统产品、其他(补充),baostock+akshare
603108.SH,润达医疗,A股,F51批发业,,为各类实验室提供体外诊断产品、技术服务支持、实验室运营管理等全方位的综合服务。 产品：综合服务板块、工业板块、IVD传统供应链业务、集约化业务、区域检验中心业务、第三方实验室检测业务、IVD产品研发生产业务、数字化信息系统业务、试剂及其他耗材、仪器、软件开发及服务,baostock+akshare
603109.SH,神驰机电,A股,C38电气机械和器材制造业,,小型发电机、通用汽油机以及终端类产品的研发、制造和销售。 产品：电机组、高压清洗机、水泵、移动电源、园林机械、终端类产品、电机类产品、配件及其他,baostock+akshare
603110.SH,东方材料,A股,C26化学原料和化学制品制造业,PCB,精细化工新材料（软包装印刷用油墨、复合用聚氨酯聚粘剂、PCB电子油墨等）和算力业务。 产品：包装油墨、聚氨酯胶粘剂、电子油墨、化工类其他、算力,baostock+akshare
603111.SH,康尼机电,A股,C37铁路、船舶、航空航天和其他运输设备制造业,新能源车/储能,轨道交通装备业务。 产品：轨道交通业务、汽车零部件业务、智能健康业务、动车及干线铁路车辆门系统、城市轨道车辆门系统、站台安全门系统、内部装饰、连接器、闸机扇门、车辆门系统维保、配件业务、新能源汽车零部件产品、新能源公交车门系统产品、智能康复轮椅床、轻便折叠轮椅、老年代步车、轨道车辆装备产品及服务、厂站装备产品及服务、车载电气连接装备产品及服务、汽车充电连接装备产品及服务,baostock+akshare
603112.SH,华翔股份,A股,C33金属制品业,,各类定制化金属零部件的研发、生产和销售。 产品：压缩机零部件、汽车零部件、工程机械零部件、生铁及其他、精密件、工程机械件、其他,baostock+akshare
603113.SH,金能科技,A股,C26化学原料和化学制品制造业,,烯烃产品、炭黑产品、煤焦产品及精细化工产品的研发、生产和销售。 产品：烯烃产品、炭黑产品、煤焦产品、精化产品、丙烯、聚丙烯、炭黑、焦炭、山梨酸（钾）、对甲基苯酚,baostock+akshare
603115.SH,海星股份,A股,C39计算机、通信和其他电子设备制造业,,铝电解电容器用电极箔的研发、生产与销售。 产品：化成箔、腐蚀箔、其他(补充),baostock+akshare
603116.SH,红蜻蜓,A股,C19皮革、毛皮、羽毛及其制品和制鞋业,,设计、开发、生产和销售成人鞋履、箱包皮具以及儿童用品。 产品：鞋靴、箱包、儿童用品、红蜻蜓（REDDRAGONFLY）品牌鞋履、红蜻蜓KIDS儿童用品、GONGJI品牌鞋履、其他(补充),baostock+akshare
603117.SH,万林物流,A股,G55水上运输业,,进口木材供应链管理的综合物流服务。 产品：装卸业务、基础物流、贸易代理、其他(补充),baostock+akshare
603118.SH,共进股份,A股,C39计算机、通信和其他电子设备制造业,,网通业务、数通业务、移动通信业务、汽车电子业务等。 产品：PON系列产品、AP系列产品、DSL系列产品、移动通信产品、数通业务、网通业务-PON系列产品、网通业务-AP系列产品,baostock+akshare
603119.SH,浙江荣泰,A股,C30非金属矿物制品业,,各类耐高温绝缘云母制品的研发、生产和销售。 产品：云母复合材料及相关产品、精密结构件及相关产品、新能源产品、非新能源产品、电机、直线驱动执行器、传动组件、其他配套零部件、其他,baostock+akshare
603120.SH,肯特催化,A股,C26化学原料和化学制品制造业,,"季铵(�l)化合物产品研发,生产和销售。 产品：季铵盐系列产品、季铵碱系列产品、季�l盐系列产品、冠醚系列产品、季铵盐、季铵碱、季�l盐、冠醚、季鏻盐系列产品",baostock+akshare
603121.SH,华培动力,A股,C36汽车制造业,,动力总成业务及传感器业务。 产品：动力总成、传感器、放气阀组件、涡轮壳、中间壳、其他零部件、压力传感器、温度传感器、速度位置传感器、尿素品质传感器、PTC水加热器、动力总成事业部、其中:动力总成事业部-放气阀组件、传感器事业部、其中:动力总成事业部-涡轮壳和中间壳、其中:动力总成事业部-其他,baostock+akshare
603122.SH,合富中国,A股,F51批发业,,以体外诊断相关的医疗设备及其耗材为主的国际贸易、售后服务，贸易代理，医院信息管理系统的咨询服务以及相关配套服务。 产品：体外诊断产品集约化业务、医疗产品流通、其他增值服务,baostock+akshare
603123.SH,翠微股份,A股,F52零售业,,商业零售业务、第三方支付业务。 产品：百货业务、超市业务、租赁业务、第三方支付、银行卡收单分部、百货分部,baostock+akshare
603124.SH,江南新材,A股,C39计算机、通信和其他电子设备制造业,,铜基新材料的研发、生产与销售。 产品：铜球系列产品、氧化铜粉系列产品、铜球系列、氧化铜粉系列、高精密铜基散热片,baostock+akshare
603125.SH,常青科技,A股,C26化学原料和化学制品制造业,,高分子新材料特种单体和高分子专用助剂的研发、生产和销售。 产品：高分子新材料特种单体、高分子新材料专用助剂、其他产品,baostock+akshare
603126.SH,中材节能,A股,M74专业技术服务业,,节能环保装备、建筑节能材料装备、新材料装备、储能装备的研发、生产、销售。 产品：清洁能源、工程服务与装备、建筑节能材料,baostock+akshare
603127.SH,XD昭衍新,A股,M73研究和试验发展,药物发现/CRO,以药物非临床安全性评价服务为主的药物临床前研究服务和实验动物及附属产品的销售业务。 产品：药物非临床研究服务、临床服务及其他、实验模型供应、临床服务,baostock+akshare
603128.SH,华贸物流,A股,G58多式联运和运输代理业,,国际空海铁综合物流服务、跨境电商物流、国际工程综合物流、国际仓储物流、国际大宗商品合同物流、特大件特种专业物流。 产品：综合物流服务、国际空运、国际海运、跨境电商物流、特种物流、仓储第三方物流、国际工程物流、铁路货运代理、其他物流、其中:综合物流服务-国际空运、其中:综合物流服务-国际海运、其中:综合物流服务-跨境电商物流,baostock+akshare
603129.SH,春风动力,A股,C37铁路、船舶、航空航天和其他运输设备制造业,,全地形车、燃油摩托车、电动两轮车的研发、生产与销售。 产品：燃油摩托车、电动两轮车、全地形车、配件及其他,baostock+akshare
603130.SH,云中马,A股,C17纺织业,,革基布的研发、生产和销售。 产品：经编革基布、纬编革基布、其他(补充),baostock+akshare
603131.SH,上海沪工,A股,C34通用设备制造业,机器人本体/集成,焊接与切割设备的研发、生产及销售；装备配套及相关产品的生产制造、装配和试验测试等现场服务。 产品：弧焊设备、自动化焊接（切割）成套设备、机器人系统集成、高端装备配套、自动化焊接(切割)成套设备,baostock+akshare
603132.SH,金徽股份,A股,B09有色金属矿采选业,,有色金属的采选及贸易。 产品：锌精矿、铅精矿、伴生银、铅精矿(含银)、其他,baostock+akshare
603135.SH,中重科技,A股,C35专用设备制造业,,智能装备及生产线的研发、工艺及装备设计、生产制造、技术服务及销售。 产品：型钢智能设备及生产线、带钢智能设备及生产线、棒线材智能设备及生产线、其他类型产品智能设备及生产线、轧机关键设备备品备件、智能装备及生产线、备品备件及其他、其他(补充),baostock+akshare
603136.SH,天目湖,A股,N78公共设施管理业,,旅游项目开发与经营业务。 产品：景区业务、水世界业务、温泉业务、酒店业务、旅行社业务、酒店、山水园、南山竹海,baostock+akshare
603137.SH,恒尚节能,A股,E50建筑装饰、装修和其他建筑业,,幕墙和门窗的产品研发、工程设计、加工制作、安装施工、售后服务。 产品：幕墙工程、门窗工程、设计及咨询、其他(补充),baostock+akshare
603138.SH,海量数据,A股,I65软件和信息技术服务业,,数据库产品的研发、销售和服务。 产品：数据库自主产品和服务、数据基础设施解决方案、海量数据库Vastbase、其他(补充),baostock+akshare
603139.SH,康惠股份,A股,C27医药制造业,,中成药的研发、生产、销售。 产品：消银颗粒、复方双花片、坤复康胶囊（片）、复方清带灌注液、附桂骨痛胶囊、骨刺胶囊、医药流通、颗粒剂、片剂、其他剂型,baostock+akshare
603150.SH,万朗磁塑,A股,C38电气机械和器材制造业,,家电零部件、汽车零部件、小家电及材料的研发、生产、销售。 产品：家电零部件产品、汽车零部件产品、小家电产品、材料产品、家电零部件、家用电风扇、取暖器、挂烫机、加湿器、厨房料理机、煎烤机、水家电、EPS、高分子材料、磁性材料、家电产品、其他(补充),baostock+akshare
603151.SH,邦基科技,A股,C13农副食品加工业,,猪饲料的研发、生产和销售业务。 产品：猪饲料、猪预混料、猪浓缩料、猪配合料,baostock+akshare
603153.SH,上海建科,A股,M74专业技术服务业,,工程咨询服务、检测与技术服务、环境低碳技术服务、特种工程与产品销售等。 产品：工程咨询服务、检测与技术服务、环境低碳技术服务、特种工程、决策与工程咨询服务、检验检测认证与技术服务,baostock+akshare
603155.SH,新亚强,A股,C26化学原料和化学制品制造业,,有机硅精细化学品的研发、生产及销售。 产品：功能性助剂、苯基氯硅烷、苯基硅烷系列、其他(补充),baostock+akshare
603156.SH,养元饮品,A股,C15酒、饮料和精制茶制造业,,以核桃仁为原料的植物蛋白饮料的研发、生产和销售。 产品：核桃乳、功能性饮料、其他植物饮料、其他(补充),baostock+akshare
603158.SH,腾龙股份,A股,C36汽车制造业,,汽车热管理零部件研发、生产和销售。 产品：热管理系统零部件、发动机节能环保零部件、汽车电子、第二增长曲线、汽车空调管路、热管理集成模块（适配R134a及R744冷媒）、系统连接硬管及附件、电子水泵、气液分离器、板式换热器、EGR（废气再循环）系统、汽车胶管、波纹管、车载无线充电、数字钥匙、车载冰箱、汽车热管理系统零部件、EGR系统及传感器、汽车用橡塑类零部件,baostock+akshare
603159.SH,上海亚虹,A股,C29橡胶和塑料制品业,,精密塑料模具的研发、设计、制造，以及注塑产品的成型生产、部件组装服务。 产品：精密塑料模具、注塑件、注塑产品、SMT产品、其他(补充),baostock+akshare
603160.SH,汇顶科技,A股,C39计算机、通信和其他电子设备制造业,服务器与终端,“传感、AI计算、连接、安全”四大核心业务，面向智能终端、物联网及汽车电子领域提供领先的半导体软硬件解决方案。 产品：指纹识别芯片、触控芯片、其他芯片、传感产品、触控与显示驱动产品、音频产品、安全产品、无线连接产品,baostock+akshare
603161.SH,科华控股,A股,C36汽车制造业,,汽车动力单元和传动、底盘系统的关键零部件的生产和销售。 产品：中间壳及装配件、涡轮壳及装配件、涡轮增压器涡轮壳、中间壳、差速器、其他机械零部件,baostock+akshare
603162.SH,海通发展,A股,G55水上运输业,,国内沿海以及国际远洋的干散货运输业务。 产品：境内航区运输业务、境外航区运输业务、航运收入、其他(补充),baostock+akshare
603163.SH,圣晖集成,A股,E49建筑安装业,数据中心/云厂商;机器人本体/集成,为IC半导体、光电等高科技电子产业及食品医药、云计算中心等相关领域的建厂工程提供洁净室工程、机电工程等服务。 产品：洁净室工程整体解决方案一站式服务、洁净室相关的空气处理系统、气流风路系统、水处理系统、内装系统、减振系统、静电控制系统、电磁干扰控制系统、制程系统、环境检测系统、电力系统、消防安全系统和其他洁净室相关系统、洁净室工程、其中:洁净室工程-系统集成、其他机电安装工程,baostock+akshare
603165.SH,荣晟环保,A股,C22造纸和纸制品业,,牛皮箱板纸、瓦楞原纸等再生包装纸产品以及瓦楞纸板、纸箱的生产制造。 产品：原纸、纸制品、热电联产、瓦楞原纸、牛皮箱板纸、高密度纸板、瓦楞纸板、瓦楞纸箱、蒸汽、纸板及纸箱,baostock+akshare
603166.SH,福达股份,A股,C36汽车制造业,,汽车、工程机械、农机、船舶等动力机械发动机曲轴、精密锻件、新能源电驱齿轮、汽车离合器、螺旋锥齿轮、高强度螺栓的研发、生产与销售。 产品：曲轴、离合器、齿轮、精密锻件、高强度螺栓、发动机曲轴、汽车离合器、螺旋锥齿轮、电驱齿轮、精密锻件及高强度螺栓,baostock+akshare
603167.SH,渤海轮渡,A股,G55水上运输业,,客货滚运输业务、融资租赁业务、邮轮业务、船舶燃油业务。 产品：客货滚运输、融资租赁业务、邮轮业务、船舶燃油,baostock+akshare
603168.SH,莎普爱思,A股,C27医药制造业,,药品研发、生产、销售及医疗服务。 产品：眼科用药、抗微生物药、苄达赖氨酸滴眼液、头孢克肟、玻璃酸钠滴眼液、左氧氟沙星滴眼液、滴眼液、诊疗服务,baostock+akshare
603169.SH,兰石重装,A股,C35专用设备制造业,机器人本体/集成,传统能源化工装备（炼油化工、煤化工、化工新材料等领域）、新能源装备（核能、氢能、光伏光热、储能等领域）、工业智能装备（快速锻造液压机组、工业机器人等）以及节能环保装备的研发、设计、制造、检测、检维修服务及工程总承包。 产品：传统能源装备、新能源装备、工业智能装备、节能环保装备、各类高端压力容器、核化工非标设备、核燃料贮运容器、贮槽、箱室设备、核电站压力容器、储罐（核安全2、3级）、板式换热器（核安全3级）、微通道换热器、高温气冷堆核电站乏燃料现场贮存系统、装卸系统及新燃料运输系统相关设备、HTL电加热器、工程总包、金属新材料,baostock+akshare
603170.SH,宝立食品,A股,C14食品制造业,,食品调味料的研发、生产和技术服务。 产品：复合调味料、轻烹解决方案、饮品甜点配料,baostock+akshare
603171.SH,税友股份,A股,I64互联网和相关服务,,数智财税业务、数字政务业务。 产品：数智财税业务、数字政务业务,baostock+akshare
603172.SH,万丰股份,A股,C26化学原料和化学制品制造业,,分散染料及其滤饼的研发、生产及销售。 产品：中高端分散染料、分散染料、滤饼、其他(补充),baostock+akshare
603173.SH,福斯达,A股,C34通用设备制造业,,各类深冷技术工艺的开发及深冷装备的设计、制造和销售，为客户提供深冷系统整体解决方案。 产品：空分设备、天然气处理及液化装置、空气分离设备、氢气合成气设备、大型冷箱等深冷装备、其他,baostock+akshare
603175.SH,超颖电子,A股,C39计算机、通信和其他电子设备制造业,PCB,印制电路板的研发、生产和销售。 产品：印制电路板、其他(补充),baostock+akshare
603176.SH,汇通集团,A股,E48土木工程建筑业,,公路、市政、房屋建筑工程施工及相关建筑材料销售、勘察设计、试验检测等。 产品：公路、市政、房屋建筑工程施工、相关建筑材料销售、勘察设计、试验检测、高速公路、市政道路、生态治理、雨污分流管网改造、污水处理、建筑半成品材料、建造合同、基础设施运营、商品销售,baostock+akshare
603177.SH,德创环保,A股,N77生态保护和环境治理业,锂电材料,大气治理业务、危废治理业务、钠电池正极材料业务三大业务。 产品：烟气治理工程、脱硝催化剂、脱硫设备、除尘设备、废盐渣资源化利用处置、危险废物处理、平板催化剂、波纹板催化剂、蜂窝催化剂、二�f英催化剂、宽温催化剂、超低温抗硫催化剂、高温高稳定性催化剂、低硫氧化率高活性催化剂,baostock+akshare
603178.SH,圣龙股份,A股,C36汽车制造业,,汽车动力系统零部件的研发、生产和销售。 产品：发动机油泵、凸轮轴、变速箱油泵、分动箱油泵、变速器零件,baostock+akshare
603179.SH,新泉股份,A股,C36汽车制造业,,汽车内、外饰件系统零部件及其模具的设计、制造及销售。 产品：仪表板总成、顶置文件柜总成、门内护板总成、立柱护板总成、流水槽盖板总成、保险杠总成、顶柜总成、门板总成、内饰附件、外饰附件、座椅及座椅附件、其他(补充),baostock+akshare
603180.SH,金牌家居,A股,C21家具制造业,,整体厨柜及定制家居的研发、设计、生产、销售、安装及售后等整体服务。 产品：整体厨柜、整体衣柜、木门,baostock+akshare
603181.SH,皇马科技,A股,C26化学原料和化学制品制造业,,特种表面活性剂的研发、生产和销售。 产品：特种表面活性剂产品、氟硅改性新材料高性能聚醚系列、能量固化高性能树脂功能性聚醚系列、功能性湿电子化学品高分子聚醚系列、新能源高分子聚醚功能性树脂系列、新型材料特种聚醚胺系列、高端润滑油及加工液特种表面活性剂系列、环保涂料高端功能性表面活性剂系列、航空航天高分子聚醚材料系列、环保新材料粘合剂功能性树脂系列、复合新材料高性能多用途高分子聚醚系列、造纸化学品特种生态表面活性剂系列、纺织染整绿色高效功能性表面活性剂系列、生物农化绿色高效表面活性剂系列、环保水处理新型功能表面活性剂系列、个人护理温和多效生物表面活性剂系列、油田化学品特种高分子聚醚系列、功能性纤维特种纺丝油剂系列、碳四绿色合成衍生物系列、特种表面活性剂、其他(补充)、其他,baostock+akshare
603182.SH,嘉华股份,A股,C13农副食品加工业,,大豆蛋白及相关副产品的研发、生产及销售。 产品：大豆蛋白、大豆油、大豆膳食纤维、低温食用豆粕、蒸汽、电力,baostock+akshare
603183.SH,建研院,A股,M74专业技术服务业,,工程设计与咨询、EPC总承包、工程监理、全过程咨询、工程检测、城市更新、老旧建筑物改造、建筑节能、绿色新型防水材料以及环境检测、洁净检测、计量校准、产品测试、智慧化检测仪器设备的研发与销售。 产品：工程检测、工程专业施工、工程设计、工程监理、其他技术服务、新型建筑材料生产销售、计量校准、商品销售,baostock+akshare
603185.SH,弘元绿能,A股,C38电气机械和器材制造业,半导体材料,光伏晶硅产业链相关业务及高端智能化装备业务。 产品：硅片及硅棒、太阳能组件及电池、高端智能装备、高纯晶硅、单晶硅片、高效电池、组件、其他业务,baostock+akshare
603186.SH,华正新材,A股,C39计算机、通信和其他电子设备制造业,PCB,覆铜板及粘结片、复合材料和膜材料等产品的设计、研发、生产及销售。 产品：覆铜板、导热材料、功能性复合材料、交通物流用复合材料、其他材料,baostock+akshare
603187.SH,海容冷链,A股,C34通用设备制造业,,商用冷链设备的研发、生产、销售和服务。 产品：商用冷冻展示柜、商用冷藏展示柜、商超展示柜、商用智能售货柜、商用展示柜、其他,baostock+akshare
603188.SH,亚邦股份,A股,C26化学原料和化学制品制造业,,染料及农药的生产、销售和服务。 产品：染料、染料中间体、农化产品、其他,baostock+akshare
603189.SH,*ST网达,A股,I65软件和信息技术服务业,,提供以视频技术为核心的软件开发、运营服务。 产品：融合媒体运营平台项目、高新视频解决方案、AI视频大数据解决方案、硬件产品贸易、高新视频技术平台、AI视频大数据平台、融合媒体平台、元宇宙SAAS云平台,baostock+akshare
603190.SH,亚通精工,A股,C36汽车制造业,,汽车零部件和矿用辅助运输设备的研发、生产、销售和服务。 产品：乘用车零部件、商用车零部件、矿用辅助运输设备、矿用辅助运输设备专业化服务、乘用车、商用车,baostock+akshare
603191.SH,望变电气,A股,C38电气机械和器材制造业,,输配电及控制设备和取向硅钢的研发、生产和销售。 产品：钢压延加工、输配电及控制设备制造、电力变压器、箱式变电站、变充一体机、成套电气设备及铁芯相关产品、输配电及控制设备、取向硅钢、其他(补充),baostock+akshare
603192.SH,汇得科技,A股,C26化学原料和化学制品制造业,新能源车/储能,聚氨酯材料的研发、生产、销售和技术服务。 产品：革用聚氨酯树脂、聚氨酯组合料及原液、热塑性聚氨酯弹性体、聚氨酯胶黏剂及灌封材料、生态环保型的无溶剂聚氨酯和水性聚氨酯、新能源汽车电池用聚氨酯发泡制件、聚氨酯的主要原材料聚酯多元醇、革用聚氨酯、聚酯多元醇、聚氨酯弹性体及原液,baostock+akshare
603193.SH,润本股份,A股,C26化学原料和化学制品制造业,,个人护理类、驱蚊类产品的研发、生产和销售。 产品：婴童护理产品、驱蚊产品、精油产品、婴童护理系列产品、驱蚊系列产品、精油系列产品,baostock+akshare
603194.SH,中力股份,A股,C34通用设备制造业,,电动叉车、智能叉车等机动工业车辆的研发、生产和销售。 产品：电动平衡重乘驾式叉车（ClassI）、电动乘驾式仓储叉车（ClassII）、电动步行式仓储叉车（ClassIII）、内燃平衡重式叉车（ClassV）、叉车等及配件、其他(补充),baostock+akshare
603195.SH,公牛集团,A股,C38电气机械和器材制造业,新能源车/储能,转换器、墙壁开关插座、LED照明和数码配件等电源连接和用电延伸性产品的研发、生产和销售。 产品：电连接产品、智能电工照明产品、新能源产品、转换器（即插座）、数码配件、电动工具、墙壁开关插座、LED照明（智能无主灯）、安全断路器、智能浴霸、智能晾衣机、智能门锁、智能窗帘机、新能源汽车充电桩/枪、家庭储能、工商业储能、户外便携式储能,baostock+akshare
603196.SH,璞源材料,A股,C18纺织服装、服饰业,锂电材料,精品服装的设计创意、材料及工艺技术研发、生产销售、客户服务。 产品：锂电池负极粘结剂、隔膜粘结剂及正极边涂粘结剂、上衣类、外套类、裙类、裤类,baostock+akshare
603197.SH,保隆科技,A股,C36汽车制造业,,包括汽车胎压监测系统（TPMS）、气门嘴、汽车金属管件、智能悬架、传感器等在内的汽车零部件的生产及销售。 产品：TPMS及配件和工具、汽车金属管件、气门嘴及配件、智能悬架、传感器、其他,baostock+akshare
603198.SH,迎驾贡酒,A股,C15酒、饮料和精制茶制造业,,白酒的研发、生产和销售。 产品：中高档白酒、普通白酒、其他(补充),baostock+akshare
603199.SH,九华旅游,A股,N78公共设施管理业,,酒店、索道缆车、客运、旅行社。 产品：酒店业务、索道缆车业务、客运业务、旅行社业务,baostock+akshare
603200.SH,上海洗霸,A股,N77生态保护和环境治理业,,水处理化学品技术服务业务和闭式空间与风管清洗服务。 产品：水处理系统运行管理、化学品销售与服务、设备销售与安装、风管清洗、水处理设备集成、新能源先进材料,baostock+akshare
603201.SH,常润股份,A股,C34通用设备制造业,,汽车维修保养设备与工具、汽车配套零部件的研发、生产与销售。 产品：商用千斤顶及工具、汽车配套零部件、专业汽保维修设备、外购辅助产品,baostock+akshare
603202.SH,天有为,A股,C36汽车制造业,,汽车仪表的研发设计、生产、销售和服务。 产品：电子式组合仪表、全液晶组合仪表、双联屏仪表、其他汽车电子产品及服务、车载信息娱乐系统、车载空调控制器、车载无线充电器、两轮车仪表,baostock+akshare
603203.SH,快克智能,A股,C35专用设备制造业,机器人传感器;机器人应用,精密电子组装&微组装及半导体封装检测领域提供智能装备解决方案。 产品：精密焊接装联设备、视觉检测制程设备、固晶键合封装设备、智能制造成套设备、机器视觉制程设备、智能制造成套装备,baostock+akshare
603205.SH,健尔康,A股,C35专用设备制造业,,医用敷料等一次性医疗器械及消毒卫生用品的研发、生产和销售。 产品：手术耗材类产品、护理类产品、消毒清洁类产品、高分子及辅助类产品、护理类、手术耗材类、高分子及辅助类、消毒清洁类,baostock+akshare
603206.SH,嘉环科技,A股,I65软件和信息技术服务业,,信息通信技术服务。 产品：网络建设服务、网络运维服务、信息通信系统软件调试服务、网络优化服务、ICT教育培训服务、政企行业智能化服务,baostock+akshare
603207.SH,小方制药,A股,C27医药制造业,,外用药品研发、生产及销售。 产品：消化类、皮肤类、五官类、开塞露、甘油灌肠剂、炉甘石洗剂、氧化锌软膏、水杨酸软膏、硫软膏、解痉镇痛酊、冻疮膏、复方薄荷脑软膏、尿素维E乳膏、硼酸洗液、苯扎溴铵溶液、苯扎溴铵酊、复方醋酸地塞米松乳膏、复方苦参水杨酸散、白花油、酮康唑乳膏、复方土槿皮酊、碘甘油、复方硼砂含漱液、呋麻滴鼻液、氧氟沙星滴耳液,baostock+akshare
603208.SH,江山欧派,A股,C20木材加工和木、竹、藤、棕、草制品业,,门类产品的研发、生产和销售。 产品：夹板模压门、实木复合门、柜类产品、其他产品,baostock+akshare
603209.SH,兴通股份,A股,G55水上运输业,,全球散装液体危险货物的水上运输。 产品：化学品运输、成品油运输、LPG运输,baostock+akshare
603210.SH,泰鸿万立,A股,C36汽车制造业,,汽车结构件、功能件的研发、生产与销售。 产品：结构件、功能件、汽车结构件、其他(补充),baostock+akshare
603211.SH,晋拓股份,A股,C36汽车制造业,,铝合金精密零部件的研发、生产和销售。 产品：汽车类零部件、工业类零部件、模具、其他(补充),baostock+akshare
603212.SH,赛伍技术,A股,C29橡胶和塑料制品业,半导体材料;电芯,以胶粘剂为核心的薄膜形态高分子功能材料的研发、生产和销售。 产品：光伏材料、光伏电站维修延寿材料（MoPro）、光伏其他材料、交通和电子电力材料、消费电子材料和半导体材料、封装胶膜、背板、光伏电站维修延寿（MoPro）业务、电芯、模组、电池包结构件、显示材料、声学材料、模组材料、半导体、MLCC、LED、MiniLED、半导体、电气、交通运输工具材料(SET),baostock+akshare
603213.SH,镇洋发展,A股,C26化学原料和化学制品制造业,,氯碱相关产品的研发、生产与销售。 产品：氯碱类产品、MIBK类产品、PVC类产品、其他产品,baostock+akshare
603214.SH,爱婴室,A股,F52零售业,,母婴商品与母婴健康服务。 产品：奶粉、食品、用品、棉纺、玩具及出行、婴幼儿乳制品、纸制品、喂哺用品、洗护用品、棉纺品、玩具、车床,baostock+akshare
603215.SH,比依股份,A股,C38电气机械和器材制造业,,智能小家电产品的研发、设计、制造和销售。 产品：空气炸锅、空气烤箱、油炸锅、环境电器、咖啡机、煎烤器、空气烤箱、空气炸锅、配件及其他,baostock+akshare
603216.SH,梦天家居,A股,C20木材加工和木、竹、藤、棕、草制品业,,木门、墙板、柜类等定制化木质家具的设计、研发、生产和销售，为客户提供家居的整体空间解决方案。 产品：家具产品、木门、墙板、柜类、门类、其他(补充),baostock+akshare
603217.SH,元利科技,A股,C26化学原料和化学制品制造业,,高品质精细化工产品的研发、生产和销售。 产品：二元酸二甲酯系列产品、增塑剂系列产品、脂肪醇系列产品、光稳定剂系列产品,baostock+akshare
603218.SH,日月股份,A股,C34通用设备制造业,,大型重工装备铸件的研发、生产及销售。 产品：风电铸件、塑料机械铸件、柴油机铸件、加工中心铸件、球墨铸铁类产品、其他类产品、其他(补充),baostock+akshare
603219.SH,富佳股份,A股,C38电气机械和器材制造业,,吸尘器、扫地机器人等智能清洁类小家电及无刷电机等重要零部件的研发、设计、生产与销售。 产品：无线锂电吸尘器、有线吸尘器、工业用吸尘器、智能扫地机器人、高性能电机、清洁类小家电产品、工商业及用户储能产品、电机等组件,baostock+akshare
603220.SH,中贝通信,A股,I65软件和信息技术服务业,,向电信运营商、大型企业及政府提供专用通信与信息化服务。 产品：5G新基建、智算业务、智慧城市、智慧城市及其他,baostock+akshare
603221.SH,爱丽家居,A股,C29橡胶和塑料制品业,,PVC弹性地板的研发、生产和销售。 产品：悬浮地板、锁扣地板、普通地板,baostock+akshare
603222.SH,济民健康,A股,C35专用设备制造业,,医疗服务业务，医疗器械的研发、生产和销售，大输液系列产品的研发、生产和销售。 产品：大输液、医疗器械、医疗服务、注射穿刺器械系列产品、预充式导管冲洗器系列产品、体外诊断系列产品、基础输液、电解质输液、冲洗剂、治疗性输液,baostock+akshare
603223.SH,恒通股份,A股,D45燃气生产和供应业,,港口业务、实体物流业务、清洁能源业务。 产品：道路货物物流运输、LNG能源贸易物流业务、码头装卸及租赁业务、码头收入、货物运输、LNG等贸易,baostock+akshare
603225.SH,新凤鸣,A股,C28化学纤维制造业,,民用涤纶长丝、短纤及其主要原材料之一PTA的研发、生产和销售。 产品：涤纶长丝、涤纶短纤、POY、FDY、DTY、棉型、水刺、涡流纺、三维中空、彩纤、PTA,baostock+akshare
603226.SH,菲林格尔,A股,C20木材加工和木、竹、藤、棕、草制品业,,木地板、全屋定制家居、门及木饰面等的研发、设计、生产及销售。 产品：地板、橱柜家具、门、木饰面、门及木饰面等,baostock+akshare
603227.SH,雪峰科技,A股,C26化学原料和化学制品制造业,,民爆业务与能化业务。 产品：民爆产品、爆破服务、运输服务、商品贸易、LNG、化工产品、工业炸药、工业电子雷管、工业导爆索、三聚氰胺、硝酸铵、商品尿素、硝基复合肥,baostock+akshare
603228.SH,景旺电子,A股,C39计算机、通信和其他电子设备制造业,PCB,PCB研发、生产和销售。 产品：印制电路板、多层板、HDI、高多层板、FPC、MPCB、刚挠结合板、其他(补充),baostock+akshare
603229.SH,奥翔药业,A股,C27医药制造业,,制剂、特色原料药及医药中间体的研发、生产与销售，以及为客户提供定制生产和研发业务。 产品：肝病类、呼吸系统类、心脑血管类、高端氟产品类、前列腺素类、抗菌类、痛风类、抗肿瘤类、神经系统类,baostock+akshare
603230.SH,内蒙新华,A股,R86新闻和出版业,,文化消费、教育服务、现代物流及其他文化相关业务等。 产品：教材图书、一般图书、教育装备及文化用品、经营租赁及物业管理,baostock+akshare
603231.SH,索宝蛋白,A股,C13农副食品加工业,,大豆蛋白系列产品的研发、生产和销售。 产品：大豆分离蛋白、大豆浓缩蛋白、组织化蛋白、非转基因大豆油、大豆膳食纤维、其他产品,baostock+akshare
603232.SH,格尔软件,A股,I65软件和信息技术服务业,,数字信任和数据安全相关的产品的研发、生产和销售及服务业务。 产品：PKI基础设施产品、PKI安全应用产品、通用安全产品,baostock+akshare
603233.SH,大参林,A股,F52零售业,,中西成药、参茸滋补药材及中药饮片、保健品、医疗器械及其他商品的连锁零售业务。 产品：中西成药、中参药材、非药品,baostock+akshare
603235.SH,天新药业,A股,C14食品制造业,,单体维生素研发、生产和销售。 产品：B族维生素、其他维生素、精细化工品、维生素B6、维生素B1、生物素、叶酸、维生素B5、维生素D3、抗坏血酸棕榈酸酯、维生素E粉、维生素A、ABL、胆固醇、甲醇钠、L-丙氨酸,baostock+akshare
603236.SH,移远通信,A股,C39计算机、通信和其他电子设备制造业,,物联网领域无线通信模组及其解决方案的设计、研发、生产与销售服务。 产品：蜂窝模组（5G/4G/3G/2G/LPWA）、车载前装模组、智能模组（5G/4G/边缘计算）、短距离通信模组(Wi-Fi&BT)、GNSS定位模组、卫星通信模组、天线、模组+天线、其他,baostock+akshare
603237.SH,五芳斋,A股,C14食品制造业,,粽子等食品的研发、生产和销售，以及门店餐饮服务。 产品：粽子系列、月饼系列、餐食系列、蛋制品、糕点、蛋制品、糕点及其他,baostock+akshare
603238.SH,诺邦股份,A股,C17纺织业,,差异化、个性化水刺非织造材料及其制品研发、生产和销售业务。 产品：水刺非织造材料、水刺非织造制品、美容护理类、民用清洁类、工业用材类、医用材料类、干巾类、湿巾类、其他(补充),baostock+akshare
603239.SH,浙江仙通,A股,C36汽车制造业,,汽车密封条等汽车零部件的研发、设计、生产和销售。 产品：橡胶密封条、塑胶密封条、金属辊压件、前车门框密封条、门上密封条、背门框密封条、车门外水切、风挡外饰胶条、三角窗玻璃密封条、行李箱密封条、天窗密封条、车顶饰条、车门玻璃导槽、其他(补充),baostock+akshare
603248.SH,锡华科技,A股,C34通用设备制造业,,大型高端装备专用部件的研发、制造与销售。 产品：风电齿轮箱专用部件、注塑机厚大专用部件、其他(补充),baostock+akshare
603255.SH,鼎际得,A股,C26化学原料和化学制品制造业,,高分子材料化学助剂、单剂、催化剂的研发、生产和销售。 产品：催化剂、复合助剂、抗氧剂单剂、POE,baostock+akshare
603256.SH,宏和科技,A股,C30非金属矿物制品业,,中高端电子级玻璃纤维布、电子级玻璃纤维超细纱的研发、生产和销售。 产品：电子级玻璃纤维布、电子纱、极薄布、超薄布等高端E玻璃纤维布、低介电、低热膨胀系数、电子级玻璃纤维布销售、其中:电子级玻璃纤维布销售-E玻璃纤维布、其中:电子级玻璃纤维布销售-特种电子布,baostock+akshare
603257.SH,中国瑞林,A股,M74专业技术服务业,,工程设计咨询业务、装备集成业务、工程总承包业务。 产品：工程设计咨询业务、工程总承包业务、装备集成业务、工程设计、工程咨询、其他工程服务、有色冶金专用设备、自动控制系统、智能化应用、装备集成、设计咨询、总承包,baostock+akshare
603258.SH,电魂网络,A股,I64互联网和相关服务,,精品化网络游戏产品的研发、制作和运营。 产品：客户端游戏、移动端游戏、小游戏、AI游戏、单机游戏、主机游戏、APP平台和电竞赛事、《梦三国2》、《梦塔防》、《梦三国手游》《野蛮人大作战》系列、《华武战国》、《有间旺铺》、《工匠与旅人》、《江湖如梦》、《幻灵召唤师》、《吾家有女Ai》、《H5闪电玩平台》、《口袋梦三国》、其他(补充),baostock+akshare
603259.SH,药明康德,A股,M73研究和试验发展,,为全球医药及生命科学行业提供一体化、端到端的新药研发和生产服务。 产品：化学业务、测试业务、生物学业务、其他业务、化学业务(WuXiChemistry)、测试业务(WuXiTesting)、生物学业务(WuXiBiology),baostock+akshare
603260.SH,合盛硅业,A股,C26化学原料和化学制品制造业,,工业硅、有机硅及多晶硅等硅基新材料产品的研发、生产及销售。 产品：非金属冶炼、化工行业、工业硅、有机硅、多晶硅、其他主营业务,baostock+akshare
603261.SH,立航科技,A股,C37铁路、船舶、航空航天和其他运输设备制造业,,航空装备的研发与制造。 产品：飞机零件加工及部件装配、飞机地面保障设备及工艺装备、其他产品及业务,baostock+akshare
603262.SH,技源集团,A股,C14食品制造业,,膳食营养补充产品研发创新及产业化，为全球膳食营养补充行业提供原创性和定制化的营养原料及制剂产品。 产品：HMB、氨基葡萄糖、硫酸软骨素、其他营养原料、片剂、其他营养制剂,baostock+akshare
603266.SH,天龙股份,A股,C29橡胶和塑料制品业,,模具、汽车零部件的研发、生产和销售。 产品：汽车电子控制类零部件、汽车轻量化功能结构件、电工电器精密零部件、其他精密塑料结构件、精密模具,baostock+akshare
603267.SH,鸿远电子,A股,C39计算机、通信和其他电子设备制造业,机器人本体/集成,以瓷介电容器、滤波器、集成电路、微波模块、微纳系统集成陶瓷管壳等为主的电子元器件的技术研发、产品生产和销售。 产品：瓷介电容器、滤波器、集成电路、微波模块、微纳系统集成陶瓷管壳、自产电子元器件、代理产品、其他主营业务,baostock+akshare
603268.SH,松发股份,A股,C37铁路、船舶、航空航天和其他运输设备制造业,,船舶及高端装备的研发、生产和销售。 产品：船舶建造及相关产品、散货船、油轮、集装箱船、气体运输船、其他(补充)、其他,baostock+akshare
603269.SH,DR海鸥股,A股,C34通用设备制造业,,冷却技术及装备的研发、设计、生产、销售。 产品：常规冷却塔、开式消雾塔、开式降噪塔、闭式塔、老旧塔技术改造、安装调试保养服务、水处理剂、冷却塔配件、空分设备及配件、制氢设备及配件,baostock+akshare
603270.SH,金帝股份,A股,C34通用设备制造业,,轴承保持架及配件、精密零部件。 产品：轴承保持架及配件等、精密零部件、其他主营业务,baostock+akshare
603271.SH,永杰新材,A股,C32有色金属冶炼和压延加工业,,铝板带箔的研发、生产与销售。 产品：铝板带、铝箔、其他(补充),baostock+akshare
603272.SH,*ST联翔,A股,C24文教、工美、体育和娱乐用品制造业,,墙布、窗帘等室内家居装饰用品的研发、设计、生产与销售业务，以及室内整体装饰装修工程业务。 产品：墙布、窗帘、装修服务、墙布、窗帘及相关产品、其他(补充),baostock+akshare
603273.SH,天元智能,A股,C35专用设备制造业,,自动化成套装备及机械装备配套产品的研发、设计、生产与销售。 产品：蒸压加气混凝土装备、机械装备配套产品、其他(补充),baostock+akshare
603275.SH,众辰科技,A股,C40仪器仪表制造业,伺服系统,工业自动化领域产品研发、生产、销售及服务。 产品：通用变频器、行业专机、伺服系统、减速机、变频器、其中:变频器-通用变频器、其中:变频器-行业专机,baostock+akshare
603276.SH,恒兴新材,A股,C26化学原料和化学制品制造业,,有机酮、有机酯、有机酸等精细化工产品的研发、生产和销售。 产品：有机酮、有机酯、有机酸,baostock+akshare
603277.SH,银都股份,A股,C34通用设备制造业,,商用餐饮设备的研发、生产和销售。 产品：商用餐饮设备、商用餐饮制冷设备、西厨设备、自助餐设备、其他主营业务,baostock+akshare
603278.SH,大业股份,A股,C33金属制品业,,胎圈钢丝、钢帘线以及胶管钢丝的研发、生产和销售。 产品：胎圈钢丝、胶管钢丝、钢帘线,baostock+akshare
603279.SH,景津装备,A股,C34通用设备制造业,锂电材料,过滤成套装备的生产和销售，致力于为固液提纯、分离提供专业的成套解决方案。 产品：压滤机整机、配件、配套装备、隔膜压滤机、厢式压滤机、滤板、滤布、其中:压滤机整机-隔膜压滤机、其中:压滤机整机-厢式压滤机,baostock+akshare
603280.SH,XD南方路,A股,C35专用设备制造业,,工程搅拌设备、原生骨料加工处理设备和骨料再生处理设备的设计、研发、生产及销售。 产品：工程搅拌设备、原生骨料加工处理设备、配件、骨料资源化再生处理设备、软件销售,baostock+akshare
603281.SH,江瀚新材,A股,C26化学原料和化学制品制造业,,功能性硅烷及其他硅基新材料的研发、生产和销售。 产品：功能性硅烷、功能性硅烷中间体、其他(补充),baostock+akshare
603282.SH,亚光股份,A股,C35专用设备制造业,,各类工业领域中的蒸发、结晶、过滤、清洗、干燥、有机溶媒精馏等设备的研发、生产和销售，并提供系统工程解决方案。 产品：清洗机系列、过滤洗涤干燥机系列、隔离转运系列、其他制药装备、胶塞清洗机、铝盖清洗机、工业级过滤洗涤干燥机、无菌级过滤洗涤干燥机、旋转式过滤洗涤干燥机、翻转式过滤洗涤干燥机、无菌袋转运、移动层流车转运、整体隔离转运、管道转运系统、单锥干燥/混合机、分装称重轧盖系统、负压密闭隔离器、热压蒸馏水机、反应罐、结晶罐、真空泵、MVR、过滤洗涤干燥机、其他设备,baostock+akshare
603283.SH,赛腾股份,A股,C35专用设备制造业,机器人应用,智能制造装备的研发、设计、生产、销售及技术服务，为客户实现智能化生产提供系统解决方案。 产品：自动化设备、夹治具、技术服务费,baostock+akshare
603284.SH,林平发展,A股,C22造纸和纸制品业,,包装用原纸产品的研发、生产和销售。 产品：瓦楞纸、箱板纸、原纸、其他(补充),baostock+akshare
603285.SH,键邦股份,A股,C26化学原料和化学制品制造业,PACK/BMS,专业从事高分子材料环保助剂研发、生产与销售。 产品：功能助剂、PVC热稳定剂、赛克、钛酸酯、DBM/SBM、乙酰丙酮盐、其他(补充),baostock+akshare
603286.SH,日盈电子,A股,C36汽车制造业,,国内领先的汽车零部件优质供应商，具有自主研发能力及生产制造能力，近年来通过不断研发创新、产品升级，逐步形成以“感知-传输-控制-执行”为核心的系列产品。 产品：感知类产品、传输类产品、控制类产品、执行类产品、精密注塑、各类传感器、车用线束、天窗控制器、洗涤系统、汽车零部件、短交通零部件、智能家居传感器,baostock+akshare
603288.SH,海天味业,A股,C14食品制造业,,调味品的生产与销售。 产品：酱油、蚝油、调味酱、食醋、料酒、复合调味料、其他,baostock+akshare
603289.SH,泰瑞机器,A股,C35专用设备制造业,,注塑机的研发、设计、生产、销售和服务，并为下游应用领域提供注塑成型解决方案。 产品：NEO系列、Dream系列、肘杆式注塑机、二板式注塑机、全电动注塑机、多组分注塑机、注塑机、配件及劳务、压铸机,baostock+akshare
603290.SH,斯达半导,A股,C39计算机、通信和其他电子设备制造业,临床服务/CDMO,以IGBT和SiC为主的功率半导体芯片和模块的设计研发、生产及销售。 产品：IGBT、SiCMOSFET、GaNHEMT、快恢复二极管等功率半导体器件、汽车级与工业级MCU、栅极驱动IC芯片、IGBT模块、其他产品、其他(补充),baostock+akshare
603291.SH,联合水务,A股,D46水的生产和供应业,,自来水生产与供应、污水处理与资源化利用、河湖流域水治理和水生态修复等水环境治理业务。 产品：供水及衍生业务、污水处理与资源化利用业务、水环境和水生态修复业务、EPC工程业务、BOT建造工程业务、污水处理与资源化业务利用业务、其他,baostock+akshare
603293.SH,埃泰克,A股,C39计算机、通信和其他电子设备制造业,,车身域、智能座舱域、动力域以及智能驾驶域等汽车电子产品的研发、生产及销售。 产品：车身域电子产品、智能座舱域电子产品、动力域电子产品、智能驾驶域电子产品、汽车电子EMS、技术开发服务、车身控制器、车身域控制器、区域控制器、商用车控制器、商用车身域控制器、座椅控制器、电子转向柱锁、网关、智能钥匙、数字钥匙、无钥匙进入及启动系统、射频接收器、低频天线、触摸把手、数字仪表、车载显示屏、智能座舱域控制器、车载增强实景抬头显示器、新能源整车控制器、热管理控制器、毫米波雷达、汽车电子产品、技术开发收入,baostock+akshare
603296.SH,华勤技术,A股,C39计算机、通信和其他电子设备制造业,数据中心/云厂商,智能硬件产品的研发设计、生产制造和运营服务。 产品：移动终端业务、个人电脑业务、数据中心业务、AIoT业务、汽车电子、机器人、软件、智能手机、平板电脑及智能穿戴产品、个人电脑产品、数据中心产品、AIoT产品、汽车电子产品、机器人产品、计算及数据业务、AIOT业务,baostock+akshare
603297.SH,永新光学,A股,C40仪器仪表制造业,,光学显微镜、光学元件组件和其他光学产品的研发、生产和销售。 产品：光学元件系列、显微镜系列、生物显微镜、工业显微镜、条码扫描仪镜头、模组、平面光学元件、专业成像光学镜片、镜头、其他(补充),baostock+akshare
603298.SH,杭叉集团,A股,C34通用设备制造业,,叉车等工业车辆的研发、生产和销售。 产品：内燃叉车、电动叉车、其他工业车辆、叉车及配件、其他(补充),baostock+akshare
603299.SH,苏盐井神,A股,C26化学原料和化学制品制造业,,盐矿的开采、盐及盐化工产品的生产与销售。 产品：盐类产品、碱类产品、钙类产品、食盐、两碱工业盐、小工业盐、纯碱、其他,baostock+akshare
603300.SH,海南华铁,A股,L71租赁业,,建筑支护及AI算力等设备租赁、高空作业平台及地下维修维护设备等各类工程设备租赁与服务。 产品：高空作业平台、建筑支护设备、算力设备服务,baostock+akshare
603301.SH,振德医疗,A股,C27医药制造业,,医疗和健康产品的研发、生产与销售。 产品：医疗领域产品、健康领域产品、造口与现代伤口护理产品、手术感控产品、感控防护产品、基础护理产品、压力治疗与固定产品、呼吸治疗产品、麻醉系列产品、健康防护、伤口护理、家庭洁净、成人护理、护具辅具、理疗贴剂、个人美护、口鼻护理、手术感控、基础护理、造口及现代伤口护理、压力治疗与固定,baostock+akshare
603303.SH,得邦照明,A股,C38电气机械和器材制造业,,通用照明和车载零部件的研发、生产、销售和服务。 产品：通用照明、车用照明、照明工程施工,baostock+akshare
603305.SH,旭升集团,A股,C36汽车制造业,,精密轻量化铝合金零部件的研发、生产与销售，并专注于为客户提供轻量化系统解决方案。 产品：精密铝合金零部件、汽车类、储能类、模具类,baostock+akshare
603306.SH,华懋科技,A股,C36汽车制造业,,汽车被动安全部件的研发、生产、销售。 产品：被动安全系统部件、安全气囊布、安全气囊袋、安全带、其他、其他(补充),baostock+akshare
603307.SH,扬州金泉,A股,C17纺织业,,户外用品的研发、设计、生产和销售。 产品：帐篷、睡袋、户外服装、背包、服装,baostock+akshare
603308.SH,应流股份,A股,C34通用设备制造业,,通用设备、工程机械设备、交通运输设备零部件制造、销售与技术开发。 产品：高温合金产品及精密铸钢件产品、核电及其他中大型铸钢件产品、新型材料与装备、高温合金产品、精密铸钢件产品、机械装备构件、泵及阀门零件、其他(补充),baostock+akshare
603309.SH,维力医疗,A股,C35专用设备制造业,,麻醉、导尿、泌尿外科、护理、呼吸、血液透析等领域医疗器械的研发、生产和销售。 产品：麻醉、导尿、泌尿外科、护理、呼吸、血液透析、气管插管、喉罩、支气管插管、可视支气管插管、气管切开插管、麻醉面罩、人工鼻、麻醉呼吸管路、电子镇痛泵、导尿管、导尿包、抗菌导尿管、测温导尿管、引流袋、男用导尿套、精密尿袋、包皮环切缝合器、清石鞘、微创扩张引流套件、导丝、球囊扩张导管、输尿管扩张器、输尿管导引鞘、取石篮、输尿管支架、输尿管导管、杨克引流管、口护吸痰管、排泄物管理器、氧气面罩、氧浓度可调面罩、药物吸入雾化器、血液净化体外循环管路,baostock+akshare
603310.SH,巍华新材,A股,C26化学原料和化学制品制造业,,研发和生产氯甲苯和三氟甲基苯系列产品。 产品：氯甲苯系列、三氟甲基苯系列、三氟甲基吡啶系列,baostock+akshare
603311.SH,金海高科,A股,C35专用设备制造业,,空气治理领域核心部件的研发与生产制造。 产品：高性能过滤材料、功能性过滤材料、多功能过滤网、各类过滤器、风扇、注塑件、组件、空气过滤网及网板、空调风轮及周边产品、过滤器,baostock+akshare
603312.SH,西典新能,A股,C38电气机械和器材制造业,,电连接产品的研发、设计、生产和销售。 产品：电池连接系统、电控母排、工业电气母排,baostock+akshare
603313.SH,梦百合,A股,C21家具制造业,,记忆绵床垫、记忆绵枕头、沙发、电动床及其他家居制品的研发、生产和销售。 产品：床垫、枕头、沙发、电动床、卧具、记忆绵床垫、记忆绵枕、其他,baostock+akshare
603315.SH,福鞍股份,A股,N77生态保护和环境治理业,,重大技术装备配套大型铸钢件的生产和销售。 产品：火电设备铸件、水电设备铸件、其他铸件、机械加工、托管运营、工程总承包、设计咨询、检测,baostock+akshare
603316.SH,诚邦股份,A股,E48土木工程建筑业,,半导体存储业务和生态环境建设业务。 产品：半导体存储业务、环境建设业务、建设及养护、设计、运维、商品贸易服务及其他、存储产品销售、存储产品加工、存储材料销售及其他业务,baostock+akshare
603317.SH,天味食品,A股,C14食品制造业,,复合调味料的研发、生产和销售。 产品：火锅调料、菜谱式调料、香肠腊肉调料、鸡精、调味酱,baostock+akshare
603318.SH,水发燃气,A股,D45燃气生产和供应业,,LNG业务、城镇燃气运营，以天然气发电为主的燃气设备制造以及分布式能源综合服务业务。 产品：LNG业务、能源综合服务业务、燃气设备业务、燃气运营业务,baostock+akshare
603319.SH,美湖股份,A股,C36汽车制造业,机器人减速器;新能源车/储能,发动机(或内燃机)系统的关键及重要零部件-泵类产品的研发、制造和销售。 产品：柴油机机油泵、汽油机机油泵、电机、变速箱泵、新能源车用零部件、执行器业务、变排量泵、定量泵、自动变速箱泵类、电子泵类产品、高功率电子水泵、板式换热器、行星减速器、谐波减速器、执行器、粉末冶金零部件及轻量化材料、其他,baostock+akshare
603320.SH,迪贝电气,A股,C34通用设备制造业,,家用、商用及车载压缩机密封电机的研发、生产与销售，同步拓展直流变频电机驱动器业务。 产品：家用压缩机电机、商用压缩机电机、其他,baostock+akshare
603321.SH,梅轮电梯,A股,C34通用设备制造业,,客梯、货梯、自动扶梯、自动人行道及配套件研发、生产、销售，以及整机安装、维保服务。 产品：电梯、扶梯、人行道、零部件、安装及维保、扶梯、人行道,baostock+akshare
603322.SH,超讯科技,A股,I65软件和信息技术服务业,,智算业务和信通业务。 产品：算力、通服、ICT,baostock+akshare
603323.SH,苏农银行,A股,J66货币金融服务,,零售业务、金融市场、金融科技三大业务。 产品：发放贷款及垫款、金融投资、存放同业、存放中央银行、拆出资金及买入返售金融资产、理财业务、支付结算与代理手续费、电子银行业务、贷记卡、债券借贷、外汇业务、资金业务、公司银行业务、个人银行业务,baostock+akshare
603324.SH,盛剑科技,A股,C35专用设备制造业,,提供绿色厂务系统解决方案、装备及核心零部件类产品、电子化学品材料等。 产品：绿色厂务系统解决方案、装备及核心零部件类产品、电子化学品材料、半导体工艺废气系统解决方案、化学品供应与回收再生系统解决方案、半导体附属装备及核心零部件、工艺排气管道、中央废气治理设备、绿色厂务系统、设备及关键零部件产品,baostock+akshare
603325.SH,博隆技术,A股,C34通用设备制造业,,提供物料气力输送、计量配混、存储、掺混、均化的成套设备及相应的部件、备件和服务。 产品：成套系统、单一功能系统、部件备件及服务,baostock+akshare
603326.SH,我乐家居,A股,C21家具制造业,,整体厨柜及全屋定制家具的研发、设计、生产与销售。 产品：整体厨柜、全屋定制,baostock+akshare
603327.SH,福蓉科技,A股,C39计算机、通信和其他电子设备制造业,新能源车/储能,手机、平板电脑、笔记本电脑等消费电子产品铝制结构件材料、新能源和汽车铝型材及其精深加工件的研发、生产及销售业务。 产品：消费电子产品铝制结构件材料、新能源和汽车铝型材及其精深加工件、消费电子铝型材、新能源汽车铝型材、铸锭废铝及其他,baostock+akshare
603328.SH,依顿电子,A股,C39计算机、通信和其他电子设备制造业,PCB,高精度、高密度双层及多层印制线路板（PCB）研发、制造与销售。 产品：线路板、多层板、厚铜板、高频高速板、金属基电路板、HDI板、印刷线路板、其他(补充),baostock+akshare
603329.SH,上海雅仕,A股,L72商务服务业,,供应链物流和供应链执行贸易。 产品：多式联运、第三方物流服务、供应链执行贸易,baostock+akshare
603330.SH,天洋新材,A股,C29橡胶和塑料制品业,,各类热塑性环保粘接材料的研发、生产及销售。 产品：纺织热熔胶、汽车用胶、汽车/纺织膜材料、电子级胶黏剂、环保墙布、热熔胶、光伏封装胶膜、反应型胶黏剂,baostock+akshare
603331.SH,百达精工,A股,C34通用设备制造业,新能源车/储能,各类压缩机零部件、汽车零部件的研发、制造和销售业务。 产品：压缩机零部件、汽车零部件、旋转式压缩机核心零部件、涡旋式压缩机核心零部件、汽车发电机装置核心零部件、汽车EPB电子驻车装置核心零部件（卡钳活塞等）、汽车EPS电子转向装置核心零部件、新能源汽车空调装置核心零部件、新能源汽车驱动电机装置核心零部件、汽车底盘控制臂、其他(补充),baostock+akshare
603332.SH,苏州龙杰,A股,C28化学纤维制造业,,差别化涤纶长丝、PTT纤维等聚酯纤维长丝的研发、生产及销售。 产品：差别化涤纶长丝、PTT纤维、再生环保纤维、FDY差别化产品、DTY差别化产品、其他,baostock+akshare
603333.SH,福华尚纬,A股,C38电气机械和器材制造业,,高端特种电缆产品的研发、生产、销售。 产品：普通电缆、特种电缆、核电站用电缆、轨道交通用电缆、中压交联电缆、高压电力电缆、太阳能光伏发电用电缆、矿用电缆、船用电缆、风力发电用电缆、军工航天航空用电缆、海上石油平台用电缆、其他(补充),baostock+akshare
603334.SH,丰倍生物,A股,C42废弃资源综合利用业,,以废弃油脂资源综合利用业务为主，油脂化学品业务为辅。 产品：生物燃料、生物基材料、油脂化学品,baostock+akshare
603335.SH,迪生力,A股,C36汽车制造业,,汽车铝合金轮毂及汽车轮胎的生产和销售。 产品：轮毂、轮胎、配件、汽车铝合金轮毂、汽车轮胎、新材料,baostock+akshare
603336.SH,宏辉果蔬,A股,C13农副食品加工业,,果蔬产品的种植管理、采后收购、产地预冷、冷冻仓储、预选分级、加工包装、冷链配送业务。 产品：水果、蔬菜、食用油、食品、肉类贸易,baostock+akshare
603337.SH,杰克科技,A股,C35专用设备制造业,机器人本体/集成,提供软硬件为一体的智能化服装成套装备服务。 产品：智能工业缝纫机、智能裁床及铺布机、衬衫及牛仔智能自动缝制设备、智能衬衫及牛仔智能缝制设备、智能裁床和智能铺布机、智能物流及仓储系统、数字化成套解决方案、艾图人形机器人及艾图AI数字成套产线解决方案,baostock+akshare
603338.SH,浙江鼎力,A股,C35专用设备制造业,,各类智能高空作业平台的研发、制造、销售和服务。 产品：高空作业平台、臂式、剪叉式、桅杆式、差异化高空作业平台、其他(补充),baostock+akshare
603339.SH,四方科技,A股,C33金属制品业,,冷链装备和罐式集装箱的研发、生产和销售。 产品：冷链设备、罐式集装箱、速冻设备、制冷压缩机组、换热器、绝热节能材料、冷库、标准罐式集装箱、特种罐式集装箱、其他(补充),baostock+akshare
603341.SH,龙旗科技,A股,C39计算机、通信和其他电子设备制造业,,智能产品研发设计、生产制造、综合服务。 产品：智能手机、平板电脑、AIoT产品,baostock+akshare
603344.SH,星德胜,A股,C38电气机械和器材制造业,,微特电机及相关产品的研发、生产及销售。 产品：交流串激电机、直流无刷电机、直流有刷电机、其他,baostock+akshare
603345.SH,安井食品,A股,C13农副食品加工业,,速冻调制食品（以速冻鱼糜制品、速冻肉制品为主）、速冻菜肴制品和速冻面米制品等速冻食品的研发、生产和销售。 产品：速冻调制食品、速冻菜肴制品、速冻面米制品、烘焙食品,baostock+akshare
603348.SH,文灿股份,A股,C36汽车制造业,,汽车铝合金精密铸件的研发、生产和销售。 产品：汽车类、非汽车类、其他(补充),baostock+akshare
603350.SH,安乃达,A股,C38电气机械和器材制造业,,电机、控制器、传感器、仪表等全链条电驱动系统自主研发、设计、生产。 产品：电动自行车、电助力自行车、电动摩托车、电动滑板车、轮毂电机、中置电机、控制器及其他,baostock+akshare
603351.SH,威尔药业,A股,C25石油、煤炭及其他燃料加工业,,药用辅料及合成润滑基础油产品的研发、生产和销售。 产品：合成润滑基础油、药用辅料、合成润滑基础油(机械类)、药用辅料(非注射用)、合成润滑基础油(非机械类),baostock+akshare
603352.SH,至信股份,A股,C36汽车制造业,,汽车冲焊件以及相关模具的开发、加工、生产和销售。 产品：冲焊零部件、冲压模具、机器人工作站及集成、其他(补充),baostock+akshare
603353.SH,和顺石油,A股,F52零售业,,加油站零售连锁、成品油仓储、物流配送、批发。 产品：柴油、汽油、其他(补充),baostock+akshare
603355.SH,莱克电气,A股,C38电气机械和器材制造业,新能源车/储能,以超高速数码电机为核心技术，以清洁电器、智能净饮机、高端厨房电器、园林工具为主的机电一体化产品研发制造。 产品：清洁健康家电与园艺工具、电机、新能源汽车精密零部件、其他零部件产品、电机、新能源汽车精密零部件及其他零部件产品、其他(补充),baostock+akshare
603356.SH,华菱精工,A股,C34通用设备制造业,,电梯零部件、钣金件加工、新能源配件等的研发、生产和销售。 产品：电梯类产品、钣金类产品、新能源类产品、对重块、新型补偿缆、钣金产品、钢丝绳、车库钣金件、钣金结构件、风电制动器、光伏支架、新能源配件、钣金件、电梯绳,baostock+akshare
603357.SH,设计总院,A股,M74专业技术服务业,,提供勘察设计、咨询研发、试验检测、工程管理等专业工程咨询服务。 产品：工程勘察设计类业务、工程管理类业务、工程总承包类业务、新型业务、咨询研发业务、勘察设计业务、试验检测业务、勘察设计类、工程总承包类、工程管理类,baostock+akshare
603358.SH,华达科技,A股,C36汽车制造业,新能源车/储能,乘用车车身零部件、相关模具及新能源汽车电池箱托盘、电机轴、电机壳、储能箱箱体的开发、生产与销售。 产品：燃油车零部件、新能源汽车零部件、其他(补充),baostock+akshare
603359.SH,*ST东珠,A股,E48土木工程建筑业,,生态修复和治理服务。 产品：生态修复、市政景观、其他(补充),baostock+akshare
603360.SH,百傲化学,A股,C26化学原料和化学制品制造业,,异噻唑啉酮类工业杀菌剂原药剂的研发、生产和销售，在此基础上生产、销售工业杀菌剂复配产品。 产品：工业杀菌剂产品、半导体业务产品、其他(补充),baostock+akshare
603363.SH,傲农生物,A股,C13农副食品加工业,,生产、销售饲料及培育、销售种猪生猪。 产品：饲料、生猪、猪肉、肉制品、猪料、禽料、水产料、反刍料、仔猪、育肥猪、种猪、猪肉白条、分割品、冻品、速冻菜肴系列、调理速食系列、调味生制品系列、休闲即食产品系列、肠丸系列、复合调味酱系列、饲料及动保行业、饲养行业、食品,baostock+akshare
603365.SH,水星家纺,A股,C17纺织业,,家纺产品的研发、设计、生产与销售。 产品：套件、被子、枕芯、其它,baostock+akshare
603366.SH,日出东方,A股,C38电气机械和器材制造业,新能源车/储能,热水器、厨电、清洁能源采暖、净水等业务的研发、生产和销售。 产品：清洁能源热能应用板块产品、储能板块、厨电板块产品、空气能热泵及地源热泵产品、太阳能光热产品、户用储能、工商业储能、大型储能系统、配套储能钣金结构件、吸油烟机、燃气灶具、集成灶、净水机、电热水器、燃气热水器、消毒柜、嵌入式电烤箱、蒸汽炉、微波炉、蒸烤一体机、洗碗机、垃圾处理器、太阳能热水器、空气能、厨电产品,baostock+akshare
603367.SH,辰欣药业,A股,C27医药制造业,,药品的研发、生产与销售。 产品：大容量注射剂、小容量注射剂、口服固体制剂、冻干粉针剂、冲洗剂、滴剂、膏剂、原料（自产外销）,baostock+akshare
603368.SH,柳药集团,A股,F51批发业,,医药批发、医药零售和医药工业。 产品：药品、医疗器械、其他,baostock+akshare
603369.SH,今世缘,A股,C15酒、饮料和精制茶制造业,,白酒的生产和销售。 产品：国缘系列白酒、今世缘系列白酒、高沟系列白酒、特A+类、特A类、A类,baostock+akshare
603370.SH,华新精科,A股,C38电气机械和器材制造业,新能源车/储能,精密铁芯的研发、制造与销售。 产品：精密冲压铁芯、精密冲压模具、新能源汽车驱动电机铁芯、微特电机铁芯、电气设备铁芯、点火线圈铁芯、其中:精密冲压铁芯-新能源汽车驱动电机铁芯、其中:精密冲压铁芯-微特电机铁芯、其他(补充),baostock+akshare
603373.SH,安邦护卫,A股,L72商务服务业,,金融安全服务、综合安防服务和社会治理服务、海外安保业务。 产品：金融安全服务、综合安防服务、社会治理服务,baostock+akshare
603375.SH,盛景微,A股,C39计算机、通信和其他电子设备制造业,,开发、生产、销售电子控制模块、起爆控制器、放大器等。 产品：电子控制模块、起爆控制器、放大器、其他,baostock+akshare
603376.SH,XD大明电,A股,C36汽车制造业,,汽车车身电子电器控制系统设计、开发、生产和销售。 产品：驾驶辅助系统相关产品、智能光电系统相关产品、门窗控制系统相关产品、座舱中控系统相关产品、座椅调节系统相关产品、车身电子电器控制系统、其他配套件、其他(补充),baostock+akshare
603377.SH,ST东时,A股,P83教育,,机动车驾驶人培训和民用航空器驾驶员培训。 产品：机动车驾驶培训、民用航空器驾驶培训、销售商品、代理服务、租赁服务、餐饮住宿、机动车驾驶培训收入、民用航空器驾驶培训收入、其他收入,baostock+akshare
603378.SH,*ST亚士,A股,C26化学原料和化学制品制造业,,功能型建筑涂料、建筑保温装饰一体化材料、建筑节能保温材料、防水材料、砂浆、家居新材料的研发、生产、销售及服务。 产品：功能型建筑涂料、建筑保温装饰一体化材料、建筑节能保温材料、防水材料、砂浆材料、家居新材料、建筑节能材料,baostock+akshare
603379.SH,三美股份,A股,C26化学原料和化学制品制造业,,氟碳化学品和无机氟产品等氟化工产品的研发、生产和销售。 产品：氟制冷剂、氟发泡剂、氟化氢,baostock+akshare
603380.SH,易德龙,A股,C39计算机、通信和其他电子设备制造业,,提供柔性电子制造服务（EMS）解决方案。 产品：通讯类产品、工业控制类产品、消费电子类产品、医疗电子类产品、汽车电子类产品、电子元器件销售、其他(补充)、技术检测服务,baostock+akshare
603381.SH,永臻股份,A股,C38电气机械和器材制造业,,绿色能源结构材料的研发、生产、销售及应用。 产品：光伏边框产品、光伏支架结构件、其他(补充)、其他产品,baostock+akshare
603382.SH,海阳科技,A股,C26化学原料和化学制品制造业,,尼龙6系列产品研发、生产和销售。 产品：切片系列、丝线系列、帘子布系列、尼龙6切片、尼龙6丝线、尼龙6帘子布、涤纶帘子布、尼龙66帘子布、帘子布,baostock+akshare
603383.SH,顶点软件,A股,I65软件和信息技术服务业,机器人本体/集成,新交易体系业务、财富管理业务、新资管体系业务、大运营体系业务以及其他金融行业业务。 产品：软件开发及服务业务、系统集成,baostock+akshare
603385.SH,惠达卫浴,A股,C30非金属矿物制品业,,卫浴产品的设计、研发、生产和销售，为消费者提供一站式卫浴产品综合解决方案。 产品：卫生洁具、陶瓷砖、岩板、整体厨卫、卫生陶瓷、五金洁具、浴缸浴房、浴室柜、内墙砖和地砖,baostock+akshare
603386.SH,骏亚科技,A股,C39计算机、通信和其他电子设备制造业,PCB,印制电路板（PCB）的研发、生产和销售及印制电路板的表面贴装（SMT）。 产品：PCB、SMT、整机、其他(补充),baostock+akshare
603387.SH,基蛋生物,A股,C27医药制造业,,体外诊断试剂与仪器的研发、生产、销售及服务。 产品：POCT系列、化学发光系列、生化、血球及其他、三检、合作共建及其他、POCT、化学发光、流水线、血球、凝血、干化学、分子、三检、合作共建及其他,baostock+akshare
603389.SH,*ST亚振,A股,C21家具制造业,,中高端海派经典及海派现代家具产品的研发、生产与销售。 产品：橱柜类、床组类、桌几类、椅架类、沙发类、高端定制类、“A-Zenith亚振”、“AZ1865”、“AZMaxform麦蜂”、“WOODFORM”、钛精矿、锆英砂、其他(补充),baostock+akshare
603390.SH,通达电气,A股,C39计算机、通信和其他电子设备制造业,新能源车/储能,客车车载智能软、硬件系统的研发、生产及销售。 产品：智能网联系统系列产品、新能源汽车电机与热管理系统系列产品、车载部件系列产品、移动医疗车、车载部件系列、智能网联系统系列、新能源汽车电机与热管理系统系列,baostock+akshare
603391.SH,力聚热能,A股,C34通用设备制造业,,热水锅炉与蒸汽锅炉的研发、生产和销售。 产品：热水锅炉、蒸汽锅炉、燃气热水锅炉、电热水锅炉、燃气蒸汽锅炉、电蒸汽锅炉、工业锅炉、维保及合同能源管理、其他(补充),baostock+akshare
603392.SH,万泰生物,A股,C27医药制造业,,体外诊断试剂、体外诊断仪器与疫苗的研发、生产及销售。 产品：体外诊断试剂、体外诊断仪器、疫苗、双价人乳头瘤病毒疫苗（大肠埃希菌）、重组戊型肝炎疫苗（大肠埃希菌）、九价人乳头瘤病毒疫苗（大肠埃菌）、试剂、代理产品,baostock+akshare
603393.SH,新天然气,A股,D45燃气生产和供应业,,城市天然气的输配、销售、入户安装以及非常规天然气、常规油气和煤炭资源的勘探开发业务。 产品：天然气、煤层气、压缩天然气、常规油气、煤层气开采及销售、天然气供应、天然气开采及销售,baostock+akshare
603395.SH,红四方,A股,C26化学原料和化学制品制造业,,复合肥和氮肥产品的研发、生产、销售和服务。 产品：复合肥、氮肥产品、硫酸钾产品,baostock+akshare
603396.SH,金辰股份,A股,C35专用设备制造业,,高端智能装备的研发、设计、制造、销售和相关服务。 产品：光伏组件自动化设备、光伏电池自动化设备、其他功能性设备及配套件,baostock+akshare
603398.SH,*ST沐邦,A股,C38电气机械和器材制造业,半导体材料,光伏单晶硅棒、硅片的研发、生产与销售，以及益智玩具业务。 产品：太阳能单晶硅片、单晶硅棒、光伏硅片和硅棒、其他(补充)、玩教具,baostock+akshare
603399.SH,永杉锂业,A股,C32有色金属冶炼和压延加工业,锂电资源,电池级碳酸锂和电池级氢氧化锂的研发、生产和销售；钼炉料的生产、加工、销售业务。 产品：锂盐产品、钼产品、其他(补充),baostock+akshare
603400.SH,华之杰,A股,C34通用设备制造业,,以锂电池电源管理、智能控制、无刷电机驱动和控制等技术为核心，为下游应用领域提供电驱、电控、电池管理等方面的系统解决方案。 产品：智能开关、智能控制器、无刷电机、精密结构件、电动工具零部件、消费类电子零部件、其他(补充),baostock+akshare
603402.SH,陕西旅游,A股,R88文化艺术业,,旅游演艺、旅游索道、旅游餐饮、旅游项目投资及管理。 产品：旅游演艺、旅游索道、客运道路、旅游餐饮,baostock+akshare
603406.SH,天富龙,A股,C28化学纤维制造业,,聚酯材料及聚酯复合材料的研发、生产和销售。 产品：差别化复合纤维、再生有色涤纶短纤维、低熔点短纤维、聚烯烃复合短纤维、其他(补充),baostock+akshare
603407.SH,长裕集团,A股,C26化学原料和化学制品制造业,,锆类产品、特种尼龙产品、精细化工产品的研发、生产和销售。 产品：锆类产品、特种尼龙产品、精细化工产品、附产品、氧氯化锆、碳酸锆、氧化锆、纳米复合氧化锆、特种尼龙、长碳链二元酸、长碳链二甲酯、长碳链二元醇,baostock+akshare
603408.SH,建霖家居,A股,C29橡胶和塑料制品业,,厨卫产品、净水产品和其他产品的研发、设计、生产和销售。 产品：五金、定制家居、环境电器、厨卫产品、其他家居产品、净水产品,baostock+akshare
603409.SH,汇通控股,A股,C36汽车制造业,,汽车造型部件和汽车声学产品的研发、生产和销售，以及汽车车轮总成分装业务。 产品：汽车造型部件、汽车声学产品、车轮总成分装、格栅、保险杠、车身护板、激光雷达盖板、扰流板、顶棚、地毯、隔音隔热垫、轮罩、声学包、行李箱盖板、其他主营业务,baostock+akshare
603416.SH,信捷电气,A股,C40仪器仪表制造业,机器人传感器;机器人本体/集成,工业自动化产品的研发、生产及销售。 产品：可编程控制器、人机界面、驱动系统、智能装备、XS系列、XA系列、XD系列、XL系列、XM系列、ZP系列、ZG系列、XD系列扩展模块、XL系列扩展模块、XF系列扩展模块、信捷云智造平台、DS6系列、DS5系列、DM6系列、DF3系列、MS6系列、DP3系列、VH1系列、TS系列、TG系列、机器视觉、工业机器人、人形机器人,baostock+akshare
603418.SH,友升股份,A股,C36汽车制造业,,铝合金汽车零部件的设计、开发、生产、销售、服务，为汽车车身、底盘、电池系统轻量化提供一站式解决方案。 产品：铝合金汽车零部件、门槛梁系列、电池托盘系列、保险杠系列、副车架系列、模具、轮圈、减震、型材、其他(补充),baostock+akshare
603421.SH,鼎信通讯,A股,C40仪器仪表制造业,,低压电力线载波通信产品及消防产品的研发、生产、销售和服务以及模具和注塑件的销售。 产品：电能表、载波模块（含芯片）、消防产品、采集终端设备、配电产品、新能源产品、载波模块(含芯片),baostock+akshare
603429.SH,*ST集友,A股,C23印刷和记录媒介复制业,,包装印刷品、电化铝及复合纸等产品的生产和销售。 产品：烟用接装纸、烟标、社会包装印刷品、电化铝、复合纸、其他(复合纸等),baostock+akshare
603435.SH,嘉德利,A股,C39计算机、通信和其他电子设备制造业,,BOPP电工膜研发、生产和销售。 产品：BOPP电工膜、电容膜、复合铜箔基膜、薄膜、其中:超薄膜、其中:薄型膜、其中:中厚膜,baostock+akshare
603439.SH,XD三力制,A股,C27医药制造业,,药品的研发、生产及销售。 产品：呼吸系统用药、补益用药、妇科用药、骨科用药、心脑血管用药、药材贸易、开喉剑喷雾剂（儿童型）、开喉剑喷雾剂、芪胶升白胶囊、妇科再造丸、止嗽化痰丸、黄芪颗粒、强力天麻杜仲胶囊,baostock+akshare
603444.SH,吉比特,A股,I64互联网和相关服务,,网络游戏的研发及运营业务。 产品：网络游戏、《问道》、《问道手游》、《杖剑传说》、《一念逍遥》、《问剑长生》、《道友来挖宝》、《九牧之野》、《奥比岛：梦想国度》、《封神幻想世界》、《奇葩战斗家》、《不思议迷宫》、自主运营、联合运营、授权运营,baostock+akshare
603456.SH,九洲药业,A股,C27医药制造业,临床服务/CDMO,提供一站式的医药定制研发和生产（CDMO）服务。 产品：合同定制类、抗感染类、中枢神经类药物、非甾体类药物、降血糖类药、贸易类及其他,baostock+akshare
603458.SH,勘设股份,A股,M74专业技术服务业,,工程咨询与工程承包业务。 产品：工程咨询、工程承包、勘察设计、工程监理、检验检测、其他工程咨询、产品销售,baostock+akshare
603459.SH,红板科技,A股,C39计算机、通信和其他电子设备制造业,PCB,印制电路板的研发、生产和销售。 产品：印制电路板、HDI板、刚性板、柔性板、刚柔结合板、IC载板、类载板,baostock+akshare
603466.SH,风语筑,A股,R88文化艺术业,,数字文化展示体验系统的策划、设计、实施和维护服务。 产品：城市数字化体验空间、文化及品牌数字化体验空间、数字化产品及服务,baostock+akshare
603477.SH,巨星农牧,A股,A03畜牧业,,生猪养殖及饲料生产和销售；中高档天然皮革的研发、制造与销售。 产品：生猪、饲料、皮革产品、商品肥猪、仔猪、种猪、猪饲料、禽饲料、水产饲料、汽车革、家私革、鞋面革、箱包革,baostock+akshare
603486.SH,科沃斯,A股,C39计算机、通信和其他电子设备制造业,机器人应用,研发、设计和制造全球领先的家用、商用服务机器人。 产品：科沃斯品牌服务机器人、添可品牌智能生活电器、机器人智能零组件集群、DEEBOT系列扫地机器人、WINBOT系列擦窗机器人、GOAT系列割草机器人、添可高端智能生活电器、服务机器人、智能生活电器、其他(补充),baostock+akshare
603488.SH,展鹏科技,A股,C34通用设备制造业,,电梯门系统、电梯轿厢及门系统配套部件的研发、生产与销售。 产品：电梯门系统、电梯轿厢及门系统配套部件、硬件集成产品、挂件(层门装置)、门机,baostock+akshare
603489.SH,八方股份,A股,C38电气机械和器材制造业,,电踏车（即电动助力车）电机及配套电气系统的研发、生产、销售和技术服务。 产品：电踏车电机、一体轮电机、套件、配套电气系统,baostock+akshare
603496.SH,恒为科技,A股,C39计算机、通信和其他电子设备制造业,,智能系统解决方案的研发、销售与服务。 产品：网络可视化、智能系统平台、其他(补充),baostock+akshare
603499.SH,翔港科技,A股,C23印刷和记录媒介复制业,,彩盒、标签等相关包装印刷产品的研发、生产和销售。 产品：印刷包装品、包装容器、化妆品、彩盒、标签、包袋、内衬、说明书,baostock+akshare
603500.SH,祥和实业,A股,C37铁路、船舶、航空航天和其他运输设备制造业,,电子元器件配件、轨道交通相关产品、高分子改性材料、无人机配套产品等研发、生产和销售。 产品：轨道交通相关产品及零部件、电子元器件配件、高分子改性材料、无人机配套产品,baostock+akshare
603501.SH,豪威集团,A股,C39计算机、通信和其他电子设备制造业,,芯片设计业务。 产品：图像传感器解决方案、显示解决方案、模拟解决方案、图像传感器解决方案业务、半导体代理销售、模拟解决方案业务,baostock+akshare
603505.SH,金石资源,A股,B10非金属矿采选业,,矿产品和（下游）氟化工产品的研发、生产和销售。 产品：矿产品、化工产品、酸级萤石精粉、高品位萤石块矿、锂云母精矿、无水氟化氢（AHF）、无水氟化铝、无水氟化氢、萤石精矿、其他,baostock+akshare
603506.SH,南都物业,A股,K70房地产业,,物业管理相关服务。 产品：物业基础服务、物业增值服务、非业主增值服务、资产管理服务,baostock+akshare
603507.SH,振江股份,A股,C38电气机械和器材制造业,,风电设备、光伏/光热设备零部件；紧固件的设计、加工与销售；海上风电安装及运维服务。 产品：风电、光伏、紧固件、转子、定子、塔筒、机舱罩等风电设备产品、固定/可调式光伏支架、追踪式光伏支架等光伏设备产品,baostock+akshare
603508.SH,思维列控,A股,C37铁路、船舶、航空航天和其他运输设备制造业,,列车运行控制、铁路安全防护、高速铁路运行监测与信息管理三大业务。 产品：列车运行控制、铁路安全防护、高速铁路运行监测与信息管理、LKJ2000/LKJ-15S、LKJ无线数据换装系统、机车安全信息综合监测装置(TAX)、列车运行状态信息系统(LMD)、卫星定位装置、应答器传输系统(BTM)、机车智能驾驶系统(STO)、机车车载安全防护系统(6A)、机车远程监测与诊断系统(CMD)、动车段(所)安全防护系统、调车安全防护系统(LSP)、列控设备动态监测系统(DMS系统)、动车组司机操控信息分析系统(EOAS系统)、高速铁路列控数据信息化管理平台(TDIS)、信号动态检测系统(TJDX)、高铁移动视频综合应用平台(HMVP)、车载监测信息综合传输系统(MITS)、列车运行控制系统、铁路安全防护系统、高速铁路列车运行监测系统,baostock+akshare
603511.SH,爱慕股份,A股,C18纺织服装、服饰业,,高品质贴身服饰及其用品的研发、生产与销售。 产品：文胸、家居服及其他服饰、保暖衣、内裤、代加工,baostock+akshare
603515.SH,欧普照明,A股,C38电气机械和器材制造业,,家居照明灯具、商用照明灯具、光源及控制类产品的研发、生产和销售。 产品：照明应用产品、照明应用产品及其他、其他(补充),baostock+akshare
603516.SH,淳中科技,A股,C39计算机、通信和其他电子设备制造业,,专业音视频显控设备的设计、研发、生产和销售。 产品：专业视听产品、虚拟现实产品、人工智能产品、专业芯片产品、配件及其他、专业芯片,baostock+akshare
603517.SH,ST绝味,A股,C13农副食品加工业,,卤制品的开发、生产和销售。 产品：禽类制品、畜类产品、蔬菜产品、包装产品、加盟商管理、集采业务、供应链物流、鲜货类产品、其中:鲜货类产品-禽类制品,baostock+akshare
603518.SH,锦泓集团,A股,C18纺织服装、服饰业,,中高档服装的设计研发、生产制造、品牌营销及终端销售。 产品：VGRASS-裙子、VGRASS-上衣、VGRASS-外套、VGRASS-其他、云锦-织锦、TeenieWeenie-女装、TeenieWeenie-男装、TeenieWeenie-童装,baostock+akshare
603519.SH,立霸股份,A股,C38电气机械和器材制造业,,为国内外知名家电整机企业提供家电外观用复合材料。 产品：覆膜板（VCM）、有机涂层板（PCM）、PCM、其他、VCM,baostock+akshare
603520.SH,司太立,A股,C27医药制造业,临床服务/CDMO,医药特色原料药研发、生产与销售。 产品：制剂产品、原料药、中间体产品、碘海醇注射液、碘帕醇注射液、碘克沙醇注射液、碘美普尔注射液、碘佛醇注射液、碘普罗胺注射液、钆贝葡胺注射液、钆喷酸葡胺注射液、造影剂类原料药及中间体、喹诺酮类原料药及中间体、CMO/CDMO类原料药及中间体、造影剂系列、其他(补充)、CDMO系列,baostock+akshare
603527.SH,众源新材,A股,C32有色金属冶炼和压延加工业,,紫铜带箔材的研发、生产和销售。 产品：铜板带、铜箔、铝箔、涂料、电池托盘、模组端侧板,baostock+akshare
603528.SH,多伦科技,A股,I65软件和信息技术服务业,,驾考系统、智能交通产品、智能驾培产品、充电桩及相关零配件等商品的生产和销售；驾考系统技术服务、智能驾培技术服务、车辆检测服务等业务。 产品：智慧车管、智慧交通、智慧驾培、智慧车检、充电桩及储能业务、配件,baostock+akshare
603529.SH,爱玛科技,A股,C37铁路、船舶、航空航天和其他运输设备制造业,,电动两轮车及电动三轮车等品类的研发、生产与销售。 产品：电动自行车、电动轻便摩托车、电动摩托车、电动三轮车、电动两轮车、电动三轮车、自行车及配件收入、其他、租赁收入,baostock+akshare
603530.SH,神马电力,A股,C38电气机械和器材制造业,,电力系统变电站复合外绝缘、输配电线路复合外绝缘和橡胶密封件等产品的研发、生产与销售。 产品：变电站复合外绝缘产品、输配电线路复合外绝缘产品、橡胶密封件产品、空心复合绝缘子、支柱复合绝缘子、变压器复合套管、开关复合套管、线路复合绝缘子、配电网复合横担、橡胶密封件、变电站复合外绝缘、输配电线路复合外绝缘,baostock+akshare
603533.SH,掌阅科技,A股,I64互联网和相关服务,,短剧等衍生业务、互联网数字阅读平台服务、版权产品等。 产品：数字阅读平台、衍生业务、版权产品,baostock+akshare
603535.SH,嘉诚国际,A股,G59装卸搬运和仓储业,,全程供应链一体化综合物流服务商。 产品：综合物流、供应链分销执行、其他,baostock+akshare
603536.SH,惠发食品,A股,C13农副食品加工业,,速冻类预制菜类的丸类制品、肠类制品、油炸类制品、串类制品、菜肴制品等的研发、生产和销售以及供应链业务的推广运营。 产品：丸制品、油炸品、肠制品、串制品、中式菜肴、其它类、供应链、餐饮类,baostock+akshare
603538.SH,美诺华,A股,C27医药制造业,临床服务/CDMO,特色原料药和制剂研发、生产与销售。 产品：中间体及原料药、CDMO、制剂、贸易,baostock+akshare
603551.SH,奥普科技,A股,C38电气机械和器材制造业,,以浴霸、晾衣机、照明为主的家电产品和以集成吊顶、集成墙面、全功能阳台为主的家居产品的研发、生产、销售及服务。 产品：材料、电器、浴霸、晾衣机、照明、厨房空调、凉霸、海外通风扇、集成吊顶、集成墙面、其他(补充),baostock+akshare
603556.SH,海兴电力,A股,C40仪器仪表制造业,服务器与终端;机器人本体/集成,智能配用电、智慧水务及数字能源相关业务，面向全球电力公司、水务企业、工商业用户及终端消费者，提供智能硬件、系统软件及相关解决方案。 产品：智能配用电业务、智慧水务业务、数字能源业务、智能电能表、智能终端、网关、计量箱、一二次融合设备、环网柜、高低压成套设备、箱式变电站、超声波水表、电磁水表、流量计、智能阀门、通信模块、抄表设备、数据采集、营收管理、预付费购水、DMA分区漏损管理、智能配用电产品及系统、数字能源产品及系统集成、智慧水务产品及系统,baostock+akshare
603557.SH,*ST起步,A股,C19皮革、毛皮、羽毛及其制品和制鞋业,,童鞋、童装和儿童服饰配饰等的设计、研发、组织生产和销售。 产品：服装、鞋类、儿童服饰配件、童鞋、童装、儿童服饰配饰、ABCKIDS标费,baostock+akshare
603558.SH,健盛集团,A股,C18纺织服装、服饰业,,针织运动服饰的生产制造。 产品：休闲针织棉袜、运动针织棉袜、无缝休闲内衣、无缝运动内衣、家居服饰、棉袜、无缝服饰,baostock+akshare
603559.SH,ST通脉,A股,I63电信、广播电视和卫星传输服务,机器人本体/集成,通信技术服务、集成业务、IDC技术服务。 产品：通信技术服务、软件开发集成服务、IDC技术服务、商品贸易、基建工程、通信管线工程、通信设备安装工程、通信网络维护服务、技术服务、软件开发、系统集成服务、IDC运营维护服务、IDC增值服务、电子产品、安防产品、信息化产品、弱电工程、光伏工程、消防工程、安装专业分包施工工程、变配电、配电照明分包工程、线路工程、设备工程、系统集成、软件开发,baostock+akshare
603565.SH,中谷物流,A股,G55水上运输业,,集装箱物流服务。 产品：集装箱物流服务,baostock+akshare
603566.SH,普莱柯,A股,C27医药制造业,,兽用生物制品、化学药品及中兽药的研发、生产及销售。 产品：猪用疫苗及药品、禽用疫苗及药品、反刍动物用疫苗及药品、宠物用疫苗及药品、猪圆支二联灭活疫苗、猪圆环病毒2型基因工程亚单位疫苗（大肠杆菌源）、猪传染性胃肠炎、猪流行性腹泻二联灭活疫苗/活疫苗、注射用头孢噻呋、头孢噻呋注射液、新支流法（rVP2蛋白）四联灭活疫苗、新支流减腺五联灭活疫苗、重组禽流感病毒（H5+H7）三价灭活疫苗、盐酸大观霉素盐酸林可霉素可溶性粉、恩诺沙星溶液、口蹄疫O型、A型二价灭活疫苗、加米霉素注射液、猫三联灭活疫苗、狂犬病灭活疫苗、复方非泼罗尼滴剂、头孢泊肟酯片、复方制霉菌素软膏、禽用疫苗及抗体、猪用疫苗、化学药品,baostock+akshare
603567.SH,珍宝岛,A股,C27医药制造业,,药品研发创新、智能化生产、全域市场推广、医药流通及中药材产业。 产品：中药制剂、生物制剂、化学制剂、研发、租赁、药品贸易、中药材贸易,baostock+akshare
603568.SH,伟明环保,A股,N77生态保护和环境治理业,锂电材料,生活垃圾焚烧发电、餐厨与污泥处理、污水处理；环保装备及新能源材料装备的研发制造；冰镍、硫酸镍、电解镍及三元正极材料等关键产品的生产。 产品：项目运营、设备、EPC及服务、新材料产品、设备、EPC及服务,baostock+akshare
603569.SH,长久物流,A股,G54道路运输业,,整车物流运输服务。 产品：整车业务、整车运输配套服务、国际业务、新能源,baostock+akshare
603577.SH,汇金通,A股,C33金属制品业,,钢塔、钢管塔、钢结构等的研发、制造和销售等业务。 产品：角钢塔、钢管塔、变电站构架、钢结构及接触网支架,baostock+akshare
603578.SH,三星新材,A股,C30非金属矿物制品业,,低温储藏设备用玻璃门体和光伏玻璃的研发、生产和销售。 产品：玻璃门体、塑料制品、深加工玻璃、光伏玻璃、低温储藏设备用玻璃门体、其他(补充),baostock+akshare
603579.SH,荣泰健康,A股,C38电气机械和器材制造业,,按摩器具的设计、研发、生产、销售，以及打造按摩体验平台，提供共享按摩服务。 产品：按摩椅、按摩小电器、其他(补充),baostock+akshare
603580.SH,*ST艾艾,A股,C29橡胶和塑料制品业,,轻型输送带的研发、生产及销售。 产品：轻型输送带、精密金属结构件及电子元件、其他(补充),baostock+akshare
603583.SH,捷昌驱动,A股,C38电气机械和器材制造业,,线性驱动系统的研发、生产和销售业务。 产品：线性驱动产品、线性驱动系统、其他(补充),baostock+akshare
603585.SH,苏利股份,A股,C26化学原料和化学制品制造业,,农药、阻燃剂及其他精细化工产品的研发、生产和销售。 产品：农药类产品、阻燃剂类产品、其他精细化工产品、百菌清、嘧菌酯、除虫脲、氟啶胺、氟酰胺、霜脲氰、啶酰菌胺、农药制剂、四氯-2-氰基吡啶、四氯对苯二甲腈、对氯苯硼酸、十溴二苯乙烷、溴化聚苯乙烯、三聚氰胺聚磷酸盐、阻燃母粒、二苯基乙烷、氢溴酸、医药中间体、农药及农药中间体、阻燃剂及中间体,baostock+akshare
603586.SH,金麒麟,A股,C36汽车制造业,,摩擦材料及制动产品的研发、生产和销售。 产品：刹车片、刹车盘、汽车刹车片、汽车刹车盘、轨道交通制动片及工业制动产品、其他(补充),baostock+akshare
603587.SH,地素时尚,A股,C18纺织服装、服饰业,,中高端时尚服装的设计研发、品牌推广以及终端销售。 产品：中高端时尚服装、上衣、外套、皮草、裙类、裤类,baostock+akshare
603588.SH,高能环境,A股,N77生态保护和环境治理业,,固废及危废污染防治技术研究、成果转化和提供解决方案。 产品：基本金属、贵金属及关键金属、资源循环利用、环保运营服务、环保工程服务,baostock+akshare
603589.SH,口子窖,A股,C15酒、饮料和精制茶制造业,,白酒的生产与销售。 产品：高档白酒、中档白酒、低档白酒、其他(补充),baostock+akshare
603590.SH,康辰药业,A股,C27医药制造业,药企/生物科技,创新药研发、生产与销售。 产品：注射用尖吻蝮蛇血凝酶、鲑降钙素注射液、鲑降钙素鼻用喷雾剂,baostock+akshare
603595.SH,ST东尼,A股,C39计算机、通信和其他电子设备制造业,半导体材料;新能源车/储能,金属基材和金属基复合材料、半导体材料的应用研发、生产与销售。 产品：消费电子行业、新能源汽车行业、半导体行业、超微细电子线材、无线充电隔磁材料、柔性线路板、电池极耳、碳化硅单晶晶锭、碳化硅单晶衬底、消费电子、新能源、医疗,baostock+akshare
603596.SH,伯特利,A股,C36汽车制造业,,汽车机械制动系统产品、汽车机械转向系统产品和汽车智能电控系统产品的研发、生产与销售。 产品：机械制动产品、智能电控产品、机械转向产品,baostock+akshare
603598.SH,引力传媒,A股,L72商务服务业,,品牌营销、社交营销、电商营销与运营服务、数据咨询服务。 产品：品牌营销（传统媒体）、数字营销、专项广告服务、品牌营销(传统媒体),baostock+akshare
603599.SH,广信股份,A股,C26化学原料和化学制品制造业,,农药及农药中间体的研发、生产与销售。 产品：农药、农药中间体及其他产品、杀菌剂、除草剂、农药中间体、精细化工中间体、其他(补充),baostock+akshare
603600.SH,永艺股份,A股,C21家具制造业,,健康家具的研发、生产和销售。 产品：人体工学办公椅、电动升降桌、沙发、按摩椅椅身、休闲椅、办公椅,baostock+akshare
603601.SH,再升科技,A股,C30非金属矿物制品业,,超细纤维棉的研发、生产和应用。 产品：干净空气材料、高效节能材料、无尘空调产品,baostock+akshare
603602.SH,纵横通信,A股,I65软件和信息技术服务业,,AI全域数字营销、低空经济、数字基建三大业务。 产品：5G新基建、全域数字营销服务、政企行业数智化服务,baostock+akshare
603605.SH,珀莱雅,A股,C26化学原料和化学制品制造业,,化妆品类产品的研发、生产和销售。 产品：护肤类（含洁肤）、美容彩妆类、洗护类、护肤类(含洁肤),baostock+akshare
603606.SH,东方电缆,A股,C38电气机械和器材制造业,,各种海缆、陆缆产品的研发、制造和销售及海洋工程服务等。 产品：电力工程与装备线缆、海底电缆与高压电缆、海洋装备与工程运维,baostock+akshare
603607.SH,京华激光,A股,C22造纸和纸制品业,,激光全息模压制品及铂金浮雕光学产品的制造、销售与技术开发业务。 产品：激光全息防伪膜、激光全息防伪纸、其他产品,baostock+akshare
603608.SH,天创时尚,A股,C19皮革、毛皮、羽毛及其制品和制鞋业,,时尚鞋履及配套产品的研发、生产、分销及零售。 产品：“KISSCAT”、“zsazsazsu”、“TIGRISSO”、“KISSKITTY”、“Patricia”、鞋、包及其他、其他(补充),baostock+akshare
603609.SH,禾丰股份,A股,C13农副食品加工业,,饲料业务、肉禽业务、生猪业务。 产品：饲料、肉禽、生猪、猪、禽、反刍饲料、肉鸡分割品、毛鸡、肥猪、仔猪、种猪,baostock+akshare
603610.SH,麒盛科技,A股,C21家具制造业,,智能电动床研发、设计、生产和销售。 产品：智能电动床、床垫、电动床、记忆棉床垫、智能床、配件及其他,baostock+akshare
603611.SH,诺力股份,A股,C34通用设备制造业,机器人应用,智能智造装备产品和智慧物流系统业务的研发、设计、生产和销售。 产品：智能制造装备产品、智慧物流系统产品、自动化立体仓储系统、自动化输送分拣系统、无人搬运机器人及系统、自动化物流软件系统、轻小型搬运车辆、机动工业车辆、AGV叉车、智能智造装备产品、其他(补充),baostock+akshare
603612.SH,索通发展,A股,C30非金属矿物制品业,锂电材料,预焙阳极、锂电池负极材料、薄膜电容器的研发、生产及销售。 产品：预焙阳极、锂电池负极材料、薄膜电容器、其他(补充)、锂电负极材料,baostock+akshare
603613.SH,国联股份,A股,I64互联网和相关服务,,B2B电子商务和产业互联网平台。 产品：网上商品交易业务、商业信息服务、互联网技术服务,baostock+akshare
603615.SH,茶花股份,A股,C29橡胶和塑料制品业,,日用塑料制品为主的家居用品的研发、生产和销售。 产品：塑料制品、非塑料制品、电子元器件分销,baostock+akshare
603616.SH,韩建河山,A股,C30非金属矿物制品业,,预应力钢筒混凝土管（PCCP）、钢筋混凝土排水管（RCP）的研发、生产和销售。 产品：预应力钢筒混凝土管（PCCP）、钢筋混凝土排水管（RCP）、电杆、混凝土外加剂、环保设备、环保工程、PCCP、RCP,baostock+akshare
603617.SH,君禾股份,A股,C34通用设备制造业,,家用水泵及其配件的研发、设计、制造和销售。 产品：潜水泵、花园泵、喷泉泵、深井泵、清洗机及清洗机配件,baostock+akshare
603618.SH,杭电股份,A股,C38电气机械和器材制造业,,电线电缆的研发、生产、销售和服务；光纤预制棒、光纤、光缆、光通信相关设备等产品研发、生产、销售和服务以及铜箔业务。 产品：缆线、导线、光缆、民用线、光纤、塑料、铜箔,baostock+akshare
603619.SH,中曼石油,A股,B07石油和天然气开采业,,勘探开发、钻完井工程、高端装备制造。 产品：成套钻机设备、钻机核心部件、智能化石油装备、原油及衍生品、钻完井工程服务、钻机及配件销售和租赁,baostock+akshare
603626.SH,科森科技,A股,C33金属制品业,PACK/BMS;新能源车/储能,提供消费电子（含加热不燃烧电子烟结构件、VR）、医疗器械、汽车（含新能源汽车）等终端产品所需精密金属、塑胶结构件产品的研发、制造以及部分组装服务。 产品：消费电子产品、医疗器械产品、储能产品、智能手机、笔记本电脑、平板电脑、智能穿戴、智能音箱、加热不燃烧电子烟结构件、VR等终端产品的外壳、中框、中板、按键、标志、转轴（铰链）组装、手术刀、骨钉、心脏起搏器、PACK模组产品、消费电子产品结构件、医疗手术器械结构件、其他精密金属结构件,baostock+akshare
603628.SH,清源股份,A股,C38电气机械和器材制造业,,分布式光伏支架、固定光伏支架及智能光伏跟踪器的研发、设计、生产和销售；光伏电站的投资、开发、建设及运营；光伏电力电子产品的研发、生产和销售，并提供智慧能源解决方案。 产品：光伏支架、光伏电力电子产品、光伏电站开发及建设业务、光伏支架系统、光伏储能产品、光伏电站的投资及EPC建设、智慧运维、其中:光伏电站开发及建设业务-光伏电站工程收入,baostock+akshare
603629.SH,利通电子,A股,C33金属制品业,,液晶电视精密金属结构件、电子元器件的研发、生产及销售、算力产品销售及算力云服务。 产品：精密金属冲压结构件、电子元器件、模具、算力业务,baostock+akshare
603630.SH,拉芳家化,A股,C26化学原料和化学制品制造业,,洗护类、护肤类、彩妆类产品的研发、生产和销售。 产品：洗护类、香皂、膏霜、护发素、沐浴露、洗发露、�ㄠ�水、�ㄠ�膏、其他,baostock+akshare
603633.SH,徕木股份,A股,C39计算机、通信和其他电子设备制造业,,模具及配件、电子产品、五金机电零配件的研发、生产和销售。 产品：汽车精密连接器及组件、汽车精密屏蔽罩及结构件、手机精密连接器、手机精密屏蔽罩及结构件、储能精密连接器及组件、机器人连接器及组件、配件、模具治具、汽车精密连接器及组件、配件、其他(补充),baostock+akshare
603636.SH,南威软件,A股,I65软件和信息技术服务业,机器人本体/集成,电子政务的软件开发、系统集成及技术服务，并以解决方案的方式向政务部门提供上述全部或部分业务。 产品：政务软件产品、城市公共安全软件产品、解决方案（硬件部分）、创新业务、解决方案(硬件部分),baostock+akshare
603637.SH,镇海股份,A股,E48土木工程建筑业,,石油化工工程的建设与技术服务。 产品：工程总承包、工程咨询、工程设计业务、其他业务、工程监理业务、工程造价咨询业务、工程总承包业务,baostock+akshare
603638.SH,艾迪精密,A股,C35专用设备制造业,,液压技术的研究及液压产品的开发、生产和销售。 产品：液压破拆属具、液压件、液压破碎锤、液压泵、液压马达、多路控制阀、其他产品,baostock+akshare
603639.SH,海利尔,A股,C26化学原料和化学制品制造业,,农药制剂、农药中间体、农药原药及水溶性肥料的研发、生产与销售。 产品：农药、肥料、农业及服务,baostock+akshare
603648.SH,畅联股份,A股,L72商务服务业,,为国际跨国企业提供精益供应链管理服务。 产品：供应链物流、供应链贸易、其他(补充),baostock+akshare
603650.SH,彤程新材,A股,C26化学原料和化学制品制造业,半导体材料,新型化工材料的研发、生产、销售和相关贸易业务。 产品：半导体光刻胶、CMP抛光垫、高纯溶剂EBR、面板光刻胶、有机绝缘膜、发光材料、橡胶树脂及助剂、生物可降解材料、自产酚醛树脂、自产电子材料产品、贸易类其他产品,baostock+akshare
603655.SH,朗博科技,A股,C29橡胶和塑料制品业,,橡胶密封件和橡胶制品的生产销售。 产品：O型圈、轮毂组件、轴封、车用O型圈及垫圈、油封、皮膜、其他,baostock+akshare
603656.SH,泰禾智能,A股,C35专用设备制造业,,基于AI视觉识别的成套智能化装备和服务提供商。 产品：智能分选装备、智能包装装备、智能农副食品分选装备、智能矿石分选装备、智能再生资源分选装备、智能检测分选装备、储能服务,baostock+akshare
603657.SH,春光科技,A股,C29橡胶和塑料制品业,,清洁电器软管、配件及整机ODM/OEM产品的研发、生产和销售。 产品：清洁电器软管及配件、清洁电器整机,baostock+akshare
603658.SH,安图生物,A股,C27医药制造业,,体外诊断试剂和仪器的研发、制造、整合及服务。 产品：体外诊断试剂、体外诊断仪器、免疫类诊断试剂、微生物检测试剂、分子诊断检测试剂、生化检测试剂、质谱检测试剂、质控品试剂、免疫检测仪器、微生物检测仪器、分子检测仪器、生化检测仪器、质谱检测仪器、检验辅助仪器、试剂类、仪器类、其他(补充),baostock+akshare
603659.SH,璞泰来,A股,C39计算机、通信和其他电子设备制造业,,提供新能源电池关键材料及自动化装备与服务的综合解决方案。 产品：锂电池材料及设备、新能源电池材料与服务、新能源自动化装备与服务、产业投资贸易管理及其他,baostock+akshare
603660.SH,苏州科达,A股,C39计算机、通信和其他电子设备制造业,,视频应用综合服务业务，提供视频会议系统和视频监控系统的软硬件开发、设备制造、产品销售及技术服务。 产品：视频会议、视频监控、行业应用产品与解决方案,baostock+akshare
603661.SH,恒林股份,A股,C21家具制造业,,办公家具、软式家具、板式家具、新材料地板及综合家居品类的研发、生产和销售。 产品：办公椅、系统办公、沙发、按摩椅、新材料地板、办公、会议、培训桌椅、智能存储、可移动隔断系统、休闲家具、专业照明、声学设备、SPC地板、LSPC地板、VSPC地板、LVT地板、PETG地板、3D数码打印地板、石晶墙板、综合家居及其他、办公家具、软体家具,baostock+akshare
603662.SH,柯力传感,A股,C39计算机、通信和其他电子设备制造业,机器人本体/集成,传感器与物联网系统集成业务。 产品：力学传感器及仪表系列、其他物理量传感器系列-电流电压、其他物理量传感器系列-温度、其他物理量传感器系列-水质、其他物理量传感器系列-振动、其他物理量传感器系列-光电、工业物联网及系统集成、平台型产品系列,baostock+akshare
603663.SH,三祥新材,A股,C30非金属矿物制品业,,新材料的研发、生产和销售。 产品：锆系列产品、铸改新材料、电熔氧化锆、海绵锆、氧氯化锆、纳米氧化锆、氧化锆陶瓷、轻量化新材料、其他产品,baostock+akshare
603665.SH,康隆达,A股,C17纺织业,,特种及普通劳动防护手套的研发、生产和销售。 产品：功能性手套、非功能性手套、锂盐、锂盐加工、一次性丁腈胶手套、耐磨手套、抗切割手套、抗撕裂手套、抗冲撞手套、防化手套、防静电手套、耐热耐寒手套,baostock+akshare
603666.SH,亿嘉和,A股,C34通用设备制造业,机器人应用,智能机器人及智能设备等产品的研发、生产、销售及智能化服务。 产品：机器人产品、智能电网、智能自动化设备、无人机巡检服务、智能电网及智能自动化设备、其他(补充),baostock+akshare
603667.SH,五洲新春,A股,C34通用设备制造业,机器人核心部件;新能源车/储能,轴承及配件、汽车零配件、五金、车床零部件的研发、生产和销售。 产品：轴承产品、新能源汽车零部件、热管理系统零部件、丝杠组件及零部件、新能源汽车轴承、工业轴承、高端装备轴承、机器人系列轴承、汽车安全气囊气体发生器部件、新能源汽车动力驱动装置零部件、新开发电子差速器接合锁、传动轴连接法兰件、汽车热管理系统零部件、家用空调管路相关产品、机器人行星滚柱丝杠、滚珠丝杠、微型丝杠、新能源汽车各类丝杠、梯形丝杠、汽车零部件,baostock+akshare
603668.SH,天马科技,A股,C13农副食品加工业,,智慧养殖、食品加工、渔业种业、动物营养及饲料等现代农业渔牧全产业。 产品：特水饲料、畜禽饲料、原料、食品、养殖、动保产品、畜禽饲料销售、特水饲料销售、养殖销售,baostock+akshare
603669.SH,灵康药业,A股,C27医药制造业,,化药处方药的研发、生产和销售。 产品：抗感染类产品、肠外营养类产品、消化系统类产品、心脑血管类产品、其他药品类产品、医药流通、医院销售、配送、心脑血管类、抗感染类,baostock+akshare
603676.SH,卫信康,A股,C27医药制造业,,化学药品制剂及其原料药的研发、生产、销售。 产品：电解质类、微量元素类、注射用多种维生素、多种微量元素注射液、小儿多种维生素注射液、复方氨基酸注射液、吸入用乙酰半胱氨酸溶液、复方电解质注射液、混合糖电解质注射液、门冬氨酸钾注射液、蔗糖铁注射液、市场服务及其他、药品,baostock+akshare
603677.SH,奇精机械,A股,C38电气机械和器材制造业,,洗衣机离合器等家电零部件、汽车零部件及电动工具零部件的研发、设计、生产与销售。 产品：家电零部件、电动工具零部件、汽车零部件、洗衣机离合器、洗衣机零部件、其他家电零部件,baostock+akshare
603678.SH,火炬电子,A股,C39计算机、通信和其他电子设备制造业,,电子元器件、新材料及相关产品的研发、生产、销售、检测及服务业务。 产品：元器件板块、新材料板块、陶瓷电容器、钽电容器、超级电容器、微波芯片电容器、薄膜电路、薄膜无源集成器件、微波介质频率器件、电阻器、MOSFET、IGBT、模拟IC和第三代功率器件、EMI电源滤波器、SIP模块、定制化特种元器件、EMI滤波电容器、电力电子电容器、金属化聚丙烯/聚酯薄膜电容器、国际贸易业务、元器件、陶瓷材料,baostock+akshare
603679.SH,华体科技,A股,C38电气机械和器材制造业,锂电资源,智慧城市产品研发制造及集成、工程项目安装、锂矿加工销售、锂电池销售、运行管理维护及其他。 产品：智慧路灯照明产品、光储超充产品、软件平台产品、智慧城市产品研发制造及集成、锂矿加工销售、工程项目安装,baostock+akshare
603680.SH,今创集团,A股,C37铁路、船舶、航空航天和其他运输设备制造业,,轨道交通车辆配套产品的研发、生产、销售及服务。 产品：轨道交通车辆装备、重工设备、其他(补充),baostock+akshare
603681.SH,永冠新材,A股,C26化学原料和化学制品制造业,,消费级胶粘新材料、车规级胶膜新材料、工业级胶粘新材料、可降解新材料等各类新材料的研发、生产与销售。 产品：车规级胶膜新材料、工业级胶粘新材料、可降解新材料、民用消费级胶粘新材料,baostock+akshare
603682.SH,锦和商管,A股,L72商务服务业,,产业园区（主要为创意产业园区）的定位、改造和运营管理服务。 产品：租赁、物业服务及其他,baostock+akshare
603683.SH,晶华新材,A股,C26化学原料和化学制品制造业,,功能性涂层复合材料的研发、生产与销售。 产品：胶粘功能性材料、核心涵盖工业胶粘材料、电子级胶粘材料、光学胶膜及光学材料、特种功能材料、高性能化工材料、柔性触觉传感器、工业胶粘材料、特种纸,baostock+akshare
603685.SH,晨丰科技,A股,C38电气机械和器材制造业,PCB,照明产品结构组件的研发、生产和销售、增量配电网、风力、光伏及储能电站的开发运营业务。 产品：灯头类、LED灯泡散热器、印制电路板、灯具金属件、新能源发电、配售电、灯头类产品,baostock+akshare
603686.SH,福龙马,A股,N78公共设施管理业,,专用车辆、环卫设备及配件的制造和销售；城市生活垃圾经营性清扫和收集等服务。 产品：路面保洁装备、垃圾收运装备、垃圾中转装备、应急消防装备、环境生态产业运营、资源循环可持续发展、智能装备、其他主营,baostock+akshare
603687.SH,大胜达,A股,C22造纸和纸制品业,,纸包装产品的研发、生产、印刷和销售。 产品：瓦楞纸板、瓦楞纸箱、高端酒包、精品烟包、纸浆环保餐具、其他产品、水印纸箱、胶印彩箱、预印彩箱,baostock+akshare
603688.SH,石英股份,A股,C30非金属矿物制品业,,高纯石英砂、高纯石英管（棒、板、锭、筒）、石英坩埚及其他石英材料的研发、生产与销售。 产品：石英管棒、石英砂、石英坩埚、其他(补充),baostock+akshare
603689.SH,皖天然气,A股,D45燃气生产和供应业,,天然气长输管线的投资、建设和运营、销售贸易、城市燃气、设施安装以及综合能源等业务。 产品：天然气业务、充换电及其他业务、长输管线、CNG/LNG、城市燃气,baostock+akshare
603690.SH,至纯科技,A股,C35专用设备制造业,半导体设备;机器人本体/集成,为客户提供制程设备与高纯工艺设备及系统、电子材料、核心零部件及专业服务。 产品：系统集成、设备业务、电子材料、单片式湿法清洗设备、槽式湿法清洗设备,baostock+akshare
603693.SH,江苏新能,A股,D44电力、热力生产和供应业,,风能发电、光伏发电、新型储能等新能源项目的投资开发及建设运营。 产品：风力发电、光伏发电、生物质发电、供汽供水、储能,baostock+akshare
603696.SH,安记食品,A股,C14食品制造业,,调味品的研发、生产和销售。 产品：复合调味粉、香辛料、风味清汤、酱类调味品、天然提取物调味料、排骨味王调味料、大骨浓汤调味料、牛肉味调味料、鸡粉、炒粉料、海鲜调味料、鲜菇素调味料、海鲜素调味料、干贝素调味料、益鲜素调味料、主味素调味料、鲍鱼素调味料、白胡椒粉、五香粉、蚝油、辣椒酱、咖哩调味料、排骨酱、清鸡汤、翅皇汤、鲍皇汤、白汤、其他(补充),baostock+akshare
603697.SH,有友食品,A股,C13农副食品加工业,,泡卤风味休闲食品的研发、生产与销售。 产品：肉制品、蔬菜制品、泡椒凤爪、脱骨鸭掌、猪皮晶、火鸡翅、竹笋、豆干、其中:肉制品-禽类制品、其中:肉制品-畜类制品,baostock+akshare
603698.SH,航天工程,A股,C35专用设备制造业,,煤气化技术及关键设备的研发、工程设计、技术服务、设备成套供应及工程总承包。 产品：煤炭清洁高效利用业务、高端装备制造业务、工业气体运营业务,baostock+akshare
603699.SH,纽威股份,A股,C34通用设备制造业,,工业阀门及阀门毛坯的制造销售。 产品：阀门及零件、铸件及锻件、球阀、蝶阀、闸阀、截止阀、止回阀、安全阀、调节阀、核电阀、高压API6A阀、水下阀、旋塞阀、其他主营业务,baostock+akshare
603700.SH,宁水集团,A股,C40仪器仪表制造业,,水计量产品研发制造、水务工业物联网技术应用。 产品：智能水表、机械水表、水表配件、智慧水务,baostock+akshare
603701.SH,德宏股份,A股,C38电气机械和器材制造业,,车用交流发电机和电子真空泵的研发、生产、销售及相关技术服务。 产品：发电机及相关产品、电子真空泵及配件、储能业务及配套产品、起动机及配件,baostock+akshare
603703.SH,盛洋科技,A股,C38电气机械和器材制造业,,多种射频电缆及相关配套产品、显示器件、卫星通信终端以及5G基站等产品与服务的研发、制造和销售。 产品：多种射频电缆、显示器件、卫星通信终端、5G基站、车载高速线缆、车载以太网线缆、数据线缆、75欧姆、50欧姆同轴电缆、射频电缆类产品、卫星通信接收终端及组件,baostock+akshare
603706.SH,东方环宇,A股,D45燃气生产和供应业,,天然气销售业务、天然气设施设备安装业务、供热业务。 产品：天然气销售业务、天然气设施设备安装业务、供热业务,baostock+akshare
603707.SH,健友股份,A股,C27医药制造业,临床服务/CDMO,药品研发、生产、销售。 产品：标准肝素原料药、制剂、CDMO、CDMO及其他,baostock+akshare
603708.SH,家家悦,A股,F52零售业,,超市连锁经营。 产品：生鲜、食品化洗、百货、其他(补充),baostock+akshare
603709.SH,中源家居,A股,C21家具制造业,,沙发等家具产品的研究、设计、生产和销售服务。 产品：功能沙发、固定沙发、其他,baostock+akshare
603711.SH,香飘飘,A股,C15酒、饮料和精制茶制造业,,饮料相关产品的研发、生产和销售。 产品：经典系列、好料系列、其他系列、果汁茶、冻柠茶、液体奶茶、“香飘飘”经典系列、“Meco”杯装果茶、“兰芳园”港式茶饮、“香飘飘”即饮牛乳茶、冲泡类、即饮类、其他(补充),baostock+akshare
603712.SH,七一二,A股,C39计算机、通信和其他电子设备制造业,机器人本体/集成,军用无线通信设备的研发、制造。 产品：专用无线通信终端产品、系统集成产品、其他(补充),baostock+akshare
603713.SH,密尔克卫,A股,G58多式联运和运输代理业,,一站式综合物流服务和化工品交易服务。 产品：一站式综合物流服务、化工品交易服务、全球国际物流业务、全球合同物流业务、分销业务、MCD不一样的分销、MGF全球货代业务、MRT区域内贸交付,baostock+akshare
603716.SH,塞力医疗,A股,F51批发业,,医用耗材SPD精益管理、IVD集约化整体解决方案、医疗数智化服务三大业务。 产品：单纯销售、集约化IVD、集约化SPD,baostock+akshare
603717.SH,天域生物,A股,A03畜牧业,,生态农牧业务（生猪养殖、农产品销售等）、生态能源业务（分布式光伏电站等）、生态环境业务（园林生态工程、田园综合体、苗木种植等）。 产品：生猪、园林生态工程、光伏发电、红曲系列产品,baostock+akshare
603718.SH,*ST海利,A股,C27医药制造业,,体外诊断试剂（IVD）业务板块和口腔组织修复与再生材料业务板块。 产品：体外诊断试剂、口腔组织修复与再生材料,baostock+akshare
603719.SH,良品铺子,A股,F52零售业,,休闲食品的研发、采购、销售、物流配送和运营业务。 产品：日常零食、儿童零食、散货及分享装产品、早餐晚餐代餐、现制食品及饮品、节庆送礼、椰汁植物饮料、养生水、肉类零食、海味零食、素食山珍、话梅果脯、红枣果干、坚果、炒货、饮料饮品、糖巧、罐头果冻、烘焙糕点、饼干膨化、礼品礼盒、其他、糖果糕点、坚果炒货,baostock+akshare
603721.SH,中广天择,A股,R87广播、电视、电影和录音制作业,,电视、互联网和移动互联网等视频内容的制作、发行和营销；电视剧播映权运营、影视剧投资、MCN运营、产教融合、文旅及演播厅运营、文体运营等。 产品：节目销售及制作服务、电视剧播映权运营、影视剧投资、MCN运营、数字版权保护及技术服务、文旅运营、文体运营、产教融合、演播厅运营,baostock+akshare
603722.SH,阿科力,A股,C26化学原料和化学制品制造业,,高端化工新材料的研发、生产与销售。 产品：聚醚胺、光学级聚合物材料用树脂、高透光材料（环烯烃共聚物（COC））、光学材料、其他(补充),baostock+akshare
603725.SH,天安新材,A股,C30非金属矿物制品业,,汽车内饰饰面材料、家居装饰饰面材料、建筑耐火饰面板材等高分子复合饰面材料以及建筑陶瓷的研发、设计、生产及销售以及整装交付服务。 产品：家居装饰饰面材料、汽车内饰饰面材料、薄膜、人造革、建筑耐火饰面板材、建筑陶瓷以及护墙板、背景墙、建筑陶瓷,baostock+akshare
603726.SH,朗迪集团,A股,C29橡胶和塑料制品业,,家用空调风叶、机械风机和复合材料等产品的研发、生产和销售。 产品：机械风机、家用空调风叶、复合材料、直连离心风机、前向离心风机、后向离心风机、盘管风机、后向无蜗壳风机、轴流风机、金属贯流风叶、贯流风机、交流/直流外转子后向离心、交流/直流外转子单进风前向离心风机、交流/直流外转子双进风前向离心风机、交流/直流外转子轴流风机、交流/直流外转子管道风机、外转子永磁直流无刷电动机、永磁无刷电动机用驱动器、贯流风叶、轴流风叶、离心风叶、PP、PC、ABS、PA、AS,baostock+akshare
603727.SH,博迈科,A股,B11开采专业及辅助性活动,,天然气液化、海洋油气开发、矿业开采等行业的高端客户，为其提供专用模块集成设计与建造服务。 产品：天然气液化模块、海洋油气开发模块、矿业开采模块,baostock+akshare
603728.SH,鸣志电器,A股,C38电气机械和器材制造业,,运动控制领域和智能电源领域核心技术及系统级解决方案的研发和经营。 产品：控制电机及其驱动系统、电源与照明系统控制类、设备状态管理系统、贸易代理业务、控制电机（执行层）、驱动与控制系统（控制层）、机电一体化模组（应用层）、LED智能照明控制与驱动系统、电源控制系统、贸易类产品,baostock+akshare
603729.SH,ST龙韵,A股,L72商务服务业,,数字化营销全案服务业务、广告媒介代理业务、酒类销售业务。 产品：媒介代理、数字化营销全案服务、酒类及其他销售、租赁收入,baostock+akshare
603730.SH,岱美股份,A股,C36汽车制造业,,汽车内饰件的研发、生产和销售。 产品：汽车顶棚系统、座椅系统内饰件、遮阳板、头枕、顶棚、顶棚中央控制器、扶手,baostock+akshare
603733.SH,仙鹤股份,A股,C22造纸和纸制品业,,研发、生产和销售高性能纸基功能材料及其浆类原材料和化学原材料。 产品：日用消费系列、食品与医疗包装材料系列、商务交流及出版印刷材料系列、烟草行业配套系列、电气及工业用材系列、其他系列、家居装饰材料系列、电气及工业用纸系列,baostock+akshare
603737.SH,三棵树,A股,C26化学原料和化学制品制造业,,建筑涂料（墙面涂料）、防水材料、地坪材料、保温材料及保温一体化板、木器涂料、胶粘剂、基辅材、工业涂料等产品的研发、生产和销售。 产品：墙面涂料、防水材料、地坪材料、木器涂料、胶粘剂、基辅材、工业涂料、家装墙面涂料、工程墙面涂料、防水卷材、防水涂料、环氧地坪体系、聚氨酯/聚脲地坪体系、无机地坪体系、高性能地坪体系、家装木器涂料、工业木器涂料、建筑胶粘剂、新能源胶粘剂产品、基材、辅材、单组分、双组份、水性、溶剂型、粉末涂料、工程墙面漆、基材与辅材、家装墙面漆,baostock+akshare
603738.SH,泰晶科技,A股,C39计算机、通信和其他电子设备制造业,,石英晶体频率元器件的研发、生产和销售业务。 产品：晶体元器件、石英晶体频率元器件、晶体元器件自产、其他(补充),baostock+akshare
603739.SH,蔚蓝生物,A股,C14食品制造业,,酶制剂、微生态制剂以及动物保健品的研发、生产和销售。 产品：酶制剂、微生态制剂、动物保健品、饲料酶、工业酶、食品酶、生物催化用酶、畜禽微生态、水产微生态、植物微生态、食品益生菌、环境微生物、生物制品、中兽药、兽用化药、其他、微生态,baostock+akshare
603755.SH,日辰股份,A股,C14食品制造业,,复合调味品的研发、生产与销售。 产品：酱汁类调味料、粉体类调味料、少量食品添加剂、烘焙类食品,baostock+akshare
603757.SH,大元泵业,A股,C34通用设备制造业,液冷,各类泵的研发、生产、销售及提供相关服务。 产品：民用类产品、商用类产品、工业类产品、配件、农用泵、家用屏蔽泵、液冷泵、立卧式多级离心泵、工业用泵,baostock+akshare
603758.SH,秦安股份,A股,C36汽车制造业,机器人减速器,汽车发动机核心零部件-气缸体、气缸盖、曲轴；变速器关重零部件-箱体、壳体及混合动力变速器箱体、增程式发动机缸盖及缸体、纯电动车电机壳体等产品的研发、生产与销售。 产品：汽车发动机核心零部件、变速器关重零部件、混合动力变速器箱体、增程式发动机缸盖、纯电动车电机壳体、混合电驱动系统总成、气缸体、气缸盖、曲轴、变速器壳体、发动机、减速器、驱动电机、发电机、电机控制器、缸盖、缸体、变速器箱体及其他,baostock+akshare
603759.SH,海天股份,A股,D46水的生产和供应业,,供水、污水处理、固废处理、管道直饮水和工程施工等业务和光伏导电浆料的生产、销售。 产品：新能源新材料业务、供水业务、污水处理业务、工程业务、固废业务、污水业务,baostock+akshare
603766.SH,隆鑫通用,A股,C37铁路、船舶、航空航天和其他运输设备制造业,,摩托车及发动机、通用动力机械产品的研发、生产及销售。 产品：两轮摩托车、全地形车、三轮摩托车、摩托车发动机、通用机械、摩托车及发动机、通用机械产品、其他,baostock+akshare
603767.SH,中马传动,A股,C36汽车制造业,机器人减速器;新能源车/储能,汽车变速器及车辆齿轮的研发、生产和销售。 产品：汽车零部件、摩托车零部件、农机零部件、汽车变速器、新能源汽车减速器、电控分动器、汽车齿轮、摩托车齿轮、农机齿轮,baostock+akshare
603768.SH,常青股份,A股,C36汽车制造业,,汽车零部件冲压焊接件的生产、销售。 产品：车身件、底盘件、其他(补充),baostock+akshare
603773.SH,沃格光电,A股,C39计算机、通信和其他电子设备制造业,,光电玻璃精加工业务和光电显示器件业务。 产品：光电玻璃精加工、光电显示器件、其他,baostock+akshare
603776.SH,永安行,A股,I65软件和信息技术服务业,,公共自行车系统的研发、销售、建设、运营。 产品：公共自行车项目、共享出行平台服务和氢能产品、系统销售业务收入、系统运营服务业务收入、共享出行业务收入、氢能销售及服务收入、智慧生活业务收入,baostock+akshare
603777.SH,来伊份,A股,F52零售业,,自主品牌的休闲食品连锁经营。 产品：坚果炒货及豆制品、肉制品及水产品、糖果蜜饯及果蔬、糕点及膨化食品、坚果炒货、肉类零食、糕点饼干、果干蜜饯、果蔬零食、豆干小食、海味即食、糖巧果冻、膨化食品、进口食品、冲调速食、礼文化、饮料、其它,baostock+akshare
603778.SH,国晟科技,A股,C38电气机械和器材制造业,,异质结、TOPCON等电池/组件的生产与销售。 产品：光伏组件及电池、光伏电站EPC及运维业务、园林工程、园林景观设计、园林行业其他、光伏电站EPC业务,baostock+akshare
603779.SH,威龙股份,A股,C15酒、饮料和精制茶制造业,,酿酒葡萄种植、葡萄酒生产及销售。 产品：有机及生态葡萄酒、传统葡萄酒干型酒、其他酒、其他(补充),baostock+akshare
603786.SH,科博达,A股,C36汽车制造业,,汽车电子相关产品的研发、生产和销售。 产品：照明控制系统、电机控制系统、能源管理系统、车载电器与电子、中央计算平台、智驾域控、其他汽车零部件、中央计算平台和智驾域控,baostock+akshare
603787.SH,新日股份,A股,C37铁路、船舶、航空航天和其他运输设备制造业,,电动自行车、电动轻便摩托车、电动摩托车等电动两轮车研发、生产与销售。 产品：电动两轮车、电动自行车、电动轻便摩托车、电动摩托车、其他(补充)、电动两轮摩托车,baostock+akshare
603788.SH,宁波高发,A股,C36汽车制造业,,汽车变速操纵控制系统和加速控制系统产品的研发、生产和销售。 产品：汽车变速操纵系统总成、踏板总成类产品、汽车拉索、档位操纵系统总成及软轴、非成套部件产品(其他),baostock+akshare
603789.SH,ST星农,A股,C35专用设备制造业,,农业装备、专用车辆及相关零部件的研发、制造、销售与服务。 产品：农业机械、农事服务、专汽及结构件、燃油泵,baostock+akshare
603790.SH,雅运股份,A股,C26化学原料和化学制品制造业,,染料和纺织助剂的研发、生产、销售及相关染整和颜色数字化应用技术服务。 产品：染料产品、助剂产品、其他产品、纤维素用活性染料、羊毛用反应性染料和酸性染料、锦纶用酸性染料、涤纶用分散染料、前处理、染色、印花助剂、功能整理剂、有机硅、毛纺类助剂,baostock+akshare
603797.SH,联泰环保,A股,N77生态保护和环境治理业,,城乡污水处理设施的投资、建设和运营管理，提供污水收集、输送和/或终端污水处理服务。 产品：污水处理、污泥处理、污水处理服务费、污泥处理服务费、其他,baostock+akshare
603798.SH,康普顿,A股,C25石油、煤炭及其他燃料加工业,,为车辆、工业设备提供润滑油、汽车化学品和汽车尾气处理液的研发、生产与销售。 产品：车用润滑油、工业润滑油、防冻液、尾气处理液、汽车尾气处理液、汽车化学品、汽车养护品,baostock+akshare
603799.SH,华友钴业,A股,C32有色金属冶炼和压延加工业,锂电材料,锂电材料、能源金属、能源材料产品的研发、制造与销售。 产品：三元正极材料、钴酸锂材料、钴产品、铜产品、镍产品、锂产品、三元前驱体、正极材料、镍中间品、贸易及其他,baostock+akshare
603800.SH,洪田股份,A股,C35专用设备制造业,,电解铜箔高端生产装备制造业务、超精密真空镀膜设备制造业务、精密光学设备制造业务和油气钻采设备制造业务。 产品：电解铜箔高端设备、超精密真空镀膜设备、精密光学设备、检测设备、高效溶铜罐、锂电生箔机、阴极辊、防氧化机、表面处理机、线下研磨机、真空卷绕双面磁控溅射设备、真空卷绕双面磁控溅射&EB蒸镀复合设备、真空卷绕双面AL蒸镀装备、PVD铜箔卷对卷镀膜设备、磁控溅射镀膜生产线、装饰性镀膜设备、功能性镀膜设备、卷绕真空镀膜设备、PVD多弧磁控镀膜机A系列、PVD多弧磁控镀膜机B系列、半导体陶瓷基材板高端镀膜设备、HL-P12线路LDI、HL-P8线路LDI、HL-P3-E1、HL-P6-E1、全自动AOI检测设备、全自动粒子检测设备、铜箔外观在线缺陷检测系统、铜箔面密度在线检测、视觉外观检测与X射线测厚二合一、电解铜箔设备、商品锻件、其他(补充),baostock+akshare
603801.SH,志邦家居,A股,C21家具制造业,,整体厨柜、定制衣柜、木门和成品家居的研发、生产和销售。 产品：整体厨柜、定制衣柜、木门墙板、定制厨柜、厨用电器、成品家居,baostock+akshare
603803.SH,瑞斯康达,A股,C39计算机、通信和其他电子设备制造业,,通讯设备的研发、生产和销售。 产品：传输类设备、宽带网络类设备、数通类设备、软件产品、传输产品线、智网产品线、无线产品线、数通产品线,baostock+akshare
603806.SH,福斯特,A股,C29橡胶和塑料制品业,,薄膜形态功能高分子材料的研发、生产和销售。 产品：薄膜形态功能高分子材料、光伏胶膜、光伏背板、丁基胶、皮肤膜、有机硅、感光干膜、FCCL和干膜型阻焊材料、铝塑膜、功能性胶带,baostock+akshare
603808.SH,歌力思,A股,C18纺织服装、服饰业,,品牌时装的设计研发、生产和销售。 产品：裤类、女鞋、裙类、上衣、外套、IRO服饰,baostock+akshare
603809.SH,豪能股份,A股,C36汽车制造业,,汽车传动系统相关零部件产品的研发、生产和销售，航空航天零部件的高端精密制造以及机器人零部件的研发、生产和销售。 产品：同步器系统产品、差速器系统产品、航空零部件、其他精密零部件,baostock+akshare
603810.SH,丰山集团,A股,C26化学原料和化学制品制造业,锂电材料,高效、低毒、低残留、环境友好型农药原药、制剂及农药中间体的研发、生产和销售。 产品：除草剂、杀虫剂、杀菌剂、中间体、电解液、甲苯氯化系列产品、农产品、甲苯氯化系列,baostock+akshare
603811.SH,诚意药业,A股,C27医药制造业,,制剂及原料药的研发、生产和销售。 产品：制剂、原料药、中间体、食品、中药、盐酸氨基葡萄糖原料药及制剂、天麻素原料药、利巴韦林制剂及原料药、硫唑嘌呤原料药,baostock+akshare
603813.SH,原尚股份,A股,G54道路运输业,,综合物流服务及租赁业务、商品销售、物流设备销售、保险代理业务。 产品：综合物流服务及租赁业务、销售汽车零部件、物流设备销售、保险代理业务、运输配送服务、装卸服务、租赁服务、仓储及其他增值服务、综合物流服务、商品销售,baostock+akshare
603815.SH,交建股份,A股,E48土木工程建筑业,,公路、市政基础设施建设领域相关的工程施工、勘察设计、试验检测等业务。 产品：公路、市政基础设施建设、房屋建筑及附属设施建设、勘察设计及试验检测、建筑材料销售、公路、市政基础设施建设,baostock+akshare
603816.SH,顾家家居,A股,C21家具制造业,,客厅、餐厅、卧室、整家定制等全场景家居产品的研究、设计、开发、生产、销售与服务。 产品：沙发、卧室产品、集成产品、定制家具、信息技术服务,baostock+akshare
603817.SH,海峡环保,A股,D46水的生产和供应业,,污水处理业务，在特许经营区域范围内负责污水处理设施的投资、运营、管理及维护。 产品：水处理业务、固废业务、综合技术服务、其他(补充),baostock+akshare
603818.SH,曲美家居,A股,C21家具制造业,,中高档民用家具及配套家居产品的研发、设计、生产和销售业务，为消费者提供全屋家具和家居用品解决方案。 产品：定制家具、成品家具、饰品及其他、Ekornes旗下产品,baostock+akshare
603819.SH,神力股份,A股,C38电气机械和器材制造业,,电机（包括电动机和发电机）定子、转子冲片和铁芯的研发、生产和销售。 产品：电机定子、转子冲片、铁芯、电机业务、其他主营业务,baostock+akshare
603822.SH,ST嘉澳,A股,C25石油、煤炭及其他燃料加工业,,环保增塑剂及稳定剂、生物质能源的研发、生产和销售。 产品：环保增塑剂、环保稳定剂、生物质能源,baostock+akshare
603823.SH,百合花,A股,C26化学原料和化学制品制造业,,有机颜料的生产及销售。 产品：高性能有机颜料、传统偶氮颜料、喹吖啶酮类、吡咯并吡咯二酮类（DPP）、异吲哚啉类、二�f嗪类、金属络合类、酞菁类、苯并咪唑酮类、色酚类、色淀红类、双偶氮黄类、汉沙黄类、单偶氮橙类、双偶氮橙类、颜料、金属钠及副产品、中间体,baostock+akshare
603825.SH,ST华扬,A股,L72商务服务业,,向客户提供互联网综合营销服务。 产品：品牌营销、影视节目、策展服务、城市运营,baostock+akshare
603826.SH,坤彩科技,A股,C26化学原料和化学制品制造业,,无机颜料研发、生产、销售。 产品：珠光材料、二氧化钛、氧化铁,baostock+akshare
603828.SH,*ST利达,A股,E50建筑装饰、装修和其他建筑业,,建筑幕墙与建筑装饰工程的设计与施工。 产品：装饰装修、公共建筑装饰工程、建筑幕墙工程、设计业务、EPC+PPP项目、装配式装修、基础工程建设,baostock+akshare
603829.SH,洛凯股份,A股,C38电气机械和器材制造业,数据中心电源,以断路器、环网柜和C-GIS开关柜为代表的中低压配电设备及其关键部附件的研发、生产和销售。 产品：成套柜类产品、断路器操作机构、抽（框）架、成套柜部附件、断路器、低压断路器操作机构、低压小型化框架式断路器、环网柜断路器单元操作机构、环网柜组合开关单元操作机构、低压塑料外壳式断路器、GIS直动式三工位机构、交流接触器、变桨柜、C-GIS专用真空断路器、风电开关柜、SF6气体绝缘环网柜、C-GIS充气柜、主控柜、储能高压箱、抽(框)架、其他产品,baostock+akshare
603833.SH,欧派家居,A股,C21家具制造业,,全屋家居产品的个性化设计、研发、生产、销售、安装与室内装饰服务。 产品：橱柜、衣柜及配套家具产品、卫浴、木门、整体厨房、全屋定制、定制木门、金属门窗、软装、智能家居,baostock+akshare
603836.SH,海程邦达,A股,L72商务服务业,,从事综合性现代物流服务业，主要为进出口企业规划、设计并提供专精于跨境环节的标准化物流服务产品与定制化供应链解决方案。 产品：国际货运代理、精益合同物流、其他(补充),baostock+akshare
603838.SH,*ST四通,A股,C30非金属矿物制品业,,陶瓷制品、卫生洁具、瓷泥、瓷釉的设计、生产、销售，以及锆钛矿产品精炼业务。 产品：日用陶瓷、卫生陶瓷、艺术陶瓷、矿产品,baostock+akshare
603839.SH,安正时尚,A股,C18纺织服装、服饰业,,中高档品牌时装的自主研发、生产、销售及品牌管理。 产品：上衣、裤类、裙类、外套、皮衣、羽绒服、童装、电商服务、皮衣、羽绒服,baostock+akshare
603843.SH,*ST正平,A股,E48土木工程建筑业,,基础设施建设、文旅+产业综合开发和有色金属矿业。 产品：基础设施建设业务、文旅+产业综合开发业务、有色金属矿业开发业务、新能源建设与智算服务、交通建设、城镇建设、水利建设、电力建设、工程设施制造,baostock+akshare
603848.SH,好太太,A股,C33金属制品业,,智能家居的集研发、生产、销售、服务。 产品：智能家居产品、晾衣架产品、其他产品,baostock+akshare
603855.SH,华荣股份,A股,C35专用设备制造业,,防爆电器及相关智能化/信息化等产品的生产、销售、服务；专业照明设备生产、销售；新能源EPC总承包。 产品：防爆电器、新能源EPC、防爆产品、工程收入、其他,baostock+akshare
603856.SH,东宏股份,A股,C29橡胶和塑料制品业,服务器与终端,管道智能终端的研发制造。 产品：PE管道产品、钢丝管道产品、防腐管道产品、保温产品、PVC产品、其他管道产品、金属管道、塑料管道、管道智能终端,baostock+akshare
603858.SH,步长制药,A股,C27医药制造业,,中成药的研发、生产和销售。 产品：中成药、化药、生物药、疫苗、脑心通胶囊、稳心颗粒、丹红注射液、妇科用药、前列舒通胶囊、宣肺败毒颗粒、复方脑肽节苷脂注射液、复方曲肽注射液、谷红注射液、银杏蜜环口服溶液、流感病毒裂解疫苗、四价流感病毒裂解疫苗、A群C群脑膜炎球菌多糖疫苗、ACYW135群脑膜炎球菌多糖疫苗、心脑血管、消化、医疗器械,baostock+akshare
603859.SH,能科科技,A股,I65软件和信息技术服务业,,AI产品与服务、云产品与服务、软件系统与服务、工业工程和工业电气产品与服务。 产品：“灵系列”AIAgent产品与服务、“乐系列”工业软件产品及相关云产品服务、高压大功率变频器、数字化产线、工业工程及工业电气产品与服务、AI产品与服务、云产品与服务、软件系统与服务,baostock+akshare
603860.SH,中公高科,A股,M74专业技术服务业,,公路养护决策咨询服务、路况快速检测设备生产与销售、公路养护信息系统开发与销售。 产品：设备系列、信息系统系列、咨询服务、多功能路况快速检测系统（CiCSI）、多功能路况快速检测系统（CiCSI-3D）、轻量化农村公路巡检装备、多功能路况巡查系统（CRiS）、公路全资产管理系统（CRMS系列）、区域公路网智能养护系统（iRMS系列）通用公路数据采集软件（RDR）、网级养护决策咨询服务、项目级养护决策咨询服务、养护决策方案咨询收入、路况快速检测系统开发与集成收入、公路资产管理系统开发和销售收入,baostock+akshare
603861.SH,白云电器,A股,C38电气机械和器材制造业,,为客户提供电力设备、解决方案及运维服务。 产品：成套开关设备、电力电容器、元器件、变压器、智能电网成套开关设备、特高压/超高压/高压电力电容器成套装置及互感器、柔性直流换流阀用直流支撑电容器、脉冲电容器、高压气体及环保气体绝缘金属封闭开关设备（GIS）、母线、电力电子产品、智能元件、变压器等全系列产品、智能变电站,baostock+akshare
603863.SH,松炀资源,A股,C22造纸和纸制品业,,环保再生纸的研发、生产和销售。 产品：涂布白板纸、高强瓦楞纸、特种纸、其他业务,baostock+akshare
603866.SH,桃李面包,A股,C14食品制造业,,以面包及糕点为核心的优质烘焙类产品的生产及销售。 产品：面包及糕点、月饼、常规面包、新品面包、量贩装系列产品、其他,baostock+akshare
603867.SH,新化股份,A股,C26化学原料和化学制品制造业,,脂肪胺、有机溶剂、合成香料及其他精细化工产品的研发、生产与销售。 产品：脂肪胺、有机溶剂、合成香料、其他精细化工产品,baostock+akshare
603868.SH,飞科电器,A股,C38电气机械和器材制造业,,剃须刀等个人护理电器、生活电器及厨房电器等智能时尚电器的研发、制造、销售。 产品：个人护理电器品类、生活电器品类、厨房品类、电动剃须刀、高速电吹风、电动牙刷、冲牙器、电动理发器、鼻毛修剪器、女士剃毛器、烫发器、智能电熨斗、挂烫机、加湿器、智能健康秤、毛球修剪器、电热水壶、养生壶、个护电器产品、其他产品、生活电器产品,baostock+akshare
603869.SH,ST智知,A股,I65软件和信息技术服务业,机器人本体/集成,以数智技术保障城市安全和提升产业智能能力。 产品：聚安网、企业智能化、智能集成、政府燃气安全监管平台、安全生产监管平台、城市生命线安全管理平台、生产企业安全运营管理平台、燃气企业安全智能运营平台、管网综合运营系统、户内安检管理系统、服务工单管理系统、厂站安全管理系统、应急指挥调度系统、园区危化品车辆运输管控平台、企业数智化转型业务、智能集成业务、技术服务及软件收入、产品销售及系统集成、其他(补充),baostock+akshare
603871.SH,嘉友国际,A股,G58多式联运和运输代理业,,跨境多式联运综合物流服务、供应链贸易及国际陆港运营。 产品：跨境多式联运综合物流服务、供应链贸易服务、陆港项目服务、PPP项目合同、主焦煤供应链贸易服务、非主焦煤供应链贸易服务、其中:供应链贸易服务-主焦煤供应链贸易服务,baostock+akshare
603876.SH,鼎胜新材,A股,C32有色金属冶炼和压延加工业,,铝板带箔的研发、生产与销售。 产品：铝箔产品、铝板带、空调箔、单零箔、双零箔、新能源电池箔、其他(补充),baostock+akshare
603877.SH,太平鸟,A股,C18纺织服装、服饰业,,时尚品牌零售。 产品：厚外套、薄外套、衬衫、裙装类、T恤、毛线衫、裤类、配饰,baostock+akshare
603878.SH,武进不锈,A股,C31黑色金属冶炼和压延加工业,,工业用不锈钢管及管件的研发、生产与销售。 产品：无缝管、焊管、管件、工业用不锈钢无缝管、工业用不锈钢焊接管、钢制管件、法兰、其他(补充),baostock+akshare
603879.SH,永悦科技,A股,C26化学原料和化学制品制造业,,不饱和聚酯树脂和无人机业务两大板块产品的生产与销售。 产品：不饱和树脂、智能无人飞行器、其他(补充),baostock+akshare
603880.SH,南卫股份,A股,C27医药制造业,,透皮产品、医用胶布胶带及绷带、急救包、运动保护用品、防护用品、护理用品等产品的研发、生产和销售。 产品：创可贴、贴膏剂、敷贴、胶布胶带、绷带、急救包、防护用品、胶布胶带及绷带,baostock+akshare
603881.SH,数据港,A股,I65软件和信息技术服务业,交换机/服务器;数据中心/云厂商,数据中心服务器托管服务。 产品：IDC业务、IDC解决方案业务、云服务销售业务、IDC服务业、IDC解决方案、智算业务,baostock+akshare
603882.SH,金域医学,A股,Q84卫生,,第三方医学检验及病理诊断业务。 产品：医学诊断服务、销售诊断产品、健康体检业务、冷链物流服务、其他,baostock+akshare
603883.SH,老百姓,A股,F52零售业,,药品及其他健康、美丽相关商品的销售。 产品：中西成药、中药、非药品,baostock+akshare
603885.SH,吉祥航空,A股,G56航空运输业,,航空客货运输业务。 产品：航空客运、航空货运、其他(补充),baostock+akshare
603886.SH,元祖股份,A股,C14食品制造业,,各类烘焙食品的研发、生产与销售。 产品：蛋糕、中西糕点礼盒、其他(补充),baostock+akshare
603887.SH,城地香江,A股,I65软件和信息技术服务业,机器人本体/集成,IDC投资及运营等服务，DC综合解决方案，包含系统集成及产品制造与销售。 产品：IDC相关设备和解决方案、IDC系统集成、IDC运营管理和增值服务业务、IDC业务、其他(补充),baostock+akshare
603888.SH,新华网,A股,I64互联网和相关服务,,全媒广告服务、政企综合服务、数字及智能化业务及文化创意服务。 产品：全媒广告服务、政企综合服务、数字及智能化业务、文化创意服务,baostock+akshare
603889.SH,新澳股份,A股,C17纺织业,,羊毛纱线及中间产品羊毛毛条、羊绒纱线的研发、生产和销售。 产品：毛精纺纱线、羊绒、羊毛毛条、改性处理、染整及羊绒加工,baostock+akshare
603890.SH,春秋电子,A股,C39计算机、通信和其他电子设备制造业,,消费电子产品结构件模组及相关精密模具的研发、设计、生产和销售。 产品：笔记本电脑及其他电子消费品的结构件模组、相关精密模具、PC及泛智能轻量化结构件、通讯电子、模具,baostock+akshare
603893.SH,瑞芯微,A股,C39计算机、通信和其他电子设备制造业,,智能应用处理器SoC及周边配套芯片的设计、研发与销售。 产品：智能应用处理器芯片、数模混合芯片及其他芯片、通用处理器、视觉处理器、电源管理芯片、接口转换芯片、无线连接芯片、数模混合芯片、其他芯片,baostock+akshare
603895.SH,天永智能,A股,C35专用设备制造业,机器人本体/集成;新能源车/储能,智能型自动化生产线和智能型自动化装备的研发、设计、生产、装配、销售和售后培训及服务等。 产品：发动机智能装备及信息系统集成、焊装智能装备及信息系统集成、新能源汽车智能装备及信息系统集成、锂电智能装备及信息系统集成,baostock+akshare
603896.SH,寿仙谷,A股,C27医药制造业,,灵芝、铁皮石斛、西红花等名贵中药材的品种选育、栽培、加工和销售。 产品：寿仙谷牌灵芝孢子粉（破壁）、寿仙谷牌破壁灵芝孢子粉、寿仙谷牌破壁灵芝孢子粉颗粒、寿仙谷牌破壁灵芝孢子粉片、寿仙谷牌铁皮枫斗颗粒、寿仙谷牌铁皮枫斗灵芝浸膏、灵芝孢子粉类产品、其他、铁皮石斛类产品,baostock+akshare
603897.SH,长城科技,A股,C38电气机械和器材制造业,,特种电磁线、绕组线的生产、加工及销售。 产品：电磁线、其他(补充),baostock+akshare
603898.SH,好莱客,A股,C21家具制造业,,全屋定制家居的设计、研发、生产和销售。 产品：整体衣柜、橱柜、木门、成品配套,baostock+akshare
603899.SH,晨光股份,A股,C24文教、工美、体育和娱乐用品制造业,,书写工具、学生文具、办公文具及其他产品等的设计、研发、制造和销售以及互联网和电子商务平台晨光科技。 产品：书写工具、学生文具、办公文具、其他产品、办公直销、加盟管理,baostock+akshare
603900.SH,莱绅通灵,A股,F52零售业,,珠宝首饰的品牌运营管理、产品设计研发及零售。 产品：镶嵌钻石饰品、翡翠饰品、传统黄金产品、其他产品、黄金、钻石、珍珠、翡翠、彩宝,baostock+akshare
603901.SH,永创智能,A股,C34通用设备制造业,,包装设备及配套包装材料的研发设计、生产制造、安装调试与技术服务，以技术为依托为客户提供包装设备解决方案。 产品：包装设备、包装材料、软件系统、标准单机设备、机器人系列、智能包装生产线、捆扎带、包装膜、永创智能DMC平台、配件及其他,baostock+akshare
603903.SH,中持股份,A股,N77生态保护和环境治理业,,城镇污水处理、工业园区及工业污水处理、综合环境治理。 产品：环保基础设施建造服务、运营服务、技术产品销售与技术服务、城镇污水处理、工业园区及工业污水处理、综合环境治理,baostock+akshare
603906.SH,龙蟠科技,A股,C39计算机、通信和其他电子设备制造业,锂电材料,磷酸铁锂正极材料和车用环保精细化学品的研发、生产和销售。 产品：磷酸铁锂正极材料、车用环保精细化学品、磷酸铁锂正极材料产品、车用环保精细化学品产品、其他产品,baostock+akshare
603908.SH,牧高笛,A股,C17纺织业,,露营帐篷、户外服饰及其他户外用品的设计、研发、生产和销售。 产品：帐篷及装备、服装、鞋子、配件、服装及鞋子、配件及其他,baostock+akshare
603909.SH,建发合诚,A股,E48土木工程建筑业,,勘察设计、工程管理、试验检测、建筑施工、综合管养及工程新材料等六大业务。 产品：工程管理、试验检测、勘察设计、综合管养、工程材料、建筑施工,baostock+akshare
603912.SH,佳力图,A股,C34通用设备制造业,,数据机房等精密环境控制技术的研发，为数据机房等精密环境控制领域提供节能、控温设备以及相关节能技术服务。 产品：精密空调、代维服务、机房环境一体化产品、精密空调设备,baostock+akshare
603915.SH,国茂股份,A股,C34通用设备制造业,,减速机的研发、生产和销售。 产品：齿轮减速机、摆线针轮减速机、GNORD减速机、摩多利减速机,baostock+akshare
603916.SH,苏博特,A股,C26化学原料和化学制品制造业,,研发、生产、销售混凝土外加剂。 产品：高性能减水剂产品、功能性材料、聚羧酸系高性能减水剂、功能性化学外加剂、高性能水泥基材料、交通材料、高性能减水剂、技术服务,baostock+akshare
603917.SH,合力科技,A股,C35专用设备制造业,新能源车/储能,汽车用铸造模具、压铸模具、热冲压模具、铝合金部品和汽车制动系统的研发、设计、制造和销售。 产品：汽车用发动机模具、变速箱壳体模具、新能源汽车电池盒模具、电机模具、汽车用门环、A柱、B柱、防撞梁、保险杠、汽车发动机缸盖、汽车发动机支架、汽车飞轮壳体、汽车动力转向器壳体、轨道交通齿轮箱壳体、商用车制动总成系统、模具、铝合金部品、制动件,baostock+akshare
603918.SH,金桥信息,A股,I65软件和信息技术服务业,,以信息技术为载体，叠加行业应用，为客户提供定制化的智慧空间信息化解决方案及服务。 产品：智慧场景解决方案、智慧建筑解决方案、大数据服务、云平台服务、大数据及云平台服务,baostock+akshare
603919.SH,金徽酒,A股,C15酒、饮料和精制茶制造业,,白酒生产及销售。 产品：白酒、金徽28、金徽18、世纪金徽、柔和金徽、能量金徽、金徽老窖、100-300元、300元以上、100元以下,baostock+akshare
603920.SH,世运电路,A股,C39计算机、通信和其他电子设备制造业,PCB,各类印制电路板（PCB）的研发、生产与销售。 产品：硬板、软板、软硬结合板、高多层硬板、高精密互连HDI、软板（FPC）、软硬结合板（含HDI）、金属基板、其他(补充)、软板及软硬结合板,baostock+akshare
603922.SH,ST金鸿顺,A股,C36汽车制造业,,汽车车身和底盘零部件及其相关模具的开发、生产与销售。 产品：汽车零部件、模具、其他(补充),baostock+akshare
603926.SH,铁流股份,A股,C36汽车制造业,新能源车/储能,机器人核心零部件制造、汽车传动系统制造、高精密零部件制造、商用车智慧服务四大板块。 产品：机器人核心零部件制造板块、汽车传动系统制造板块、高精密零部件制造板块、商用车智慧服务板块、机器人核心零部件、汽车离合器、发动机高压共轨系统喷油器、新能源汽车电机轴、盘毂等高精密金属零部件、商用车智慧服务、商用车全车件供应链智慧服务板块,baostock+akshare
603927.SH,中科软,A股,I65软件和信息技术服务业,机器人本体/集成,计算机软件研发、销售、服务与实施。 产品：软件开发及服务、系统集成及其服务、软件开发及服务收入、系统集成及其服务收入、软件产品收入,baostock+akshare
603928.SH,兴业股份,A股,C26化学原料和化学制品制造业,,以有机合成树脂为主的功能新材料的研发、生产、销售和相关技术服务。 产品：铸造材料、特种酚醛树脂、其他化工材料、铸造树脂、涂料、冒口、过滤器、球化剂、孕育剂、蠕化剂、电子级特种酚醛树脂、改性特种酚醛树脂、热固性特种酚醛树脂、粉体特种酚醛树脂、丙烯酸、浸渍树脂、合成树脂、其他主营、铸造功能涂料,baostock+akshare
603929.SH,亚翔集成,A股,E49建筑安装业,数据中心/云厂商;机器人本体/集成,IC半导体、光电等高科技电子产业及食品医药、云计算中心等相关领域的建厂工程提供洁净室工程、机电工程及建筑工程等服务，包括洁净厂房建造规划、设计建议、设备配置、洁净室环境系统集成工程及维护服务等。 产品：工程施工、设备销售、其他(补充),baostock+akshare
603931.SH,格林达,A股,C26化学原料和化学制品制造业,,超净高纯湿电子化学品的研发、生产和销售。 产品：功能湿电子化学品、通用湿电子化学品、副产品,baostock+akshare
603933.SH,睿能科技,A股,C39计算机、通信和其他电子设备制造业,,工业自动化控制产品的研发、生产、销售和IC产品分销。 产品：工业自动化控制产品、IC分销产品、其他产品,baostock+akshare
603936.SH,博敏电子,A股,C39计算机、通信和其他电子设备制造业,PCB,高精密印制电路板的研发、生产和销售。 产品：高密度互联HDI板、高频高速板、多层板、刚挠结合板（含挠性电路板）、其他特殊规格板、印制电路板、定制化电子电器组件(含模组)、其他(补充),baostock+akshare
603937.SH,丽岛新材,A股,C33金属制品业,,铝材产品的研发、生产和销售。 产品：建筑工业彩涂铝、精整切割铝材、食品包装铝材、来料加工、压延铝材,baostock+akshare
603938.SH,三孚股份,A股,C26化学原料和化学制品制造业,,化工产品的研发、生产和销售。 产品：硅系列产品、钾系列产品、硅烷偶联剂、三氯氢硅、四氯化硅、高纯四氯化硅、电子级二氯二氢硅、电子级三氯氢硅、电子级四氯化硅、气相二氧化硅、氢氧化钾、硫酸钾、钾系列、硅系列,baostock+akshare
603939.SH,益丰药房,A股,F52零售业,,药品、保健品、医疗器械以及与健康相关的日用便利品等的连锁零售业务。 产品：中西成药、中药、非药品,baostock+akshare
603948.SH,建业股份,A股,C26化学原料和化学制品制造业,,低碳脂肪胺、电子化学品、乙酸酯、增塑剂等的生产、研发和销售以及危险废物处置。 产品：低碳脂肪胺、乙酸酯、增塑剂,baostock+akshare
603949.SH,雪龙集团,A股,C36汽车制造业,,内燃机冷却系统产品及汽车轻量化塑料产品的研发、生产与销售。 产品：冷却风扇总成、硅油离合器风扇总成、电控硅油离合器风扇总成、膨胀水箱、护风罩、发动机进气管、空调出风管、离合器风扇总成、风扇总成、汽车轻量化吹塑系列产品,baostock+akshare
603950.SH,长源东谷,A股,C36汽车制造业,,柴油、天然气、汽油发动机缸体、缸盖等核心零部件的研发、生产及销售。 产品：缸体、缸盖、连杆、其他,baostock+akshare
603955.SH,大千生态,A股,E48土木工程建筑业,,以全要素、多元化、整体性解决方案为核心的综合性生态园林工程总承包业务。 产品：生态建设、文旅运营、宠物服务及销售,baostock+akshare
603956.SH,威派格,A股,C35专用设备制造业,,全链条智慧水务解决方案的设计、提供和销售。 产品：智慧供水、智慧水务、智慧水厂、智能表计、空间计算,baostock+akshare
603958.SH,哈森股份,A股,C19皮革、毛皮、羽毛及其制品和制鞋业,,中高档皮鞋业务、精密金属结构件及自动化设备业务。 产品：鞋、包、消费电子产品金属结构件、其他金属结构件产品、自动化设备、工装夹治具、鞋、包等、自动化设备及工装夹治具等,baostock+akshare
603959.SH,ST百利,A股,E48土木工程建筑业,,高端非标智能装备的研发设计、生产和销售。 产品：工程咨询、设计、工程总承包、专用设备销售、新能源材料智能产线系统、工程咨询、设计,baostock+akshare
603960.SH,克来机电,A股,C35专用设备制造业,机器人本体/集成,智能装备业务和汽车零部件业务两大板块。 产品：智能装备产品、汽车零部件、柔性自动化装备、工业机器人系统集成与应用、燃油分配器、燃油管、冷却水硬管、二氧化碳空调管路、其他(补充),baostock+akshare
603966.SH,法兰泰克,A股,C34通用设备制造业,,为国民经济各行业、国家重大工程建设提供定制化、智能化、全生命周期的重载物料搬运解决方案。 产品：起重机关键部件、成套设备、全生命周期服务、物料搬运设备及服务、工程机械及部件业务、其他(补充),baostock+akshare
603967.SH,中创物流,A股,G58多式联运和运输代理业,,跨境集装箱物流、工程物流和资源转运物流。 产品：综合性现代物流业务、跨境集装箱物流、工程物流、资源转运物流,baostock+akshare
603968.SH,醋化股份,A股,C26化学原料和化学制品制造业,,以醋酸衍生物、吡啶衍生物为主体的高端专用精细化学品的研发、生产和销售。 产品：食品饲料添加剂、医药农药中间体、颜（染）料中间体、其他有机化合物、农化类、山梨酸（钾）、脱氢乙酸（钠）、乙酰磺胺酸钾、乙酰乙酸甲（乙）、乙酰乙酰苯胺类产品、其他商品、颜(染)料中间体,baostock+akshare
603969.SH,银龙股份,A股,C33金属制品业,,预应力材料业务、轨道交通用混凝土制品业务。 产品：钢丝、钢绞线、钢棒、轨道交通用混凝土制品销售及配套服务、钢轨、板材,baostock+akshare
603970.SH,中农立华,A股,F51批发业,,农药流通及植保技术服务。 产品：农药原药、农药制剂、其他,baostock+akshare
603976.SH,正川股份,A股,C27医药制造业,,药用玻璃管制瓶等药用包装材料的研发、生产和销售。 产品：硼硅玻璃管制瓶、钠钙玻璃管制瓶、药用瓶盖、铝塑组合盖、瓶盖,baostock+akshare
603977.SH,国泰集团,A股,C26化学原料和化学制品制造业,,民用爆破器材的研发、生产、销售及爆破服务。 产品：工业包装炸药、工业起爆器材、爆破工程、民爆产品经销、钽铌氧化物、其他军工材料、智能供电系统及运维服务、信息化业务,baostock+akshare
603978.SH,深圳新星,A股,C32有色金属冶炼和压延加工业,锂电材料,铝晶粒细化剂、电池铝箔坯料等铝加工合金材料及氟化工材料的研发与生产制造。 产品：铝晶粒细化剂、六氟磷酸锂、电池铝箔坯料、其他产品,baostock+akshare
603979.SH,金诚信,A股,B11开采专业及辅助性活动,,矿山服务和资源开发业务。 产品：采矿运营管理、矿山工程建设、矿山工程设计、矿山机械设备制造、铜产品、磷矿石及铁产品销售、铜产品、磷矿石及铁产品销售,baostock+akshare
603980.SH,吉华集团,A股,C26化学原料和化学制品制造业,,染料、染料中间体及其他化工产品的研发、生产与销售。 产品：染料及中间体、涂料产品、聚氨酯产品,baostock+akshare
603982.SH,泉峰汽车,A股,C36汽车制造业,新能源车/储能,汽车关键零部件的研发、生产、销售。 产品：新能源汽车零部件、汽车传动零部件、汽车引擎零部件、汽车热交换零部件、汽车转向与刹车零部件、电机壳体组件、电控壳体组件、电池构件、智能驾驶壳体、自动变速箱阀体、离合器零件、变速箱零件、变矩器零件(定子、盘毂)、节气门壳体、正时链轮、张紧臂、气缸体组件、真空泵轴、转向螺母、转向齿轮,baostock+akshare
603983.SH,丸美生物,A股,C26化学原料和化学制品制造业,,各类化妆品的研发、设计、生产、销售及服务。 产品：眼部类、护肤类、洁肤类、美容及其他类,baostock+akshare
603985.SH,恒润股份,A股,C33金属制品业,,法兰及锻件、风电轴承的生产、加工和销售以及算力业务。 产品：辗制环形锻件、锻制法兰及其他自由锻件、风电轴承、风电法兰、燃气轮机部件、核电部件、压力容器、海上油气装备、算力产品及服务,baostock+akshare
603986.SH,兆易创新,A股,C39计算机、通信和其他电子设备制造业,存储芯片,存储器、微控制器、传感器和模拟芯片的研发、技术支持和销售。 产品：存储芯片、微控制器、传感器、模拟产品、专用型存储器产品、微控制器产品、传感器产品,baostock+akshare
603987.SH,康德莱,A股,C35专用设备制造业,,医用穿刺针、医用输注器械等医疗器械的研发、生产、销售和服务。 产品：穿刺护理类、输液导管类、留置输注类、穿刺介入类、医疗美容类、药包材类、动物医疗类、胰岛素给药类、标本采集类、有源医疗器械类、其他类,baostock+akshare
603988.SH,中电电机,A股,C38电气机械和器材制造业,,研发、生产和销售大中型直流电动机、中高压交流电动机、发电机、电机试验站电源系统和开关试验站电源系统等成套设备。 产品：交流电机、直流电机、发电机、其他,baostock+akshare
603989.SH,艾华集团,A股,C39计算机、通信和其他电子设备制造业,,铝电解电容器、薄膜电容器、电极箔及金属化膜（薄膜用）的生产与销售。 产品：照明类产品、工控类产品、新能源、消费电源、电子类产品、化成箔、工控类/新能源、消费电源/电子类、照明类,baostock+akshare
603990.SH,麦迪科技,A股,I65软件和信息技术服务业,,临床医疗管理信息系统（CIS）系列应用软件产品和临床信息化整体解决方案。 产品：医疗信息化板块、生殖医学医疗服务板块、麻醉临床信息系统、重症监护（ICU）临床信息系统、院前急救信息系统、院内急诊信息系统、血液净化信息系统、临床路径信息系统、Dorico数字化手术室整体解决方案、Dorico数字化急诊急救平台整体解决方案、生殖医学医疗服务、自制软件、运维及技术服务、医疗服务收入、整体解决方案,baostock+akshare
603991.SH,领先股份,A股,C29橡胶和塑料制品业,,半导体封装材料业务、半导体专用设备业务及线缆用高分子材料业务。 产品：光通信线缆、光缆用特种环保聚烯烃高分子材料、电气装备线用环保型聚烯烃高分子材料、电网系统电力电缆用特种绝缘高分子材料、半导体专用设备及备品备件服务、引线框架、模具、线缆用高分子材料、其他,baostock+akshare
603992.SH,松霖科技,A股,C29橡胶和塑料制品业,,大健康软硬件、智能厨卫等品类发展的IDM业务。 产品：大健康软硬件、智能厨卫、IDM业务、其中:智能厨卫、其中:大健康软硬件,baostock+akshare
603993.SH,洛阳钼业,A股,B09有色金属矿采选业,,有色金属的采、选、冶等矿山采掘及加工业务和金属贸易业务。 产品：矿山采掘及加工、矿产贸易、钼、钨、铜（不含NPM）、钴、铌、磷、铜金（NPM）、矿物金属贸易、精炼金属贸易、铜,baostock+akshare
603995.SH,甬金股份,A股,C31黑色金属冶炼和压延加工业,,冷轧不锈钢板带的研发、生产和销售。 产品：300系冷轧不锈钢、400系冷轧不锈钢、300系冷轧不锈钢板带、400系冷轧不锈钢板带、其他产品,baostock+akshare
603997.SH,继峰股份,A股,C36汽车制造业,,汽车内饰件及其系统，乘用车座椅以及道路车辆、非道路车辆悬挂驾驶座椅和乘客座椅的开发、生产和销售。 产品：乘用车座椅、座椅头枕、座椅扶手、中控系统、隐藏式电动出风口、内饰部件、中控及其他内饰件、商用车座椅、头枕,baostock+akshare
603998.SH,方盛制药,A股,C27医药制造业,,药品的研发、生产与销售。 产品：中成药、化学药、血塞通分散片、血塞通片、藤黄健骨片、赖氨酸维B12颗粒、头孢克肟片、金英胶囊、蒲地蓝消炎片、小儿荆杏止咳颗粒、依折麦布片、玄七健骨片、强力枇杷膏（蜜炼）、强力枇杷露、心脑血管疾病用药、骨骼肌肉系统用药、其他,baostock+akshare
603999.SH,读者传媒,A股,R86新闻和出版业,,期刊、图书(含教材教辅及一般图书)出版物的出版和发行。 产品：教材教辅、期刊、一般图书、文教产品及其他业务,baostock+akshare
605001.SH,威奥股份,A股,C37铁路、船舶、航空航天和其他运输设备制造业,,轨道交通车辆配套产品的研发、生产、销售和服务。 产品：轨道车辆内装产品、真空集便系统、金属结构件、模块化产品、车外结构件、车辆检修业务（日常维修、三级修、四级修、五级修、专项修等）、轨道交通配套产品的研发设计等综合配套服务、动车组车辆配套产品、城轨地铁车辆配套产品、检修业务,baostock+akshare
605003.SH,众望布艺,A股,C17纺织业,,中高档装饰面料及制品的研发、设计、生产与销售。 产品：装饰面料、其他(补充)、其他,baostock+akshare
605005.SH,合兴股份,A股,C36汽车制造业,PACK/BMS,汽车电子、消费电子产品的研发、生产和销售。 产品：新能源、智能驾驶、智能座舱、传统能源车动力总成、电动轴驱动系统部件、电池管理系统部件、高压直流逆变系统部件、转向系统部件、电子稳定系统部件、车身电子控制系统部件、发动机控制单元部件、变速箱管理系统部件、汽车电子、消费电子、其他(补充),baostock+akshare
605006.SH,山东玻纤,A股,C30非金属矿物制品业,,玻璃纤维及其制品的研发、生产与销售。 产品：玻纤产品、玻纤纱、玻纤制品、电力及热力产品、其他(补充),baostock+akshare
605007.SH,五洲特纸,A股,C22造纸和纸制品业,,机制纸和纸浆的研发、生产和销售。 产品：食品包装材料、日用消费材料、出版印刷材料、工业配套材料、工业包装材料、化机浆、工业包装材料系列、食品包装材料系列、日用消费材料系列、出版印刷材料系列,baostock+akshare
605008.SH,长鸿高科,A股,C26化学原料和化学制品制造业,,苯乙烯类热塑性弹性体（TPES）的研发、生产与销售。 产品：SBS、SEBS、PBT、热拌用沥青再生剂、黑色母粒、碳酸钙矿石、PBAT/PBT系列、TPES系列、黑色母粒及其他,baostock+akshare
605009.SH,豪悦护理,A股,C22造纸和纸制品业,,妇、幼、成人卫生护理用品的研发、制造与销售业务。 产品：婴儿卫生用品、成人卫生用品、其他产品、婴儿纸尿裤、成人纸尿裤、经期裤、卫生巾、湿巾,baostock+akshare
605011.SH,杭州热电,A股,D44电力、热力生产和供应业,,供热及发电服务、发电及清洁能源技术的技术开发、煤炭批发。 产品：煤炭、蒸汽、电、热电管网工程建设、电力,baostock+akshare
605016.SH,百龙创园,A股,C14食品制造业,,益生元系列产品、膳食纤维系列产品、健康甜味剂系列产品和其他淀粉糖（醇）产品的研发、生产及销售。 产品：膳食纤维系列、益生元系列、健康甜味剂、其他淀粉糖（醇）、低聚果糖、低聚异麦芽糖、以及低聚半乳糖、低聚木糖、水苏糖、抗性糊精、聚葡萄糖、阿洛酮糖、异麦芽酮糖,baostock+akshare
605018.SH,长华集团,A股,C36汽车制造业,,汽车金属零部件的研发、生产与销售。 产品：高强度紧固件、冲焊件、螺母板、折弯件、冲铝件、铝压铸、碳陶盘结构件、紧固件、其他(补充),baostock+akshare
605020.SH,永和股份,A股,C26化学原料和化学制品制造业,,氟化学产品的研发、生产、销售。 产品：氟碳化学品单质、混合制冷剂、含氟高分子材料及其单体、含氟精细化学品、氢氟酸、一氯甲烷、甲烷氯化物、氯化钙、HCFC-22、HFC-152a、HFC-143a、HFC-134a、HFC-32、HFC-227ea、HFC-125、R410A、R404A、R507、HFP、VDF、PTFE、FEP、PFA、PVDF、HFPO、HFP二/三聚体、全氟己酮、氟碳化学品、含氟高分子材料、化工原料,baostock+akshare
605028.SH,世茂能源,A股,D44电力、热力生产和供应业,,生产和销售电力和蒸汽产品。 产品：电力销售、热力销售、垃圾处理、其他,baostock+akshare
605033.SH,美邦股份,A股,C26化学原料和化学制品制造业,,农药产品研发、生产、销售以及农业技术推广与服务。 产品：杀菌剂、杀虫剂、其他,baostock+akshare
605050.SH,福然德,A股,G58多式联运和运输代理业,,为中高端汽车、家电企业或其配套厂商提供金属板材加工剪切和配送服务，包括采购、加工、仓储、套裁、包装、运输及配送等，以及提供相应的技术支持服务。 产品：镀锌钢、冷轧钢、热轧钢、电工钢、彩涂钢、铝材、加工配送、非加工配送、来料加工类,baostock+akshare
605055.SH,迎丰股份,A股,C17纺织业,,纺织品印染加工业务。 产品：针织面料印染、梭织面料印染、技术咨询、针织、梭织、其他(补充),baostock+akshare
605056.SH,咸亨国际,A股,F51批发业,,工器具、仪器仪表等类产品的MRO集约化供应商，并从事上述产品的研发、生产、销售及相关技术服务。 产品：工器具、仪器仪表、工具、仪器、服务,baostock+akshare
605058.SH,澳弘电子,A股,C39计算机、通信和其他电子设备制造业,PCB,印制电路板（PrintedCircuitBoard）的研发、生产和销售。 产品：印制电路板、单面板、双面板、多层板、HDI板、双面多层板、其他(补充),baostock+akshare
605060.SH,联德股份,A股,C34通用设备制造业,,高精度机械零部件、精密型腔模产品的研发、设计、生产与销售。 产品：压缩机部件、工程机械部件、其他部件,baostock+akshare
605066.SH,天正电气,A股,C38电气机械和器材制造业,,配电电器、控制电器、终端电器、电源电器、仪表电器等低压电器元件及成套产品的研发、生产和销售。 产品：配电电器、终端电器、电源电器、控制电器、仪器仪表、智能框架断路器、智能塑壳断路器、万能式断路器、塑壳断路器、自动转换开关电器、直流隔离开关、其他,baostock+akshare
605068.SH,明新旭腾,A股,C19皮革、毛皮、羽毛及其制品和制鞋业,,汽车内饰新材料研发、清洁生产和销售。 产品：汽车内饰材料、真皮、绒面超纤、超纤革、PU、PVC、天然皮革、人造革及合成革、其他(补充),baostock+akshare
605069.SH,正和生态,A股,N77生态保护和环境治理业,,生态型水利基础设施、智能科技业务、文旅康养业务。 产品：水利工程、水生态保护与修复、规划设计、其他(补充),baostock+akshare
605077.SH,华康股份,A股,C14食品制造业,,木糖醇、山梨糖醇、麦芽糖醇、赤藓糖醇、果葡糖浆等多种功能性糖醇、淀粉糖产品的研发、生产、销售。 产品：木糖醇、山梨糖醇、麦芽糖醇、赤藓糖醇、果葡糖浆、液体糖、醇及其他产品、晶体糖醇产品、其他,baostock+akshare
605080.SH,浙江自然,A股,C17纺织业,,充气床垫、保温箱包、头枕坐垫、水上运动等户外用品的研发、设计、生产与销售。 产品：充气类产品、箱包类产品、其他,baostock+akshare
605081.SH,退市太和,A股,,,水环境生态建设和水环境生态维护。 产品：水环境生态建设、水环境生态维护、饮用水销售及其他、IT产品销售、代理,baostock+akshare
605086.SH,龙高股份,A股,B10非金属矿采选业,,高岭土的采选、加工和销售，以及相关技术研发业务。 产品：高岭土原矿、325目高岭土精矿、超级龙岩高岭土、改性高岭土、综合利用产品、高白度特级高岭土原矿、高白度一级高岭土原矿、高白度二级高岭土原矿、高白度高钾钠高岭土原矿、标准高岭土原矿、325目A级高岭土、325目B级高岭土、325目C级高岭土、325目D级高岭土、60级特级超级龙岩高岭土、60A级超级龙岩高岭土、70级超级龙岩高岭土、80级超级龙岩高岭土、90级超级龙岩高岭土、325目A级机碓高岭土、325目B级机碓高岭土、机碓高白度高钾钠高岭土、原矿、高白度一级高岭土B级泥饼、瓷石（块）、瓷石（粉）、高硅石（块）、高硅石（粉）、瓷石粉B级泥饼、扫底、粗砂、磁选尾泥、精矿、综合利用,baostock+akshare
605088.SH,冠盛股份,A股,C36汽车制造业,,汽车底盘系统零部件的研发、生产和销售。 产品：传动轴总成、等速万向节、轮毂轴承单元、橡胶减震系列、转角模块、其他主营业务,baostock+akshare
605089.SH,XD味知香,A股,C13农副食品加工业,,半成品菜的研发、生产和销售。 产品：牛肉类、家禽类、猪肉类、羊肉类、水产鱼类、水产虾类,baostock+akshare
605090.SH,九丰能源,A股,D45燃气生产和供应业,,清洁能源行业、能源服务行业、特种气体行业。 产品：LNG-清洁能源业务、LNG-能源服务业务、LPG、氦气、氢气、天然气、LNG生产与服务,baostock+akshare
605098.SH,行动教育,A股,P83教育,,企业管理培训、管理咨询服务以及相关图书音像制品销售。 产品：管理培训、管理咨询、图书、其他收入,baostock+akshare
605099.SH,共创草坪,A股,C29橡胶和塑料制品业,,人造草坪的研发、生产和销售。 产品：运动草、休闲草、仿真植物、仿真植物及其他,baostock+akshare
605100.SH,华丰股份,A股,C34通用设备制造业,,发动机核心零部件、柴油发动机及智能化发电机组的研发、制造与销售，以及开展通信基站设备和设施的综合运维服务。 产品：核心零部件、柴油发动机、智能化发电机组、综合解决方案、气缸体、气缸盖、曲轴箱、中小功率多缸柴油机、静音发电机组、开架式发电机组、智能化混合能源发电机组、大功率发电机组、零部件、柴油发动机及发电机组、其他(补充),baostock+akshare
605108.SH,同庆楼,A股,H62餐饮业,,餐饮服务、宾馆住宿以及食品业务。 产品：餐饮服务、宾馆住宿、食品业务,baostock+akshare
605111.SH,新洁能,A股,C39计算机、通信和其他电子设备制造业,临床服务/CDMO,中高端IGBT、MOSFET、集成功率器件及模块的研发、设计及销售。 产品：6英寸芯片、8英寸芯片、12英寸芯片、功率器件、车规级功率器件、SiCMOSFET、GaNHEMT、功率模块、栅极驱动IC、电源管理IC、IPM智能功率模块、MCU、芯片、其他(补充),baostock+akshare
605116.SH,奥锐特,A股,C27医药制造业,,特色复杂原料药、医药中间体和制剂的研发、生产和销售。 产品：原料药及中间体、成品药、贸易类产品、其中:原料药及中间体-心血管类、其中:原料药及中间体-TIDES类、其中:原料药及中间体-抗肿瘤类、其中:原料药及中间体-呼吸系统类、其中:原料药及中间体-女性健康类,baostock+akshare
605117.SH,德业股份,A股,C38电气机械和器材制造业,电芯,新能源业务、环境电器业务。 产品：新能源业务、环境电器业务、储能逆变器、组串式逆变器、微型逆变器、储能电池包、蒸发器、冷凝器、家用除湿机、无雾加湿器、工业除湿机、非标准除湿机、太阳能空调、光伏逆变器,baostock+akshare
605118.SH,力鼎光电,A股,C39计算机、通信和其他电子设备制造业,,光学镜头的设计、生产和销售业务。 产品：光学镜头、定焦镜头、变焦镜头、配件及其他,baostock+akshare
605122.SH,四方新材,A股,C30非金属矿物制品业,,"商品混凝土研发、生产和销售,同时生产建筑用砂石骨料。 产品：商品砼、湿拌砂浆、沥青混凝土、水稳层、装配式混凝土预制构件",baostock+akshare
605123.SH,派克新材,A股,C33金属制品业,,金属锻件的研发、生产和销售。 产品：航空航天用锻件、石化用锻件、电力用锻件、其他用锻件、其他(补充),baostock+akshare
605128.SH,上海沿浦,A股,C36汽车制造业,,汽车座椅零部件的研发、生产与销售。 产品：骨架总成、冲压件、注塑、模具、汽车座椅骨架总成（含座椅滑轨）、精密冲压件、精密注塑零部件及模具,baostock+akshare
605133.SH,嵘泰股份,A股,C36汽车制造业,新能源车/储能,汽车铝合金精密压铸件的研发、生产与销售。 产品：汽车类、模具类、摩托车类、设备、汽车转向系统、新能源汽车三电系统、汽车传动系统、汽车结构件、汽车轻量化、电动化、智能化需求的铝合金精密压铸件、设备类,baostock+akshare
605136.SH,丽人丽妆,A股,F52零售业,,电商零售和品牌营销运营服务。 产品：美妆洗护品类、其他品类、美妆洗护,baostock+akshare
605138.SH,盛泰集团,A股,C18纺织服装、服饰业,,棉和麻种植、纺纱、纺织面料及成衣的生产与销售。 产品：服装行业、纺织行业、棉纺行业、棉花、棉纱、面料、成衣、其他主营业务,baostock+akshare
605151.SH,西上海,A股,C36汽车制造业,,汽车零部件的研发、生产和销售以及为汽车行业提供综合物流服务。 产品：汽车零部件制造、汽车物流、包覆件、涂装件、安全件、整车仓储及运营服务、汽车零部件仓储及运营服务、零部件运输服务、整车运输服务、汽车饰件、汽车制动系统、仓储服务、运输服务,baostock+akshare
605155.SH,西大门,A股,C17纺织业,,功能性遮阳材料的研发、生产和销售。 产品：阳光面料、遮光面料、可调光面料、功能性遮阳成品、遮阳成品、遮阳面料、其他,baostock+akshare
605158.SH,华达新材,A股,C33金属制品业,,多功能彩色涂层板、热镀锌板及其基板的研发、生产和销售。 产品：多功能彩色涂层板、热镀锌板、彩色涂层板、其他(补充),baostock+akshare
605162.SH,新中港,A股,D44电力、热力生产和供应业,,采用热电联产的方式进行热力产品、电力产品和压缩空气的生产及供应。 产品：蒸汽产品、电力产品、压缩空气、电网侧储能业务、蒸汽、电力（热电联产）、电力（储能电力）、电力,baostock+akshare
605166.SH,聚合顺,A股,C26化学原料和化学制品制造业,,尼龙新材料研发、生产和销售。 产品：尼龙切片、其他(补充),baostock+akshare
605167.SH,利柏特,A股,E48土木工程建筑业,,工业模块设计和制造、工程总承包、工程设计、采购、施工、维保等全链条服务，为石油化工、油气能源、核电工程、矿业等领域客户提供全生命周期、一体化定制解决方案。 产品：工艺模块、管廊模块、管道预制件、工程服务、工业模块设计和制造、其他(补充),baostock+akshare
605168.SH,三人行,A股,L72商务服务业,,提供数字营销、场景活动、校园媒体营销等综合服务。 产品：数字营销服务、场景活动服务、校园媒体营销服务、社会传统媒体、其他主营业务,baostock+akshare
605169.SH,洪通燃气,A股,D45燃气生产和供应业,,LNG、CNG的生产、加工、储运和销售，以及居民用、商业用和工业用天然气的销售。 产品：LNG销售、CNG销售、居民用气、工商业用气、入户安装,baostock+akshare
605177.SH,东亚药业,A股,C27医药制造业,,化学原料药、医药中间体、化药制剂的研发、生产和销售业务。 产品：抗细菌类药物（β-内酰胺类和喹诺酮类）、抗胆碱和合成解痉药物、皮肤用抗真菌药物、β-内酰胺类抗菌药、抗胆碱和合成解痉药、喹喏酮类抗菌药,baostock+akshare
605178.SH,时空科技,A股,E50建筑装饰、装修和其他建筑业,机器人本体/集成,照明工程系统集成及智慧城市相关业务。 产品：夜间经济、智慧城市,baostock+akshare
605179.SH,一鸣食品,A股,C14食品制造业,,新鲜乳品与烘焙食品的研发、生产、销售及连锁经营业务。 产品：乳品、烘焙、其他食品,baostock+akshare
605180.SH,华生科技,A股,C17纺织业,,塑胶复合材料的研发、生产、销售。 产品：气密材料、柔性材料、BOPP电容薄膜、其他,baostock+akshare
605183.SH,确成股份,A股,C26化学原料和化学制品制造业,,沉淀法二氧化硅产品的研发、制造和销售。 产品：二氧化硅、其他主营业务、其他(补充),baostock+akshare
605186.SH,健麾信息,A股,C35专用设备制造业,,为医疗服务和医药流通行业的药品智能化管理提供相应的产品及服务。 产品：智慧药房项目、智能化静配中心项目、智能化药品耗材管理项目、物流与移动机器人、维护保养服务,baostock+akshare
605188.SH,国光连锁,A股,F52零售业,,连锁超市、百货商场的运营业务。 产品：超市、百货、其他(补充),baostock+akshare
605189.SH,富春染织,A股,C17纺织业,,色纱的研发、生产和销售。 产品：色纱及胚纱、棉纱及棉花贸易、加工费、色棉及精网棉、色纱、加工纱,baostock+akshare
605196.SH,华通线缆,A股,C38电气机械和器材制造业,数据中心/云厂商,线缆产品和油服产品的研发、生产与销售并提供综合服务。 产品：电线电缆、油服装备、低压塑力电缆、中压交联电缆、进户线、URD电缆、潜油泵电缆、矿用及通用橡套软电缆、船用电缆、数据中心专用配电电缆、海洋探测电缆、控制电缆、光伏电缆、港口拖曳电缆、金属铠装电缆、风能电缆、连续油管、液压控制管、化学药剂注入管、封装管缆、脐带管、井下光纤电缆、井架式连续油管设备、连续油管注入头、煤矿压裂连续油管设备、氮气设备、矿用连续油管钻机、低空经济无人机指挥车、潜油直驱螺杆泵、高效潜油离心泵、电线电缆及其他、连续管及作业装置、其他(补充),baostock+akshare
605198.SH,安德利,A股,C15酒、饮料和精制茶制造业,,浓缩果汁的加工生产及销售。 产品：浓缩苹果汁、浓缩梨汁、果汁、香精、果渣、其他(补充),baostock+akshare
605199.SH,ST葫芦娃,A股,C27医药制造业,,医药及健康产品的研发、生产、销售。 产品：儿童药、成人药、保健品、呼吸系统药物、消化系统药物、全身用抗感染药物,baostock+akshare
605208.SH,永茂泰,A股,C32有色金属冶炼和压延加工业,新能源车/储能,汽车用铸造再生铝合金和汽车零部件的研发、生产和销售。 产品：汽车用铸造再生铝合金、汽车零部件、废铝回收、铝灰渣资源化利用业务、铝合金锭、铝合金液、燃油汽车零部件、新能源汽车零部件,baostock+akshare
605218.SH,伟时电子,A股,C39计算机、通信和其他电子设备制造业,,背光显示模组、液晶显示模组、智能显示组件等产品研发、生产、销售。 产品：背光显示模组、液晶显示模组、智能显示组件、橡胶件、五金件,baostock+akshare
605222.SH,起帆电缆,A股,C38电气机械和器材制造业,,电线电缆研发、生产、销售和服务。 产品：电力电缆、电气装备用电线电缆、其他(补充),baostock+akshare
605228.SH,神通科技,A股,C36汽车制造业,,汽车动力系统、饰件系统、光学镜片、模具等领域的研发与制造。 产品：动力系统零部件、饰件系统零部件、汽车零部件销售、模具销售、其他(补充),baostock+akshare
605255.SH,天普股份,A股,C29橡胶和塑料制品业,,汽车用高分子材料流体管路系统和密封系统零件及总成的研发、生产及销售。 产品：汽车发动机附件系统软管及总成、汽车空调系统、动力转向系统、车身附件系统软管及总成、汽车燃油系统胶管及总成、模压相关制品、汽车用高分子流体管路系统、密封系统零件及总成、汽车空调系统、动力转向系统及车身附件系统软管及总成等其他产品,baostock+akshare
605258.SH,协和电子,A股,C39计算机、通信和其他电子设备制造业,PCB,汽车电子和高频通讯领域印制电路板的研发、生产、销售以及SMT业务。 产品：印制电路板、其他(补充),baostock+akshare
605259.SH,绿田机械,A股,C34通用设备制造业,,通用动力机械产品、高压清洗机产品及储能产品的研发、生产和销售。 产品：通用动力机械产品、高压清洗机产品、储能产品、配件、其他(补充),baostock+akshare
605266.SH,健之佳,A股,F52零售业,,"药品、保健食品、个人护理品、家庭健康用品、便利食品、日用消耗品等健康产品的连锁零售业务,并提供相关专业服务。 产品：处方药、非处方药、中药材、保健食品、个人护理、医疗器械、生活便利品、体检服务、医药零售、便利销售板块、其他",baostock+akshare
605268.SH,王力安防,A股,C33金属制品业,,安全门等门类产品以及机械锁和智能锁等锁具产品的研发、设计、生产、销售和服务。 产品：钢质门、其他门、智能锁、钢质安全门、其他(补充),baostock+akshare
605277.SH,新亚电子,A股,C38电气机械和器材制造业,,消费电子及工业控制线材、通信线缆及数据线材、汽车线缆、新能源系列线缆及组件等各类线材的研发、制造、销售。 产品：消费电子及工业控制线材、汽车线缆、通信线缆及数据线材、新能源系列线缆及组件,baostock+akshare
605286.SH,同力天启,A股,C34通用设备制造业,,电梯部件及电梯金属材料的研发、生产和销售。 产品：扶梯部件、直梯部件、电梯金属材料、新能源业务,baostock+akshare
605287.SH,德才股份,A股,E50建筑装饰、装修和其他建筑业,,建筑装饰及房屋建筑工程的设计与施工。 产品：内装装饰业务、幕墙门窗工程业务、智能化业务、古建筑工程业务、建筑工程业务、市政工程业务、设计业务、装饰装修业务、其中:装饰装修业务-内装装饰业务,baostock+akshare
605288.SH,凯迪股份,A股,C38电气机械和器材制造业,,线性驱动系统的研发、生产和销售。 产品：智能家居驱动系统、智慧办公驱动系统、电动尾门驱动系统、医疗康护驱动系统、线性驱动行业、其他(补充),baostock+akshare
605289.SH,罗曼股份,A股,E50建筑装饰、装修和其他建筑业,,城市照明、AI算力、数智能源、数字文娱四大业务。 产品：城市照明板块、数智能源板块、数字文娱板块、AI算力板块,baostock+akshare
605296.SH,神农集团,A股,A03畜牧业,,饲料加工和销售、生猪养殖和销售、生猪屠宰和生鲜猪肉食品销售、以及食品深加工和销售业务。 产品：饲料、生猪、猪肉制品、猪副产品、深加工产品、生鲜猪肉、猪肉制品及猪副产品,baostock+akshare
605298.SH,必得科技,A股,C37铁路、船舶、航空航天和其他运输设备制造业,,中高速动车组列车、城轨列车等轨道交通车辆配套产品的研发、生产与销售。 产品：轨道车辆（高铁、城轨地铁）配套使用的通风系统、智能撒砂系统、电缆保护系统、智能障碍物检测系统、车门系统、TPU弹性地板、贯通道系统、动车组车辆配套产品、城轨地铁车辆配套产品、其他,baostock+akshare
605299.SH,舒华体育,A股,C24文教、工美、体育和娱乐用品制造业,,体育用品的研发、生产和销售。 产品：展示架、健身器材、室内健身器材、展示用品、室外健身器材,baostock+akshare
605300.SH,佳禾食品,A股,C14食品制造业,,粉末油脂、咖啡、植物基、糖浆及创新食品产品的研发、生产和销售业务。 产品：粉末油脂、咖啡、植物基、糖浆、创新食品、其他(补充),baostock+akshare
605303.SH,园林股份,A股,E48土木工程建筑业,,园林工程施工、规划设计、花卉种苗研发生产、生态园林及乡村振兴项目的运维等全产业链业务。 产品：市政工程、非市政工程、土地整理、工程设计、苗木销售、运维、运维收入,baostock+akshare
605305.SH,中际联合,A股,C35专用设备制造业,,专用高空安全作业设备的研发、生产与销售，并提供高空安全作业服务。 产品：智能免爬系统、塔筒升降机、海上平台吊机、双机联动登塔解决方案、免爬器、塔筒平台盖板自动开闭系统、爬梯导向升降机、钢丝绳导向升降机、齿轮齿条升降机、高空安全升降设备、高空安全防护设备、高空安全作业服务,baostock+akshare
605318.SH,法狮龙,A股,C41其他制造业,,集成吊顶、集成墙面等产品的研发、生产和销售。 产品：集成吊顶、集成墙面、其他,baostock+akshare
605319.SH,无锡振华,A股,C36汽车制造业,,冲压零部件业务、分拼总成加工业务、模具和选择性精密电镀加工业务。 产品：冲压零部件业务、分拼总成加工业务、选择性精密电镀加工业务、模具业务,baostock+akshare
605333.SH,沪光股份,A股,C36汽车制造业,,汽车高低压线束的研发、生产与销售。 产品：成套线束、发动机线束、其他线束、其他(补充),baostock+akshare
605336.SH,*ST帅电,A股,C38电气机械和器材制造业,,以集成灶为核心的新型智能厨房电器的研发、设计、生产和销售业务。 产品：集成灶、其他厨房用品、橱柜,baostock+akshare
605337.SH,李子园,A股,C15酒、饮料和精制茶制造业,,甜牛奶乳饮料系列等含乳饮料和其他饮料的研究、生产与销售。 产品：含乳饮料、乳味风味饮料、复合蛋白饮料、植物蛋白饮料、水替类饮料、果蔬汁饮料、风味饮料、其他,baostock+akshare
605338.SH,巴比食品,A股,C14食品制造业,,中式面点食品的研发、生产与销售。 产品：面点系列、馅料系列、外部采购系列、包子、馒头、粗粮点心、饮品、粽子、糕点、面米类、馅料类、外购食品类,baostock+akshare
605339.SH,南侨食品,A股,C14食品制造业,,烘焙油脂相关制品的研发、生产和销售。 产品：烘焙应用油脂、淡奶油、乳制品、预制烘焙品、馅料、烘焙应用油脂系列、淡奶油系列、乳制品系列、预制烘焙品系列、馅料系列,baostock+akshare
605358.SH,立昂微,A股,C39计算机、通信和其他电子设备制造业,半导体材料;电芯,半导体硅片、功率半导体、化合物半导体的研发、生产和销售。 产品：半导体硅片、半导体功率器件芯片、化合物半导体射频及光电芯片、抛光片、外延片,baostock+akshare
605365.SH,立达信,A股,C38电气机械和器材制造业,,照明业务和物联网（IoT）业务。 产品：照明产品及配件、IOT产品及配件、其他产品,baostock+akshare
605366.SH,宏柏新材,A股,C26化学原料和化学制品制造业,,功能性硅烷、纳米硅材料等硅基新材料及其他化学助剂的研发、生产与销售。 产品：硅烷偶联剂、气相白炭黑、其他橡胶助剂、其他(补充),baostock+akshare
605368.SH,蓝天燃气,A股,D45燃气生产和供应业,,管道天然气业务、城市燃气等业务。 产品：管道天然气销售、城市天然气销售、代输天然气、燃气安装工程,baostock+akshare
605369.SH,拱东医疗,A股,C35专用设备制造业,,一次性医用耗材的研发、生产和销售。 产品：医疗检测类、血液收集类、采集类、医用护理类、药品包装类,baostock+akshare
605376.SH,博迁新材,A股,C39计算机、通信和其他电子设备制造业,,电子专用高端金属粉体材料的研发、生产和销售。 产品：镍基产品、铜基产品、银粉、合金、纳米级镍粉、亚微米级镍粉、亚微米级铜粉、微米级铜粉、银包铜粉、合金粉、其他(补充),baostock+akshare
605377.SH,华旺科技,A股,C22造纸和纸制品业,,可印刷和素色装饰原纸的研产销以及木浆贸易业务。 产品：装饰原纸、木浆贸易、可印刷装饰原纸、素色装饰原纸、木浆、其他(补充),baostock+akshare
605378.SH,野马电池,A股,C38电气机械和器材制造业,,高性能、环保锌锰电池的研发、生产和销售。 产品：碱性电池、碳性电池、其他,baostock+akshare
605388.SH,均瑶健康,A股,C15酒、饮料和精制茶制造业,,益生菌健康食品及常温乳酸菌系列饮品的研发、生产和销售。 产品：益生菌饮品、益生菌食品、商品供应链,baostock+akshare
605389.SH,长龄液压,A股,C34通用设备制造业,机器人减速器,中央回转接头、张紧装置等液压元件及零部件产品、压缩机铸件、汽车铸件等精密铸件产品和光伏回转减速器、工程机械回转减速器及配件产品的研发、生产和销售。 产品：中央回转接头、张紧装置、工程机械回转减速器、精密铸件和光伏回转减速器、回转减速器、精密铸件,baostock+akshare
605398.SH,新炬网络,A股,I65软件和信息技术服务业,数据中心/云厂商,提供IT数据中心运维产品及运维服务。 产品：智慧运维及运营解决方案、原厂软硬件及服务销售、短剧及智能内容的制作和营销,baostock+akshare
605399.SH,晨光新材,A股,C26化学原料和化学制品制造业,,功能性硅烷基础原料、中间体及成品的研发、生产和销售。 产品：硅烷、硅烷中间体、氨基硅烷、环氧基硅烷、氯丙基硅烷、含硫硅烷、原硅酸酯、甲基丙烯酰氧基硅烷、乙烯基硅烷、烷基硅烷、含氢硅烷、主要产品、其他、主要中间体,baostock+akshare
605488.SH,福莱新材,A股,C29橡胶和塑料制品业,,功能性涂布复合材料的研发、生产、销售。 产品：广告喷墨打印材料、标签标识印刷材料、电子级功能材料、功能基膜材料、胶粘材料,baostock+akshare
605499.SH,东鹏饮料,A股,C15酒、饮料和精制茶制造业,,饮料的研发、生产及销售。 产品：能量饮料、电解质饮料、茶（类）饮料、咖啡（类）饮料、植物蛋白（类）饮料以及果蔬汁类饮料、其他饮料,baostock+akshare
605500.SH,森林包装,A股,C22造纸和纸制品业,,废纸利用、热电联产、生态造纸、绿色包装。 产品：原纸、纸制品、牛皮箱板纸、瓦楞原纸、白板纸、瓦楞纸板、水印纸箱、胶印纸箱、数码纸箱、精品礼盒、纸管、快递文件封、箱板纸,baostock+akshare
605507.SH,国邦医药,A股,C27医药制造业,,医药原料药和制剂、关键医药中间体、动物保健品的研发、生产与销售。 产品：医药板块、动物保健品板块、抗生素类药、心血管系统类药、呼吸系统类药、泌尿系统类药、抗肿瘤类药、还原剂系列产品、高级胺系列产品、兽用抗生素类动保原料药产品、兽用抗虫杀虫药类动保原料药产品、马波沙星、沙拉沙星、地克珠利、环丙氨嗪、加米霉素、医药、动保、其他(补充),baostock+akshare
605555.SH,德昌股份,A股,C38电气机械和器材制造业,,小家电及汽车EPS电机的设计、制造与销售业务。 产品：吸尘器、小家电、汽车电机,baostock+akshare
605566.SH,福莱蒽特,A股,C26化学原料和化学制品制造业,,分散染料及其滤饼的研发、生产及销售。 产品：分散染料、滤饼、高水洗、高日晒牢度染料、环保型染料、常规型染料、高水洗、高日晒牢度染料,baostock+akshare
605567.SH,春雪食品,A股,C13农副食品加工业,,白羽鸡鸡肉食品的研发、生产加工和销售业务。 产品：生鲜品、调理品、毛鸡,baostock+akshare
605577.SH,龙版传媒,A股,R86新闻和出版业,,图书、期刊及电子出版物的出版、发行及印刷服务等业务。 产品：教材教辅、一般图书、物资贸易、其他(补充),baostock+akshare
605580.SH,恒盛能源,A股,D44电力、热力生产和供应业,,热电联产业务与固废资源综合利用业务。 产品：蒸汽、电力、供暖、固废资源综合利用产品、CVD金刚石产品、热水、再生瓶片、单晶金刚石、多晶金刚石,baostock+akshare
605588.SH,冠石科技,A股,C39计算机、通信和其他电子设备制造业,,半导体显示器件、特种胶粘材料和半导体光掩膜版的研发、生产和销售。 产品：半导体显示器件、特种胶粘材料、光掩膜版、偏光片、功能性器件、信号连接器、液晶面板、生产辅耗材、胶带、搭扣、泡棉、保护膜、标签、其他,baostock+akshare
605589.SH,圣泉集团,A股,C26化学原料和化学制品制造业,,化学新材料和生物质新材料、新能源相关产品的研发、生产、销售。 产品：合成树脂类、先进电子材料及电池材料、生物质产品、合成树脂及衍生品、其他(补充),baostock+akshare
605598.SH,上海港湾,A股,E48土木工程建筑业,,为全球客户提供涵盖勘察、设计、施工、监测的一站式岩土工程综合服务。 产品：地基处理、桩基工程、新能源基建,baostock+akshare
605599.SH,菜百股份,A股,F52零售业,,黄金珠宝商品的原料采购、款式设计、连锁销售以及品牌运营。 产品：金银饰品、工艺美术品、黄金、黄金饰品、贵金属投资产品、贵金属文化产品,baostock+akshare
688001.SH,华兴源创,A股,C35专用设备制造业,,提供工业自动化测试设备与整线系统解决方案。 产品：消费电子检测及自动化设备、半导体检测设备制造、检测设备、治具及配件、组装设备,baostock+akshare
688002.SH,睿创微纳,A股,C39计算机、通信和其他电子设备制造业,,从事专用集成电路、特种芯片设计与制造技术开发。 产品：红外热成像业务、微波射频业务、红外探测器芯片、热成像机芯模组、红外热像仪整机、激光微波产品、光电系统、其他(补充),baostock+akshare
688003.SH,天准科技,A股,C35专用设备制造业,,提供高端视觉量检测装备、视觉制程装备及具身智能方案。 产品：视觉量检测装备、视觉制程装备、具身智能方案,baostock+akshare
688004.SH,博汇科技,A股,I65软件和信息技术服务业,,依托自有核心技术，为传媒、教育以及政企等行业用户提供“媒体内容安全监测及监管方案”、“智慧教室及智慧教学解决方案”、“大屏显示控制及坐席协作解决方案”等视听信息技术智能应用的产品与服务。 产品：AI+视听安全能力矩阵、一体化监管解决方案、全要素运维解决方案、资源空间解决方案（“学道”大模型）、教学空间解决方案、管理空间解决方案、智能显控、低空视频管理方案、智慧文旅解决方案、传媒安全、智慧教育,baostock+akshare
688005.SH,容百科技,A股,C39计算机、通信和其他电子设备制造业,锂电材料,三元、磷酸铁锂、磷酸锰铁锂及钠电等锂电正极材料的研发、生产与销售。 产品：正极材料、磷酸铁锂正极材料、磷酸锰铁锂正极材料、钠电正极材料、NCM811系列、NCA系列、Ni90及以上超高镍系列、中镍高电压系列、纯用系列、掺混系列、层状氧化物、聚阴离子系列、材料销售、前驱体,baostock+akshare
688006.SH,杭可科技,A股,C35专用设备制造业,,致力于为全球新能源行业提供智能化、高精度、安全环保的锂电池化成分容、测试及物流系统整体解决方案，以及锂电池生产后段系统设计、研发、生产、销售及服务。 产品：充放电设备、其他设备、配件,baostock+akshare
688007.SH,光峰科技,A股,C39计算机、通信和其他电子设备制造业,,以原创半导体激光光源技术和架构为主导，研发、生产与销售激光显示、激光照明等领域的核心器件与整机。 产品：核心器件、整机业务、核心器件及整机业务、其他产品及业务,baostock+akshare
688008.SH,澜起科技,A股,C39计算机、通信和其他电子设备制造业,数据中心/云厂商,为云计算及AI基础设施提供创新、可靠及高能效的互连解决方案。 产品：集成电路产品、互连类芯片、津逮产品、其他(补充),baostock+akshare
688009.SH,中国通号,A股,C37铁路、船舶、航空航天和其他运输设备制造业,,轨道交通控制系统技术及其衍生应用的研究与探索，为全球客户提供优质的轨道交通控制系统全产业链一体化服务。 产品：轨道交通控制系统、设备制造、设计集成、系统交付服务、工程总承包、铁路、城市轨道、海外业务,baostock+akshare
688010.SH,福光股份,A股,C40仪器仪表制造业,机器人传感器,特种及民用光学镜头、光电系统、光学元组件等产品科研生产。 产品：定制产品、非定制光学镜头、光学元件、车载、红外、机器视觉镜头、投影光机、航天工程系列镜头、火箭专用系列镜头、空间飞行器系列镜头、弹载系列镜头、舰载工程系列镜头、光电吊仓系列镜头、电视跟踪系列镜头、周界监视系统、激光聚焦发射望远镜、定焦镜头、变焦镜头、一体机镜头、车载镜头、红外热成像镜头、球面镜片、非球面镜片、二元曲面、离轴面、不规则透镜、自由曲面、复眼、微透镜、反射碗、棱镜、光学元件及其他,baostock+akshare
688011.SH,新光光电,A股,C39计算机、通信和其他电子设备制造业,,为武器系统研制提供光学制导、光学目标与场景仿真、激光对抗和光电专用测试等方向的高精尖组件、装置、系统和解决方案。 产品：光电专用测试设备、光学目标与场景仿真系统、光学制导系统、激光对抗系统、民品,baostock+akshare
688012.SH,中微公司,A股,C35专用设备制造业,半导体设备,高端半导体设备及泛半导体设备的研发、生产和销售。 产品：刻蚀设备、薄膜设备、MOCVD设备、半导体设备相关产品,baostock+akshare
688013.SH,天臣医疗,A股,C35专用设备制造业,,高端外科手术吻合器研发创新和生产销售。 产品：无源产品、有源产品、开放手术类、其他辅助类、微创腔镜类、其中:无源产品-微创腔镜类、其中:有源产品-微创腔镜类、其中:无源产品-开放手术类,baostock+akshare
688015.SH,交控科技,A股,C37铁路、船舶、航空航天和其他运输设备制造业,机器人本体/集成,城市轨道交通信号系统的研发、关键设备的研制、系统集成以及信号系统总承包、维保维护服务及其他相关技术服务等。 产品：信号系统总承包业务、零星销售、维保维护服务、低空业务、城轨新线、其中:城轨新线-③FAO系统、城轨改造,baostock+akshare
688016.SH,心脉医疗,A股,C35专用设备制造业,,主动脉及外周血管介入医疗器械的研发、生产、销售和服务。 产品：胸主动脉覆膜支架系统、腹主动脉覆膜支架系统、其他手术辅件、术中支架系统、外周动脉、外周静脉、肿瘤介入类、外周血管手术辅件、Castor通天戈分支型主动脉覆膜支架及输送系统、Cratos通天镰分支型主动脉覆膜支架系统、Talos通天眼直管型胸主动脉覆膜支架系统、Hercules通天杖LowProfile直管型覆膜支架及输送系统、Minos定海塔腹主动脉覆膜支架及输送系统、Aorfix腹主动脉覆膜支架系统、Altura腹主动脉覆膜支架系统、Aegis定海石分叉型大动脉覆膜支架及输送系统、主动脉支架类、外周及其他、其他(补充),baostock+akshare
688017.SH,绿的谐波,A股,C34通用设备制造业,机器人减速器;机器人核心部件,精密传动装置研发、设计、生产和销售。 产品：谐波减速器、行星滚柱丝杠及精密零部件、机电一体化产品、智能自动化装备、谐波减速器及金属件,baostock+akshare
688018.SH,乐鑫科技,A股,I65软件和信息技术服务业,,集成电路产品的研发设计和销售。 产品：芯片、模组、开发套件、模组及开发套件、其他,baostock+akshare
688019.SH,安集科技,A股,C39计算机、通信和其他电子设备制造业,半导体材料,高端半导体材料的研发和产业化。 产品：化学机械抛光液、功能性湿电子化学品、电镀液及添加剂系列、其他,baostock+akshare
688020.SH,方邦股份,A股,C39计算机、通信和其他电子设备制造业,PCB,高端电子材料的研发、生产及销售。 产品：电磁屏蔽膜、铜箔、覆铜板、各类电子铜箔、挠性覆铜板、电阻薄膜,baostock+akshare
688021.SH,奥福科技,A股,C35专用设备制造业,,蜂窝陶瓷技术的研发与应用。 产品：蜂窝陶瓷载体、节能蓄热体及其他成品、节能蓄热体、其他(补充),baostock+akshare
688022.SH,ST瀚川,A股,C35专用设备制造业,机器人应用,从事汽车电子、新能源电池、充换电等行业智能制造装备的研发、设计、生产、销售及服务。 产品：智能制造装备及系统、零部件、线束、HDC平台-FAKRA线束产品线、HDC平台-车载以太网线束产品线、PA350、PA400、非注塑成型自动化产线、注塑成型自动化产线、低压/高速线端连接器自动化产线、高压线端连接器自动化产线、速度传感器自动化解决方案、TPMS自动化解决方案、IBS电池传感器自动化解决方案、毫米波雷达自动化解决方案、其他(补充),baostock+akshare
688023.SH,安恒信息,A股,I65软件和信息技术服务业,,为AI+网络安全产品的研发、生产及销售，并为客户提供专业的基于AI的网络信息安全服务。 产品：网络信息安全基础产品、网络信息安全平台、网络信息安全服务、第三方硬件产品,baostock+akshare
688025.SH,杰普特,A股,C39计算机、通信和其他电子设备制造业,,研发、生产和销售激光器、主要用于集成电路和半导体光电相关器件精密检测及微加工的智能装备以及光通信领域光纤器件。 产品：激光器、激光/光学智能装备、光纤器件、脉冲光纤激光器、连续光纤激光器、固体激光器、超快激光器、其他,baostock+akshare
688026.SH,洁特生物,A股,C29橡胶和塑料制品业,,生命科学制品的研发、生产和销售。 产品：细胞培养类产品、液体处理类产品、其他产品或服务、贴壁细胞培养器、高通量细胞培养器、3D培养支架、移液管、吸头、离心管、冻存管、培养瓶、洁净车间/实验室装修、第三方检测、医用产品包装、液体处理类、生物培养类、其他(补充),baostock+akshare
688027.SH,国盾量子,A股,C39计算机、通信和其他电子设备制造业,,量子通信、量子计算、量子精密测量产品的研发、生产和销售，并提供相关的技术服务。 产品：量子通信产品、量子计算产品、量子精密测量产品、相关技术服务,baostock+akshare
688028.SH,沃尔德,A股,C34通用设备制造业,,超高精密、高精密刀具及超硬材料制品的研发、生产和销售。 产品：超硬刀具、硬质合金刀具、超硬材料、金刚石膜声学器件、金刚石热沉材料、金刚石光学窗口、金刚石工具材料、硼掺杂金刚石膜涂层电极及制品,baostock+akshare
688029.SH,南微医学,A股,C35专用设备制造业,,微创医疗器械的研发、制造和销售。 产品：内镜耗材类产品、肿瘤介入类产品、可视化类产品、内镜耗材类、其他类、肿瘤介入类,baostock+akshare
688030.SH,山石网科,A股,I65软件和信息技术服务业,,生产研发网络安全领域软硬件产品。 产品：边界安全、云安全、边界安全产品、其他安全产品、云安全产品,baostock+akshare
688031.SH,星环科技,A股,I65软件和信息技术服务业,,数据的集成、存储、治理、建模、分析、挖掘和流通等数据全生命周期提供基础软件及服务。 产品：软件产品与技术服务、软件产品授权、软件产品授权及配套服务、技术服务、应用与解决方案、软硬一体产品及服务、其中:软件产品与技术服务-软件产品授权及配套服务、其中:软件产品与技术服务-技术服务、解决方案、其中:软件产品与技术服务-软件产品授权,baostock+akshare
688032.SH,禾迈股份,A股,C38电气机械和器材制造业,新能源车/储能,光伏逆变器相关产品、储能相关产品的研发、制造与销售。 产品：微型逆变器及监控设备、储能系统、光伏发电系统、微型逆变器、监控设备、关断系统、组串式逆变器、储能逆变器,baostock+akshare
688033.SH,*ST天宜,A股,C30非金属矿物制品业,新能源车/储能,高铁粉末冶金闸片业务、光伏新能源、汽车及航空航天等四大业务板块。 产品：粉末冶金闸片、有机合成闸片、闸瓦、光伏单晶辅材部件、树脂基碳纤维复合材料制品、航空大型结构件精密制造、光伏热场系统部件、粉末冶金闸片/有机合成闸片、闸瓦,baostock+akshare
688035.SH,德邦科技,A股,C39计算机、通信和其他电子设备制造业,服务器与终端,高端电子封装材料研发及产业化。 产品：集成电路封装材料、智能终端封装材料、新能源应用材料、高端装备应用材料,baostock+akshare
688036.SH,传音控股,A股,C39计算机、通信和其他电子设备制造业,服务器与终端,手机为核心的智能终端的设计、研发、生产、销售和品牌运营。 产品：手机、TECNO品牌手机、itel品牌手机、Infinix品牌手机、其他、其他(补充),baostock+akshare
688037.SH,芯源微,A股,C35专用设备制造业,半导体设备,半导体专用设备的研发、生产和销售。 产品：前道涂胶显影设备、前道清洗设备、后道先进封装设备、化合物等小尺寸设备、前道化学清洗设备、前道物理清洗设备、涂胶显影设备、单片式湿法设备、临时键合、解键合设备、电子工艺装备、产品备件、其他(补充),baostock+akshare
688038.SH,中科通达,A股,I65软件和信息技术服务业,,城市公共安全管理的研发、设计。 产品：智周大模型系列、视频图像系列、公安大数据系列、智周-ALL视觉大模型、智周-灵犀城市智能安全感知大模型、智周-灵犀平台、AI视频巡逻方案、AI城市治理系统、通途交管智能助手、通汇视频级联共享平台、通慧视图综合应用平台、智瞳视图解析算法、视图数据信息库、安固35114综合解决方案、安通视频融合一体机、智启数据治理中台、智星数据建模平台、数智云OS、AI算法中台、智联物联网管理平台、治安管控系列、信息化系统开发建设、信息化系统运维、软件开发及销售,baostock+akshare
688039.SH,当虹科技,A股,I65软件和信息技术服务业,,智能视频技术及整体解决方案的研发、设计与销售。 产品：传媒文化产品及解决方案、工业与卫星产品及解决方案、车载智能座舱产品,baostock+akshare
688041.SH,海光信息,A股,C39计算机、通信和其他电子设备制造业,交换机/服务器,研发、设计和销售应用于服务器、工作站等计算、存储设备中的高端处理器。 产品：海光通用处理器（CPU）、海光协处理器（DCU）、高端处理器、其他(补充),baostock+akshare
688045.SH,必易微,A股,I65软件和信息技术服务业,,专注于模拟及数模混合芯片的研发、设计和销售，致力于为用户提供高效能、低功耗、高集成、品质稳定的芯片和解决方案，推动行业的能效提升和技术升级。 产品：电源管理、电机驱动、电池管理、信号链及微控制器、AC-DC、DC-DC、驱动IC、线性稳压器、电流传感器、磁传感器、放大器、转换器、隔离芯片、接口芯片、微控制器,baostock+akshare
688046.SH,药康生物,A股,M73研究和试验发展,,实验动物模型的研发创制、生产销售及相关技术服务。 产品：商品化小鼠模型、功能药效、定制繁育、模型创制、代理进出口及其他、商品化小鼠模型销售,baostock+akshare
688047.SH,龙芯中科,A股,C39计算机、通信和其他电子设备制造业,,处理器及配套芯片的研制、销售及服务。 产品：处理器及配套芯片产品、基础软硬件解决方案、工控类芯片、信息化类芯片、配套芯片、解决方案,baostock+akshare
688048.SH,长光华芯,A股,C39计算机、通信和其他电子设备制造业,光芯片,半导体激光芯片的研发、设计及制造。 产品：高功率单管系列、高功率巴条系列、VCSEL及光通讯芯片系列,baostock+akshare
688049.SH,炬芯科技,A股,C39计算机、通信和其他电子设备制造业,,中高端智能音频SoC芯片的研发、设计与销售。 产品：智能无线音频SoC芯片系列、便携式音视频SoC芯片系列、端侧AI处理器芯片系列,baostock+akshare
688050.SH,爱博医疗,A股,C35专用设备制造业,,眼科医疗器械的自主研发、生产、销售及相关服务。 产品：人工晶状体、其他手术产品、角膜塑形镜、其他近视防控产品、隐形眼镜、其他视力保健产品,baostock+akshare
688051.SH,佳华科技,A股,I65软件和信息技术服务业,,智慧城市和智慧环保业务，利用物联网技术为用户设计和建设一套综合的智慧化管理和服务系统，提供持续的数据运营服务。 产品：智慧环保、智慧双碳、智慧城市、生态环境双碳大模型应用、智慧环保一张图决策系统、大气联防联控管理平台、重污染天气应急管理系统、污染源智能监管系统、噪声监控系统、减污降碳大数据分析平台、企业超低排放管控平台、企业大气污染物排放管控一体化平台、溯源雷达―精准溯源产品、数字侦探―污染源在线监测数据核验、专业秘书―生态环境智慧监管大模型、环保智能体、政府业务产品线、集团企业产品线、金融产品线、硬件产品线、建筑智能化、建筑节能、工业节能、数据运营服务、感知及平台建设、其他,baostock+akshare
688052.SH,纳芯微,A股,I65软件和信息技术服务业,,高性能集成电路芯片的设计、开发和销售。 产品：传感器产品、信号链产品、电源管理产品、传感器、信号链和电源管理三大产品,baostock+akshare
688053.SH,ST思科瑞,A股,M74专业技术服务业,,军用电子元器件可靠性检测服务和军用设备及分系统的环境可靠性试验服务。 产品：可靠性检测筛选、DPA、技术开发及其他服务、其他(补充)、技术开发与其他服务,baostock+akshare
688055.SH,龙腾光电,A股,C39计算机、通信和其他电子设备制造业,,液晶显示面板的研发、生产与销售。 产品：薄膜晶体管液晶显示器、其他(补充),baostock+akshare
688056.SH,莱伯泰科,A股,C40仪器仪表制造业,,实验分析仪器研发、生产和销售、提供洁净环保型实验室解决方案以及实验室耗材和相关服务。 产品：分析测试仪器、消耗件与服务、洁净环保型实验室解决方案、样品前处理仪器,baostock+akshare
688057.SH,金达莱,A股,N77生态保护和环境治理业,,生活污水、工业废水处理。 产品：水环境整体解决方案、水污染治理装备、水污染治理项目运营,baostock+akshare
688058.SH,宝兰德,A股,I65软件和信息技术服务业,,基础设施软件、智能运维软件的研发和销售，并提供专业技术服务。 产品：基础设施软件、智能运维软件、人工智能及大数据软件、保障服务、升级服务、系统维护服务、开发服务、基础设施软件服务、智能运维软件服务,baostock+akshare
688059.SH,华锐精密,A股,C33金属制品业,,硬质合金数控刀具的研发、生产和销售业务。 产品：硬质合金数控刀片、硬质合金整体刀具、车削系列、铣削系列、钻削系列、车削刀片、铣削刀片、整体刀具,baostock+akshare
688060.SH,云涌科技,A股,I65软件和信息技术服务业,,工业信息安全产品及工业物联网产品的研发、设计、生产和销售。 产品：工业安全通信网关设备、工业安全态势感知设备、信息安全加密产品、国产化平台通用产品、智能档案柜及控制类产品,baostock+akshare
688061.SH,灿瑞科技,A股,I65软件和信息技术服务业,,高性能数模混合集成电路及模拟集成电路研发设计、封装测试和销售。 产品：智能传感器芯片、电源管理芯片、封装测试服务、其他芯片,baostock+akshare
688062.SH,迈威生物,A股,C27医药制造业,,研发、生产以及销售创新型药物和生物类似药。 产品：生物医药、授权许可及服务、医疗器械、抗体、ADC药物和重组蛋白、小分子化学药等药物、其他(补充),baostock+akshare
688063.SH,派能科技,A股,C38电气机械和器材制造业,机器人本体/集成;电芯;PACK/BMS;新能源车/储能,磷酸铁锂电芯、模组、电池管理系统、储能系统集成的研发、生产和销售。 产品：储能电池系统、轻型动力电池系统、电芯、储能产品、轻型动力产品、其他(补充),baostock+akshare
688065.SH,凯赛生物,A股,C28化学纤维制造业,,新型生物基材料的研发、生产及销售。 产品：系列生物法长链二元酸（DC10-DC18）、生物基戊二胺、系列生物基聚酰胺、生物基连续纤维热塑型复合材料（Bio-PPACFRT）、长链二元酸系列、其他(补充)、生物基聚酰胺系列,baostock+akshare
688066.SH,*ST航图,A股,I65软件和信息技术服务业,,卫星运营、行业应用与时空数据要素采集。 产品：系统设计开发、数据分析应用服务、自有软件销售、空间基础设施规划与建设产品线、PIE+行业产品线、云服务产品线,baostock+akshare
688067.SH,爱威科技,A股,C27医药制造业,,智能医疗检验仪器及相关配套试剂与耗材的研发、生产和销售。 产品：模块化尿液分析流水线、尿液有形成分分析仪、尿液干化学分析仪、尿全项自动分析仪、全自动粪便分析仪、全自动体液分析仪、生殖道分泌物分析仪、血细胞形态学分析仪、配套体外诊断试剂、医用耗材、试剂、仪器、耗材,baostock+akshare
688068.SH,热景生物,A股,C27医药制造业,药企/生物科技,从疾病的早期筛查、诊断到治疗的解决方案。 产品：体外诊断产品、生物创新药业务、诊断试剂、诊断仪器、生物原料及其他,baostock+akshare
688069.SH,德林海,A股,N77生态保护和环境治理业,机器人本体/集成,以湖库富营养化内源治理相关的调查诊断、核心技术研发并提供湖库富营养化内源治理一揽子解决方案、成套化先进整装集成技术装备及安装调试、专业化运行维护及资源化利用业务。 产品：车载式藻水分离装置、船载式藻水分离装置、转鼓藻水分离装置、组合式藻水分离装置、加压控藻船、卷吸式大通量推流器、水动力控藻器、岸上站点藻水分离系统集成、深潜式高压灭藻成套装备、污染底泥常态化精准治理整装成套装备、湖泊健康管理工作平台、成套化先进整装集成技术装备运营维护服务、湖泊健康管理工作平台运营维护服务、湖库富营养化内源治理中资源化产品、技术装备集成、蓝藻治理运行维护、治理服务,baostock+akshare
688070.SH,纵横股份,A股,C37铁路、船舶、航空航天和其他运输设备制造业,,工业无人机相关产品的研发、生产、销售及服务。 产品：无人机硬件平台、应用软件系统、无人机运营服务体系、完善的行业应用解决方案、垂直起降固定翼无人机系统、多旋翼无人机系统、大型固定翼无人机系统、无人值守系统、纵横星图边端指控软件、纵横女娲云指控软件、纵横低空运行管理与服务系统、纵横低空行业应用系列产品、低空AI能力体系、低空运营服务、无人机航飞数据服务、教育培训及其他服务、无人机应用解决方案、无人机系统、无人机服务、无人机配件,baostock+akshare
688071.SH,华依科技,A股,C35专用设备制造业,新能源车/储能,汽车动力总成智能测试设备、新能源汽车动力总成测试服务以及智能驾驶相关业务。 产品：动力总成智能测试设备、新能源汽车动力总成测试服务、智能驾驶,baostock+akshare
688072.SH,拓荆科技,A股,C35专用设备制造业,,高端半导体专用设备的研发、生产、销售与技术服务。 产品：半导体专用设备、PECVD系列产品、ALD系列产品、SACVD系列产品、HDPCVD系列产品、FlowableCVD系列产品、三维集成领域系列产品、其他(补充),baostock+akshare
688073.SH,毕得医药,A股,M73研究和试验发展,,药物分子砌块和科学试剂的研发、设计、生产及销售。 产品：分子砌块杂环化合物、分子砌块苯环化合物、分子砌块脂肪族类化合物、催化剂和配体、生命科学试剂,baostock+akshare
688075.SH,安旭生物,A股,C27医药制造业,,POCT试剂及仪器的研发、生产与销售。 产品：快速检测试剂、毒品检测、传染病检测、慢性病检测、妊娠检测、肿瘤检测、心肌检测、生化检测、过敏原检测,baostock+akshare
688076.SH,ST诺泰,A股,C27医药制造业,,多肽药物及小分子化药的自主研发与定制研发生产。 产品：定制类产品、技术服务、自主选择产品、定制类产品及技术服务、其他(补充),baostock+akshare
688077.SH,大地熊,A股,C30非金属矿物制品业,,高性能烧结钕铁硼永磁材料的研发、生产及销售，橡胶磁和其他磁性制品的研发、生产及销售，并提供相关技术服务。 产品：烧结钕铁硼、橡胶磁、其他磁性材料、其他(补充),baostock+akshare
688078.SH,龙软科技,A股,I65软件和信息技术服务业,,提供时空智能、国产工业软件及自主技术体系数智化整体解决方案。 产品：智能矿山工业软件、LongRuanGIS软件、其他软件、硬件产品、龙软时空大模型、“多位一体”智能化矿山解决方案、龙软智图、井工煤矿智能化产品及解决方案、露天煤矿智能化产品及解决方案、非煤矿山智能化产品及解决方案、政府监管及智慧应急产品及解决方案、绿色低碳产品及解决方案、教育培训产品及解决方案、定制软件产品、技术服务、硬件收入,baostock+akshare
688079.SH,美迪凯,A股,C39计算机、通信和其他电子设备制造业,药物发现/CRO,半导体声光学、半导体微纳电路（主要为MEMS）、半导体封测、精密光学、微纳光学及智慧终端等的研发、制造和销售。 产品：半导体声光学、微纳电子、半导体封测、半导体零部件及精密加工服务、玻璃晶圆精密加工服务、精密光学零部件、微纳光学、智慧终端、超薄屏下指纹传感器整套声学层解决方案、超薄屏下指纹传感器整套光路层解决方案、图像传感器（CIS）整套光路层解决方案、环境光传感器光路层解决方案、射频滤波器、MicroLED、晶圆级封测、芯片级封测、传感器陶瓷基板精密加工服务、传感器光学封装基板、半导体用玻璃基板精密加工服务、高折射玻璃晶圆精密加工服务、智能手机摄像头滤光片组立件、安防摄像机摄像头滤光片组立件、光学低通滤波器、红外截止滤光片、光学波长板、吸收式涂布滤光片、窄带滤光片、激光雷达贴片棱镜、超薄光学软膜滤光片、半导体工艺键合棱镜、超构表面光学器件、散光镜、MLA镜头、晶圆光学模组、心电记录仪、心率记录仪等医疗器械的SMT及组装,baostock+akshare
688080.SH,映翰通,A股,C39计算机、通信和其他电子设备制造业,交换机/服务器,工业物联网技术的研发和应用，为客户提供工业物联网产品、企业网络产品、数字配电网产品、智能售货控制系统产品等。 产品：企业网络、工业与楼宇IoT、数字能源、智慧商业、车载与交通、云管理边缘路由器（ER系列）、云管理交换机（ES系列）、企业级无线AP（EAP系列）、5GFWA/ODU产品（FWA系列、CPE02、ODU系列）、5G便携终端（CR系列）、云管理平台（小星云管家）、工业无线路由器（IR系列）、工业以太网交换机、边缘计算网关、AI边缘计算机（EC900/EC3000/EC5000系列）、无线数据终端（DTU系列）、LoRaWAN网关、工业协议软件（DeviceSupervisorAgent、DSA）、智能视频分析软件（InVIM）、设备云平台、智能配电网状态监测系统、接地保护装置、录波子系统、ADAIA算法引擎、IWOS云平台、智能售货控制系统、InVending云平台、商品识别算法、羚羊购小程序、车载网关（VG710、VG814、VG824、VG710-M）、移动数据终端（MDT600）、商用车一体化安全方案（InVisionADASSolution）、车载通信终端（VT系列）、工业物联网产品、数字配电网产品、企业网络产品、智能售货控制系统产品,baostock+akshare
688081.SH,兴图新科,A股,C39计算机、通信和其他电子设备制造业,,音、视频综合业务网络应用平台研究、开发与应用。 产品：智能视频指挥类产品、视频智算类产品、其他(补充),baostock+akshare
688082.SH,盛美上海,A股,C35专用设备制造业,半导体材料;半导体设备,半导体专用设备的研发、生产和销售。 产品：前道半导体工艺设备、后道晶圆级先进封装工艺设备、硅材料衬底制造工艺设备、清洗设备、半导体电镀设备、立式炉管系列设备、涂胶显影Track设备、等离子体增强化学气相沉积PECVD设备、无应力铜互连平坦化设备、新型化合物半导体刻蚀设备、光刻胶固化设备、后道先进封装工艺设备、半导体清洗设备、其他半导体设备(电镀、立式炉管、无应力抛铜等设备)、先进封装湿法设备,baostock+akshare
688083.SH,中望软件,A股,I65软件和信息技术服务业,,CAD/CAM/CAE等研发设计类工业软件研发、销售、服务及行业生态的建设。 产品：ZWCAD系列、ZW3D系列、博超产品系列、设计协同平台ZWCAD365、二维设计平台ZWCAD、基于ZWCAD平台的行业应用软件、ZWCAD个人版、CAD教育产品、三维CAD/CAE/CAM一体化软件平台ZW3D、通用前后处理平台ZWMeshWorks、结构仿真软件ZWSimStructural、低频电磁仿真软件ZWSimMetas、离散元仿真软件ZWSimDEM、协同设计平台ZWTeammate、3D教育产品、标准通用软件、技术服务收入、定制软件开发,baostock+akshare
688084.SH,晶品特装,A股,C35专用设备制造业,机器人应用,提供令客户满意的特种机器人、智能感知、智能制造以及模拟仿真等产品。 产品：特种机器人、智能感知设备、智能制造、模拟仿真设备、排爆机器人、侦察机器人、核化检测机器人、伴随助力机器人、割草机器人、管道机器人、打击机器人、融合望远镜、手持综合观测仪、隔墙探测雷达、多功能夜视眼镜、AR夜视镜、声探测设备、强光拒止器、系列智能吊舱、定位导航系统、目标引导设备、雷达及通信、智能拧紧设备、物料输送设备、模拟仿真,baostock+akshare
688085.SH,三友医疗,A股,C35专用设备制造业,,医用骨科植入物和超声动力设备及耗材的研发、生产与销售。 产品：脊柱类植入耗材产品、创伤类植入耗材产品、超声动力系统产品、椎体成形类耗材产品、手术工具、脊柱骨水泥耗材产品、生物材料类产品、运动医学类产品、各类椎弓根螺钉、连接棒、连接钢板、融合器、钛合金髓内钉系列、围肩系统、围肘系统、围腕系统、骨盆系列髋部系列、围膝系列、围踝系列、指掌骨系列、骨干系列、空心钉系列、超声骨动力设备、超声骨动力设备刀头、超声软组织切割止血设备、超声外科手术设备、椎体成形系统、椎体后凸成形系统、骨填充囊袋Vessel-X、脊柱类配套工具、创伤类配套工具、泛星FLAGSHIP丙烯酸树脂骨水泥、Bongros人工骨、带线锚钉、带袢钛板、聚醚醚酮带线锚钉、肌腱韧带固定螺钉、脊柱类植入耗材、有源设备及配套辅件、创伤类植入耗材,baostock+akshare
688087.SH,英科再生,A股,C42废弃资源综合利用业,,可再生塑料的回收、再生、利用。 产品：成品框、装饰建材、再生塑料、环保设备,baostock+akshare
688088.SH,虹软科技,A股,I65软件和信息技术服务业,服务器与终端;机器人本体/集成,计算机软硬件的技术开发、技术咨询、技术服务、销售，计算机信息系统集成，进出口业务，计算机软件的生产。 产品：移动智能终端视觉解决方案、车载AI视觉解决方案、其他IoT智能设备视觉解决方案、其他,baostock+akshare
688089.SH,嘉必优,A股,C14食品制造业,,花生四烯酸（ARA）、二十二碳六烯酸（DHA）、β-胡萝卜素(BC)及N-乙酰神经氨酸（SA）等多个系列产品的研发、生产与销售。 产品：ARA、藻油DHA、SA、β-胡萝卜素、多不饱和脂肪酸类花生四烯酸（ARA）、二十二碳六烯酸（DHA）、萜类物质β-胡萝卜素（BC）、虾青素等、糖类物质N-乙酰神经氨酸（SA）和母乳低聚糖（HMOs）、ARA产品、DHA产品、其他,baostock+akshare
688090.SH,瑞松科技,A股,C34通用设备制造业,机器人传感器;机器人应用,机器人、AI机器视觉、工业软件、智能制造领域的研发、设计、制造、应用和销售服务，为客户提供柔性自动化、数字化、智能制造系统解决方案。 产品：机器人自动化生产线、机器人工作站、机器人配件销售及其他,baostock+akshare
688091.SH,上海谊众,A股,C27医药制造业,药企/生物科技,抗肿瘤创新药及相关产品的开发。 产品：注射用紫杉醇聚合物胶束、其他(补充),baostock+akshare
688092.SH,爱科科技,A股,C34通用设备制造业,,为客户提供智能切割设备。 产品：智能切割设备、配件及服务、其他(补充),baostock+akshare
688093.SH,世华科技,A股,C39计算机、通信和其他电子设备制造业,,功能性材料研发、生产及销售。 产品：功能性电子材料、高性能光学材料、其他,baostock+akshare
688095.SH,福昕软件,A股,I65软件和信息技术服务业,,PDF相关产品的设计、研发与销售业务。 产品：版式文档通用产品及服务、智能文档处理平台及应用、数智政务产品及服务、数智政务产品及服务收入,baostock+akshare
688096.SH,京源环保,A股,C35专用设备制造业,机器人本体/集成,提供包括投融资、方案咨询、工程设计、装备制造、系统集成、工程建设、调试安装及运营管理全生命周期环境服务。 产品：工业废污水处理、给水处理、算力业务、其他,baostock+akshare
688097.SH,博众精工,A股,C35专用设备制造业,机器人应用,自动化设备、自动化柔性生产线以及工装夹（治）具等产品的研发、设计、生产、销售及技术服务。 产品：自动化设备、自动化产线、治具类产品、治具及零配件、核心零部件,baostock+akshare
688098.SH,申联生物,A股,C27医药制造业,,动物预防、治疗及诊断生物产品的研发、生产和销售。 产品：系列猪、牛羊口蹄疫疫苗、猪圆环病毒2型亚单位疫苗、猪瘟E2亚单位疫苗、兽用生物制品、其他、其他(补充),baostock+akshare
688099.SH,晶晨股份,A股,I65软件和信息技术服务业,服务器与终端,系统级SoC芯片及周边芯片的研发、设计与销售。 产品：多媒体智能终端芯片、其他芯片、销售商品、租赁服务、技术服务,baostock+akshare
688100.SH,威胜信息,A股,C39计算机、通信和其他电子设备制造业,,生产和销售电监测终端、水气热传感终端、通信模块、通信网关、智慧公用事业管理系统产品。 产品：电监测终端、水气热传感终端、通信模块、通信网关、智慧公用事业管理系统、网络层、感知层、其中:通信网关、其中:电监测终端、其中:通信模块,baostock+akshare
688101.SH,三达膜,A股,C35专用设备制造业,,工业料液分离、膜法水处理、环境工程、膜备件及民用净水机等在内的膜技术应用业务和水务投资运营业务。 产品：膜技术应用、水务投资运营、工业料液分离膜设备、膜法水处理设备、环境工程、备件及其他、工业料液分离、膜法水处理,baostock+akshare
688102.SH,斯瑞新材,A股,C32有色金属冶炼和压延加工业,光模块,"提供高强高导铜合金材料及制品,中高压电接触材料及制品,高性能金属铬粉,CT和DR球管零组件等产品的关键基础材料和零组件。 产品：高强高导铜合金材料及制品、中高压电接触材料及制品、高性能金属铬粉、医疗影像零组件、CT和DR球管零组件、光模块芯片基座/壳体、液体火箭发动机推力室内壁、其他",baostock+akshare
688103.SH,国力电子,A股,C39计算机、通信和其他电子设备制造业,,电子真空器件的研发、生产和销售。 产品：真空无源器件、真空有源器件、直流接触器（含接触点组）、真空继电器、交流接触器（含真空开关管）、真空电容器、大功率闸流管、大功率磁控管、大功率速调管、直流接触器、交流接触器,baostock+akshare
688105.SH,诺唯赞,A股,M73研究和试验发展,,酶、抗原、抗体等生物制品的研发、生产和销售。 产品：生物试剂、诊断试剂、仪器设备、耗材、技术服务,baostock+akshare
688106.SH,金宏气体,A股,C26化学原料和化学制品制造业,,气体研发、生产、销售和服务。 产品：特种气体、大宗气体、超纯氨、高纯氧化亚氮、电子级正硅酸乙酯、高纯二氧化碳、高纯氢、氧气、氮气、氩气、二氧化碳、乙炔、现场制气及租金,baostock+akshare
688107.SH,安路科技,A股,C39计算机、通信和其他电子设备制造业,,FPGA、FPSoC芯片和专用EDA软件等产品的研发、设计和销售。 产品：FPGA产品、FPSoC产品、技术服务及其他,baostock+akshare
688108.SH,赛诺医疗,A股,C35专用设备制造业,,高端介入医疗器械研发、生产、销售。 产品：冠脉支架、冠脉球囊、神经支架、神经球囊及相关产品、支架、球囊、其他,baostock+akshare
688109.SH,品茗科技,A股,I65软件和信息技术服务业,,提供自施工准备阶段至竣工验收阶段的应用化技术、产品及解决方案。 产品：建筑信息化软件、智慧工地产品,baostock+akshare
688110.SH,东芯股份,A股,C39计算机、通信和其他电子设备制造业,存储芯片,半导体芯片的研发、设计和销售，提供半导体芯片相关的开发服务和产品技术支持。 产品：存储芯片、NANDFlash、NORFlash、DRAM、MCP、技术服务、NAND,baostock+akshare
688111.SH,金山办公,A股,I65软件和信息技术服务业,,办公软件产品及服务的设计研发和销售推广。 产品：WPS个人业务、WPS365业务、WPS软件业务、其他,baostock+akshare
688112.SH,鼎阳科技,A股,C40仪器仪表制造业,,通用电子测试测量仪器的研发、生产和销售。 产品：数字示波器、波形和信号发生器、频谱分析仪、矢量网络分析仪、可编程电源、万用表、四大主力产品、其他产品、其他(补充),baostock+akshare
688113.SH,联测科技,A股,C35专用设备制造业,,动力系统智能测试装备的研发、制造和销售以及提供动力系统测试验证服务。 产品：测试台架、测试线、测试保障设备、环检系统、设备升级改造、耐久测试验证、性能测试验证、智能测试装备、测试验证服务、平衡机及相关振动检测设备,baostock+akshare
688114.SH,华大智造,A股,C35专用设备制造业,,以基因测序仪为核心的生命科学工具创新研发和销售。 产品：全读长测序业务板块、智能自动化业务板块、多组学业务板块、高通量基因测序仪、纳米孔基因测序仪及配套设备、测序配套试剂、建库试剂、AI智能化产品、通用自动化产品、通用计算与存储产品、智惠实验室整体解决方案、细胞组学技术平台、时空组学、蛋白组学、影像组学、超低温自动化生物样本存储平台、新双十、全读长测序、多组学产品、智能自动化,baostock+akshare
688115.SH,思林杰,A股,C40仪器仪表制造业,机器人传感器,嵌入式智能仪器模块等工业自动化检测产品的设计、研发、生产及销售。 产品：嵌入式智能仪器模块、机器视觉产品、软件类产品、自动化生产测试设备、其他,baostock+akshare
688116.SH,XD天奈科,A股,C26化学原料和化学制品制造业,,纳米级碳材料及相关产品的研发、生产及销售。 产品：碳纳米管粉体、碳纳米管导电浆料、石墨烯复合导电浆料、碳纳米管导电母粒、其他(补充),baostock+akshare
688117.SH,圣诺生物,A股,C27医药制造业,药企/生物科技,多肽原料药和制剂产品的研发、生产与销售，同时提供多肽创新药药学研究服务、多肽类产品定制生产服务以及左西孟旦制剂代加工和左西孟旦原料药生产与出口。 产品：醋酸奥曲肽注射液、注射用生长抑素、卡贝缩宫素注射液、醋酸阿托西班注射液、依替巴肽注射液、注射用胸腺法新、注射用胸腺五肽、注射用恩夫韦肽、艾替班特注射液、泊沙康唑注射液、醋酸加尼瑞克注射液、艾塞那肽注射液、原料药、制剂、药学研究服务,baostock+akshare
688118.SH,普元信息,A股,I65软件和信息技术服务业,,软件基础平台业务和基于软件基础平台的应用开发业务。 产品：智能数据中台、智能低代码平台、智能中间件、普元数据资产管理平台、普元主数据管理平台、普元数据开发平台、普元研发云平台、普元低代码开发平台、普元企业服务总线软件、软件基础平台业务、基于软件基础平台的应用开发业务,baostock+akshare
688119.SH,中钢洛耐,A股,C30非金属矿物制品业,,中高端耐火材料的研发、制造、销售和服务。 产品：硅质系列制品、镁质系列制品、高铝系列制品、复合系列制品、高纯氧化物制品、功能型材料制品、不定形及预制件制品、焦炉硅砖、优质玻璃窑硅砖、碳素炉硅砖、热风炉墙硅砖、零膨胀硅砖、轻质硅砖、高导热硅砖、直接结合镁铬砖、电熔再结合镁铬砖、电熔半再结合镁铬砖、镁铝尖晶石砖、优质镁砖、高铝砖、复合棕刚玉砖、塑性刚玉复合砖、铝碳化硅砖、莫来石砖、刚玉莫来石砖、红柱石砖、低蠕变砖、抗渗透高铝砖、碳化硅砖、氮化硅结合碳化硅砖、塞隆结合碳化硅砖、塞隆结合刚玉砖、增压锅炉用特种碳化硅材料、高纯刚玉砖、氧化铝空心球砖、氧化锆砖、铬铝锆砖和铬刚玉砖、狭缝型透气砖、芯板透气砖、弥散性透气砖和透气砖座砖、转炉档渣滑板用氧化锆板/环、镶嵌式定径水口、快换式定径水口、水口芯、水口外套、连铸用长水口、浸入式水口、整体塞棒、电炉顶浇注料、LF精炼炉顶浇注料、电炉/转炉用镁质喷补料、电炉炉底干式捣打料、中频炉用干式捣打料、钢包工作衬用系列浇注料、中间包用干式震动料/涂料/永久衬浇注料、挡渣板（堰）、冲击板、高铝系列喷涂料、轻质系列喷涂料、高铝系列浇注料、刚玉碳化硅复合系列捣打料、梯度截热系列材料、火箭发射工位用特种材料、炉门砖预制件、上升管预制件、装煤孔预制件、溜槽预制件、耐火材料、工程与技术服务、吨钢结算模式,baostock+akshare
688120.SH,华海清科,A股,C35专用设备制造业,,半导体专用装备的研发、生产、销售及技术服务。 产品：半导体专用装备、CMP装备、减薄装备、划切装备、边缘抛光装备、离子注入装备、湿法装备、晶圆再生、关键耗材、维保服务、半导体装备、半导体服务,baostock+akshare
688121.SH,卓然股份,A股,C35专用设备制造业,,为石油化工、炼油、天然气化工等领域的客户提供设计、制造、安装和服务一体化的解决方案。 产品：石化专用设备、炼油专用设备、EPC、其他产品及服务,baostock+akshare
688122.SH,西部超导,A股,C32有色金属冶炼和压延加工业,,高端钛合金材料、超导产品和高性能高温合金材料的研发、生产和销售。 产品：高端钛合金材料、超导产品、高性能高温合金材料,baostock+akshare
688123.SH,聚辰股份,A股,C39计算机、通信和其他电子设备制造业,,高性能、高品质集成电路产品的研发设计和销售，并提供应用解决方案和技术支持服务。 产品：存储类芯片、混合信号类芯片、NFC芯片、NFC芯片及其他,baostock+akshare
688125.SH,安达智能,A股,C35专用设备制造业,机器人应用,流体控制设备、等离子设备、固化及组装设备、ADA智能平台、半导体装备等智能制造设备及系统平台的研发、生产和销售。 产品：流体控制设备、固化设备、等离子设备、配件及技术服务、固化及其他设备,baostock+akshare
688126.SH,沪硅产业,A股,C39计算机、通信和其他电子设备制造业,半导体材料,半导体硅片及其他高端半导体材料的研发、生产与销售。 产品：300mm半导体硅片、200mm及以下尺寸半导体硅片、受托加工服务,baostock+akshare
688127.SH,蓝特光学,A股,C40仪器仪表制造业,,光学元器件的研发、生产和销售。 产品：光学棱镜、光学透镜、光学晶圆,baostock+akshare
688128.SH,中国电研,A股,C35专用设备制造业,机器人应用,为电器及其相关衍生领域的产品质量提升提供整体解决方案。 产品：质量技术服务、电气装备、成套装备、环保涂料及树脂、新能源电池生产检测装备、励磁装备、工业电源、智能数控钣金设备、智能装配线、自动检测线、智能焊装线、智能涂装线、表面处理设备、试验设备、粉末涂料、液体涂料、聚酯树脂、检测认证业务、新能源电池生产检测装备(原新能源电池后处理系统)、智能制造与试验装备,baostock+akshare
688129.SH,东来技术,A股,C26化学原料和化学制品制造业,,提供基于先进石化化工新材料研发的高性能涂料产品；提供专业现场颜色调配服务。 产品：汽车售后修补涂料、汽车新车内外饰件、车身涂料、3C消费电子领域涂料、耗材、汽车新车内外饰件、车身涂料,baostock+akshare
688130.SH,晶华微,A股,I65软件和信息技术服务业,,高性能模拟及数模混合集成电路的研发与销售。 产品：医疗健康SoC芯片、工业控制及仪表芯片、智能感知SoC芯片、电池管理芯片,baostock+akshare
688131.SH,皓元医药,A股,M73研究和试验发展,药物发现/CRO,小分子及新分子类型药物发现领域的生命科学试剂的研发，原料药、中间体、起始物料及制剂的药物研发，工艺优化及商业化生产。 产品：生命科学试剂业务、原料药和中间体、制剂业务、替格瑞洛中间体TGA、替格瑞洛中间体TGB、巴多昔芬中间体BDA、巴多昔芬中间体BDB、来那帕韦中间体LNA、来那帕韦中间体LNB、哌柏西利中间体PBA、哌柏西利中间体PBB、替格列汀中间体TLA、替格列汀中间体TLB、非苏拉生中间体ND548A、替戈拉生中间体ND471A、替戈拉生中间体ND471B、分子砌块、工具化合物和生化试剂、其中:分子砌块、工具化合物和生化试剂-产品销售、原料药和中间体、制剂、其中:原料药和中间体、制剂-产品销售、其中:原料药和中间体、制剂-技术服务,baostock+akshare
688132.SH,邦彦技术,A股,C39计算机、通信和其他电子设备制造业,数据中心/云厂商,信息通信和信息安全设备的研发、制造、销售和服务。 产品：融合通信产品、信息安全产品、云计算产品、AIAgent产品、其他(补充)、其他,baostock+akshare
688133.SH,泰坦科技,A股,M73研究和试验发展,,提供科研试剂、特种化学品、科研仪器及耗材和实验室建设及科研信息化服务。 产品：科研试剂、特种化学品、科研仪器及耗材、实验室建设及科研信息化、高端试剂、通用试剂、醇醚酯类、异构烷烃类、碳氢溶剂、单官能溶剂、多官能溶剂、仪器设备、实验耗材、实验室建设、科研信息化服务、自主品牌特种化学品、自主品牌高端试剂、第三方品牌科研仪器及耗材、自主品牌科研仪器及耗材,baostock+akshare
688135.SH,利扬芯片,A股,C39计算机、通信和其他电子设备制造业,,集成电路测试方案开发、晶圆测试服务、芯片成品测试服务以及与集成电路测试相关的配套服务。 产品：晶圆测试、芯片成品测试、晶圆磨切、其他(补充),baostock+akshare
688136.SH,科兴制药,A股,C27医药制造业,,重组蛋白、抗体及靶向递送疗法的研发、生产与商业化。 产品：人促红素注射液、注射用人干扰素α1b、人粒细胞刺激因子注射液、酪酸梭菌二联活菌散/胶囊、医药产品相关、其他,baostock+akshare
688137.SH,近岸蛋白,A股,M73研究和试验发展,,靶点及因子类蛋白、重组抗体、酶及试剂的研发、生产和销售及提供生物药、体外诊断、生命科学基础研究等领域的全流程应用解决方案。 产品：靶点及因子类蛋白、重组抗体、酶及试剂、技术服务,baostock+akshare
688138.SH,清溢光电,A股,C39计算机、通信和其他电子设备制造业,,掩膜版的研发、设计、生产和销售业务。 产品：石英掩膜版、苏打掩膜版、其他(补充),baostock+akshare
688139.SH,海尔生物,A股,C35专用设备制造业,,为高校科研、医药生物企业、医院、疾控、血站、基层公卫等用户提供数字化场景解决方案。 产品：智慧实验室制药工艺、数字医院、智慧公共卫生、智慧用血、医疗创新、生命科学、其他(补充),baostock+akshare
688141.SH,杰华特,A股,I65软件和信息技术服务业,,模拟集成电路的研发与销售。 产品：电源管理芯片、信号链芯片、功率产品、AC-DC芯片、DC-DC芯片、线性电源芯片、电池管理芯片、检测芯片、接口芯片、转换器芯片、时钟芯片、线性芯片、传感器芯片、高速信号芯片、驱动芯片、其中:电源管理芯片-DC-DC芯片、其中:电源管理芯片-AC-DC芯片、其中:电源管理芯片-线性电源芯片,baostock+akshare
688143.SH,长盈通,A股,C39计算机、通信和其他电子设备制造业,光器件,光纤陀螺核心器件光纤环及其综合解决方案研发、生产、销售和服务。 产品：光纤环器件、特种光纤、新型材料、光器件设备及其他、无源内连光器件、高端装备、特种线缆、其他光器件、其他(补充),baostock+akshare
688146.SH,中船特气,A股,C39计算机、通信和其他电子设备制造业,,电子特种气体及三氟甲磺酸系列产品的研发、生产和销售。 产品：电子特种气体、三氟甲磺酸系列产品、高纯金属系列产品、大宗气系列产品、超高纯三氟化氮、超高纯六氟化钨、无机类气体、混合类气体、氟碳类气体、双（三氟甲磺酰）亚胺锂、三氟甲磺酸锂、三氟甲磺酸、三氟甲磺酸酐、三氟甲磺酸三甲基硅酯、高纯钨板、钨部件、钨管、钨坩埚、钨丝、钨粉、六氟化钼、氮气（N2）、氢气（H2）、氧气（O2）、氩气（Ar）、氦气（He）、三氟甲磺酸系列、其他(补充),baostock+akshare
688147.SH,XD微导纳,A股,C35专用设备制造业,半导体设备,先进微、纳米级薄膜沉积设备的研发、生产和销售，向半导体和泛半导体客户提供先进薄膜沉积设备和技术服务。 产品：半导体设备、光伏设备、其他新兴应用、iTomic系列原子层沉积镀膜系统、iTomicMW系列批量式原子层沉积镀膜系统、iTomicLite系列轻型原子层沉积镀膜系统、iTomicPE系列等离子体增强原子层沉积镀膜系统、iTronix系列化学气相沉积镀膜系统、Trancendor系列晶圆真空传输系统、夸父（KF）系列批量式ALD系统、祝融（ZR)系列管式PEALD/PECVD系统、羲和（XH）系列高温低压系统、祝融（ZR）管式PECVD系统、祝融（ZR）管式PEALD/PECVD集成系统、羲和（XH）高温低压系统、后羿（HY）系列板式ALD系统、iSparol系列卷对卷ALD系统、配套产品及服务,baostock+akshare
688148.SH,芳源股份,A股,C39计算机、通信和其他电子设备制造业,锂电资源;锂电材料,锂电池三元正极材料前驱体、锂盐、硫酸盐、球形氢氧化镍、高纯电子化学品等产品的研发、生产和销售。 产品：前驱体、硫酸盐、碳酸锂、加工服务、球形氢氧化镍,baostock+akshare
688150.SH,莱特光电,A股,C39计算机、通信和其他电子设备制造业,,OLED终端材料与OLED中间体的研发、生产和销售。 产品：OLED终端材料、OLED中间体、医药中间体、OLED有机材料、其他(补充)、其他中间体,baostock+akshare
688151.SH,华强科技,A股,C27医药制造业,,特种防护装备和医药包装及医疗器械产品的研发、生产与销售。 产品：特种防护装备、医药包装及医疗器械、药用丁基胶塞系列产品、非PVC多层共挤膜、医用防护服、防护口罩、药用丁基胶塞、集体防护装备、个体防护装备、其他主营,baostock+akshare
688152.SH,麒麟信安,A股,I65软件和信息技术服务业,数据中心/云厂商,操作系统产品研发及技术服务，并以操作系统为根技术创新发展信息安全、云计算等产品及服务业务。 产品：操作系统、信息安全、云计算、技术开发服务、麒麟信安操作系统,baostock+akshare
688153.SH,唯捷创芯,A股,C39计算机、通信和其他电子设备制造业,,射频前端芯片的研发、设计及销售。 产品：射频功率放大器模组、接收端模组、其他(补充),baostock+akshare
688155.SH,先惠技术,A股,C35专用设备制造业,机器人应用;电芯;新能源车/储能,各类智能制造装备的研发、生产和销售。 产品：新能源汽车智能自动化装备、燃油汽车智能自动化装备、工业制造数据系统、新能源动力电池精密结构件、其他(补充),baostock+akshare
688156.SH,路德科技,A股,N77生态保护和环境治理业,,生物饲料系列产品的生产与销售；无机固废处理服务。 产品：白酒糟生物发酵饲料产品、河湖淤泥处理服务、工程泥浆处理服务、环保技术装备、白酒糟生物发酵饲料产品销售,baostock+akshare
688157.SH,松井股份,A股,C26化学原料和化学制品制造业,,针对高端消费电子和乘用车等领域的涂料、油墨、胶黏剂等产品的研发、生产和销售。 产品：涂料、油墨、胶黏剂、胶黏剂及其他,baostock+akshare
688158.SH,优刻得,A股,I64互联网和相关服务,数据中心/云厂商,提供云计算服务。 产品：公有云、私有云、混合云、人工智能、云通信,baostock+akshare
688159.SH,有方科技,A股,C39计算机、通信和其他电子设备制造业,,物联网无线通信模组、物联网无线通信终端、物联网无线通信解决方案、云产品（云平台和云基础设施）的设计、研发、生产（外协加工方式实现）及销售。 产品：物联网无线通信模组、无线通信终端、无线通信解决方案、云平台和云基础设施设备、云产品及服务、无线通信模块,baostock+akshare
688160.SH,步科股份,A股,C40仪器仪表制造业,伺服系统,运动控制和人机交互核心部件的研发、生产、销售以及相关技术服务，并为客户提供自动化控制和机器人动力解决方案。 产品：驱动系统、控制系统、人机界面、可编程逻辑控制器、伺服系统、步进系统、低压变频器、其他(补充),baostock+akshare
688161.SH,威高骨科,A股,C35专用设备制造业,,骨科医疗器械的研发、生产和销售。 产品：骨科植入物及耗材类产品、骨科智能设备与耗材类产品、功能修复与组织再生类产品,baostock+akshare
688162.SH,巨一科技,A股,C35专用设备制造业,新能源车/储能,智能装备、新能源汽车电机电控零部件产品的研发、生产和销售。 产品：智能装备、新能源汽车电机电控零部件、其他(补充),baostock+akshare
688163.SH,赛伦生物,A股,C27医药制造业,,抗血清抗毒素等的生产、研发和销售。 产品：抗蝮蛇毒血清、抗五步蛇毒血清、抗眼镜蛇毒血清、抗银环蛇毒血清、马破伤风免疫球蛋白(F(ab')2)、抗狂犬病血清、抗蛇毒血清、马破伤风免疫球蛋白,baostock+akshare
688165.SH,埃夫特,A股,C34通用设备制造业,机器人本体/集成,研发、生产和销售机器人整机及其核心底层技术及零部件、系统集成解决方案。 产品：机器人整机、系统集成、其他(补充),baostock+akshare
688166.SH,博瑞医药,A股,C27医药制造业,,医药中间体、原料药和制剂产品的研发、生产。 产品：原料药-抗病毒类、原料药-抗真菌类、原料药-免疫抑制类、原料药-其他类、制剂类,baostock+akshare
688167.SH,炬光科技,A股,C39计算机、通信和其他电子设备制造业,,光子行业上游的激光光源和原材料，光学元器件，光子产业链中游的光子应用模块、模组、子系统的研发、生产和销售。 产品：半导体激光元器件和原材料、激光光学元器件、汽车应用解决方案、泛半导体制程解决方案、医疗健康解决方案、全球光子、全球光子工艺和制造服务业务,baostock+akshare
688168.SH,安博通,A股,I65软件和信息技术服务业,,网络安全核心技术和底层平台的研究、开发、销售及技术服务。 产品：安全产品、安全人工智能、其他(补充),baostock+akshare
688169.SH,石头科技,A股,C39计算机、通信和其他电子设备制造业,,智能机器人等智能硬件的设计、研发、生产和销售。 产品：智能扫地机及配件、其他智能电器产品、智能扫地机器人、洗地机、智能割草机、其他智能电器、其他(补充),baostock+akshare
688170.SH,德龙激光,A股,C35专用设备制造业,,高端工业应用精密激光加工设备及其核心器件激光器的研发、生产和销售。 产品：精密激光加工设备、激光器、激光加工服务、零部件加工及维修,baostock+akshare
688171.SH,纬德信息,A股,I65软件和信息技术服务业,,工业物联网信息安全产品和数字化解决方案的研发、生产、销售及技术服务。 产品：工业物联网设备、数字化解决方案、人工智能、安全传输系列（工业物联网加密网关、工业物联网加密终端、工业规约防篡改认证装置）、数据采集系列（数据安全采集装备）、物理安全系列（工业高安全智能锁）、数字电网（调控终端集中管控平台、孪生仿真系统、配网在线勘察设计造价一体化数智系统）、数字党政军（保密管理系统、三维数字孪生应用平台软件）、人工智能+电网、人工智能+教育、技术服务及其他,baostock+akshare
688172.SH,燕东微,A股,C39计算机、通信和其他电子设备制造业,晶圆制造,分立器件及模拟集成电路、高稳定集成电路及器件的设计、生产及销售，以及提供开放式晶圆制造、封装测试等服务。 产品：产品解决方案、制造服务、标准化工艺平台、特色化定制代工服务、半导体应用系列产品及解决方案、其他,baostock+akshare
688173.SH,希荻微,A股,I65软件和信息技术服务业,,包括电源管理芯片和信号链芯片在内集成电路的研发、设计和销售。 产品：DC/DC芯片、锂电池充电管理芯片、高集成度PMIC芯片、端口保护和信号切换芯片、电源转换芯片、音圈马达驱动芯片、传感器芯片、电源管理芯片、传感器芯片及其解决方案、端口保护及信号切换芯片,baostock+akshare
688175.SH,高凌信息,A股,C39计算机、通信和其他电子设备制造业,机器人本体/集成,军用电信网通信设备业务、网络内容安全业务、网络空间内生安全业务、环保物联网应用业务。 产品：军用电信网通信设备、环保物联网应用业务、网络内容安全业务、网络空间内生安全业务、固定通信应用产品、车载及便携式综合交换平台、加密电话通信产品、NGL04STE信令转换网关、IMS核心网及媒体中继网关、环境监测管控综合解决方案、运维及数据综合服务、通信网络有害信息防范解决方案、系统运营维护及技术服务、软硬件产品销售、运营维护服务、系统集成,baostock+akshare
688176.SH,亚虹医药,A股,C27医药制造业,药企/生物科技,泌尿生殖系统肿瘤及女性健康领域专科创新药的研发、生产和销售。 产品：女性健康创新药、乳腺癌及妇科肿瘤创新药、泌尿系统肿瘤创新药、其他疾病创新药、APL-1702(希维她)、APL-2302、APL-2501、AT-018、AT-021、APL-1706(海克威)、APLD-2304、APL-1202、APL-2401、APL-1401、APL-2301、抗肿瘤类产品、其他(补充)、数据授权许可,baostock+akshare
688177.SH,百奥泰,A股,C27医药制造业,药企/生物科技,创新药和生物类似药的研发。 产品：自身免疫药物、抗肿瘤药物、其他,baostock+akshare
688178.SH,万德斯,A股,N77生态保护和环境治理业,机器人本体/集成,提供先进环保技术装备开发、系统集成与环境整体解决方案。 产品：环境整体解决方案、运营、其中:环境整体解决方案-城市环境、其中:环境整体解决方案-工业环境,baostock+akshare
688179.SH,阿拉丁,A股,M73研究和试验发展,,为科研及工业领域提供高品质试剂产品及专业化服务。 产品：“阿拉丁”系列产品、科研试剂、平台服务、其他(补充),baostock+akshare
688180.SH,君实生物,A股,C27医药制造业,药企/生物科技,创新药物的发现和开发、在全球范围内的临床研究、大规模生产到商业化的全产业链。 产品：抗肿瘤类药物、药品销售、技术许可及特许权使用收入、技术服务及其他,baostock+akshare
688181.SH,八亿时空,A股,C39计算机、通信和其他电子设备制造业,半导体材料,显示材料、半导体材料、医药材料的研发、生产和销售。 产品：混合液晶、液晶单体、显示材料、有机合成材料、其他(补充),baostock+akshare
688182.SH,灿勤科技,A股,C39计算机、通信和其他电子设备制造业,,电子陶瓷材料及射频器件产品技术的研发与生产。 产品：滤波器、HTCC、天线、低互调无源组件、谐振器,baostock+akshare
688183.SH,生益电子,A股,C39计算机、通信和其他电子设备制造业,PCB;交换机/服务器,各类印制电路板的研发、生产与销售。 产品：计算机/服务器板、通信网络设备板、汽车电子板、消费电子板、工控医疗板、其他板、单面板、双面板、多层板、电子元器件、其他(补充),baostock+akshare
688184.SH,ST帕瓦,A股,C39计算机、通信和其他电子设备制造业,,新能源电池材料的研发、生产和销售。 产品：锂电三元正极前驱体、钠电三元正极前驱体、单晶型NCM产品、原辅料等、多晶型NCM产品,baostock+akshare
688185.SH,康希诺,A股,C27医药制造业,,研发、生产和商业化符合中国及国际标准的创新型疫苗。 产品：疫苗销售、药品生产工艺研究开发业务、技术转移及中间品销售,baostock+akshare
688186.SH,广大特材,A股,C34通用设备制造业,,高端装备特钢材料以及高端装备零部件的研发、生产与销售。 产品：先进基础材料、风电机械部件、汽轮机零部件、其他类零部件,baostock+akshare
688187.SH,时代电气,A股,C37铁路、船舶、航空航天和其他运输设备制造业,,轨道交通装备产品的研发、设计、制造、销售并提供相关服务。 产品：轨道交通电气装备、轨道工程机械、通信信号系统、轨道交通板块、新兴装备板块、其他(补充),baostock+akshare
688188.SH,柏楚电子,A股,I65软件和信息技术服务业,,激光切割控制系统的研发、生产和销售。 产品：随动控制系统、板卡控制系统、总线控制系统、其他相关配套产品、FSCUT2000E、FSCUT3000DE、FSCUT5000－管材切割总线系统、FSCUT8000－超高功率总线系统、FSWELD智能焊接控制系统、高精度视觉定位系统、I/O扩展模块、轴扩展模块、管材套料软件、平面套料软件、BLT系列智能激光切割头、平面解决方案、管材解决方案、其他,baostock+akshare
688189.SH,ST南新,A股,C27医药制造业,,抗感染、呼吸系统和心脑血管等疾病领域药品的研发、生产与销售。 产品：抗流感病毒类药物、心血管类药物、抗生素类药物、解热镇痛类药物、帕拉米韦氯化钠注射液、磷酸奥司他韦干混悬剂、辛伐他汀分散片、阿托伐他汀钙片、贝那普利氢氯噻嗪片、头孢呋辛酯分散片、头孢克洛胶囊、头孢克洛干混悬剂、乳酸环丙沙星氯化钠注射液、布洛芬混悬滴剂、布洛芬混悬液、盐酸美金刚缓释胶囊,baostock+akshare
688190.SH,云路股份,A股,C31黑色金属冶炼和压延加工业,,先进磁性金属材料的设计、研发、生产和销售，包括非晶合金、纳米晶合金、磁性粉末及其制品的研发、生产和销售。 产品：非晶合金薄带、非晶铁心、纳米晶合金、雾化粉末、破碎粉末、磁粉芯、非晶合金薄带及其制品、纳米晶产品、磁性粉末及其制品,baostock+akshare
688191.SH,智洋创新,A股,I65软件和信息技术服务业,服务器与终端,面向电力、水利、轨道交通、新能源等行业提供人工智能解决方案。 产品：基础技术平台、一站式AI平台、大数据及数字孪生平台、智洋工业大模型技术平台、AI智能体（AIAgent）技术平台、智能终端技术平台、具身智能无人机技术平台、输电场景人工智能解决方案、变电场景人工智能解决方案、轨道交通行业人工智能解决方案,baostock+akshare
688192.SH,迪哲医药,A股,C27医药制造业,,专注于肿瘤、血液系统疾病领域创新疗法的研究、开发和商业化。 产品：舒沃哲、高瑞哲,baostock+akshare
688193.SH,仁度生物,A股,C27医药制造业,,基于SAT技术平台的分子诊断试剂与配套设备的研发、生产与销售，形成“核心原料+试剂+仪器+第三方检测服务”一体化，重点面向生殖道、呼吸道、消化道及血源传播病原体等检测场景，为相关疾病的精准诊断、感染防控及个体化诊疗提供解决方案。 产品：试剂业务、仪器业务、检测业务,baostock+akshare
688195.SH,腾景科技,A股,C39计算机、通信和其他电子设备制造业,,光电元器件与光电模块研发、生产和销售。 产品：精密光学元组件、光纤器件、光测试仪器,baostock+akshare
688196.SH,卓越新能,A股,C42废弃资源综合利用业,,生物柴油技术开发、生物柴油生产与销售、生物基材料制造。 产品：生物柴油、工业甘油、生物酯增塑剂、环保型醇酸树脂、脂肪酸混合油脂、天然脂肪醇,baostock+akshare
688197.SH,首药控股,A股,C27医药制造业,,肿瘤领域创新小分子疗法的发现与开发。 产品：技术开发及服务、中间体、中间体销售,baostock+akshare
688198.SH,佰仁医疗,A股,C35专用设备制造业,,医疗器械的研发、生产、销售及服务。 产品：心外科生物补片、胸外科生物补片、神经外科生物补片、人工生物心脏瓣膜、经导管主动脉瓣系统、瓣膜成形环、肺动脉带瓣管道、涤纶补片、其他外科植入医疗器械产品、经导管瓣中瓣系统、人工生物心脏瓣膜（牛心包瓣）、限位可扩张人工生物心脏瓣膜、人工生物心脏瓣膜（猪主动脉瓣）、二尖瓣成形环、瓣膜成形环-三尖瓣成形环、心脏瓣膜生物补片、心包膜（ePTFE）、流出道单瓣补片、动脉导管未闭封堵器、房缺封堵器、室缺封堵器、心血管病封堵器输送系统、生物疝补片、神经外科微血管减压垫片、血管生物补片、胶原蛋白植入剂（I）、结构性心脏病、外科软组织修复、其他(补充),baostock+akshare
688199.SH,久日新材,A股,C26化学原料和化学制品制造业,,系列光引发剂的研发、生产和销售。 产品：光引发剂、184、TPO、1173、907、DETX、ITX、369、精细化学品、单体,baostock+akshare
688200.SH,华峰测控,A股,C35专用设备制造业,,半导体自动化测试系统的研发、生产和销售。 产品：测试系统、测试系统配件、其他(补充),baostock+akshare
688201.SH,ST信安,A股,I65软件和信息技术服务业,,以信息化安全为核心的开发和销售应用安全产品、服务和解决方案。 产品：信息安全产品、运维服务、安全技术咨询服务、风险评估服务、定制开发服务、密码安全产品、网络安全产品、数据治理产品、保密安全产品、服务,baostock+akshare
688202.SH,美迪西,A股,M73研究和试验发展,药物发现/CRO,通过研发技术平台向药企及科研单位提供药物发现与药学研究、临床前研究的医药研发服务。 产品：药物发现、药学研究、临床前研究、药物发现与药学研究、其他(补充),baostock+akshare
688203.SH,海正生材,A股,C28化学纤维制造业,,聚乳酸树脂及其衍生材料的研究和开发。 产品：纯聚乳酸、改性聚乳酸、初级制品、其他(补充),baostock+akshare
688205.SH,德科立,A股,C39计算机、通信和其他电子设备制造业,光器件,光电子器件的研发、生产和销售。 产品：光电子器件、子系统、传输类、接入和数据类、其他(补充),baostock+akshare
688206.SH,概伦电子,A股,I65软件和信息技术服务业,,EDA软件授权业务。 产品：制造类EDA、设计类EDA、半导体器件特性测试系统、技术开发解决方案、集成电路设计类EDA工具、集成电路制造类EDA工具,baostock+akshare
688207.SH,格灵深瞳,A股,I65软件和信息技术服务业,服务器与终端,提供面向智慧金融、城市管理、政务及特种、智慧教育等领域的人工智能产品、智能终端计算设备及解决方案。 产品：智源智能前端产品、深瞳行业应用平台、灵犀数据智能平台、智慧终端产品、人工智能产品、技术服务及其他,baostock+akshare
688208.SH,道通科技,A股,C39计算机、通信和其他电子设备制造业,,汽车智能诊断、检测分析系统、汽车电子零部件、智能充电网络的研发、生产、销售和服务。 产品：汽车综合诊断产品、TPMS系列产品、ADAS系列产品、具身智能集群、智能充电网络以及相关产品的软件云服务、智能充电网络、TPMS产品、AI及软件,baostock+akshare
688209.SH,英集芯,A股,C39计算机、通信和其他电子设备制造业,,电源管理、电池管理、数模混合SoC等相关芯片的研发、设计与应用。 产品：电源管理芯片类、电池管理芯片类、数模混合SoC芯片类、其他芯片、电源芯片、ACDC芯片、TWS耳机充电仓芯片、PMIC芯片、车规芯片、无线充芯片、LED驱动芯片、锂电池充放电、锂电池保护、电量计、快充协议芯片、MCU芯片、电机驱动芯片、蓝牙芯片、音频芯片、信号链芯片、电源管理类、数模混合SoC类、电池管理类,baostock+akshare
688210.SH,统联精密,A股,C39计算机、通信和其他电子设备制造业,,高精度、高密度、形状复杂、外观精美的精密零部件的研发、设计、生产及销售。 产品：MIM产品、其他金属工艺制品、塑胶产品、模治具、其他金属工艺制品及塑胶制品、模治具及设备,baostock+akshare
688211.SH,中科微至,A股,C34通用设备制造业,机器人本体/集成,工业自动化设备、工业机器人、系统软件、计算机软件、电子产品的研发、生产和销售、物联网技术的研发、技术咨询和技术服务、物流自动化设备的销售以及物流信息系统的开发。 产品：总集成式分拣系统、交叉带分拣系统、大件分拣系统、窄带机式分拣系统、智能仓储系统、动态称重设备、单件分离、输送设备、总集成式、窄带机式,baostock+akshare
688212.SH,澳华内镜,A股,C35专用设备制造业,,电子内窥镜设备及内窥镜诊疗手术耗材研发、生产和销售。 产品：内窥镜设备、内窥镜诊疗耗材、内窥镜维修服务、电子消化内镜、耳鼻喉镜、支气管镜、内镜诊疗耗材、内窥镜维修服务收入,baostock+akshare
688213.SH,思特威,A股,I65软件和信息技术服务业,临床服务/CDMO,高性能CMOS图像传感器芯片的研发、设计和销售。 产品：CMOS图像传感器,baostock+akshare
688215.SH,瑞晟智能,A股,C35专用设备制造业,,智能物流系统产品、智能消防排烟及通风系统产品的生产、销售及研发。 产品：智能物流系统产品、智能消防排烟系统产品、通风系统产品、产品及相关配件、服务以及不动产租赁,baostock+akshare
688216.SH,气派科技,A股,C39计算机、通信和其他电子设备制造业,,半导体封装和测试业务。 产品：集成电路封装测试、功率器件封装测试、晶圆测试、其他(补充),baostock+akshare
688217.SH,睿昂基因,A股,C27医药制造业,,体外诊断产品的研发、生产、销售及科研、检测服务。 产品：体外诊断试剂盒、科研服务、医学检测服务、体外诊断仪器、白血病相关融合基因检测试剂盒、BCR-ABLP210融合基因检测试剂盒、免疫球蛋白基因重排检测试剂盒、人EGFR基因突变检测试剂盒、人风疹病毒核酸检测试剂盒、全自动样品处理系统、全自动核酸提取纯化仪、细胞分选仪、自产试剂、检测服务、贸易试剂,baostock+akshare
688218.SH,江苏北人,A股,C34通用设备制造业,机器人本体/集成;新能源车/储能,机器人自动化、智能化、柔性化的系统集成。 产品：焊接用工业机器人系统集成、非焊接用工业机器人系统集成、定制夹具、储能系统,baostock+akshare
688219.SH,会通股份,A股,C29橡胶和塑料制品业,,改性材料的研发、生产和销售。 产品：改性塑料、其中:聚烯烃系列、其中:工程塑料及其他系列、其中:工程塑料及其他系列-弹性体和其他工程材料、其中:聚苯乙烯系列,baostock+akshare
688220.SH,翱捷科技,A股,C39计算机、通信和其他电子设备制造业,,芯片产品销售、芯片定制服务及其相关产品销售、半导体IP授权。 产品：支持蜂窝移动通信系统的蜂窝基带芯片以及支持非蜂窝移动通信系统的非蜂窝物联网芯片、芯片产品、芯片定制业务、半导体IP授权,baostock+akshare
688221.SH,前沿生物,A股,C27医药制造业,,抗病毒和肌肉骨骼疼痛治疗药物的研发、生产和销售业务。 产品：艾可宁、其他、其他(补充),baostock+akshare
688222.SH,成都先导,A股,M73研究和试验发展,,药物研发并提供技术咨询、技术转让和技术服务等。 产品：新药研发服务、新药在研项目权益转让、其他(补充),baostock+akshare
688223.SH,晶科能源,A股,C38电气机械和器材制造业,半导体材料,光伏组件、硅片及光伏电池片的研发、生产和销售以及光伏技术的应用和产业化。 产品：硅片及光伏电池片、光伏组件、光伏产品、其他(补充)、其他,baostock+akshare
688225.SH,亚信安全,A股,I65软件和信息技术服务业,,网络安全业务和数智业务。 产品：网络安全、数智业务,baostock+akshare
688226.SH,威腾电气,A股,C38电气机械和器材制造业,数据中心电源;新能源车/储能,涵盖配电设备、储能系统、光伏新材三大业务，致力于为工业制造、数据通讯、电力电网、新能源、商业地产、轨道交通等行业客户提供优质的产品、解决方案、能源管理与运维服务。 产品：高低压母线、中低压成套设备、铜铝制品、光伏焊带、铝边框、储能系统,baostock+akshare
688227.SH,品高股份,A股,I65软件和信息技术服务业,数据中心/云厂商,提供云计算及行业信息化服务。 产品：云计算业务、行业信息化业务、芯片销售、BingoCloudOS、BingoInsight、BingoFuse、BingoLink、行业信息化系统,baostock+akshare
688228.SH,开普云,A股,I65软件和信息技术服务业,,为向全国各级党政机关、大中型企业、媒体单位等提供所需的一系列软件产品及相关二次开发、安装、调试等技术服务，提供云监测、内容安全、云搜索等一系列大数据SaaS服务以及提供运维保障服务；电力行业大数据产品开发及运维服务等。 产品：AI大模型与算力、AI内容安全、数智能源、数智政务、数智政务及其他,baostock+akshare
688229.SH,博睿数据,A股,I65软件和信息技术服务业,机器人本体/集成,为企业级客户的IT运维管理提供高质量、可落地的应用性能管理及可观测性解决方案。 产品：监测服务、软件销售、技术开发服务、系统集成、监测服务收入、软件销售及技术开发服务收入、其中:软件销售及技术开发服务收入-BonreeONE产品、其中:监测服务收入-BonreeONE产品、其他收入,baostock+akshare
688230.SH,芯导科技,A股,C39计算机、通信和其他电子设备制造业,电芯,功率半导体的研发与销售。 产品：功率器件、功率IC、瞬态电压抑制二极管(TVS)、金属-氧化物半导体场效应晶体管(MOSFET)、肖特基势垒二极管(SBD)、氮化镓(GaNHEMT)、绝缘栅双极型晶体管(IGBT)、碳化硅(SiC)、负载开关芯片、线性充电芯片、单节锂电池充电芯片、过压保护芯片、音频功率放大器、DC-DC类电源转换芯片、氮化镓驱动IC、其中:TVS、其中:MOSFET,baostock+akshare
688231.SH,隆达股份,A股,C32有色金属冶炼和压延加工业,,高温合金材料的研发、生产和销售。 产品：合金管材、铸造高温合金、变形高温合金、镍基耐蚀合金、铜镍合金管、高铁地线护套管、高效管、黄铜管、紫铜管、高温合金、其他(补充),baostock+akshare
688232.SH,新点软件,A股,I65软件和信息技术服务业,,"聚焦智慧招采,智慧政务及数字建筑三大领域，为客户提供软件为核心的智慧化整体解决方案。 产品：软件类、智慧招采、智慧政务、数字建筑",baostock+akshare
688233.SH,神工股份,A股,C39计算机、通信和其他电子设备制造业,半导体材料,大直径硅材料、硅零部件、半导体大尺寸硅片及其应用产品的研发、生产和销售。 产品：大直径硅材料产品、硅零部件产品、半导体大尺寸硅片、硅零部件、大直径硅材料、其中:大直径硅材料-16寸以上、其中:大直径硅材料-16寸以下,baostock+akshare
688234.SH,天岳先进,A股,C39计算机、通信和其他电子设备制造业,半导体材料,高品质碳化硅衬底的研发与产业化。 产品：碳化硅半导体材料、其他(补充),baostock+akshare
688235.SH,百济神州,A股,C27医药制造业,,研究、开发、生产以及商业化创新型药物。 产品：抗肿瘤类药物、百悦泽（泽布替尼）、百泽安（替雷利珠单抗）、百汇泽（帕米帕利）、百悦达（索托克拉）、安泰适（塔拉妥单抗）、安加维（地舒单抗）、倍利妥（贝林妥欧单抗）、凯洛斯（卡非佐米）、百赫安（泽尼达妥单抗）、萨温珂（司妥昔单抗）、凯泽百（达妥昔单抗）、普贝希（安维汀生物类似药）、百拓维（注射用戈舍瑞林微球）、泰菲乐（达拉非尼）、迈吉宁（曲美替尼）、维全特（培唑帕尼）、飞尼妥（依维莫司）、赞可达（塞瑞替尼）、药物合作安排收入,baostock+akshare
688236.SH,春立医疗,A股,C35专用设备制造业,,关节、脊柱、运动医学等医疗器械产品的研发、生产和销售。 产品：医疗器械产品、骨科医疗器械及组织修复系列产品、其他(补充),baostock+akshare
688237.SH,超卓航科,A股,C37铁路、船舶、航空航天和其他运输设备制造业,新能源车/储能,定制化增材制造和机载设备维修业务。 产品：航空航天零部件及耗材增材、机载设备维修、工业母机及其零部件、新能源汽车零部件、航空航天零部件及耗材增材制造、新能源汽车零部件制造、工业母机及其零部件制造,baostock+akshare
688238.SH,和元生物,A股,M73研究和试验发展,药物发现/CRO;临床服务/CDMO,各类细胞和基因治疗CRO服务及CDMO服务。 产品：细胞和基因治疗CRO业务、细胞和基因治疗CDMO业务、再生医学服务业务、生物制剂、试剂及其他、基因治疗载体研制服务、基因功能研究服务、基因检测服务、新药Pre-IND服务、新药Post-IND服务、再生医学制备服务、细胞存储及配套服务、生物原料、生物制剂产品、试剂、试剂盒及其他产品、生物制剂、试剂及其他,baostock+akshare
688239.SH,航宇科技,A股,C37铁路、船舶、航空航天和其他运输设备制造业,,航空难变形金属材料环形锻件研发、生产和销售。 产品：航空锻件、航天锻件、燃气轮机锻件、其他高端装备锻件、其他锻件、其他(补充),baostock+akshare
688244.SH,永信至诚,A股,I65软件和信息技术服务业,,销售自主研发的数字风洞测试评估产品、网络靶场及运营产品、安全防护与管控产品，并提供相应服务。 产品：数字风洞及运营、网络靶场及运营、其中:数字风洞及运营-产品、其中:网络靶场及运营-产品、其中:数字风洞及运营-服务,baostock+akshare
688246.SH,嘉和美康,A股,I65软件和信息技术服务业,,医疗信息化软件研发、生产、销售及服务。 产品：智慧临床业务、数据智能业务、生命科学业务、软件开发及技术支持服务、自制软件销售、外采软硬件销售,baostock+akshare
688247.SH,宣泰医药,A股,C27医药制造业,药物发现/CRO;临床服务/CDMO;药企/生物科技,高端仿制药研发与产业化及创新药CRO/CMO一体化服务。 产品：美沙拉秦肠溶片、泊沙康唑肠溶片、熊去氧胆酸胶囊、盐酸安非他酮缓释片、碳酸司维拉姆片、西格列汀二甲双胍缓释片、达格列净二甲双胍缓释片、产品销售、CRO/CMO、权益分成,baostock+akshare
688248.SH,南网科技,A股,M74专业技术服务业,新能源车/储能,高端智能设备的研发、生产和销售，以及高技术服务的提供。 产品：智能配用电设备、智能监测设备、机器人及无人机、储能系统技术服务、试验检测及调试服务,baostock+akshare
688249.SH,晶合集成,A股,C39计算机、通信和其他电子设备制造业,晶圆制造,12英寸晶圆代工业务及其配套服务。 产品：集成电路晶圆制造代工、DDIC、CIS、PMIC、Logic、MCU、其他主营业务、其他,baostock+akshare
688251.SH,井松智能,A股,C34通用设备制造业,,为客户提供智能仓储、智能搬运、智能配送、智能工厂及系统平台等核心业务的全方位服务。 产品：智能仓储物流系统、智能仓储物流设备、其他(补充),baostock+akshare
688252.SH,天德钰,A股,I65软件和信息技术服务业,服务器与终端,移动智能终端领域的整合型单芯片研发、设计、销售。 产品：整合型单芯片、显示驱动芯片、四色电子价签显示驱动芯片、快充协议芯片、音圈马达驱动芯片、移动智能终端显示驱动芯片、电子价签、摄像头音圈及快充协议芯片、其他(补充),baostock+akshare
688253.SH,英诺特,A股,C27医药制造业,,POCT快速诊断产品研发、生产和销售。 产品：呼吸道系列、优生优育系列、其他试剂系列、POCT诊断仪器、其他试剂系列及其他服务,baostock+akshare
688255.SH,凯尔达,A股,C34通用设备制造业,机器人本体/集成,工业机器人及焊接设备的研发、生产与销售。 产品：工业机器人、工业焊接设备、机器人专用焊接设备、售后业务,baostock+akshare
688256.SH,寒武纪,A股,I65软件和信息技术服务业,交换机/服务器,应用于各类云服务器、边缘计算设备、终端设备中人工智能核心芯片的研发、设计和销售。 产品：云端智能芯片及板卡、智能整机、边缘计算、IP授权和基础系统软件平台、智能计算集群、云端产品线、其他、边缘产品线,baostock+akshare
688257.SH,新锐股份,A股,C32有色金属冶炼和压延加工业,,硬质合金及工具的研发、生产和销售。 产品：凿岩工具及配套服务、硬质合金、切削工具、油服类产品,baostock+akshare
688258.SH,卓易信息,A股,I65软件和信息技术服务业,交换机/服务器;数据中心/云厂商,为CPU和计算设备厂商提供服务器、PC、笔记本电脑等计算设备核心固件的开发及固件产品销售，以及为政企客户提供端到端的云产品及云服务。 产品：云计算设备核心固件、云服务、集成化开发工具(IDE)、BIOS固件产品、BMC固件产品、云计算设备核心固件业务、IDE业务、云服务业务、其中:云服务业务-物联网云服务、其中:云服务业务-政企云服务,baostock+akshare
688259.SH,创耀科技,A股,I65软件和信息技术服务业,,通信核心芯片的研发、设计和销售。 产品：通信芯片、解决方案业务、芯片版图设计服务、其他技术服务、电力载波通信领域产品、接入网网络芯片、短距无线星闪芯片、工业通信芯片、通信芯片与解决方案业务、芯片版图设计服务及其他技术服务、其他(补充),baostock+akshare
688260.SH,昀冢科技,A股,C39计算机、通信和其他电子设备制造业,,光学领域精密零部件及电子陶瓷、汽车电子等领域产品的研发、设计、生产制造和销售。 产品：CMI件、SL件、IM件、绕线载体、线控底盘制动系统、转向系统、电子门窗系统、电子陶瓷器件、其他、金属插入成型件,baostock+akshare
688261.SH,东微半导,A股,C39计算机、通信和其他电子设备制造业,临床服务/CDMO,高性能功率器件研发与销售。 产品：功率半导体产品、晶圆、GreenMOS系列超级结MOSFET、SFGMOS系列、FSMOS系列中低压屏蔽栅MOSFET、TGBT系列IGBT产品、SiC器件（含Si2CMOSFET）、高密度功率模块、其他(补充),baostock+akshare
688262.SH,国芯科技,A股,I65软件和信息技术服务业,,集成电路技术与产品的设计、研发和销售。 产品：自主芯片及模组产品、芯片定制、芯片定制服务、其中:芯片定制服务-量产服务、其中:芯片定制服务-设计服务,baostock+akshare
688265.SH,南模生物,A股,M73研究和试验发展,,基因修饰动物模型的研发、生产、销售和技术服务业务。 产品：定制化模型、标准化模型、模型繁育、药物评价及表型分析、饲养服务,baostock+akshare
688266.SH,泽璟制药,A股,C27医药制造业,,创新型小分子及生物制剂疗法的发现、研发及商业化。 产品：抗肿瘤药物、止血药物、甲苯磺酸多纳非尼片、盐酸吉卡昔替尼片、重组人凝血酶、注射用人促甲状腺素β、药品、经销授权许可、医药中间体及原辅料,baostock+akshare
688267.SH,中触媒,A股,C26化学原料和化学制品制造业,,特种分子筛及催化新材料产品的研发、生产、销售及化工技术、化工工艺服务。 产品：特种分子筛及催化剂、非分子筛催化剂、催化应用工艺及化工技术服务、特种分子筛及催化剂系列、非分子筛催化剂系列、技术收入,baostock+akshare
688268.SH,华特气体,A股,C39计算机、通信和其他电子设备制造业,半导体材料,以特种气体的研发、生产及销售为核心，辅以普通工业气体、气体设备与工程业务，打造一站式服务能力，能够面向全球市场提供气体应用综合解决方案。 产品：特种气体、普通工业气体、气体设备与工程、高纯电子特气、稀混光刻气、混配气、光刻及其他混合气体、氟碳类、其他,baostock+akshare
688269.SH,凯立新材,A股,C26化学原料和化学制品制造业,,高性能催化剂的研发与生产、催化应用技术的研究开发、废旧贵金属催化剂的回收及再加工。 产品：均相催化剂、多相催化剂、氢化丁腈橡胶、催化应用技术服务、其他(补充),baostock+akshare
688270.SH,ST臻镭,A股,C39计算机、通信和其他电子设备制造业,,集成电路芯片和微系统的研发、生产和销售，并围绕相关产品提供技术服务。 产品：射频收发芯片、高速高精度ADC/DAC芯片、电源管理芯片、微系统、模组、终端射频前端芯片、技术服务、射频收发芯片及高速高精度ADC/DAC芯片,baostock+akshare
688271.SH,联影医疗,A股,C35专用设备制造业,,医学影像诊断设备及放射治疗设备的生产、销售以及维修服务、医疗影像设备领域内的技术开发、技术咨询、技术服务以及计算机软件技术开发等。 产品：医学影像诊断设备、放射治疗设备、提供维修服务、软件、销售医学影像诊断设备及放射治疗设备、其他(补充),baostock+akshare
688272.SH,富吉瑞,A股,C39计算机、通信和其他电子设备制造业,,红外热成像产品和系统的研发、生产和销售，并为客户提供解决方案。 产品：机芯、热像仪、委托研制、光电系统、其他,baostock+akshare
688273.SH,麦澜德,A股,C35专用设备制造业,,盆底及妇产康复领域相关医疗器械产品的研发、生产、销售和服务。 产品：盆底康复、生殖康复、运动康复、其他产品、耗材及配件、多模态生物刺激反馈系统、雷达磁刺激仪、脑电近红外闭环经颅磁刺激仪、超声波治疗仪、中频治疗仪,baostock+akshare
688275.SH,万润新能,A股,C39计算机、通信和其他电子设备制造业,电芯,锂离子电池材料的研发、生产和销售。 产品：磷酸铁锂、磷酸铁、其他(补充)、其他,baostock+akshare
688276.SH,百克生物,A股,C27医药制造业,,传染病防治的创新生物药的研发、生产及销售。 产品：水痘疫苗、流感疫苗、带状疱疹疫苗、其他(补充),baostock+akshare
688277.SH,天智航,A股,C35专用设备制造业,,骨科手术导航定位机器人的研发、生产、销售和服务。 产品：骨科手术导航定位机器人、配套设备及耗材、技术服务,baostock+akshare
688278.SH,特宝生物,A股,C27医药制造业,药企/生物科技,免疫和代谢领域创新药物研发、生产和销售。 产品：抗病毒用药、血液/肿瘤用药、内分泌用药、派格宾、益佩生、��金、特尔立、特尔津、特尔康,baostock+akshare
688279.SH,峰岹科技,A股,I65软件和信息技术服务业,存储控制器,电机驱动控制专用芯片的研发、设计与销售业务。 产品：电机主控芯片MCU/ASIC、电机驱动芯片HVIC、功率器件MOSFET、智能功率模块IPM、“双核”电机驱动控制专用MCU、三相直流无刷电机驱动控制器系列ASIC、单相直流无刷电机驱动控制器系列ASIC、三相栅极驱动器系列、半桥栅极驱动器系列、FMD系列MOSFET、电机主控芯片MCU、电机主控芯片ASIC,baostock+akshare
688280.SH,精进电动,A股,C36汽车制造业,新能源车/储能,电驱动系统的研发、生产、销售及服务。 产品：新能源汽车电驱动系统、其中:新能源汽车电驱动系统-乘用车电驱动系统、其中:新能源汽车电驱动系统-非乘用车电驱动系统、技术开发与服务,baostock+akshare
688281.SH,华秦科技,A股,C41其他制造业,,特种功能材料的研发、生产和销售。 产品：特种功能材料产品及技术服务、声学超材料、声学仪器及相关服务、航空航天零部件加工服务、陶瓷基复合材料及技术服务、超细晶成型结构件生产及技术服务、声学超材料、声学仪器及相关服务,baostock+akshare
688282.SH,理工导航,A股,C39计算机、通信和其他电子设备制造业,,惯性导航系统和核心部件等产品的研发、生产和销售。 产品：惯性导航系统、微波组件及模块、弹药控制系统、惯性导航核心零部件、其他零部件、技术服务,baostock+akshare
688283.SH,坤恒顺维,A股,C40仪器仪表制造业,,高端无线电测试仿真仪器仪表研发、生产和销售。 产品：无线信道仿真仪、射频微波信号发生器、频谱分析仪、无线通信测试平台、定制化开发产品及系统解决方案、模块化组件、KSW-WNS04A/04B型、KSW-WNS02/02B型、上架式机箱、KSW-WNS01型、KSW-VSG矢量信号发生器、波形发生软件、KSW-SGM模拟信号发生器、KSW-VSA01频谱分析仪、KSW-CTS03无线通信测试平台、矢量信号收发仪、通用接收机、雷达回波模拟器、火星探测模拟器、数字信号处理模块、模数变换和数模变换模块、微波射频通道模块、主控模块、存储模块、无线电测试仿真仪器及系统方案、HBI模块化组件、其他(补充),baostock+akshare
688285.SH,高铁电气,A股,C37铁路、船舶、航空航天和其他运输设备制造业,,电气化铁路接触网产品和城市轨道交通供电设备的研发、设计、制造和销售。 产品：电气化铁路接触网产品、城市轨道交通供电设备、轨外产品,baostock+akshare
688286.SH,敏芯股份,A股,C39计算机、通信和其他电子设备制造业,,MEMS传感器产品的研发与销售。 产品：MEMS声学传感器、MEMS压力传感器、MEMS惯性传感器,baostock+akshare
688288.SH,鸿泉技术,A股,C39计算机、通信和其他电子设备制造业,,研发、生产和销售汽车智能网联设备及大数据云平台等。 产品：智能网联、智能座舱、控制器、软件平台开发、行驶记录仪、T-BOX、eCall、传感器、ADAS高级辅助驾驶系统、人机交互终端、控制器产品、政务监管平台、车联网平台,baostock+akshare
688289.SH,圣湘生物,A股,C27医药制造业,,诊断试剂和仪器的研发、生产、销售，以及第三方医学检验服务。 产品：诊断试剂、诊断仪器、生物类药品、检测服务,baostock+akshare
688290.SH,景业智能,A股,C35专用设备制造业,,特种机器人及智能装备系统的研发、生产及销售。 产品：核工业智能装备系统、非核专用智能装备系统、特种机器人、电随动机械手、分析用取样机器人、防爆全向重载AGV、高辐射环境下转运通道装备、ER系列机器人、智能四足机器人、其他,baostock+akshare
688291.SH,金橙子,A股,I65软件和信息技术服务业,机器人本体/集成,激光加工设备运动控制系统及部件的研发与销售，并能够为不同激光加工场景提供综合解决方案和技术服务。 产品：激光加工控制系统、激光系统集成硬件、激光精密加工设备,baostock+akshare
688292.SH,浩瀚深度,A股,I65软件和信息技术服务业,机器人本体/集成,提供软硬件产品研发、系统集成、解决方案设计实施与专业化技术服务。 产品：网络可视化解决方案、信息安全防护解决方案、大数据解决方案、其他产品、物联网系统、网络可视化与智能运维产品、全域网络安全产品、数据要素与大数据产品、AI应用与大模型相关产品,baostock+akshare
688293.SH,奥浦迈,A股,M73研究和试验发展,临床服务/CDMO,细胞培养产品与服务。 产品：细胞培养基产品、CDMO服务、CHO培养基、293培养基、服务,baostock+akshare
688295.SH,中复神鹰,A股,C28化学纤维制造业,,碳纤维及其复合材料研发、生产和销售。 产品：碳纤维及其复合材料、碳纤维、其他(补充),baostock+akshare
688296.SH,和达科技,A股,I65软件和信息技术服务业,,水务信息化整体解决方案、水务管理系统、智能感传终端等的研发、生产和销售。 产品：整体解决方案、智能感传终端、水务管理系统、技术服务,baostock+akshare
688297.SH,中无人机,A股,C37铁路、船舶、航空航天和其他运输设备制造业,,"无人机系统的设计研发,生产制造,销售和服务。 产品：无人机系统产品及服务",baostock+akshare
688298.SH,东方生物,A股,C27医药制造业,,体外诊断产品的研发、生产与销售。 产品：生物原料、免疫诊断平台、分子诊断平台、流式荧光（液态芯片）平台、诊断试剂以及配套诊断仪器、动物疫苗、第三方独立检测实验室、体外诊断试剂、其他(补充),baostock+akshare
688299.SH,长阳科技,A股,C29橡胶和塑料制品业,锂电材料,反射膜、光学基膜、隔膜、背板基膜及其它特种功能膜的研发、生产和销售。 产品：反射膜、光学基膜、其他(补充),baostock+akshare
688300.SH,联瑞新材,A股,C39计算机、通信和其他电子设备制造业,,功能性填料行业产品的研发、制造和销售。 产品：功能性先进粉体材料、微米级、亚微米级角形粉体、微米级至纳米级球形粉体、其他超微粒子、液态填料、球形无机粉体、角形无机粉体、其他,baostock+akshare
688301.SH,奕瑞科技,A股,C35专用设备制造业,,数字化X线探测器、高压发生器、组合式射线源、球管等核心部件及综合解决方案的研发、生产、销售与服务。 产品：数字化X线探测器、球管、高压发生器、微焦点射线源、硅基微显示背板、探测器、综合解决方案/技术服务、核心部件,baostock+akshare
688302.SH,海创药业,A股,C27医药制造业,,药品的研发、生产、销售以及技术咨询、技术转让。 产品：药品、医药中间体、氘恩扎鲁胺软胶囊、医药中间体等,baostock+akshare
688303.SH,大全能源,A股,C38电气机械和器材制造业,,高纯多晶硅的研发、生产和销售。 产品：高纯多晶硅、副产品及其他,baostock+akshare
688305.SH,科德数控,A股,C34通用设备制造业,伺服系统,五轴联动数控机床、高档数控系统、关键功能部件以及柔性自动化生产线。 产品：高端数控机床、高档数控系统、关键功能部件、自动化生产线、五轴立式（含铣车）、五轴卧式（含车铣）、五轴龙门、五轴卧式车铣复合加工中心、五轴工具磨削中心、五轴叶片铣削加工中心、高速叶尖磨削中心、六轴五联动叶盘加工中心、伺服驱动装置、系列化电机、系列化传感产品、电主轴、铣头、转台、其他,baostock+akshare
688306.SH,均普智能,A股,C35专用设备制造业,机器人本体/集成;机器人应用,成套装配与检测智能制造装备、工业机器人及工业数字化智能软件的研发、生产、销售和服务，为新能源智能汽车、医疗健康、消费品及工业机电等领域的全球知名制造商提供智能制造整体解决方案。 产品：汽车动力总成及电驱系统、新能源储能及电池、汽车电子装备业务、消费品及医疗装备业务、软件技术和服务、人工智能和人形机器人、智能制造装备产品、其他(补充)、具身机器人制造,baostock+akshare
688307.SH,中润光学,A股,C39计算机、通信和其他电子设备制造业,,精密光学镜头产品的研发、生产及销售并提供相关技术开发服务。 产品：光学镜头、光学元器件、技术开发,baostock+akshare
688308.SH,欧科亿,A股,C33金属制品业,,数控刀具产品和硬质合金制品的研发、生产和销售。 产品：数控刀具产品、硬质合金制品、钨制品、数控刀片、整体硬质合金刀具、硬质合金锯齿刀片、棒材、硬质合金圆片、其他(补充),baostock+akshare
688309.SH,恒誉环保,A股,C35专用设备制造业,,废弃物热裂解技术装备研发、高端装备销售和产业项目建设与运营。 产品：裂解生产线、运营项目及服务、其他(补充),baostock+akshare
688310.SH,迈得医疗,A股,C35专用设备制造业,,医用耗材智能装备的研发、生产、销售和服务。 产品：安全输注类连线机、血液净化类连线机、药械组合类连线机、其他主营业务,baostock+akshare
688311.SH,盟升电子,A股,C39计算机、通信和其他电子设备制造业,,卫星导航、卫星通信、数据链、电子对抗等系列化产品的研发、制造、销售和技术服务。 产品：卫星导航、数据链、电子对抗、卫星通信、其他(补充),baostock+akshare
688312.SH,燕麦科技,A股,C35专用设备制造业,机器人应用,智能制造领域工业自动化、智能化测试设备与配件的研发、设计、生产、销售及相关技术服务。 产品：自动化测试设备、测试治具、配件及其他、通用功能测试治具、专项功能测试治具、自动化载具的测试治具、多工序测试设备、自动化测试系统、智能化视觉检测设备、针模、载板、探针、控制板、测试板,baostock+akshare
688313.SH,仕佳光子,A股,C39计算机、通信和其他电子设备制造业,光芯片,光芯片及器件、室内光缆和线缆高分子材料。 产品：光芯片及器件、室内光缆、线缆材料,baostock+akshare
688314.SH,康拓医疗,A股,C35专用设备制造业,,三类植入医疗器械产品研发、生产、销售。 产品：神经外科产品、心胸外科产品、颌面修复产品、口腔科产品、其他、PEEK材料产品、钛材料产品、可吸收产品、脑引流装置、修补类产品、口腔种植、工具类、PEEK材料神经外科产品、钛材料神经外科产品、其他产品,baostock+akshare
688315.SH,诺禾致源,A股,M73研究和试验发展,,为生命科学基础研究、医学及临床应用研究提供多层次的科研技术服务及解决方案；同时，基于在基因测序及其应用领域的技术积累，自主开发创新的基因检测医疗器械。 产品：生命科学基础科研服务、医学研究与技术服务、建库测序平台服务、其他、测序平台服务,baostock+akshare
688316.SH,青云科技,A股,I64互联网和相关服务,数据中心/云厂商,以软件定义为核心，致力于为企业用户提供自主可控、中立可靠、性能卓越、灵活开放的云计算产品与服务。 产品：云产品、云服务、其他(补充),baostock+akshare
688317.SH,之江生物,A股,C27医药制造业,,分子诊断试剂和仪器设备的研发、生产和销售。 产品：分子诊断试剂、仪器设备、核酸检测试剂盒、其它、分子诊断仪器,baostock+akshare
688318.SH,财富趋势,A股,I65软件和信息技术服务业,,软件销售、维护服务和证券信息服务。 产品：证券行情交易系列软件、金融数据、智能客服、软件服务收入、软件销售收入、证券信息服务收入,baostock+akshare
688319.SH,欧林生物,A股,C27医药制造业,,人用疫苗的研发、生产和销售。 产品：吸附破伤风疫苗、b型流感嗜血杆菌结合疫苗、A群C群脑膜炎球菌多糖结合疫苗,baostock+akshare
688320.SH,禾川科技,A股,C40仪器仪表制造业,伺服系统,工业自动化产品的研发、生产、销售及应用集成。 产品：伺服系统、PLC及扩展、其他工控产品、机床,baostock+akshare
688321.SH,微芯生物,A股,C27医药制造业,,药物技术开发、相关成果商业应用；新药研究、开发、技术转让及其它有关的服务；新治疗技术研究、开发、技术转让及其它有关的服务；对外专利、技术的许可授权；药品的生产；保健食品生产经营。 产品：西达本胺、西格列他钠、爱谱沙、双洛平、西奥罗尼、其他(补充),baostock+akshare
688322.SH,奥比中光,A股,C39计算机、通信和其他电子设备制造业,,3D视觉感知产品的设计、研发、生产和销售。 产品：3D视觉传感器、消费级应用设备、工业级应用设备、其他,baostock+akshare
688323.SH,瑞华泰,A股,C29橡胶和塑料制品业,,高性能PI薄膜的研发、生产和销售。 产品：高性能PI薄膜、热控PI薄膜、电子PI薄膜、电工PI薄膜、其他(补充)、其他PI薄膜及加工,baostock+akshare
688325.SH,赛微微电,A股,I65软件和信息技术服务业,,模拟芯片的研发和销售。 产品：电池计量芯片、电池安全芯片、充电管理、充电管理等其他芯片,baostock+akshare
688326.SH,经纬恒润,A股,C39计算机、通信和其他电子设备制造业,,围绕电子系统展开，专注于为汽车、智能运输等领域客户提供电子产品、研发服务及解决方案、大总成及特种载具、智能运输解决方案业务。 产品：汽车电子产品、高端装备电子产品、电子产品业务、研发服务及解决方案业务、其他(补充),baostock+akshare
688327.SH,云从科技,A股,I65软件和信息技术服务业,,高效人机协同操作系统和行业解决方案。 产品：人机协同操作系统、人工智能解决方案、基础操作系统、核心组件、应用产品、公有云服务、风控服务、智能化运维服务、智慧治理综合解决方案、智慧出行综合解决方案、智慧金融综合解决方案、智慧商业综合解决方案、泛AI领域综合解决方案、软硬件组合、技术开发、技术服务,baostock+akshare
688328.SH,深科达,A股,C35专用设备制造业,半导体设备,平板显示模组类设备、半导体类设备及智能装备核心零部件的设计、研发、生产与销售。 产品：平板显示模组类设备、半导体设备、核心零部件,baostock+akshare
688329.SH,艾隆科技,A股,C35专用设备制造业,,医疗物资智能管理设备及软件信息平台的研发、生产、销售与服务。 产品：自动化药房、自动化病区、自动化物流、智慧门急诊药房产品、住院、静配中心产品、维保,baostock+akshare
688330.SH,宏力达,A股,C38电气机械和器材制造业,,配电网智能设备的研发、生产和销售，以及电力应用软件研发及实施等信息化服务。 产品：智能柱上开关、开关操控单元、测控单元、20kV智能开关、智能柱上开关（5G版）、智能柱上开关（光纤版）、智能开关（量子加密版）、配电网智能设备、软件与信息技术服务、其他(补充),baostock+akshare
688331.SH,荣昌生物,A股,C27医药制造业,,研发、生产和销售医药产品、诊断试剂产品。 产品：泰它西普、维迪西妥单抗、RC28、RC148、RC278、RC288、生物药、技术授权、技术服务,baostock+akshare
688332.SH,中科蓝讯,A股,C39计算机、通信和其他电子设备制造业,,无线音频SoC芯片的研发、设计与销售。 产品：蓝牙耳机芯片、蓝牙音箱芯片、智能穿戴芯片、数字音频芯片、无线麦克风芯片、其他芯片、玩具语音芯片、AIoT芯片、AI语音识别芯片、Wi-Fi芯片、视频芯片,baostock+akshare
688333.SH,铂力特,A股,C34通用设备制造业,,金属3D打印设备及产品的研发、生产和销售。 产品：金属3D打印设备、金属3D打印定制化产品、金属3D打印原材料、选择性激光熔化成形、激光立体成形、电弧增材制造等系列金属3D打印设备、3D打印定制化产品及技术服务、3D打印设备、配件及技术服务、3D打印原材料,baostock+akshare
688334.SH,西高院,A股,M74专业技术服务业,,电气领域检验检测、计量、认证及技术咨询服务业务。 产品：电气领域检验检测服务、其他技术服务、交、直流高压和超高压开关、±500千伏以上直流输电设备、800千伏以上交流长距离输电设备、计量服务、认证服务、技术研究、技术咨询、检测服务、技术研究与技术咨询、计量及认证服务、其他(补充),baostock+akshare
688335.SH,复洁科技,A股,C35专用设备制造业,,为城镇和工业（园区）污水处理厂（站）提供污泥脱水干化及废气净化技术装备及服务，节能低碳高端装备的研发、设计、制造、集成、安装与运维服务。 产品：高端固液分离装备、废气净化成套技术装备、节能降碳技术装备与服务、备件维修及其他、废气净化技术装备,baostock+akshare
688336.SH,三生国健,A股,C27医药制造业,,抗体药物的研发、生产和销售。 产品：抗体药物、益赛普、赛普汀、健尼哌、益赛拓、授予知识产权许可、销售商品、提供委托加工服务,baostock+akshare
688337.SH,普源精电,A股,C40仪器仪表制造业,,通用电子测量的开发、生产和销售。 产品：数字示波器、射频类仪器、波形发生器、电源及电子负载、万用表及数据采集器、探头及其他、模块化仪器、“仙女座”技术平台、“凤凰座”技术平台、“半人马座”技术平台、UltraVision技术平台、UltraZoom技术平台、实时频谱分析仪、矢量网络分析仪、微波信号发生器、射频信号发生器、频谱分析仪、实时频谱/信号分析仪、任意波形发生器、函数/任意波形发生器、可编程线性直流电源、大功率直流电源、可编程直流电子负载、6.5位数字万用表、5.5位数字万用表、数据采集/开关系统、高带宽有源差分探头、无源探头、有源探头、电流探头、高压差分探头、逻辑探头、数字收发仪、阵列测控系统、电子测试测量仪器、解决方案及其他、其他(补充),baostock+akshare
688338.SH,赛科希德,A股,C27医药制造业,,血栓与止血体外诊断领域的检测仪器、试剂及耗材的研发、生产和销售。 产品：检测仪器、试剂、耗材、配套检测仪器的自动化设备、凝血测试仪、血流变测试仪、动态血沉压积测试仪、血小板聚集测试仪、凝血试剂、血流变试剂、凝血耗材、血流变耗材、仪器,baostock+akshare
688339.SH,亿华通,A股,C38电气机械和器材制造业,,燃料电池系统研发及产业化。 产品：燃料电池系统、其他(补充)、其他,baostock+akshare
688343.SH,云天励飞,A股,I65软件和信息技术服务业,,基于“算法芯片化”核心能力底座，构建AI推理芯片研发流程和各类产品的开发，并向企业、消费、行业等场景提供各类AI相关产品、服务和解决方案。 产品：AI推理芯片及相关场景、异构算力服务、AI原生产品、岍丞技术产品,baostock+akshare
688345.SH,博力威,A股,C38电气机械和器材制造业,电芯,轻型动力电池、消费类电池、储能电池等轻型电池应用和锂离子电芯的研发、生产、销售及售后服务等业务。 产品：轻型车用锂离子电池、消费电子类电池、储能电池、锂电芯,baostock+akshare
688347.SH,华虹宏力,A股,C39计算机、通信和其他电子设备制造业,晶圆制造,集成电路有关的设计、开发、制造、测试、封装，销售集成电路产品及相关技术支持，销售自产产品。 产品：晶圆、集成电路晶圆代工、其他、租赁,baostock+akshare
688348.SH,昱能科技,A股,C38电气机械和器材制造业,新能源车/储能,分布式光伏发电系统中组件级电力电子技术及储能技术的研发及产业化。 产品：微逆及能量通信产品、工商业储能系统及服务、智控关断器、户用储能产品,baostock+akshare
688349.SH,三一重能,A股,C38电气机械和器材制造业,,风电机组的研发、制造、销售。 产品：风机及配件收入、发电、风电服务、电站产品销售、风力发电机组制造,baostock+akshare
688350.SH,富淼科技,A股,C26化学原料和化学制品制造业,,功能性单体、水溶性高分子、水处理膜及膜应用的研发、生产和销售。 产品：水溶性高分子、功能性单体、水处理膜及膜应用、能源外供、其他,baostock+akshare
688351.SH,微电生理,A股,C35专用设备制造业,,电生理介入诊疗与消融治疗领域创新医疗器械研发、生产和销售，致力于提供具备全球竞争力的“以精准介入导航为核心的诊断及消融治疗一体化解决方案”。 产品：导管类产品、设备类产品、其他产品、Columbus三维心脏电生理标测系统、ColumbusMax三维心脏电生理标测系统、EasyFinder3D磁定位型可调弯标测导管、EasyLoop3D一次性使用磁定位环形标测导管、EasyLoop环肺静脉标测导管、EasyLoop一次性使用心内标测电极导管、EasyFinder一次性使用可调弯标测导管、EasyFinder一次性使用固定弯标测导管、EasyPaddle一次性使用网状磁电定位标测导管,baostock+akshare
688352.SH,颀中科技,A股,C39计算机、通信和其他电子设备制造业,,集成电路的先进封装与测试业务。 产品：显示驱动芯片封测、多元化驱动芯片封测、其他(补充),baostock+akshare
688353.SH,华盛锂电,A股,C26化学原料和化学制品制造业,锂电材料,锂电池电解液材料的研发、生产及销售业务。 产品：电子化学品、特殊有机硅、碳酸亚乙烯酯（VC）、氟代碳酸乙烯酯（FEC）、双草酸硼酸锂（BOB）、双氟草酸硼酸锂（LiDFOB）及甲烷二磺酸亚甲酯（MMDS）、异氰酸酯基丙基三甲氧基硅烷（IPTS）、异氰酸酯基丙基三乙氧基硅烷（TESPI）、VC、FEC、其他,baostock+akshare
688355.SH,明志科技,A股,C33金属制品业,,高端制芯装备业务、高品质铝合金铸件业务。 产品：高端制芯设备、高品质铝合金铸件、射芯机、制芯单元、制芯中心、制芯生产线、智能铸造车间、冷凝式壁挂炉热交换器、商用车零件、轨交及高铁列车类零件、工程机械零件、砂芯产品、其他,baostock+akshare
688356.SH,键凯科技,A股,C26化学原料和化学制品制造业,,医用药用聚乙二醇及其活性衍生物的研发、生产和销售。 产品：聚乙二醇、销售产品、技术使用费、运输服务,baostock+akshare
688357.SH,建龙微纳,A股,C26化学原料和化学制品制造业,,工业气体分离、医用氧气、能源化工、石油化工、可再生资源、可再生能源等领域的相关分子筛吸附剂和催化剂的研发、生产、销售及技术服务。 产品：分子筛材料、活性氧化铝、其他,baostock+akshare
688358.SH,祥生医疗,A股,C35专用设备制造业,,超声医学影像设备的研发、制造和销售。 产品：超声医学影像设备、配件、技术服务、配件及其他、技术服务费,baostock+akshare
688359.SH,三孚新科,A股,C26化学原料和化学制品制造业,,表面工程技术的研究及新型环保表面工程专用化学品与专用设备的研发、生产和销售。 产品：表面工程专用化学品、表面工程专用设备、电子化学品、通用电镀化学品、设备,baostock+akshare
688360.SH,德马科技,A股,C34通用设备制造业,,智能装备的研发、设计、制造、销售和服务。 产品：智能自动化物流输送分拣系统及其关键设备、物流输送分拣核心部件、售后、其他(补充),baostock+akshare
688361.SH,中科飞测,A股,C35专用设备制造业,,为半导体行业客户提供涵盖设备产品、智能软件产品和相关服务的全流程良率管理解决方案。 产品：检测设备、量测设备、良率管理软件、无图形晶圆缺陷检测设备系列、图形晶圆缺陷检测设备系列、明场纳米图形晶圆缺陷检测设备系列、暗场纳米图形晶圆缺陷检测设备系列、三维形貌量测设备系列、介质膜厚量测设备系列、金属膜厚量测设备系列、套刻精度量测设备系列、光学关键尺寸量测设备系列、晶圆平整度量测设备系列、电子束关键尺寸量测设备系列、高深宽比刻蚀结构量测设备系列、硅通孔铜填充空隙量测设备系列、3D曲面玻璃量测设备系列、良率管理系统、半导体缺陷自动分类系统、光刻套刻分析反馈系统、其他(补充),baostock+akshare
688362.SH,甬矽电子,A股,C39计算机、通信和其他电子设备制造业,,集成电路的封装和测试业务，为集成电路设计企业提供集成电路封装与测试解决方案。 产品：高密度细间距凸点倒装产品（FC类产品）、系统级封装产品（SiP）、晶圆级封装产品（Bumping及WLP）、扁平无引脚封装产品（QFN/DFN）、微机电系统传感器（MEMS）、系统级封装产品、扁平无引脚封装产品、高密度细间距凸点倒装产品,baostock+akshare
688363.SH,华熙生物,A股,C26化学原料和化学制品制造业,,研发、生产和销售透明质酸等生物活性物质原料产品及生物医用材料终端产品。 产品：原料产品、医疗终端产品、皮肤科学创新转化业务,baostock+akshare
688365.SH,光云科技,A股,I65软件和信息技术服务业,,基于电商业务场景为电商商家提供SaaS服务及增值服务。 产品：SaaS产品、配套硬件、CRM短信、运营服务、其他(补充),baostock+akshare
688366.SH,昊海生科,A股,C35专用设备制造业,,医疗器械和药品研发、生产和销售业务。 产品：医疗美容与创面护理产品、眼科产品、骨科关节腔粘弹补充剂产品、防粘连及止血产品、骨科产品,baostock+akshare
688367.SH,工大高科,A股,C37铁路、船舶、航空航天和其他运输设备制造业,机器人本体/集成,工业铁路信号控制与智能化矿山建设。 产品：地面工业铁路信号控制与智能调度产品、矿井井下信号控制与智能调度产品、信息系统集成及技术服务,baostock+akshare
688368.SH,晶丰明源,A股,I65软件和信息技术服务业,,电源管理芯片和控制驱动芯片。 产品：电源管理芯片、控制驱动芯片、LED照明驱动芯片、AC/DC电源芯片、高性能计算电源芯片、电机控制驱动芯片,baostock+akshare
688369.SH,致远互联,A股,I65软件和信息技术服务业,,"为客户提供协同管理软件产品、解决方案、协同管理平台及云服务,协同管理产品的设计、研发、销售及服务。 产品：企业业务、政府业务、AI业务发展、领域、行业及海外业务、智能协同办公软件产品、智能协同业务解决方案、数智运营解决方案、数字政府产品、数字政府解决方案、HRSaaS服务（薪事力）、CoMiNote智能录音卡、航空业务、海外业务、协同管理软件产品、其中:协同管理软件产品-A8系列、技术服务",baostock+akshare
688370.SH,丛麟科技,A股,N77生态保护和环境治理业,,危险废物的无害化处置和资源化利用。 产品：无害化处置、资源化处置、EPC项目、硫酸、磷酸、硫酸铵、二氢铵、再生氢氧化铜、再生桶、3-二甲氨基丙胺、涂料用稀释剂、异丙醇、乙醇,baostock+akshare
688371.SH,菲沃泰,A股,C39计算机、通信和其他电子设备制造业,,高性能、多功能纳米薄膜的研发和制备。 产品：纳米镀膜产品、纳米镀膜设备、其他(补充),baostock+akshare
688372.SH,伟测科技,A股,M74专业技术服务业,,晶圆测试、芯片成品测试以及与集成电路测试相关的配套服务。 产品：晶圆测试、芯片成品测试、测试设备租赁、测试辅材、其他(补充),baostock+akshare
688373.SH,盟科药业,A股,C27医药制造业,药企/生物科技,以小分子化药研发为核心，发现、开发和商业化未满足临床需求的创新药物。 产品：康替唑胺片、其他(补充),baostock+akshare
688375.SH,国博电子,A股,C39计算机、通信和其他电子设备制造业,,有源相控阵T/R组件和射频集成电路相关产品的研发、生产和销售。 产品：T/R组件、射频模块、射频芯片、有源相控阵T/R组件、射频放大类芯片、射频控制类芯片、T/R组件和射频模块、其他芯片,baostock+akshare
688376.SH,美埃科技,A股,C35专用设备制造业,,空气净化产品、大气环境治理等产品的研发、生产和销售。 产品：风机过滤单元、过滤器产品、洁净室天花板、墙壁系统、初中效过滤器、高效过滤器、静电过滤器、化学过滤器、空气净化设备、工业除尘除油雾设备、VOCs治理设备、洁净室墙壁、天花板系统、风机过滤单元、过滤器产品及洁净室天花板和墙壁系统、其他,baostock+akshare
688377.SH,迪威尔,A股,C35专用设备制造业,,油气设备专用件的研发、生产和销售。 产品：油气生产系统专用件、井控装置专用件、非常规油气开采专用件、井口装置专用件,baostock+akshare
688378.SH,奥来德,A股,C39计算机、通信和其他电子设备制造业,药物发现/CRO,OLED关键功能材料（含有机发光材料及配套功能材料）与蒸发源设备的研发、生产及销售。 产品：OLED有机发光材料、光敏聚酰亚胺（PSPI）、OLED高性能封装材料、线性蒸发源设备、MicroOLED蒸镀机、钙钛矿蒸镀设备、有机发光材料、蒸发源设备、其他功能材料,baostock+akshare
688379.SH,华光新材,A股,C33金属制品业,,焊接与连接材料及技术的研发、制造、销售。 产品：银钎料、铜基钎料、银浆、银浆等材料,baostock+akshare
688380.SH,中微半导,A股,C39计算机、通信和其他电子设备制造业,,芯片产品的研发、设计与销售。 产品：消费电子、芯片、MCU、ASIC（高精度模拟、电源管理、通信交互、功率驱动等）、SoC等芯片以及功率器件、消费电子芯片、小家电控制芯片、大家电和工业控制芯片,baostock+akshare
688381.SH,帝奥微,A股,C39计算机、通信和其他电子设备制造业,,模拟集成电路产品的研发与销售。 产品：电源管理、信号链,baostock+akshare
688382.SH,益方生物,A股,C27医药制造业,药企/生物科技,创新药物的研发、生产和销售。 产品：技术授权、技术合作、技术授权和技术合作,baostock+akshare
688383.SH,新益昌,A股,C35专用设备制造业,半导体设备;机器人应用,半导体、新型显示、电容器、锂电池等行业智能制造装备的研发、生产和销售。 产品：半导体设备、新型显示设备、电容器设备、锂电池设备、半导体固晶机、半导体高精度固晶机、Flipchip固晶机、Clip组焊线连线机、双摆臂力控固晶机、料片式共晶机、料卷式摆臂共晶机、全自动多维引线焊线机、粗铝丝压焊机、全自动平面焊线机、转塔式半导体测试分选机、光学镀膜设备、六头平面式高速固晶机、双邦四臂MiniLED背光高速高精度固晶机、全自动智能牛角老化测试分选机、全自动超级电容老化测试分选机、全自动圆柱锂电池制片卷绕一体机、全自动圆柱锂电池全极耳制片卷绕一体机、固晶机、电容器老化测试设备、其他设备,baostock+akshare
688385.SH,复旦微电,A股,C39计算机、通信和其他电子设备制造业,,超大规模集成电路的设计、开发、测试。 产品：安全与识别芯片、非挥发性存储器、智能电表芯片、FPGA及其他产品、集成电路测试服务,baostock+akshare
688386.SH,泛亚微透,A股,C29橡胶和塑料制品业,,膨体聚四氟乙烯膜（ePTFE）、气凝胶等微观多孔材料及其改性衍生产品的研发、生产及销售。 产品：ePTFE微透产品、线束、密封件、气体管理产品、挡水膜、吸隔声产品、CMD、气凝胶、CMD及气体管理产品、传统三大件产品、高性能线束,baostock+akshare
688387.SH,信科移动,A股,C39计算机、通信和其他电子设备制造业,,以自主研发的移动通信核心技术为基础，为国内外电信运营商提供移动通信网络设备以及移动通信技术服务，同时，重点聚焦交通、能源等行业市场，为行业客户提供移动通信网络覆盖及智慧化综合解决方案。 产品：系统设备、天馈设备、室分设备、行业专网设备、移动通信一体化服务、移动通信网络运维服务、行业专网设备及其他,baostock+akshare
688388.SH,嘉元科技,A股,C39计算机、通信和其他电子设备制造业,,各类高性能电解铜箔和高性能精密铜线的研发、生产和销售。 产品：锂电铜箔、电子电路铜箔、高性能精密铜线、3.0-20μm各类高性能锂电铜箔、9-140μm各类电子电路铜箔产品、0.08-0.254mm的裸铜绞线、镀锡绞线、其他(补充)、标准铜箔,baostock+akshare
688389.SH,普门科技,A股,C35专用设备制造业,,医疗器械的研发、制造、营销及服务。 产品：光子治疗仪、红外治疗仪、空气波压力治疗系统、高频振动排痰系统、特定蛋白分析仪、糖化血红蛋白分析仪、电化学发光免疫分析仪、配套检测试剂、体外诊断类、其中:体外诊断类-检验试剂、其中:体外诊断类-检验设备、治疗与康复类、其中:治疗与康复类-医用产品,baostock+akshare
688390.SH,固德威,A股,C38电气机械和器材制造业,电芯,太阳能、储能等新能源电力电源设备的研发、生产和销售，并致力于为家庭、工商业用户及地面电站提供智慧能源管理等整体解决方案。 产品：户用系统销售、光伏并网逆变器、储能电池、光伏储能逆变器,baostock+akshare
688391.SH,钜泉科技,A股,I65软件和信息技术服务业,,智能电网终端设备芯片的研发、设计和销售。 产品：智能电表芯片、物联网及其他芯片、三相电能计量芯片、单相电能计量芯片、单相电能表SoC芯片、物联表计量芯、MCU、BPSK载波通信芯片、OFDM载波通信芯片、HPLC载波通信芯片、HPLC+HRF载波通信芯片、载波通信功率放大器（PA）芯片、其他,baostock+akshare
688392.SH,骄成超声,A股,C35专用设备制造业,,超声波设备的研发、设计、生产与销售。 产品：新能源电池超声波设备、线束连接器超声波设备、半导体超声波设备、非金属超声波设备、超声波金属焊接、超声波检测及超声波裁切等设备、配件,baostock+akshare
688393.SH,安必平,A股,C27医药制造业,,自主品牌体外诊断试剂和诊断仪器的研发、生产和销售，以及其他品牌体外诊断产品、医疗仪器的经销。 产品：体外诊断试剂及相关配套设备、自产产品、服务收入、外购产品,baostock+akshare
688395.SH,正弦电气,A股,C38电气机械和器材制造业,伺服系统,工业自动化领域电机驱动和控制系统产品研发、生产和销售。 产品：通用变频器、一体化专机、伺服系统、控制器、新能源产品,baostock+akshare
688396.SH,华润微,A股,C39计算机、通信和其他电子设备制造业,,聚焦于功率半导体、智能传感器与智能控制等领域，为客户提供丰富的半导体产品与系统解决方案。 产品：功率半导体、智能传感器、智能控制、MOSFET产品、IGBT产品、第三代宽禁带半导体（SiC和GaN）、模块产品（IGBT模块、SiC模块、IPM模块、TMBS模块）、功率IC、智能传感器及智能控制产品、产品与方案、制造与服务、其他(补充),baostock+akshare
688398.SH,赛特新材,A股,C30非金属矿物制品业,,真空绝热材料的研发、生产和销售，以及真空绝热技术的应用开发与研究。 产品：真空绝热板、保温箱、其他,baostock+akshare
688399.SH,硕世生物,A股,C27医药制造业,,体外诊断试剂、配套检测仪器等体外诊断产品的研发、生产和销售。 产品：诊断试剂、诊断仪器、检测服务、其他(补充),baostock+akshare
688400.SH,凌云光,A股,C39计算机、通信和其他电子设备制造业,机器人传感器,机器视觉和光通信的研发、生产和销售。 产品：工业人工智能产品、文化元宇宙产品、光通信主要产品、智能视觉装备、视觉系统、光通信产品、视觉器件,baostock+akshare
688401.SH,路维光电,A股,C39计算机、通信和其他电子设备制造业,,提供专业的掩膜版产品以及高效的后续服务。 产品：平板显示掩膜版、半导体掩膜版、其他掩膜版、石英掩膜版、苏打掩膜版、其他产品,baostock+akshare
688403.SH,汇成股份,A股,C39计算机、通信和其他电子设备制造业,,显示驱动芯片的先进封装测试服务。 产品：显示驱动芯片封测、其他(补充),baostock+akshare
688408.SH,中信博,A股,C38电气机械和器材制造业,,提供光伏跟踪支架系统、固定支架系统及BIPV系统（BIPV是建筑光伏一体化的光伏发电系统）解决方案及产品制造。 产品：光伏跟踪支架系统、固定支架系统、BIPV光伏屋顶、跟踪支架、固定支架、BIPV及其他,baostock+akshare
688409.SH,富创精密,A股,C34通用设备制造业,半导体设备,半导体设备精密零部件研发和制造。 产品：机械及机电零组件、气体传输系统、其他(补充),baostock+akshare
688410.SH,山外山,A股,C35专用设备制造业,,血液净化设备与耗材的研发、生产和销售，并提供连锁血液透析医疗服务。 产品：血液净化设备类、血液净化耗材类、血液灌流机、连续性血液净化设备、血液透析机、血液净化设备、血液透析浓缩液、血液透析干粉、血液透析器、透析液过滤器、连续性血液净化管路、一次性使用血液灌流器、血液净化耗材、医疗服务,baostock+akshare
688411.SH,海博思创,A股,C38电气机械和器材制造业,PACK/BMS;新能源车/储能,储能系统的研发、生产和销售。 产品：大型储能系统、工商业储能系统、变流升压类产品、系统控制类产品、智慧运维服务类、HyperBlockM系列交/直流储能舱、HyperBlockⅣ系列、直流储能舱、HyperBlockIII系列交/直流储能舱、HyperCascade系列高压级联储能系统、HyperCubeC&IIIPlus系列交直流一体户外柜、HyperCubeC&IIIMax系列交直流一体户外柜、HyperCubeC&IPro系列充储一体机、430X系列储能变流器PCS、储能变流器一体机、变流升压一体舱、电池管理系统BMS、能量管理系统EMS、功率协调控制系统PMS、HyperCloud海博云平台、海博智能交易平台、储能产品、其他产品、其他(补充),baostock+akshare
688416.SH,恒烁股份,A股,C39计算机、通信和其他电子设备制造业,存储芯片,芯片的研发、设计和销售。 产品：存储芯片、微控制器、微控制器及其他,baostock+akshare
688418.SH,震有科技,A股,C39计算机、通信和其他电子设备制造业,,通信系统设备的研发、设计、生产和销售并提供定制化通信技术解决方案。 产品：数智网络及智慧应急系统、光网络及接入系统、核心网系统、技术与维保服务,baostock+akshare
688419.SH,耐科装备,A股,C35专用设备制造业,机器人应用,半导体封装设备及模具和塑料挤出成型模具、挤出成型装置及下游设备等产品的研发、生产和销售，为客户提供定制化的智能制造装备及系统解决方案。 产品：半导体封装设备及模具、塑料挤出成型模具、挤出成型装置及下游设备、塑料挤出成型模具、挤出成型装置、半导体封装设备、半导体封装模具,baostock+akshare
688420.SH,美腾科技,A股,C35专用设备制造业,,智能装备、智能系统与仪器两大类核心产品的研发、设计、制造和销售。 产品：智能装备、智能系统与仪器、智能干选设备（TDS、XRT、MDS、SPS）、智能梯流干选机（TGS）、贵金属分选机（PMS）、智能粗煤泥分选设备（TCS）、超压缩叠袋压滤机（EBS）、高压过滤机（GPH）、湍流脱介筛、废旧锂电池精拆精选回收系统、生产过程智能控制系统、生产管理系统、机电管理系统、智能装运一体化管理平台、工业物联平台、X光诱导灰分仪、X光诱导矿浆灰分仪、尾矿图像分析仪、智工之眼、DCQ分选效果检测仪、IFS智能浮沉仪、其他业务,baostock+akshare
688425.SH,铁建重工,A股,C35专用设备制造业,,隧道掘进机、轨道交通设备和特种专业装备的设计、研发、制造、销售、租赁和服务。 产品：隧道掘进机、特种专业装备、轨道交通产品、智能型及超大型盾构机、竖井斜井掘进机与硬岩TBM、隧道施工机器人、高端农业机械、矿山设备、道岔、高铁闸瓦与扣件、摩擦材料、轨道交通设备、其中:智能型及超大型盾构机、其中:竖井斜井掘进机与硬岩TBM、其中:租赁业务,baostock+akshare
688426.SH,康为世纪,A股,C27医药制造业,,分子检测底层核心技术的自主研发。 产品：分子检测原料酶、核酸保存试剂、核酸提取纯化试剂以及分子诊断试剂盒、销售商品、提供服务、其他(补充),baostock+akshare
688428.SH,诺诚健华,A股,C27医药制造业,药企/生物科技,创新药的研发、生产及商业化。 产品：奥布替尼、药品销售、技术授权、研发服务,baostock+akshare
688429.SH,时创能源,A股,C38电气机械和器材制造业,,光伏湿制程辅助品、光伏设备和光伏电池的研发、生产和销售业务。 产品：光伏湿制程辅助品、光伏设备、光伏电池,baostock+akshare
688432.SH,有研硅,A股,C39计算机、通信和其他电子设备制造业,半导体材料;半导体设备,半导体硅材料的研发、生产和销售。 产品：半导体硅抛光片、刻蚀设备用硅材料、刻蚀设备用零部件、半导体区熔硅单晶及硅片、其他,baostock+akshare
688433.SH,华曙高科,A股,C34通用设备制造业,,工业级增材制造设备的研发、生产与销售。 产品：3D打印设备、3D打印原材料、3D打印服务、售后服务,baostock+akshare
688435.SH,英方软件,A股,I65软件和信息技术服务业,,提供数据复制与灾备相关的软件、一体机及软件相关服务。 产品：软件产品、软硬件一体机产品、软件相关服务,baostock+akshare
688439.SH,XD振华风,A股,C39计算机、通信和其他电子设备制造业,,高可靠集成电路设计、封装、测试及销售。 产品：放大器、专用转换器、接口驱动、电源管理器、RISC-V架构MCU、射频微波芯片、集成电路、其他(补充),baostock+akshare
688443.SH,智翔金泰,A股,C27医药制造业,,抗体药物的研发、生产及商业化。 产品：赛立奇单抗（GR1501）、斯乐韦米单抗（GR1801）、唯康度塔单抗（GR2001）、泰利奇拜单抗（GR1802）、纬利妥米单抗（GR1803）、授权许可、抗体药物、其他(补充),baostock+akshare
688448.SH,磁谷科技,A股,C34通用设备制造业,,磁悬浮流体机械及磁悬浮轴承、高速电机、高速驱动等核心部件的研发、生产、销售。 产品：磁悬浮空气产品、磁悬浮特殊介质产品、磁悬浮离心式鼓风机、磁悬浮空气压缩机、磁悬浮真空泵、磁悬浮冷水机组、磁悬浮膨胀发电机组(ORC)、其他(补充),baostock+akshare
688449.SH,联芸科技,A股,I65软件和信息技术服务业,存储控制器,数据存储主控芯片、AIoT信号处理及传输芯片的平台型芯片设计。 产品：数据存储主控芯片产品、AIoT信号处理及传输芯片产品、其他(补充),baostock+akshare
688450.SH,光格科技,A股,C39计算机、通信和其他电子设备制造业,,"新一代光纤传感网络,AIoT资产运维系统,具身机器人与人工智能AIAgent等研发,生产与销售。 产品：电力设施资产监控运维管理系统、海缆资产监控运维管理系统、港口交通资产监控运维管理系统、综合管廊资产监控运维管理系统",baostock+akshare
688455.SH,科捷智能,A股,C34通用设备制造业,机器人应用,提供智能物流与智能制造系统及产品的设计、研发、生产、销售及服务。 产品：智能输送系统、智能分拣系统、智能仓储系统、智能工厂系统,baostock+akshare
688456.SH,有研粉材,A股,C33金属制品业,,铜基金属粉体材料、微电子锡基焊粉材料的研发、生产和销售。 产品：铜基金属粉体材料、微电子锡基焊粉材料、3D打印粉体材料、电子浆料、其他,baostock+akshare
688458.SH,美芯晟,A股,C39计算机、通信和其他电子设备制造业,电芯,高性能模拟及数模混合芯片的研发和销售。 产品：信号链光学传感器、电源管理芯片、数模混合SoC芯片、模拟电源管理芯片、汽车电子芯片、接近传感器(ProxitySenser)、环境光传感器(AmbientLightingSensor)、闪烁光传感器(FlickerSensor)、环境光和接近传感器(PS+ALS)、屏下色温和接近传感器(UnderScreenOpticalSensor)、光学追踪传感器(OpticalTrackingSensor)、激光测距传感器(DirectTimeofFlightSensor)、接收端芯片、发射端芯片、离线式反激PWM控制器芯片、同步整流控制器芯片、快充协议芯片、电荷泵芯片、高PF开关电源驱动芯片、通用驱动芯片、智能驱动芯片、辅助供电芯片、CANSBC芯片、CAN总线收发器、雨量光照传感器、车载无线充电芯片、汽车照明芯片、充电管理芯片、模拟电源芯片、智能传感器,baostock+akshare
688459.SH,哈铁科技,A股,C37铁路、船舶、航空航天和其他运输设备制造业,,轨道交通安全监测检测、铁路专业信息化、智能装备与运维、新兴技术（5G、北斗、物联网、大数据）四大重点领域。 产品：轨道交通安全监测检测类产品、智能装备类产品、铁路专业信息化产品、轨道交通专业技术服务、红外线轴温探测系统（THDS）、车辆轴承故障轨旁声学诊断系统（TADS）、动态图像检测系统（TEDS、TVDS、TFDS）、车辆运行品质轨旁动态监测系统（TPDS）、轮对几何尺寸动态检测系统（TWDS）、减速顶调速系统、车号自动识别系统、客货车技术管理信息系统（KMIS/HMIS）、接触网及供电设备地面监测装置（6C）、机车6A、列车自动清洗机、动车组融冰除雪设备、综合视频监控系统、北斗系列产品,baostock+akshare
688466.SH,金科环境,A股,N77生态保护和环境治理业,,水深度处理及污废水资源化。 产品：新水岛及工艺包产品销售、新水岛及水厂运维服务、其他(补充),baostock+akshare
688468.SH,科美诊断,A股,C27医药制造业,,临床免疫化学发光诊断检测试剂和仪器的研发、生产和销售。 产品：LiCA系列产品、CC系列产品,baostock+akshare
688469.SH,芯联集成,A股,C39计算机、通信和其他电子设备制造业,光芯片;晶圆制造;临床服务/CDMO,功率系统代工和信号链系统代工。 产品：功率器件、功率IC、微控制器、传感信号链产品、IGBT、MOSFET、SiCMOSFET芯片、模组、功率驱动与控制产品、硅麦克风、激光雷达中的微镜、光源VCSEL芯片、压力传感、惯性传感器、集成电路晶圆制造代工、模组封装、研发服务及其他,baostock+akshare
688472.SH,阿特斯,A股,C38电气机械和器材制造业,光芯片;新能源车/储能,晶硅光伏组件的研发、生产和销售。 产品：光伏组件业务、光伏应用解决方案、TOPCon组件、HJT异质结组件、新型建筑光伏一体化（BIPV）系统产品、大型储能产品、工商业储能系统产品、户用储能系统产品、光伏系统业务、逆变器/储能PCS产品、电站工程EPC业务、光伏组件产品收入、光伏储能系统产品收入、光伏系统产品收入,baostock+akshare
688475.SH,萤石网络,A股,C39计算机、通信和其他电子设备制造业,数据中心/云厂商;机器人应用,智能硬件电子产品及软件的生产制造、技术开发、技术咨询、技术服务及网络信息服务、云计算技术业务等。 产品：端云协同物联网云服务、消费类智能安防产品、消费侧AI增值服务、行业侧aPaaS场景化方案、智能家居摄像机、智能入户、智能穿戴数码、智能服务机器人、云平台服务,baostock+akshare
688478.SH,晶升股份,A股,C35专用设备制造业,SSD/存储模组,晶体生长设备的研发、生产和销售。 产品：半导体级单晶硅炉、碳化硅单晶炉、8英寸半导体级单晶硅炉、12英寸半导体级单晶硅炉、JSSD系列感应加热PVT碳化硅单晶炉、SCET420系列感应加热PVT碳化硅单晶炉、LP-SCMP1200系列液相碳化硅单晶炉、PVT法感应加热碳化硅单晶炉、PVT法电阻加热碳化硅单晶炉、晶体生长设备、技术服务及辅材、其他设备及配套,baostock+akshare
688479.SH,友车科技,A股,I65软件和信息技术服务业,,提供营销与后市场服务等多领域的数智化解决方案、软件及云服务，赋能车企数智化转型。 产品：车企营销系统、车主服务平台、汽车产业生态服务平台、系统运维服务、智能设备销售、软件开发与服务,baostock+akshare
688480.SH,赛恩斯,A股,N77生态保护和环境治理业,,从事重金属污染防治。 产品：矿冶环保-重金属污染防治综合解决方案、矿冶环保-产品销售、矿冶环保-运营服务、精细化工新材料-铜萃取剂产品、精细化工新材料-其他产品,baostock+akshare
688484.SH,南芯科技,A股,I65软件和信息技术服务业,,模拟与嵌入式芯片的研发、设计和销售。 产品：消费电子、工业领域、汽车电子、智能算力,baostock+akshare
688485.SH,九州一轨,A股,N77生态保护和环境治理业,,轨道交通减振降噪技术研发、产品制造、工程设计、市场推广、测试咨询以及轨道运维管理工程技术服务。 产品：轨道减振降噪类、基础隔振类、噪声类、车辆装备类、钢弹簧浮置道床减振系统、预制式钢弹簧浮置板、声屏障、隔离式高弹性减振垫、重型调频钢轨耗能装置,baostock+akshare
688486.SH,龙迅股份,A股,I65软件和信息技术服务业,,高速混合信号芯片研发和销售。 产品：智能视频芯片、互连芯片、其他,baostock+akshare
688488.SH,艾迪药业,A股,C27医药制造业,,抗HIV药物和人源蛋白领域药物的研发、生产及销售。 产品：乌司他丁粗品、其他人源蛋白粗品、HIV新药(艾诺韦林片)、HIV新药(艾诺米替片)、番泻叶颗粒、蜡样芽孢杆菌片、HIV诊断试剂、药品（尿激酶针剂）、低分子量肝素钠及其他、药品(尿激酶针剂),baostock+akshare
688489.SH,三未信安,A股,C39计算机、通信和其他电子设备制造业,,密码技术的创新和密码产品的研发、销售及服务，为网络信息安全领域提供全面的商用密码产品和解决方案。 产品：密码芯片、密码模组、密码整机、密码系统、密码服务及其他,baostock+akshare
688496.SH,*ST清越,A股,C39计算机、通信和其他电子设备制造业,,PMOLED、电子纸模组、硅基OLED等产品的研发、生产与销售。 产品：PMOLED、电子纸模组、TFT-LCD、CTP、CTP+OLED、硅基OLED、AMOLED、硅基OLED微显示器、其他(补充),baostock+akshare
688498.SH,源杰科技,A股,C39计算机、通信和其他电子设备制造业,光芯片;数据中心/云厂商,光芯片的研发、设计、生产与销售。 产品：光芯片、数据中心类产品、电信市场类产品、其他类产品,baostock+akshare
688499.SH,利元亨,A股,C35专用设备制造业,交换机/服务器;机器人应用;电芯;PACK/BMS,高端智能制造装备的研发、生产及销售。 产品：新能源锂电设备产品、新能源固态电池设备产品、智慧物流及AMR产品、新能源光伏设备产品、新能源氢能设备产品、新能源电机设备产品、ICT设备产品、涂布机、极片激光处理机、辊分一体机、激光模切机、切叠一体机、化成容量一体机、PCS高压直流水冷一体机、EIS充放电测试设备、五量程自动充放电测试设备、电芯外观检测机、动力/数码软包装配线、数码钢壳装配线、模组PACK装配线、TTP铝壳电池装配线、OTP装配线、圆柱电池整线解决方案、固态整线解决方案、固态电池&干法电极设备、固态电池&电极辊压与电解质热复合一体机、固态电池&切叠一体机、固态电池&高压化成分容设备、自动移动操作一体化机器人、锂电整厂级仓储物流解决方案、汽车领域全工序仓储物流解决方案、精密电子领域仓储物流解决方案、多领域仓储物流解决方案、单晶拉棒机加智能工厂、全自动电池片包装检测一体机、氢燃料电池整线智造解决方案、EV电控总成装配/检测线、EV电驱总成装配/检测线、电机转子装配线、电液模块自动装配线、服务器自动化装配线、锂电池制造设备、配件增值及服务、智能仓储,baostock+akshare
688500.SH,慧辰股份,A股,I65软件和信息技术服务业,,基于数据分析方法论和数据智能技术（AI等相关技术），提供数据应用相关的全栈解决方案。 产品：数据智能产品服务、慧AI智能应用平台、ChatBI数据分析智能体、定性数据研究智能体、垂直行业数据洞察智能体应用平台、企业数字员工智能平台、智能分析与决策DataAgent平台、数据产品、解决方案,baostock+akshare
688501.SH,青达环保,A股,C35专用设备制造业,,节能减排、环保降碳、清洁能源消纳、新能源等高端装备的开发、设计、制造、销售、智能运维。 产品：炉渣节能环保处理系统、烟气节能环保处理系统、全负荷脱硝系统、清洁能源消纳系统、脱硫废水环保处理系统、钢渣节能环保处理系统、新型能源业务、干式炉渣处理系统、湿式炉渣处理系统、低温烟气余热深度回收系统、暖风器系统、烟气再热系统、电极锅炉系统、蓄热器系统、钢渣辊压破碎及余热回收系统、废气携渣联淬钢渣原位固碳提质系统、光伏项目、干式除渣系统、湿式除渣系统,baostock+akshare
688502.SH,茂莱光学,A股,C40仪器仪表制造业,,精密光学器件、光学镜头和光学系统的研发、设计、制造及销售。 产品：光学器件、光学镜头、光学系统、精密光学器件,baostock+akshare
688503.SH,聚和材料,A股,C38电气机械和器材制造业,,研发、生产及销售应用于太阳能光伏、显示/照明与半导体等领域高性能导电浆料。 产品：光伏导电浆料产品、TOPCon正、背面主副栅成套银浆、HJT电池用主、细栅银浆、X-BC电池导电银浆、导电浆料、钙钛矿叠层超低温导电浆料、光伏导电浆料、其他、其他(补充),baostock+akshare
688505.SH,复旦张江,A股,C27医药制造业,,生物医药的创新研究开发、生产制造和市场营销。 产品：皮肤科产品、抗肿瘤产品、盐酸氨酮戊酸外用散、注射用海姆泊芬、长循环盐酸多柔比星脂质体注射液、销售医药及诊断产品、技术转让收入、服务收入,baostock+akshare
688506.SH,百利天恒,A股,C27医药制造业,,创新生物药业务和化药制剂、中成药制剂业务。 产品：创新生物药业务、化药制剂、中成药制剂、其他主营业务,baostock+akshare
688507.SH,索辰科技,A股,I65软件和信息技术服务业,,CAE软件研发、销售和服务。 产品：CAE产品、物理AI产品、CAE单一学科仿真软件、多学科仿真软件、CAE工程仿真优化系统、物理AI开发、应用平台的全场景解决方案、天工-工程仿真软件、天工-仿真产品开发、天工-生产管控一体化解决方案,baostock+akshare
688508.SH,芯朋微,A股,I65软件和信息技术服务业,,提供电源和电机系统芯片及解决方案。 产品：高可靠性电源管理芯片、功率器件以及各类驱动产品、AC-DC电源产品线、DC-DC电源产品线、DigitalPMIC电源产品线、驱动产品线、功率器件产品线和功率模块产品线、家用电器类芯片、工控功率类芯片、标准电源类芯片,baostock+akshare
688509.SH,正元地信,A股,M74专业技术服务业,,测绘地理信息技术服务、地下管网安全运维保障技术服务和智慧城市建设运营服务。 产品：测绘地理信息、管线运维服务、智慧城市、智慧城市建设运营业务、地下管网安全运维保障技术服务,baostock+akshare
688510.SH,航亚科技,A股,C37铁路、船舶、航空航天和其他运输设备制造业,,航空发动机和燃气轮机关键零部件及医疗骨科植入锻件的研发、生产及销售。 产品：航空发动机、燃气轮机关键零部件、医疗骨科植入锻件、压气机叶片、整体叶盘、机匣、涡轮盘、髋关节柄件、髋关节臼杯、胫骨平台、航空产品、医疗产品、其他(补充),baostock+akshare
688511.SH,天微电子,A股,C39计算机、通信和其他电子设备制造业,机器人本体/集成,新型灭火抑爆系统、某三防通用采集驱动装置、高能航空点火放电器件、高精度熔断器件等产品研发、生产、销售和技术服务。 产品：航空放电管、特种熔断器、新型灭火抑爆系统、三防采集驱动装置、锂电火灾预警及智能防控系统、机载光学火焰探测控制系统、产品类、其他(补充)、系统集成,baostock+akshare
688512.SH,慧智微,A股,C39计算机、通信和其他电子设备制造业,,射频前端芯片及模组的研发、设计和销售。 产品：4G模组、5G模组、技术服务、技术服务及其他,baostock+akshare
688513.SH,苑东生物,A股,C27医药制造业,临床服务/CDMO,化学原料药、高端化学药及生物药研发、生产和销售。 产品：化学制剂、化学原料药、CMO/CDMO、技术服务及转让,baostock+akshare
688515.SH,裕太微,A股,I65软件和信息技术服务业,交换机/服务器,高速有线通信芯片的研发、设计和销售。 产品：网通以太网物理层芯片、网通以太网交换机芯片、网通以太网网卡芯片、车载以太网物理层芯片、车载以太网交换芯片、车载高速视频传输芯片、网通类产品、车载类产品、其他(补充),baostock+akshare
688516.SH,奥特维,A股,C35专用设备制造业,光模块;半导体材料;PACK/BMS,高端智能装备研发、生产、销售。 产品：光伏设备、锂电/储能设备、晶圆划片机、装片机、铝线键合机、AOI设备、光模块AOI检测设备、低氧单晶炉、大尺寸超高速硅片分选机、丝网印刷线、激光辅助烧结设备、光注入退火炉、BC印胶设备、大尺寸超高速多功能串焊机、模组/PACK线、改造及其他,baostock+akshare
688517.SH,金冠电气,A股,C38电气机械和器材制造业,,输配电及控制设备研发、制造和销售。 产品：避雷器、配网产品、电阻片、充电桩、储能设备,baostock+akshare
688518.SH,联赢激光,A股,C35专用设备制造业,,精密激光焊接设备及自动化解决方案的研发、生产、销售。 产品：激光焊接自动化成套设备、激光器及激光焊接机、工作台、激光器、激光焊接头、激光焊接机、机器人焊接工作站、各种非标自动化解决方案、其他,baostock+akshare
688519.SH,南亚新材,A股,C39计算机、通信和其他电子设备制造业,PCB,覆铜板和粘结片等复合材料及其制品的设计、研发、生产及销售。 产品：普通板系列、无铅板系列、无卤板系列、高速板系列、高频板系列、车用板系列、能源板系列、HDI板系列、IC封装基材系列、普通FR-4、无铅兼容型FR-4、无卤无铅兼容型FR-4、高频高速、车用板、能源板、HDI及IC封装基材、覆铜板、粘结片、其他(补充),baostock+akshare
688520.SH,神州细胞,A股,C27医药制造业,,恶性肿瘤、自身免疫性疾病、感染性疾病和遗传病等多个治疗和预防领域的生物药产品研发和产业化。 产品：重组蛋白药物、抗体药物、SCT800（安佳因）、SCT400（安平希）、SCT630（安佳润）、SCT510（安贝珠）、SCT-I10A（安佑平）、SCT1000、SCT650C、SCTC21C、SCTB35、SCTB14、SCTB41、SCT520FF、SCTT11、SCTB39-1、SCTB39G、SCTV02、SCTV04C、SCT640C、重组蛋白、抗体及其他药物,baostock+akshare
688521.SH,芯原股份,A股,I65软件和信息技术服务业,,依托自主半导体IP，为客户提供平台化、全方位、一站式芯片定制服务和半导体IP授权服务。 产品：知识产权授权使用费收入、特许权使用费收入、芯片设计业务收入、量产业务收入、一站式芯片定制服务、半导体IP授权服务,baostock+akshare
688522.SH,纳睿雷达,A股,C39计算机、通信和其他电子设备制造业,,提供全极化有源相控阵雷达系统解决方案。 产品：X波段双极化(双偏振)有源相控阵雷达设备、雷达软件、算力算法服务、雷达精细化探测系统、服务及其他、其他(补充),baostock+akshare
688523.SH,航天环宇,A股,C37铁路、船舶、航空航天和其他运输设备制造业,,航空航天领域的宇航产品、航空航天工艺装备、航空产品和卫星通信及测控测试设备的研发和制造，主要为航空航天领域科研院所和总体单位的科研生产任务提供技术方案解决和产品制造的配套服务。 产品：宇航产品、卫星通信及测控测试设备、航空产品、航空航天工艺装备、宇航及通信产品,baostock+akshare
688525.SH,佰维存储,A股,C39计算机、通信和其他电子设备制造业,SSD/存储模组;服务器与终端,半导体存储器的研发设计、封装测试、生产和销售。 产品：智能移动及AI新兴端侧存储、PC及企业级存储PC存储、智能汽车及其它应用存储、先进封测服务、嵌入式存储、PC存储、其他(补充),baostock+akshare
688526.SH,科前生物,A股,C27医药制造业,,专注于兽用生物制品研发、生产、销售及动物防疫技术服务。 产品：兽用生物制品、其他、其他(补充),baostock+akshare
688528.SH,秦川物联,A股,C40仪器仪表制造业,,物联网与智慧城市的理论研究和标准研究及其产品的开发、制造、销售与服务。 产品：物联网智能燃气表、智能传感器及相关元器件、膜式燃气表、工商业用燃气表、IC卡智能燃气表、物联网智能水表,baostock+akshare
688529.SH,豪森智能,A股,C35专用设备制造业,,智能生产线的规划、研发、设计、装配、调试集成、销售、服务。 产品：传统燃油车智能装配线、驱动电机智能生产线、动力锂电池智能生产线、混合动力总成智能装备线,baostock+akshare
688530.SH,欧莱新材,A股,C39计算机、通信和其他电子设备制造业,半导体材料,高性能溅射靶材的研发、生产和销售。 产品：高性能靶材、高性能金属、前沿科技领域关键材料与核心零部件、平面铜靶、旋转铜靶、平面铝靶、旋转铝靶、平面钼及钼合金靶、旋转钼及钼合金靶、平面ITO靶、旋转ITO靶、旋转TCOM靶、铝钕合金靶、锌锡合金靶、硅铝合金靶、镍铬合金靶、钛靶、溅射靶材、金属材料及加工件、残靶,baostock+akshare
688531.SH,日联科技,A股,C35专用设备制造业,,工业X射线智能检测设备、核心部件的研发、生产、销售与服务。 产品：X射线智能检测设备、其他智能检测设备、全谱系X射线源、AI影像软件、工业X射线智能检测设备、新能源电池电性能检测设备、储能对拖测试系统、电网模拟系统、集中式或组串式储能PCS、光子发射显微镜（PEM）、激光时序探针（LTP）、扫描光学显微镜（SOM）、热显微镜（THM）、其中:X射线智能检测设备-集成电路及电子制造检测设备、其中:X射线智能检测设备-新能源电池检测设备、其中:X射线智能检测设备-铸件焊件及材料检测设备、备品备件及其他,baostock+akshare
688533.SH,上声电子,A股,C39计算机、通信和其他电子设备制造业,,汽车声学产品方案的研发与销售。 产品：车载扬声器系统、汽车电子、高频扬声器、中频扬声器、低频扬声器、全频扬声器、低音炮、门扬声器模块、平板扬声器、Push-push扬声器系统、车载功放、AVAS、车载扬声器,baostock+akshare
688535.SH,华海诚科,A股,C39计算机、通信和其他电子设备制造业,,半导体封装材料环氧塑封料和组装材料电子胶黏剂的研发、生产和销售。 产品：环氧塑封料、电子胶黏剂、环氧塑封材料、胶黏剂、清润模材料,baostock+akshare
688536.SH,思瑞浦,A股,I65软件和信息技术服务业,,模拟与数模混合集成电路产品的研发与销售。 产品：信号链类模拟芯片、电源类模拟芯片、其他(补充),baostock+akshare
688538.SH,和辉光电,A股,C39计算机、通信和其他电子设备制造业,,AMOLED半导体显示面板的研发、生产和销售。 产品：AMOLED半导体显示面板、其他(补充),baostock+akshare
688539.SH,高华科技,A股,C39计算机、通信和其他电子设备制造业,,传感器芯片、高可靠性传感器及传感器网络系统的研发、设计、生产及销售。 产品：高可靠性传感器、传感器网络系统、传感器芯片、传感器及采集器、其他(补充),baostock+akshare
688543.SH,国科军工,A股,C37铁路、船舶、航空航天和其他运输设备制造业,,导弹（火箭）发动机动力与控制产品、弹药装备的研制、生产与销售等。 产品：军用产品、民用产品、受托研制,baostock+akshare
688545.SH,兴福电子,A股,C39计算机、通信和其他电子设备制造业,,通用湿电子化学品及功能湿电子化学品的研发、生产及销售。 产品：集成电路、显示面板、通用湿电子化学品、功能湿电子化学品、湿电子化学品回收综合利用业务、代工业务、电子级磷酸、电子级双氧水、电子级硫酸、其他(补充),baostock+akshare
688548.SH,广钢气体,A股,C39计算机、通信和其他电子设备制造业,,研发、生产和销售以电子大宗气体为核心的工业气体。 产品：氮气（N2）、氦气（He）、氧气（O2）、氢气（H2）、氩气（Ar）、二氧化碳（CO2）、电子大宗气体、通用工业气体、其他(补充),baostock+akshare
688549.SH,中巨芯,A股,C39计算机、通信和其他电子设备制造业,,电子湿化学品、电子特种气体及前驱体材料的研发、生产和销售。 产品：电子湿化学品、电子特种气体、前驱体材料、电子级氢氟酸、电子级硫酸、电子级硝酸、电子级盐酸、电子级氟化铵、电子级氨水、缓冲氧化物刻蚀液、硅刻蚀液、CMP后清洗液、刻蚀后清洗液、高纯氯气、高纯氯化氢、高纯氟化氢、高纯氟碳类气体（主要包括三氟甲烷、六氟丁二烯、八氟环丁烷、八氟环戊烯等）、高纯六氟化钨、HCDS、BDEAS、TDMAT、电子特种气体及前驱体、其他(补充),baostock+akshare
688550.SH,瑞联新材,A股,C26化学原料和化学制品制造业,半导体材料;药企/生物科技,研发、生产和销售专用有机新材料。 产品：OLED材料、液晶材料、创新药中间体、原料药、半导体光刻胶单体、半导体及OLED封装材料、TFT平坦层光刻胶、显示材料、医药中间体、其他产品,baostock+akshare
688551.SH,科威尔,A股,C35专用设备制造业,机器人应用,测试电源、氢能、功率半导体三大业务板块。 产品：测试电源产品线、氢能测试及智能制造装备产品线、功率半导体测试及智能制造装备产品线、测试电源、功率半导体测试及智能制造装备、氢能测试及智能制造装备,baostock+akshare
688552.SH,航天南湖,A股,C39计算机、通信和其他电子设备制造业,,防空预警雷达的研发、生产、销售和服务。 产品：雷达整机、雷达配套装备、雷达零部件、雷达及配套装备、其他,baostock+akshare
688553.SH,汇宇制药,A股,C27医药制造业,药企/生物科技,肿瘤创新药和优质仿制药的研发、生产和国内外销售。 产品：肿瘤治疗领域、其他治疗领域、注射用氨磷汀、注射用左亚叶酸钙、亚叶酸钙注射液、注射用阿糖胞苷、注射用盐酸美法仑、注射用环磷酰胺、注射用地西他滨、克拉屈滨注射液、甲氨蝶呤注射液、依托泊苷注射液、注射用盐酸吉西他滨、注射用甲氨蝶呤、氟尿嘧啶注射液、氟维司群注射液、注射用盐酸表柔比星、普乐沙福注射液、注射用硼替佐米、盐酸帕洛诺司琼注射液、伊立替康注射液、注射用盐酸苯达莫司汀、奥沙利铂注射液、紫杉醇注射液、注射用阿扎胞苷、多西他赛注射液、注射用培美曲塞二钠、注射用替考拉宁、吗啉硝唑氯化钠注射液、醋酸奥曲肽注射液、美索巴莫注射液、乙酰半胱氨酸注射液、法莫替丁注射液、二羟丙茶碱注射液、尼莫地平注射液、注射用盐酸罗沙替丁醋酸酯、苯磺顺阿曲库铵注射液、注射用唑来膦酸浓溶液、唑来膦酸注射液、硫代硫酸钠注射液、米力农注射液、丙戊酸钠注射用浓溶液、左乙拉西坦注射用浓溶液、注射用塞替派、卡络磺钠注射液、注射用硫酸多黏菌素B、西咪替丁注射液、盐酸尼卡地平注射液、其他产品,baostock+akshare
688556.SH,高测股份,A股,C35专用设备制造业,半导体材料,高硬脆材料切割设备和切割耗材的研发、生产和销售。 产品：光伏切割设备、光伏切割耗材、硅片及切割加工服务、其他高硬脆切割设备及耗材、截断机、开方机、磨抛一体机、切片机、金刚线、硅片、硅片切割加工服务、倒角机、其他(补充),baostock+akshare
688557.SH,兰剑智能,A股,C34通用设备制造业,机器人应用,智能机器人为核心的智慧物流系统的研发、设计、生产、销售及服务。 产品：机器人智慧物流系统、分布式超低压直流电辊筒输送系统、锤头鲨装卸车机器人、料箱四向穿梭车、灵动版料箱壁虎机器人、蜘蛛料箱机器人系统、大载重RGV、“赤兔”绿色包装系统、潜伏料箱机器人、悬臂轴机器人、运营维护服务、代运营,baostock+akshare
688558.SH,国盛智科,A股,C34通用设备制造业,,提供金属切削类中高档数控机床以及智能自动化生产线。 产品：数控机床、智能自动化生产线、装备部件、数控机床-高档、数控机床-中档,baostock+akshare
688559.SH,海目星,A股,C35专用设备制造业,,高端智能装备的研发设计、生产和销售。 产品：锂电激光及自动化设备、消费类电子激光及自动化设备、光伏激光及自动化设备、钣金激光及自动化设备,baostock+akshare
688560.SH,明冠新材,A股,C29橡胶和塑料制品业,,光伏组件封装材料、软包锂电池封装材料、特种网栅膜等复合新材料的研发、生产和销售。 产品：太阳能电池背板、太阳能电池封装胶膜、其他光伏产品、铝塑膜,baostock+akshare
688561.SH,奇安信,A股,I65软件和信息技术服务业,,提供全面的网络安全软硬件产品以及安全运营与实战化服务。 产品：安全产品、安全服务、硬件、硬件及其他,baostock+akshare
688562.SH,航天软件,A股,I65软件和信息技术服务业,机器人本体/集成,专业软件与信息化服务。 产品：自主软件产品、信息技术服务、信息系统集成,baostock+akshare
688563.SH,航材股份,A股,C37铁路、船舶、航空航天和其他运输设备制造业,,航空航天用部件及材料研发、生产和销售。 产品：基础材料、航空成品件、非航空成品件、加工服务,baostock+akshare
688565.SH,力源科技,A股,C35专用设备制造业,,环保水处理系统设备和氢燃料电池发动机系统的研发、设计和集成业务。 产品：凝结水精处理系统设备、除盐水处理（含海水淡化）系统设备、污水处理系统设备、氢燃料电池发动机系统、除盐水处理(含海水淡化)系统设备、其他产品与服务,baostock+akshare
688566.SH,吉贝尔,A股,C27医药制造业,,药物研发、生产、销售。 产品：利可君片、尼群洛尔片、玉屏风胶囊、醋氯芬酸肠溶片、其他,baostock+akshare
688567.SH,孚能科技,A股,C38电气机械和器材制造业,电芯,动力电池及电池系统的研发、生产和销售。 产品：电芯、模组、电池包、动力电池、其他(补充),baostock+akshare
688568.SH,XD中科星,A股,I65软件和信息技术服务业,机器人本体/集成,为特种领域、政府、企业等用户提供软件销售与数据服务、技术开发与服务、专用设备以及系统集成等业务。 产品：GEOVIS技术开发与服务、GEOVIS软件销售与数据服务、专用设备及系统集成,baostock+akshare
688569.SH,铁科轨道,A股,C37铁路、船舶、航空航天和其他运输设备制造业,,以高铁扣件为核心的高铁工务工程产品的研发、生产和销售。 产品：轨道扣件、铁路桥梁支座、预应力钢丝及锚固板、工程材料、轨道部件加工服务、高铁扣件、重载扣件、高铁特殊调整扣件、地铁高弹性减振扣件、城轨扣件、轨道板用复合掺合料、粘度改性材料、铁路隧道用防水材料、弹性垫板硫化加工服务,baostock+akshare
688570.SH,天玛智控,A股,C40仪器仪表制造业,机器人应用,煤矿无人化智能开采控制技术和装备的研发、生产、销售和服务。 产品：煤炭无人化智能开采控制产业、无人化场景离散智能控制产业、SAM型综采自动化控制系统、SAC型液压支架电液控制系统、SAP型智能集成供液系统、智能制造、数字液压阀及系统、无人化智能开采控制系统解决方案、备件、运维服务及其他,baostock+akshare
688571.SH,杭华股份,A股,C26化学原料和化学制品制造业,半导体材料,各类油墨及专用树脂的研发、生产和销售。 产品：油墨材料、功能材料、光刻胶材料、UV油墨、胶印油墨、液体油墨、数码喷印油墨、光刻胶色浆（纳米颜料分散液）、功能类材料、其他产品,baostock+akshare
688573.SH,信宇人,A股,C35专用设备制造业,机器人应用,智能制造高端装备的研发、生产和销售。 产品：锂电池干燥设备、其他锂电设备、关键零部件、功能膜材、其他锂电设备及关键零部件,baostock+akshare
688575.SH,亚辉龙,A股,C27医药制造业,,以化学发光免疫分析法为主的体外诊断仪器及配套试剂的研发、生产和销售及部分非自产医疗器械产品的代理销售业务。 产品：自产试剂、自产仪器、自产耗材、软件服务、代理试剂、代理仪器、代理耗材、自产、其中:自产-自产试剂、其中:自产-自产耗材、代理、其中:自产-自产仪器,baostock+akshare
688576.SH,西山科技,A股,C35专用设备制造业,,外科手术医疗器械的研发、制造、销售和服务。 产品：手术动力装置、内窥镜系统、能量手术设备、其中:手术动力装置-耗材、其中:手术动力装置-整机,baostock+akshare
688577.SH,浙海德曼,A股,C34通用设备制造业,,数控车床研发、设计、生产和销售。 产品：T系列高端数控车床、并行复合加工中心、自动化生产线、普及型数控车床、排刀式数控车床、刀塔式数控车床、一体式自动化生产线、集成式自动化生产线、HCL系列、高端型数控车床,baostock+akshare
688578.SH,艾力斯,A股,C27医药制造业,药企/生物科技,肿瘤靶向创新药的研发、生产和营销。 产品：商业化产品、商业推广产品、甲磺酸伏美替尼片、枸橼酸戈来雷塞片、普拉替尼胶囊、抗肿瘤类产品、技术授权及服务收入、其他(补充),baostock+akshare
688579.SH,地纬智能,A股,I65软件和信息技术服务业,机器人本体/集成,智慧人社、医保医疗、智能用电。 产品：软件开发、产品化软件、运维及技术服务、硬件及系统集成,baostock+akshare
688580.SH,伟思医疗,A股,C35专用设备制造业,,医疗器械的研发、生产和销售。 产品：磁刺激类产品、电刺激类产品、电生理类产品、激光射频类产品、康复机器人类产品、耗材及配件、其他产品、经颅磁刺激仪、盆底磁刺激仪、脉冲磁场治疗仪、脉冲磁恢复仪、脉冲磁塑形仪、生物刺激反馈仪、立体动态干扰电治疗仪、多参数生物反馈仪、团体生物反馈仪、新生儿脑电测量仪、高频电灼仪、皮秒激光治疗仪、钬激光治疗仪和强脉冲光治疗仪、康复机器人、阴道电极、直肠电极、盆底训练探头、盆底肌肉康复器、高频电极、治疗激光用石英光纤、一次性医用激光光纤、认知功能障碍治疗软件、伟思云、磁刺激类、电生理类,baostock+akshare
688581.SH,安杰思,A股,C35专用设备制造业,,内镜微创诊疗器械的研发、生产与销售。 产品：GI类、EMR/ESD类、ERCP类、仪器类,baostock+akshare
688582.SH,芯动联科,A股,C39计算机、通信和其他电子设备制造业,,高性能硅基MEMS惯性传感器的研发、测试与销售。 产品：集成电路产品、MEMS陀螺仪、MEMS加速度计、惯性测量单元、技术服务,baostock+akshare
688583.SH,思看科技,A股,C40仪器仪表制造业,,三维视觉数字化产品及系统的研发、生产和销售。 产品：手持式3D视觉数字化产品、跟踪式3D视觉数字化产品、工业级自动化3D视觉检测系统、三维视觉数字化产品、配套产品及服务、其他(补充),baostock+akshare
688584.SH,上海合晶,A股,C39计算机、通信和其他电子设备制造业,,半导体硅外延片的研发、生产和销售。 产品：半导体硅外延片、硅材料、硅外延片、其他(补充),baostock+akshare
688585.SH,上纬新材,A股,C26化学原料和化学制品制造业,,新材料的研发、生产与销售。 产品：环保高性能耐腐蚀材料、风电叶片用材料、新型复合材料、循环经济材料、转卖及其他,baostock+akshare
688586.SH,江航装备,A股,C37铁路、船舶、航空航天和其他运输设备制造业,,航空装备及特种制冷领域，涵盖航空氧气系统、机载油箱惰性化防护系统、飞机副油箱等航空产品研发、生产、销售和修理。 产品：航空产品、特种制冷设备、航空氧气系统、机载油箱惰性化防护系统、飞机副油箱以及敏感元件、氧气地面设备、军用制冷设备、民用制冷设备、车载制氧装置、其他,baostock+akshare
688588.SH,凌志软件,A股,I65软件和信息技术服务业,,对日软件开发业务及国内应用软件解决方案业务。 产品：对日软件开发服务、国内行业应用软件解决方案、其他(补充),baostock+akshare
688589.SH,力合微,A股,I65软件和信息技术服务业,,集成电路、计算机软件和电子信息产品的设计开发及销售。 产品：分产品、自主芯片、基于自研芯片及核心技术的产品、其他配套产品、智能电网系列本地通信模块、工业物联网系列本地通信模块、消费物联网系列本地通信模块、智能电网终端、工业物联网终端、消费物联网终端、工商业智能照明管理系统、智慧能源管理系统、酒店客房智控系统、光伏板监测及安全关断系统,baostock+akshare
688590.SH,新致软件,A股,I65软件和信息技术服务业,,咨询规划、设计、开发、运维等软件开发服务及基础算力服务。 产品：IT解决方案、软件开发分包、创新业务、IT产品销售及增值服务,baostock+akshare
688591.SH,泰凌微,A股,C39计算机、通信和其他电子设备制造业,,低功耗无线物联网芯片的研发、设计与销售。 产品：IOT芯片、音频芯片、其他,baostock+akshare
688592.SH,司南导航,A股,C39计算机、通信和其他电子设备制造业,,高精度卫星导航差分定位技术的研究与开发。 产品：实时高精度定位芯片、模块、接收机等数据采集设备终端、高精度北斗/GNSS应用系统解决方案、数据采集设备、数据应用及系统解决方案、高精度GNSS板卡/模块,baostock+akshare
688593.SH,新相微,A股,I65软件和信息技术服务业,,聚焦于显示芯片的研发、设计及销售。 产品：整合型显示芯片、分离型显示芯片、配套显示玻璃,baostock+akshare
688595.SH,芯海科技,A股,C39计算机、通信和其他电子设备制造业,,芯片产品的研发、设计与销售。 产品：模拟信号链芯片、MCU芯片、AIoT芯片,baostock+akshare
688596.SH,正帆科技,A股,C35专用设备制造业,半导体设备,向集成电路、泛半导体等高科技产业及先进制造业客户提供制程关键系统、核心工艺材料与零组件、专业运维管理的“三位一体”服务。 产品：制程关键系统、半导体设备零组件、气体和先进材料、专业运维管理服务、特种气体、大宗气体、先进材料、气体与化学品输送模组、高纯石英及碳化硅零部件,baostock+akshare
688597.SH,煜邦电力,A股,C40仪器仪表制造业,机器人本体/集成,智能电表、用电信息采集终端等智能电力产品的研发、生产和销售，提供智能巡检服务、信息技术服务，以及储能业务。 产品：智能电力产品、低空智能巡检、信息技术服务、电能信息采集与计量装置、电力储能产品及系统集成、储能业务收入、智能巡检业务,baostock+akshare
688598.SH,金博股份,A股,C30非金属矿物制品业,,先进碳基复合材料及产品的研发、生产和销售。 产品：光伏领域产品、半导体领域产品、交通领域产品、锂电领域产品、光伏与半导体领域产品,baostock+akshare
688599.SH,天合光能,A股,C38电气机械和器材制造业,,光伏产品、储能业务、系统解决方案及数字能源服务。 产品：光伏产品、储能业务、系统解决方案、数字能源服务,baostock+akshare
688600.SH,皖仪科技,A股,C40仪器仪表制造业,,工业检漏、环境监测、实验室分析仪器及生命科学仪器研发、制造及销售。 产品：氦质谱检漏仪、真空箱检漏回收系统、气密性检漏仪、工业检测仪器及解决方案、在线监测仪器及解决方案、实验室分析仪器及解决方案,baostock+akshare
688601.SH,力芯微,A股,C39计算机、通信和其他电子设备制造业,,电源管理及信号链芯片的研发与销售。 产品：电源转换芯片、电源防护芯片、信号链芯片、驱动芯片、智能组网延时管理单元,baostock+akshare
688602.SH,康鹏科技,A股,C26化学原料和化学制品制造业,临床服务/CDMO,精细化学品的研发、生产和销售。 产品：新材料、CDMO、显示材料、新能源电池材料、电子化学品、有机硅材料、医药、农药、其他(补充),baostock+akshare
688603.SH,XD天承科,A股,C39计算机、通信和其他电子设备制造业,,功能性湿电子化学品的研发及产业化。 产品：沉铜电镀专用化学品、铜面处理专用化学品、其他,baostock+akshare
688605.SH,先锋精科,A股,C34通用设备制造业,,半导体刻蚀和薄膜沉积设备细分领域关键零部件的精密制造。 产品：工艺部件、结构部件、腔体、内衬、加热器、匀气盘、模组,baostock+akshare
688606.SH,奥泰生物,A股,C27医药制造业,,体外快速诊断试剂的研发、生产和销售。 产品：传染病类、毒品及药物滥用类、妇女健康类、肿瘤类、心肌类、新冠检测类、其他类,baostock+akshare
688607.SH,康众医疗,A股,C35专用设备制造业,临床服务/CDMO,数字化X射线平板探测器研发、生产、销售和服务。 产品：医疗、工业、安检、无线高速动态平板探测器、头影测量平板探测器、数字口内传感器、电子制造及锂电检测平板探测器、电子点料及工业CT平板探测器、CMOS平板探测器、智能束光器、智能DR解决方案、静态、动态、其他(补充),baostock+akshare
688608.SH,恒玄科技,A股,C39计算机、通信和其他电子设备制造业,,低功耗无线计算SoC芯片的研发、设计与销售。 产品：无线音频芯片、智能可穿戴芯片、智能硬件芯片、其他、智能蓝牙、普通蓝牙,baostock+akshare
688609.SH,九联科技,A股,C39计算机、通信和其他电子设备制造业,服务器与终端,智能终端、通信模块及行业应用解决方案、运营服务及相关软件系统与平台的研发、生产及销售。 产品：ONU智能家庭网关、智能机顶盒、智能路由器、融合型智能家庭网关、智能摄像头、鸿蒙终端、物联网与电力通信模块、鸿蒙及信创类产品、城市运营服务、能源管理解决方案与电池类产品、智能终端、通信模块及行业应用解决方案、运营服务,baostock+akshare
688610.SH,埃科光电,A股,C40仪器仪表制造业,机器人传感器,工业机器视觉成像部件产品设计，研发，生产和销售。 产品：工业相机、图像采集卡、智能光学单元、其中:工业相机-工业线扫描相机、其中:工业相机-工业面扫描相机,baostock+akshare
688611.SH,杭州柯林,A股,C38电气机械和器材制造业,机器人核心部件;新能源车/储能,电网数字化智能感知产品、钙钛矿光伏产品、储能系统的研发、生产和销售，并提供电力相关技术服务。 产品：电网数字化智能感知产品、新型储能、钙钛矿光伏、机器人核心部件、电力相关技术服务、钙钛矿光伏产品,baostock+akshare
688612.SH,威迈斯,A股,C36汽车制造业,液冷;新能源车/储能,新能源汽车动力域产品的研发、生产、销售和技术服务。 产品：车载电源的车载充电机、车载DC/DC变换器、车载电源集成产品、电驱系统的电机控制器、电驱总成、电动汽车通信控制器、液冷充电桩模块、车载电源、其中:车载电源-①车载电源集成产品、电驱系统,baostock+akshare
688613.SH,奥精医疗,A股,C35专用设备制造业,,高端生物医用材料及相关医疗器械产品的研发、生产、销售及服务。 产品：BONGOLD、单牙抗旋基台、骼金、齿贝、颅瑞、口腔种植体,baostock+akshare
688615.SH,合合信息,A股,I65软件和信息技术服务业,,基于自主研发的领先的智能文字识别及商业大数据核心技术，为全球C端用户和多元行业B端客户提供数字化、智能化的产品及服务。 产品：智能文字识别、商业大数据、C端产品、B端产品及服务、智能文字识别-C端产品、商业大数据-B端产品及服务、智能文字识别-B端产品及服务,baostock+akshare
688616.SH,西力科技,A股,C40仪器仪表制造业,,智能电表、用电信息采集终端、电能计量箱等电能计量产品的研发、生产和销售。 产品：智能电表、用电信息采集终端、电能计量箱产品、单相智能表、三相智能表、集中器、采集器、专变采集终端、智能水表、智能网关、智能插座、移动电源、单相电表、三相电表、电能计量箱、其他,baostock+akshare
688617.SH,惠泰医疗,A股,C35专用设备制造业,,心血管介入医疗器械的研发、生产和销售。 产品：电生理、冠脉通路、外周血管介入、非血管介入医疗器械、冠脉通路类、外周介入类,baostock+akshare
688618.SH,三旺通信,A股,C39计算机、通信和其他电子设备制造业,,工业互联网通信产品的研发、生产和销售。 产品：工业交换产品、工业网关及无线产品、解决方案产品、其他(补充),baostock+akshare
688619.SH,罗普特,A股,I65软件和信息技术服务业,,社会安全系统解决方案的设计和实施、公共安全视频监控产品的开发和销售、运维及其他服务等。 产品：社会安全系统解决方案、安防视频监控产品、维保及其他服务、安防视频监控产品销售,baostock+akshare
688620.SH,安凯微,A股,C39计算机、通信和其他电子设备制造业,,物联网智能硬件核心SoC芯片的研发、设计、终测和销售。 产品：物联网摄像机芯片、物联网应用处理器芯片、其他产品,baostock+akshare
688621.SH,阳光诺和,A股,M73研究和试验发展,药企/生物科技,为国内医药企业和科研机构提供全过程的一站式药物研发服务。 产品：仿制药药学研究服务、临床试验及生物分析服务、创新药、改良型新药研发服务、知识产权授权、权益分成、创新药、改良型新药研发服务,baostock+akshare
688622.SH,*ST禾信,A股,C40仪器仪表制造业,,质谱仪研发、生产、销售、服务。 产品：仪器销售、技术服务、环保在线监测仪器、实验室分析仪器、生物质谱仪器、其他自制仪器、数据分析服务、技术运维服务,baostock+akshare
688623.SH,双元科技,A股,C35专用设备制造业,机器人传感器,在线自动化测控系统和机器视觉智能检测系统的研发、生产和销售。 产品：在线自动化测控系统、机器视觉智能检测系统、片材在线测控系统、激光测厚系统、冷凝水回收/集散控制系统、WIS视觉检测系统、VIS视觉检测系统、X-ray内部缺陷检测系统、晶圆全自动AOI量检测系统、晶圆在线光谱量测系统、系统部件及维修服务,baostock+akshare
688625.SH,呈和科技,A股,C26化学原料和化学制品制造业,,生产制造环保、安全、高性能的特种高分子材料助剂产品。 产品：成核剂、合成水滑石、NDO复合助剂、抗氧剂、复合助剂,baostock+akshare
688626.SH,翔宇医疗,A股,C35专用设备制造业,,康复医疗器械研发、生产、销售和服务。 产品：康复理疗设备类、康复训练设备类、康复评定设备类、经营及配件产品,baostock+akshare
688627.SH,精智达,A股,C35专用设备制造业,,半导体测试检测设备及系统解决方案。 产品：半导体测试解决方案、新型显示器件检测解决方案、存储器晶圆测试设备、存储器老化测试及修复设备、存储器封装测试设备、光学检测及校正修复系统、老化系统、信号发生器及光学仪器、检测系统配件、半导体存储器件测试、新型显示器件检测、其他(补充),baostock+akshare
688628.SH,优利德,A股,C40仪器仪表制造业,,测试测量仪器仪表的研发、生产和销售。 产品：通用仪表、专业仪表、测试仪器、温度及环境测试仪表、数字万用表、数字钳形表、电压及连续性测试仪、测电笔、网络寻线仪、激光测距仪、激光水平仪、绝缘电阻测试仪、接地电阻测试仪、电气综合测试仪、电能质量分析仪、钳形谐波功率计、漏电保护开关测试仪、高压核相电缆识别仪、电池内阻测试仪、直流电阻测试仪、回路电阻测量仪、地下线缆故障测试仪、本安型工业防爆系列产品、实验系统综合测试平台、示波器、信号发生器、矢量网络分析仪、频谱分析仪、射频信号源、电源负载、安规、红外热成像仪、红外测温仪、环境测试仪表、温度与环境测试仪表,baostock+akshare
688629.SH,华丰科技,A股,C39计算机、通信和其他电子设备制造业,,光、电连接器及线缆组件的研发、生产与销售。 产品：连接器、FMC系列高速数据连接器、JVNX系列高速总线连接器、JH系列耐环境连接器、JL系列圆形连接器、HDC系列重载连接器、RT系列电气车钩总成、组件、系统互连产品,baostock+akshare
688630.SH,芯碁微装,A股,C35专用设备制造业,PCB;半导体设备,高端直接成像设备与直写光刻设备的研发、制造、销售及维保服务。 产品：PCB直接成像设备、高端线路设备、泛半导体直写光刻设备、PCB系列、泛半导体系列、租赁及其他,baostock+akshare
688631.SH,莱斯信息,A股,I65软件和信息技术服务业,,提供民用指挥信息系统整体解决方案。 产品：民航空中交通管理、城市道路交通管理、城市治理、空中交通管理、机场信息化、低空飞行服务、交通指挥控制、交通安全管控、交通管理效能提升、车路云一体化、城市综合治理、信息化系统开发建设、运维和技术服务、商品销售,baostock+akshare
688633.SH,星球石墨,A股,C35专用设备制造业,机器人本体/集成,石墨材料、石墨制品、石墨设备、其他防腐设备及成套系统的研发、生产、销售及维保服务。 产品：石墨材料、石墨制品、石墨设备、其他防腐设备、系统集成、维保服务业务、设备配件、维保服务,baostock+akshare
688635.SH,长进光子,A股,C39计算机、通信和其他电子设备制造业,,高性能、多品类特种光纤的研发、生产和销售。 产品：掺稀土光纤、传能光纤、其他特种光纤及器件、掺镱光纤、掺铒光纤、掺铒镱光纤、掺铥光纤、功能增强型掺稀土光纤、其中:掺镱光纤、其中:功能增强型掺稀土光纤、其中:掺铒光纤,baostock+akshare
688636.SH,智明达,A股,C39计算机、通信和其他电子设备制造业,,提供定制化嵌入式计算机软硬件产品和解决方案。 产品：机载、弹载、无人机、商业航天、机载嵌入式计算机模块、弹载嵌入式计算机模块、无人装备嵌入式计算机、其他,baostock+akshare
688638.SH,誉辰智能,A股,C35专用设备制造业,机器人应用;电芯,非标自动化智能装配设备、测试设备的研发、生产和销售。 产品：锂离子电池智能装备、消费电子类智能制造设备、包膜设备、注液设备、氦检设备、开卷炉设备、热压整形设备、包Mylar设备、入壳设备、咖啡机检测线、香水喷发器组装线、剃须刀自动组装设备、光伏组件装配机、锂电池制造设备、消费类锂离子电池、配件、增值及服务,baostock+akshare
688639.SH,华恒生物,A股,C26化学原料和化学制品制造业,,生物基产品的研发、生产、销售。 产品：氨基酸系列产品、维生素系列产品、生物基新材料单体、其他产品、其他(补充),baostock+akshare
688646.SH,ST逸飞,A股,C35专用设备制造业,机器人应用;电芯;PACK/BMS,精密激光加工智能装备研发、设计、生产和销售。 产品：新能源电池智造装备、智慧物流装备与系统、通用激光智能装备、改造与增值服务、圆柱全极耳电芯智能封装装备、方形电芯智能封装装备、电池结构件智能组装装备、电池系统智能组装装备、退役PACK回收拆解装备、智慧物流装备与系统业务、通用激光智能装备业务、自动化产线、智慧物流集成系统,baostock+akshare
688648.SH,中邮科技,A股,C34通用设备制造业,,智能物流系统的研发、设计、生产、销售并提供相关服务。 产品：智能物流系统、智能专用车辆、备品备件、技术服务、一体化运营服务、备品备件、技术服务、一体化运营服务等,baostock+akshare
688651.SH,盛邦安全,A股,I65软件和信息技术服务业,,网络安全产品的研发、生产和销售，并提供相关网络安全服务。 产品：卫星互联网安全业务、网络空间地图业务、基于场景与实战的网络安全业务、卫星通信加密系统、高速链路加密系统、卫星密码服务类产品、卫星安全检测系统、卫星互联网测绘系统、卫星互联网安全服务、网络资产类产品、大数据分析类产品、安全检测类产品、应用安全防护类产品、安全管理与溯源分析类产品、安全审计类产品、场景安全类产品、网络安全服务、网络安全产品与服务、网络空间地图,baostock+akshare
688652.SH,京仪装备,A股,C35专用设备制造业,,半导体专用设备的研发、生产和销售。 产品：半导体专用温控设备、半导体专用工艺废气处理设备、晶圆传片设备、零配件及支持性设备,baostock+akshare
688653.SH,康希通信,A股,C39计算机、通信和其他电子设备制造业,,Wi-Fi射频前端芯片及模组的研发、设计及销售。 产品：Wi-FiFEM、IoTFEM、音频IoT模组、其他产品,baostock+akshare
688655.SH,迅捷兴,A股,C39计算机、通信和其他电子设备制造业,PCB,印制电路板（PCB）的研发、生产与销售。 产品：印制电路板、刚性板、HDI板、高频板、高速板、厚铜板、金属基板、挠性板、刚挠结合板、其他(补充),baostock+akshare
688656.SH,浩欧博,A股,C27医药制造业,,体外诊断试剂的研发、生产和销售。 产品：过敏试剂、自免试剂、过敏试剂产品、自免试剂产品、仪器销售,baostock+akshare
688657.SH,浩辰软件,A股,I65软件和信息技术服务业,,CAD相关软件的研发及推广销售业务。 产品：2DCAD、3DCAD、BIM、浩辰CAD看图王、浩辰CAD365、软件业务、云化业务、互联网广告推广业务,baostock+akshare
688658.SH,悦康药业,A股,C27医药制造业,,药品研发、生产制造、流通销售。 产品：抗感染类、心脑血管类、消化系统类、降糖类、原料药、技术服务、其他、银杏叶提取物注射液、奥美拉唑肠溶胶囊、盐酸二甲双胍缓释片、注射用头孢呋辛钠（自产）、注射用头孢呋辛钠（明可欣）、活心丸（浓缩丸）,baostock+akshare
688659.SH,元琛科技,A股,C26化学原料和化学制品制造业,,过滤材料、烟气脱硝催化剂等环保产品的研发、生产、销售及AI智能环保岛业务。 产品：工业烟气治理业务、AI智能环保岛业务、除尘过滤材料、烟气脱硝催化剂、AI智能环保岛生态平台、催化剂、滤袋、其他,baostock+akshare
688660.SH,电气风电,A股,C34通用设备制造业,,风力发电设备设计、研发、制造和销售，同时开展服务业务和风资源开发投资业务。 产品：风机及零部件销售、提供服务、风电场发电、风机及零部件,baostock+akshare
688661.SH,和林微纳,A股,C39计算机、通信和其他电子设备制造业,,精微电子零部件系列产品以及半导体芯片测试探针系列产品的研发、设计、生产和销售。 产品：MEMS精微电子零部件系列产品、半导体芯片测试探针系列产品、微型传动系统系列产品、精密结构件、半导体芯片测试探针、精微屏蔽罩,baostock+akshare
688662.SH,富信科技,A股,C39计算机、通信和其他电子设备制造业,,半导体热电器件及以其为核心的热电系统、热电整机的研发、设计、制造与销售业务。 产品：热电整机、热电系统、热电器件,baostock+akshare
688663.SH,新风光,A股,C38电气机械和器材制造业,新能源车/储能,大功率电力电子控制技术及相关产品研发、生产、销售。 产品：电机驱动与控制类、电能质量监测与治理类、高端变流器类、煤矿智能控制装备、储能系统,baostock+akshare
688665.SH,四方光电,A股,C39计算机、通信和其他电子设备制造业,锂电材料,智能气体传感器和高端科学仪器的研发、生产和销售。 产品：汽车电子、暖通空调、科学仪器、冷媒泄漏监测传感器、粉尘传感器、红外型家用和餐饮场所燃气探测器、电池热失控监测传感器、烟雾传感器、热导氢气传感器、电解液泄露传感器、气体传感器、其他、气体分析仪器,baostock+akshare
688667.SH,菱电电控,A股,C39计算机、通信和其他电子设备制造业,,发动机管理系统、纯电动汽车动力电子控制系统、混合动力汽车动力电子控制系统、车联网产品以及相关的技术开发及标定服务。 产品：发动机管理系统、纯电动汽车动力电子控制系统、混合动力汽车动力电子控制系统、汽油EMS、混合动力EMS、两用燃料（汽油、CNG）汽车EMS、电机控制器/发电机控制器、整车控制器、T-BOX、电机电控二合一、HECU、四合一电机控制器、PCU、GECU发电三合一、动力车身域控制器、区域控制器、产品销售收入、技术开发收入,baostock+akshare
688668.SH,鼎通科技,A股,C39计算机、通信和其他电子设备制造业,液冷,研发、生产、销售高速通讯连接器及其组件和汽车连接器及其组件。 产品：高速通讯连接器及其组件、汽车连接器及其组件、高速背板连接器组件、I/O连接器组件、高速铜缆连接器、液冷散热器、控制系统连接器及其组件、高压互锁连接器、线束连接器、高压连接器、电控连接器、通讯连接器组件(合并)、其中:通讯连接器组件(合并)-通讯连接器壳体CAGE、汽车连接器组件、其中:通讯连接器组件(合并)-通讯连接器精密结构件,baostock+akshare
688669.SH,聚石化学,A股,C29橡胶和塑料制品业,,化工新材料的研发、生产和销售。 产品：改性塑料、石化材料、精细化工、改性塑料粒子、塑料制品、液化石油气产品、阻燃剂、磷化学品,baostock+akshare
688670.SH,金迪克,A股,C27医药制造业,,人用疫苗的研发、生产和销售。 产品：四价流感病毒裂解疫苗,baostock+akshare
688671.SH,碧兴物联,A股,C40仪器仪表制造业,,物联网架构下感知层硬件及大数据处理与智慧化软件系统的研发、生产、销售与服务。 产品：数字生态业务、数字水利/水务业务、数字海洋业务、数字农业业务、数字城市业务、公共安全大数据业务、在线监测运营服务、环境水质/污废水监测仪器及系统、地下水采样监测系统、地下水采样管理平台、环境空气/烟气监测仪器及系统、噪声在线监测仪器及系统、环境噪声监测平台、生态在线监测仪器及系统、生态监测大数据管理平台、环境监测大数据系统、智慧生态监测平台、数字水利/水务（管网监测）硬件设备、数字水利水务大数据管理平台、数字生态(环境监测仪器及系统)、数字生态(环境监测运营服务)、数字水利/水务,baostock+akshare
688676.SH,金盘科技,A股,C38电气机械和器材制造业,液冷;新能源车/储能,中低压各类变压器系列、成套系列、储能系列等产品的研发、生产及销售。 产品：变压器系列产品、成套系列产品、固态变压器（SST）产品、储能系列产品、数字化工厂整体解决方案、环氧树脂浇注干式电抗器、真空压力浸渍干式电抗器、液浸式海上风电变压器、液浸式高能效配电变压器、配电箱变、一体化智能光伏箱变、中压固态变压器、6kV-35kV中高压直挂储能系统、液冷电池舱、集中式储能变流升压舱、干式变压器数字化工厂整体解决方案、成套数字化工厂整体解决方案、电气设备系列、储能系列、其他,baostock+akshare
688677.SH,海泰新光,A股,C35专用设备制造业,,医用内窥镜器械和光学产品的研发、制造、销售和服务。 产品：医用内窥镜器械、光学产品,baostock+akshare
688678.SH,福立旺,A股,C34通用设备制造业,,精密金属零部件的研发、制造和销售。 产品：3C精密零部件、汽车精密零部件、电动工具零部件、一般精密零部件、POGOPIN、PIN针类连接器等连接器产品、记忆合金耳机线、卡簧及线簧等异型簧产品、转轴、异型螺母等车削件产品,baostock+akshare
688679.SH,通源环境,A股,N77生态保护和环境治理业,,生态环境综合整治业务。 产品：固废污染治理及资源化、污水与水环境综合治理、土壤与地下水修复、光伏能源、垃圾填埋场环境综合整治、污泥干化炭化与资源化利用、河湖底泥处理处置、水环境修复、污水处理处置、工业污染场地治理修复、矿山生态与环境修复、污染耕地安全利用、盐碱地复呈、非正规填埋场综合整治、新能源产品及服务、固废污染阻隔修复、运营服务,baostock+akshare
688680.SH,海优新材,A股,C29橡胶和塑料制品业,,特种高分子薄膜研发、生产和销售。 产品：胶膜产品、新型膜产品、透明抗PIDEVA胶膜、白色增效EVA胶膜、单层POE胶膜、共挤POE胶膜（EPE/EXP）、其他新型组件用胶膜、PDCLC瞬光液晶调光膜、AXPO轻量化环保皮革、PVE玻璃封装胶膜、光伏胶膜、非光伏胶膜、其他(补充),baostock+akshare
688681.SH,科汇股份,A股,C38电气机械和器材制造业,,电气自动化新技术、高能效电机驱动技术及智慧能源管控技术的研发与产业化。 产品：输配电及控制设备制造、电机制造、智能电网故障监测与自动化产品、磁阻电机驱动系统产品、用户侧电力储能产品、磁阻电机驱动系统、电力系统同步时钟、配电网自动化产品、输电线路故障行波测距产品,baostock+akshare
688682.SH,XD霍莱沃,A股,I65软件和信息技术服务业,,电磁测量系统业务、电磁场仿真分析验证业务、相控阵产品业务、通用测试业务。 产品：电磁测量系统业务、电磁场仿真分析验证业务、相控阵产品业务、通用测试业务、其他(补充),baostock+akshare
688683.SH,莱尔科技,A股,C39计算机、通信和其他电子设备制造业,,新能源电池集流体、功能性胶膜材料及应用产品、碳纳米管及导电浆料的研发、生产与销售。 产品：新能源电池集流体、功能胶膜类材料、功能胶膜类应用产品,baostock+akshare
688685.SH,迈信林,A股,C37铁路、船舶、航空航天和其他运输设备制造业,,航空航天零部件的工艺研发和加工制造。 产品：整体结构件及装备、高精度壳体、管路系统连接件、专用标准件及组件、电子连接器件、精密结构件、算力服务、销售业务、算力服务及销售业务,baostock+akshare
688686.SH,奥普特,A股,C40仪器仪表制造业,机器人传感器,机器视觉核心软硬件产品的研发、生产、销售。 产品：机器视觉、核心部件、机器视觉配件、运控产品、机器视觉核心部件,baostock+akshare
688687.SH,凯因科技,A股,C27医药制造业,药企/生物科技,病毒及免疫性疾病领域创新药物研发、生产、销售。 产品：生物药品、化学药品、其他(补充),baostock+akshare
688689.SH,银河微电,A股,C39计算机、通信和其他电子设备制造业,,半导体分立器件研发、生产和销售。 产品：小信号器件、功率器件、光电器件、其他电子器件,baostock+akshare
688690.SH,纳微科技,A股,C26化学原料和化学制品制造业,,高性能纳米微球材料研发、规模化生产、销售及应用服务，为生物医药、平板显示、分析检测及体外诊断等领域客户提供核心微球材料及相关技术解决方案。 产品：色谱填料和层析介质产品、光电领域用微球产品、色谱分析仪器、色谱分析仪器及配件、液相色谱柱及样品前处理产品,baostock+akshare
688691.SH,灿芯股份,A股,I65软件和信息技术服务业,,提供一站式芯片定制服务。 产品：芯片量产业务、芯片设计业务,baostock+akshare
688692.SH,达梦数据,A股,I65软件和信息技术服务业,数据中心/云厂商,提供各类数据库软件及集群软件、云计算与大数据产品、数据库一体机等一系列数据库产品及相关技术服务。 产品：数据库软件、集群软件、云计算与大数据产品、数据库一体机、软件产品使用授权、运维服务、数据及行业解决方案,baostock+akshare
688693.SH,锴威特,A股,C39计算机、通信和其他电子设备制造业,临床服务/CDMO,功率半导体的设计、研发和销售，并提供相关技术服务。 产品：功率器件、功率IC、功率模块、技术服务、平面MOSFET、集成快恢复高压功率MOSFET（FRMOS）、中低压沟槽型MOSFET、超结MOSFET、SiCMOSFET、SiCSBD、PWM控制IC、电机驱动IC、DC-DC、理想二极管控制器、浪涌抑制控制器、智能功率模块（IPM）、固态继电器、产品开发、工艺开发流片、功率IC及其他、其他(补充),baostock+akshare
688695.SH,中创股份,A股,I65软件和信息技术服务业,交换机/服务器,中间件软件的研发、销售，并提供相关技术服务。 产品：中间件软件销售、中间件定制化开发、中间件运维服务、应用服务器中间件、负载均衡中间件、分布式数据缓存中间件、消息中间件、工作流中间件、企业服务总线、数据存取管理中间件、中间件统一管理平台、API网关软件、分布式数据检索软件、物联网监管平台软件、业务信息和电子文件交换系统、PaaS平台软件、大数据治理与智能分析平台、中创元穹AI模型管理平台、中创数据流处理平台、中创智能体平台,baostock+akshare
688696.SH,极米科技,A股,C39计算机、通信和其他电子设备制造业,,智能投影产品的研发、生产及销售，同时向消费者提供围绕智能投影的配件产品及互联网增值服务。 产品：投影整机产品、配件产品、互联网增值服务、便携投影Play6、轻薄投影Z6XPro、Z9X等新品、投影仪整机及配件、其他(补充),baostock+akshare
688697.SH,纽威数控,A股,C34通用设备制造业,,数控机床的研发、生产和销售。 产品：大型加工中心、立式数控机床、卧式数控机床,baostock+akshare
688698.SH,伟创电气,A股,C40仪器仪表制造业,伺服系统;新能源车/储能,工业自动化产品研发、生产、销售。 产品：变频器、伺服系统、控制系统、绿色能源、通用变频器、行业专机、通用伺服系统、伺服电机、机器人核心零部件、PLC、拓展模块、运动控制器、温控器、储能系统、制氢电源、电池测试设备、伺服系统及控制系统,baostock+akshare
688699.SH,明微电子,A股,I65软件和信息技术服务业,,集成电路研发设计、封装测试和销售。 产品：显示驱动、线性电源、电源管理、其他类,baostock+akshare
688700.SH,东威科技,A股,C35专用设备制造业,,高端精密电镀设备及其配套设备的研发、设计、生产及销售。 产品：垂直连续电镀设备、龙门式电镀设备、五金连续电镀设备、水平式表面处理设备、卷式水平膜材电镀设备、光伏镀铜设备、其他,baostock+akshare
688701.SH,卓锦股份,A股,N77生态保护和环境治理业,机器人本体/集成,提供环保水处理、废气治理、土壤及地下水修复等相关的研发、设计与咨询、设备及系统集成业务和工程总承包业务。 产品：环境修复、工业污染源治理、环保产品销售与服务,baostock+akshare
688702.SH,盛科通信,A股,I65软件和信息技术服务业,交换机/服务器,以太网交换芯片及配套产品的研发、设计和销售。 产品：以太网交换芯片、以太网交换芯片模组、以太网交换机、授权许可、定制化解决方案及其他,baostock+akshare
688707.SH,振华新材,A股,C39计算机、通信和其他电子设备制造业,锂电材料,锂/钠离子电池正极材料的研发、生产及销售。 产品：正极材料、其他(补充),baostock+akshare
688708.SH,佳驰科技,A股,C41其他制造业,,电磁功能材料与结构产品的设计、研发、制造、测试、销售和服务。 产品：电磁功能涂层材料、电磁功能结构件、电磁维护材料、电磁兼容材料,baostock+akshare
688709.SH,成都华微,A股,C39计算机、通信和其他电子设备制造业,,特种集成电路的研发、生产、检测、销售和服务。 产品：数字集成电路产品、模拟集成电路产品、可编程逻辑器件（FPGA/CPLD/SoPC/RF-FPGA）、MCU/SoC/SIP系统级芯片、存储器、TSN时间敏感网络芯片、模数/数模转换器（AD/DA）芯片、接口和驱动电路、电源管理、ASIC/SoC系统芯片级解决方案、模拟芯片、数字芯片、技术服务,baostock+akshare
688710.SH,益诺思,A股,M73研究和试验发展,药物发现/CRO,提供生物医药非临床研究服务为主的综合研发服务(CRO)。 产品：非临床CRO、临床CRO、非临床、临床、其他,baostock+akshare
688711.SH,宏微科技,A股,C39计算机、通信和其他电子设备制造业,,IGBT、FRD、SiC、GaN为主的功率半导体芯片、单管和模块的设计、研发、生产和销售，同时为客户提供功率半导体器件及系统的解决方案。 产品：模块、单管、芯片、受托加工业务、模块(封装)、单管(封装),baostock+akshare
688712.SH,北芯生命,A股,C35专用设备制造业,,心血管疾病精准诊疗创新医疗器械研发、生产和销售。 产品：精准PCI产品、复杂PCI产品、冠脉血管介入产品、外周血管介入产品、电生理产品、其他(补充),baostock+akshare
688716.SH,中研股份,A股,C26化学原料和化学制品制造业,,聚醚醚酮材料及制品的研发、生产和销售。 产品：纯树脂颗粒、复合增强颗粒、纯树脂细粉、纯树脂粗粉、PEEK制品,baostock+akshare
688717.SH,艾罗能源,A股,C38电气机械和器材制造业,电芯;新能源车/储能,向全球客户提供光伏逆变器、储能系统、充电桩、热泵及AI驱动的智慧能源管理解决方案。 产品：户用储能系统、工商业储能系统、大型地面电站储能系统产品、并网逆变器、热泵产品、配件及其他、户用储能逆变器、户用储能电池、户用储能系统一体机、离网储能逆变器、工商业储能电池、大型地面电站储能系统、组串式并网逆变器、微型逆变器、热泵、数据监控模块、数据集合控制器、智能充电桩、连接盒、智慧能源管理模块、户用储能系统及产品,baostock+akshare
688718.SH,唯赛勃,A股,C35专用设备制造业,,膜分离技术核心部件的研发、生产与销售。 产品：反渗透膜及纳滤膜系列产品、复合材料压力罐、膜元件压力容器、反渗透及纳滤膜片、反渗透及纳滤膜元件,baostock+akshare
688719.SH,爱科赛博,A股,C38电气机械和器材制造业,,电力电子变换和控制设备的研发、生产和销售。 产品：精密测试电源、特种电源、电能质量控制设备,baostock+akshare
688720.SH,艾森股份,A股,C39计算机、通信和其他电子设备制造业,半导体材料,电子化学品的研发、生产和销售业务。 产品：电镀液及配套试剂、光刻胶及配套试剂、电镀配套材料、其他电子化学品,baostock+akshare
688721.SH,龙图光罩,A股,C39计算机、通信和其他电子设备制造业,,半导体掩模版的研发、生产和销售。 产品：掩模版、石英掩模版、苏打掩模版、其他(补充),baostock+akshare
688722.SH,同益中,A股,C28化学纤维制造业,,超高分子量聚乙烯纤维及其复合材料研发、生产和销售。 产品：超高分子量聚乙烯纤维系列产品、间位芳纶纤维系列产品、超高分子量聚乙烯纤维及其复合材料、间位芳纶纤维、间位芳纶纸、其他(补充),baostock+akshare
688726.SH,拉普拉斯,A股,C38电气机械和器材制造业,,新型高效光伏电池片和半导体分立器件制造所需高性能热制程、镀膜及配套自动化设备的研发、生产与销售。 产品：热制程设备、镀膜设备、光伏设备、硼扩散、磷扩散、氧化及退火设备、低压化学气相沉积（LPCVD）设备、等离子体增强化学气相沉积（PECVD）设备、原子层沉积（ALD）设备、原子层边缘钝化沉积（EPD）设备、电池间隙贴膜机、激光设备、光伏领域设备、配套产品及服务、半导体领域设备,baostock+akshare
688727.SH,恒坤新材,A股,C39计算机、通信和其他电子设备制造业,半导体材料,集成电路领域关键材料的研发与产业化应用。 产品：光刻材料、前驱体材料、引进产品、SOC（碳膜涂层）、BARC（底部抗反射涂层）、光刻胶、硅基前驱体材料、电子特气、其他湿电子化学品、特气及其他,baostock+akshare
688728.SH,格科微,A股,C39计算机、通信和其他电子设备制造业,临床服务/CDMO,CMOS图像传感器和显示驱动芯片的研发、设计、制造、封测和销售。 产品：CMOS图像传感器、显示驱动芯片、其他(补充),baostock+akshare
688729.SH,屹唐股份,A股,C35专用设备制造业,半导体设备,集成电路制造过程中所需晶圆加工设备的研发、生产和销售。 产品：干法去胶设备、快速热处理设备、干法刻蚀及等离子体表面处理设备、Suprema系列干法去胶设备、Optima系列干法去胶设备、HydrilisHMR高选择比先进光刻硬掩模材料去除设备、Helios系列快速热处理设备、Millios闪光毫秒级退火设备、paradigmE系列等离子体刻蚀设备、RENA-E等离子体刻蚀设备、Novyka系列高选择比刻蚀和原子层级表面处理设备、HydrilisXT高产能等离子体干法刻蚀设备、Escala等离子体表面处理和材料改性设备、销售专用设备及备品备件、服务、其他,baostock+akshare
688733.SH,壹石通,A股,C39计算机、通信和其他电子设备制造业,,先进无机非金属复合材料的研发、生产和销售。 产品：勃姆石、二氧化硅粉体、球形氧化铝粉体、纳米复合阻燃材料、陶瓷化硅橡胶阻燃材料、无机功能粉体材料、聚合物材料、设备,baostock+akshare
688737.SH,中自科技,A股,C26化学原料和化学制品制造业,电芯;新能源车/储能,环境催化剂材料、机动车尾气催化转化器及后处理系统、工业废气净化器及系统、储能系统与动力电池、氢能源和复合材料的研发、生产及销售。 产品：内燃机尾气净化催化剂、工业催化剂、储能与储能+、复杂高性能复合材料,baostock+akshare
688739.SH,成大生物,A股,C27医药制造业,,人用疫苗的研发、生产和销售。 产品：人用狂犬病疫苗、乙脑灭活疫苗、人用狂犬病疫苗（Vero细胞）、人用乙脑灭活疫苗（Vero细胞）,baostock+akshare
688750.SH,金天钛业,A股,C32有色金属冶炼和压延加工业,,高端钛合金材料的研发、生产和销售。 产品：钛及钛合金产品、钛及钛合金棒材、钛及钛合金锻坯、零部件、其他(补充),baostock+akshare
688755.SH,汉邦科技,A股,C35专用设备制造业,,小分子药物分离纯化设备、大分子药物分离纯化设备等产品的研发、生产和销售，并提供液相色谱柱租赁及技术支持服务。 产品：生产级小分子药物分离纯化设备、实验室小分子药物分离纯化设备、生产级大分子药物分离纯化设备、实验室大分子药物分离纯化设备、液相色谱系统、模拟移动床色谱系统、超临界流体色谱系统、超临界流体模拟移动床色谱系统、实验室液相色谱仪、实验室模拟移动床、实验室超临界流体色谱仪、Intepure快速制备液相色谱系统、自动层析系统、自动超滤系统、自动在线配液系统、手动层析柱、核酸合成系统、实验室层析仪、实验室核酸合成仪、实验室级自动切向流过滤系统、小分子药物分离纯化设备、大分子药物分离纯化设备、其他,baostock+akshare
688757.SH,胜科纳米,A股,M74专业技术服务业,,半导体第三方检测分析服务。 产品：失效分析、材料分析、可靠性分析、无损检测分析、电性检测分析、物性检测分析、表面分析、微区结构成分分析、环境测试、老化测试、静电测试,baostock+akshare
688758.SH,赛分科技,A股,C26化学原料和化学制品制造业,,色谱柱和色谱填料的研发、组装生产、销售，以及相关色谱分离和纯化技术的配套耗材、设备和技术服务。 产品：分析色谱、工业纯化、体积排阻色谱柱、离子交换色谱柱、亲和色谱柱、疏水色谱柱、常规色谱柱、分析色谱填料、亲和层析填料、复合层析填料、离子交换填料、体积排阻填料、疏水填料、聚合物反相填料、硅胶基质反相填料、预装柱、工业纯化产品、分析色谱产品、服务,baostock+akshare
688759.SH,必贝特,A股,C27医药制造业,药企/生物科技,创新药物的研发、生产和销售。 产品：注射用盐酸伊吡诺司他（BEBT-908、商品名：贝特琳）、BEBT-209、BEBT-109、BEBT-503、BEBT-809、BEBT-507、BEBT-701、其他小核酸药物,baostock+akshare
688765.SH,禾元生物,A股,C27医药制造业,,运用水稻胚乳细胞重组蛋白表达技术平台进行植物源人血清白蛋白等产品的研发、生产及销售。 产品：已上市药品、正在开展临床或临床前试验的药品、已经登记的药用辅料、科研试剂产品、药品、非药品、其他(补充),baostock+akshare
688766.SH,普冉股份,A股,C39计算机、通信和其他电子设备制造业,存储芯片,非易失性存储器芯片及基于存储芯片的衍生芯片的设计与销售。 产品：存储系列芯片、“存储+”系列芯片、NORFlash产品、EEPROM产品、SLCNANDFlash及其衍生产品、MCU产品、模拟产品VCMDriver芯片、存储芯片、微控制器及其他、其他(补充),baostock+akshare
688767.SH,博拓生物,A股,C27医药制造业,,即时检测试剂及仪器的研发、生产与销售。 产品：药物滥用（毒品）检测系列、传染病检测系列、生殖健康检测系列、肿瘤标志物检测系列、心肌标志物检测系列、抗原/抗体生物原料、动物疾病检测平台系列、炎症系列、分子诊断平台系列、诊断试剂产品、其他(补充),baostock+akshare
688768.SH,容知日新,A股,C40仪器仪表制造业,,为客户提供全球领先的设备智能运维解决方案和AI设备运维订阅制服务。 产品：工业设备运维解决方案、其他、其他(补充),baostock+akshare
688772.SH,珠海冠宇,A股,C38电气机械和器材制造业,电芯,消费类锂离子电池的研发、生产及销售。 产品：锂离子电池、消费类电池、动力及储能类电池、消费类、动力及储能类、其他(补充),baostock+akshare
688775.SH,影石创新,A股,C39计算机、通信和其他电子设备制造业,,全景相机、运动相机等智能影像设备的研发、生产和销售。 产品：消费级智能影像设备、专业级智能影像设备、运动相机、全景相机、全景运动相机、手持摄影设备及网络摄像头、全景无人机、AI录音全向麦克风、专业VR全景相机、AI视频会议一体机、配件及其他产品、其他(补充),baostock+akshare
688776.SH,国光电气,A股,C39计算机、通信和其他电子设备制造业,,微波器件、核工业设备等领域业务的研发、生产和销售。 产品：微波器件、核工业设备及部件、其他民用产品、行波管、磁控管、充气微波开关管、触发管、霍尔电推进器核心部件、铯束管、射频前端组件、天线接口模块、变频组件、多波束馈电网络、多通道宽带接收机、偏滤器、ITER辉光放电清洗系统（GDC）、氦气系统、核工业领域专用泵、核工业领域专用阀门、真空钎焊炉、ITER屏蔽模块热氦检漏设备、压力容器真空测控组件,baostock+akshare
688777.SH,中控技术,A股,I65软件和信息技术服务业,机器人应用,流程工业自动化、数字化、智能化。 产品：工业自动化及智能制造解决方案、仪器仪表、工业软件、运维服务、S2B业务、其中:工业自动化及智能制造解决方案-控制系统+仪表、其中:工业自动化及智能制造解决方案-控制系统+软件+其他、其中:工业自动化及智能制造解决方案-控制系统,baostock+akshare
688778.SH,厦钨新能,A股,C39计算机、通信和其他电子设备制造业,,新能源电池材料的研发、生产和销售。 产品：高电压钴酸锂、高电压三元材料、高镍三元材料、高功率三元材料、磷酸铁锂、氢能材料、补锂材料、钴酸锂、三元材料(含磷酸铁锂及其他),baostock+akshare
688779.SH,五矿新能,A股,C39计算机、通信和其他电子设备制造业,锂电材料,高效电池正极材料研发、生产和销售。 产品：三元正极材料（含自供前驱体）、磷酸铁锂正极材料、钴酸锂正极材料、球镍、电池材料、其他(补充),baostock+akshare
688781.SH,视涯科技,A股,C39计算机、通信和其他电子设备制造业,,战略产品开发、光学系统和XR整体解决方案等增值服务和硅基OLED微型显示屏的销售。 产品：VR、AR、热像、夜视、OLED屏模组、战略产品开发、光学系统和XR整体解决方案,baostock+akshare
688783.SH,西安奕材,A股,C39计算机、通信和其他电子设备制造业,半导体材料,12英寸硅片的研发、制造和生产。 产品：外延片、抛光片、测试片、半导体硅测试片、半导体硅抛光片、半导体硅外延片、其中:高端测试片,baostock+akshare
688785.SH,恒运昌,A股,C35专用设备制造业,,等离子体射频电源系统的研发、生产和销售。 产品：自研产品、引进产品、技术服务,baostock+akshare
688786.SH,悦安新材,A股,C33金属制品业,,羰基铁粉、软磁粉、雾化合金粉及相关产品的研发、生产与销售。 产品：羰基铁粉系列产品、雾化合金粉系列产品、金属注射成型喂料系列产品、软磁粉系列产品、吸波材料系列产品、软磁粉、羰基铁粉、注射成型喂料粉,baostock+akshare
688787.SH,海天瑞声,A股,I65软件和信息技术服务业,,AI训练数据的研发设计、生产及销售业务。 产品：智能语音、计算机视觉、自然语言处理、训练数据相关的应用服务、自然语言,baostock+akshare
688788.SH,科思科技,A股,C39计算机、通信和其他电子设备制造业,,电子信息装备的研究、开发、制造、销售及服务。 产品：指挥控制信息处理设备及系统、软件雷达信息处理设备及系统、智能无人设备及系统、其他信息处理产品、专用车辆改装业务,baostock+akshare
688789.SH,宏华数科,A股,C35专用设备制造业,,数码印花设备及耗材的研发、自动化缝纫设备、数字印刷设备的生产和销售。 产品：数码印花设备、墨水、自动化缝纫设备、数字印刷设备,baostock+akshare
688790.SH,昂瑞微,A股,C39计算机、通信和其他电子设备制造业,,射频、模拟领域的集成电路设计。 产品：射频前端芯片、射频SoC芯片、其他产品,baostock+akshare
688793.SH,倍轻松,A股,C38电气机械和器材制造业,,智能便携按摩器的设计、研发、生产、销售及服务。 产品：智能便携按摩器、肩部、头皮+头部、眼部、其他、腰背部、颈部,baostock+akshare
688795.SH,摩尔线程,A股,C39计算机、通信和其他电子设备制造业,,GPU及相关产品的研发、设计和销售。 产品：云端产品、边缘与终端产品、云端智算板卡、智算一体机、智算集群、桌面图形加速显卡、专业视觉加速卡、边缘AI计算模组、个人智算终端设备、其他,baostock+akshare
688796.SH,百奥赛图,A股,M73研究和试验发展,药企/生物科技,基于自主开发的基因编辑技术提供各类创新模式动物以及临床前阶段的医药研发服务。 产品：基因编辑服务、创新模式动物销售、临床前药理药效评价服务、抗体开发、创新药合作研发、模式动物、药理药效,baostock+akshare
688797.SH,C臻宝,A股,C39计算机、通信和其他电子设备制造业,,提供制造设备真空腔体内参与工艺反应的零部件及其表面处理解决方案。 产品：硅、石英、碳化硅和氧化铝陶瓷等设备零部件产品、熔射再生、阳极氧化和精密清洗等表面处理服务、硅零部件、石英零部件、碳化硅零部件、塑料零部件、陶瓷零部件、精密清洗、阳极氧化、半导体原材料、曲面硅上部电极、硅上部电极、硅环、石英环、石英盘、石英喷嘴、石英气体分配盘、石英窗、碳化硅环、塑料固定座、塑料导热垫圈、陶瓷筒、陶瓷杆、陶瓷板、上部电极、静电卡盘、壁板、等离子熔射、电弧铝熔射、大直径单晶硅棒、化学气相沉积高纯碳化硅超厚材料、陶瓷造粒粉体、零部件产品、表面处理服务、其他(补充),baostock+akshare
688798.SH,艾为电子,A股,C39计算机、通信和其他电子设备制造业,液冷,集成电路芯片研发和销售。 产品：高性能数模混合芯片、电源管理芯片、信号链芯片、OIS光学防抖SoC芯片、压力感应SoC/AFE芯片、压电微泵液冷驱动芯片、电容感应SoC/AFE芯片、SAR感应SoC芯片、声光同步呼吸灯驱动SoC芯片负载开关、端口保护开关、PD协议芯片、CC逻辑识别芯片、直流马达驱动、步进马达驱动、高速开关、模拟开关、电平转换、接口芯片、复位芯片,baostock+akshare
688799.SH,华纳药厂,A股,C27医药制造业,,化学药制剂、化学原料药和中药制剂的研发、生产与销售。 产品：制剂、原料药及中间体、植物提取物及食品、胶体果胶铋干混悬剂、胶体果胶铋胶囊、枸橼酸铋钾胶囊、多库酯钠片、蒙脱石散、聚乙二醇4000散、吸入用乙酰半胱氨酸溶液、盐酸左沙丁胺醇雾化吸入溶液、吸入用硫酸沙丁胺醇溶液、吸入用异丙托溴铵溶液、富马酸福莫特罗吸入溶液、磷霉素氨丁三醇散、恩替卡韦颗粒、琥珀酸亚铁片、双氯芬酸钠缓释片、吗替麦考酚酯胶囊、其他(补充),baostock+akshare
688800.SH,瑞可达,A股,C39计算机、通信和其他电子设备制造业,,连接器产品的研发、生产、销售和服务。 产品：新能源连接器、通信连接器、其他连接器,baostock+akshare
688802.SH,沐曦股份,A股,C39计算机、通信和其他电子设备制造业,,研发、设计和销售应用于人工智能训练和推理、通用计算与图形渲染领域的全栈GPU产品，并围绕GPU芯片提供配套的软件栈与计算平台。 产品：GPU产品及配件、IP授权、技术服务及其他、训推一体GPU、智算推理GPU、图形渲染GPU、IP、技术服务及其他,baostock+akshare
688805.SH,健信超导,A股,C35专用设备制造业,,医用磁共振成像（MRI）设备核心部件的研发、生产和销售。 产品：超导产品、永磁产品、1.5T零挥发超导磁体、1.5T无液氦超导磁体、3.0T零挥发超导磁体、开放式零挥发超导磁体、全身成像永磁体、专科永磁体、工业永磁体、梯度线圈、其他(补充),baostock+akshare
688807.SH,优迅股份,A股,C39计算机、通信和其他电子设备制造业,电芯,光通信前端收发电芯片的研发、设计与销售。 产品：光通信收发合一芯片、跨阻放大器芯片、激光驱动器芯片、限幅放大器芯片,baostock+akshare
688808.SH,联讯仪器,A股,C40仪器仪表制造业,光芯片;光器件,电子测量仪器和半导体测试设备的研发、制造、销售及服务。 产品：电子测量仪器、半导体测试设备、通信测试仪器、电性能测试仪器、光电子器件测试设备、功率器件测试设备、电性能测试设备、其中:通信测试仪器、其中:光电子器件测试设备、其中:通信测试仪器-采样示波器、其中:功率器件测试设备、其中:光电子器件测试设备-CoC光芯片老化系统、其中:功率器件测试设备-晶圆级老化系统,baostock+akshare
688809.SH,强一股份,A股,C39计算机、通信和其他电子设备制造业,,聚焦晶圆测试核心硬件探针卡的研发、设计、生产与销售。 产品：集成电路、2DMEMS探针卡、薄膜探针卡、2.5DMEMS探针卡、探针卡销售、晶圆测试板销售、其他(补充),baostock+akshare
688811.SH,有研复材,A股,C32有色金属冶炼和压延加工业,服务器与终端,金属复合材料及制品、特种有色金属合金制品研发、生产和销售。 产品：金属复合材料及制品、特种有色金属合金制品、航空航天领域铝基复合材料锻件、智能终端领域铝基复合材料结构件、石墨铝复合材料（雷达封装壳体）、梯度硅铝复合材料（雷达封装壳体）、硅铝复合材料（光学反射镜镜坯）、一体化手机钛铝中框（手机中框）、钛铝复合板、镁-钢挤压包覆复合材料制品、铝-不锈钢挤压包覆复合材料制品、锌-钢挤压包覆复合材料制品、航空铝管、航天热管、锰铜线材、型材、白铜线材、哈管（HastelloyC276）、金属复合材料、特种合金加工制品、其他(补充),baostock+akshare
688813.SH,泰金新能,A股,C35专用设备制造业,,高端绿色电解成套装备、钛电极以及金属玻璃封接制品的研发、设计、生产及销售。 产品：电解成套装备、钛电极产品、金属玻璃封接制品、阴极辊、生箔一体机、表面处理机、高效溶铜罐、铜箔钛阳极、铝箔钛阳极、水处理钛阳极、湿法冶金钛阳极、其他钛电极、新能源电池密封组件、连接器密封组件、混合集成电路封装外壳、设备销售收入、钛电极销售收入、金属玻璃封接收入,baostock+akshare
688816.SH,易思维,A股,C40仪器仪表制造业,机器人传感器,汽车制造机器视觉设备的研发、生产及销售。 产品：视觉检测系统、视觉引导系统、视觉测量系统、工艺设备、外观质量检测系统、工艺质量检测系统、工艺防错系统、上下料引导系统、装配引导系统、加工工艺引导系统、在线尺寸测量系统、离线尺寸测量系统、智能打磨、轨旁车辆检测系统、在线巡检系统、机器视觉产品、智能打磨产品、其他产品,baostock+akshare
688818.SH,电科蓝天,A股,C37铁路、船舶、航空航天和其他运输设备制造业,,电能源产品及系统的研发、生产、销售及服务。 产品：宇航电源、特种电源、新能源应用及服务,baostock+akshare
688819.SH,天能股份,A股,C38电气机械和器材制造业,数据中心/云厂商;电芯,电动轻型车动力电池、储能电池、数据中心备用电源、特种车动力电池、汽车起动启停电池、工业电池、无人机电池等多品类电池的研发、生产、销售。 产品：动力电池、储能电池、电动轻型车动力电池、数据中心备用电源、特种车动力电池、汽车起动启停电池、工业电池、无人机电池、铅蓄电池、其他(补充)、锂电池,baostock+akshare
688820.SH,盛合晶微,A股,C39计算机、通信和其他电子设备制造业,半导体材料;PACK/BMS,先进的12英寸中段硅片加工，并进一步提供晶圆级封装（WLP）和芯粒多芯片集成封装等全流程的先进封测服务。 产品：中段硅片加工、晶圆级封装（WLP）、芯粒多芯片集成封装、凸块制造（Bumping）、晶圆测试（CP）、晶圆级芯片封装（WLCSP）、晶圆级扇出型封装（FO）、三维芯片集成（2.5D/3DIC）、三维封装（3DPackage）、晶圆级封装,baostock+akshare
688981.SH,中芯国际,A股,C39计算机、通信和其他电子设备制造业,晶圆制造,基于多种技术节点和技术平台的集成电路晶圆代工业务，并提供设计服务与IP支持、光掩模制造等配套服务。 产品：集成电路晶圆代工、设计服务与IP支持、光掩模制造、集成电路晶圆制造代工、其他、其他(补充),baostock+akshare
689009.SH,九号公司,A股,C39计算机、通信和其他电子设备制造业,机器人应用,智能短交通和服务类机器人产品的设计、研发、生产、销售及服务。 产品：电动平衡车和电动滑板车、电动两轮车、全地形车、其他短交通产品、服务机器人及配件、电动滑板车、E-bike、服务机器人,baostock+akshare
920000.BJ,安徽凤凰,A股,汽车制造业,,汽车滤清器及过滤材料的研发、生产和销售。 产品：空调滤清器、空气滤清器、机油滤清器、燃油滤清器、空调压缩机,baostock+akshare
920001.BJ,纬达光电,A股,计算机、通信和其他电子设备制造业,,液晶显示模组用高性能偏光片和光学薄膜材料的研发、生产与销售。 产品：偏光片、防雾膜、其他(补充),baostock+akshare
920002.BJ,万达轴承,A股,通用设备制造业,,叉车轴承及回转支承的研发、生产和销售。 产品：叉车轴承、回转支承、材料及下角料、其他,baostock+akshare
920003.BJ,中诚咨询,A股,专业技术服务业,,为客户提供工程造价、招标代理、工程监理及管理、BIM服务、工程设计等专业技术服务及全过程一体化咨询服务。 产品：工程造价、工程监理及管理、全过程咨询、招标代理、其他技术服务、其他业务,baostock+akshare
920005.BJ,鼎佳精密,A股,计算机、通信和其他电子设备制造业,,消费电子功能性产品及防护性产品的设计、研发、生产与销售。 产品：功能性产品、防护性产品、其他(补充),baostock+akshare
920006.BJ,晟楠科技,A股,铁路、船舶、航空航天和其他运输设备制造业,,航空装备制造、军用电源领域相关产品的研发、生产和销售。 产品：航空机械、综合电源、代加工劳务,baostock+akshare
920007.BJ,酉立智能,A股,金属制品业,,深耕光伏支架领域，聚焦光伏支架核心零部件的研发、生产和销售。 产品：光伏支架核心零部件、光伏支架主体支撑扭矩管（TTU）、光伏支架轴承组件（BHA）、光伏组件安装结构件（URA）以及檩条（RAIL）、其他(补充),baostock+akshare
920008.BJ,成电光信,A股,计算机、通信和其他电子设备制造业,,网络总线产品和特种显示产品的研发、生产及销售。 产品：高速网络通信组件、航电网络仿真、监控、测试设备、特种LED显示产品、液晶加固显示产品、网络总线产品、特种显示产品、其他,baostock+akshare
920009.BJ,丹娜生物,A股,医药制造业,,侵袭性真菌病血清学早期诊断及其它病原微生物体外诊断产品的研发、生产和销售。 产品：侵袭性真菌病血清学早期诊断产品、其它病原微生物诊断产品、试剂产品、仪器产品、其他产品,baostock+akshare
920010.BJ,凯添燃气,A股,燃气生产和供应业,,"城市管道天然气与压缩天然气销售,LNG储存销售及燃气设施,设备安装服务。 产品：燃气销售、燃气安装、其他",baostock+akshare
920011.BJ,晨光电机,A股,电气机械和器材制造业,,微特电机的研发、生产和销售。 产品：电机产品、交流串激电机、直流无刷电机、直流有刷电机,baostock+akshare
920012.BJ,创达新材,A股,计算机、通信和其他电子设备制造业,,高性能热固性复合材料的研发、生产和销售。 产品：电子封装材料、环氧工程材料及服务、环氧模塑料、液态环氧封装料、有机硅胶、酚醛模塑料、导电银胶、其他(补充),baostock+akshare
920014.BJ,特瑞斯,A股,专用设备制造业,,天然气与氢能领域的高端能源装备研发、制造、销售。 产品：标准燃气调压集成设备、非标撬装燃气集成系统、燃气调压核心部件及配套产品、氢能制储运加用集成设备,baostock+akshare
920015.BJ,锦华新材,A股,化学原料和化学制品制造业,,酮肟系列精细化学品的研发、生产和销售。 产品：硅烷交联剂、羟胺盐、甲氧胺盐酸盐、乙醛肟、甲基三丁酮肟基硅烷、乙烯基三丁酮肟基硅烷、硫酸羟胺、盐酸羟胺、其他产品,baostock+akshare
920016.BJ,中草香料,A股,化学原料和化学制品制造业,,研发、生产和销售香料、香精。 产品：凉味剂、合成香料、天然香料、代加工、其他,baostock+akshare
920017.BJ,星昊医药,A股,医药制造业,临床服务/CDMO,特色和高端药物制剂的研发、生产和销售。 产品：消化道方面的药物、代谢方面的药物、神经系统药物、抗肿瘤药、免疫调节剂、CMC业务、CMO业务、心血管系统药物、消化道和代谢方面的药物、抗肿瘤药及免疫调节剂,baostock+akshare
920018.BJ,宏远股份,A股,电气机械和器材制造业,,专业从事电磁线的研发、生产与销售。 产品：换位导线、纸包线、漆包线、漆包纸包线、组合导线,baostock+akshare
920019.BJ,铜冠矿建,A股,开采专业及辅助性活动,,提供工程建设、运营管理、优化设计、技术研发等一体化开发服务和相关增值服务。 产品：矿山工程建设、采矿运营管理、其他(补充),baostock+akshare
920020.BJ,泰凯英,A股,橡胶和塑料制品业,,场景化和智能化轮胎设计、研发、销售与服务。 产品：矿山轮胎、建筑轮胎、矿建混合轮胎,baostock+akshare
920021.BJ,流金科技,A股,电信、广播电视和卫星传输服务,,以电视频道覆盖服务为核心，深耕视听行业，围绕电视台、运营商等客户的实际需求拓展版权运营、超高清解决方案等衍生业务。 产品：电视频道覆盖服务业务、版权运营、微波器件、超高清智能解决方案、视频购物、商品销售业务、电视频道综合运营服务、其中:电视频道综合运营服务-电视频道覆盖服务业务,baostock+akshare
920022.BJ,世昌股份,A股,汽车制造业,,汽车燃料系统研发、制造、销售与服务。 产品：塑料燃油箱总成、配件、常压、高压塑料燃油箱总成、电导率传感器、氢浓度传感器、去离子器、颗粒过滤器、冷却液膨胀水箱、其他、其他(补充),baostock+akshare
920023.BJ,*ST田野,A股,酒、饮料和精制茶制造业,,热带果蔬制品的研发、生产和销售。 产品：原料果汁、速冻果蔬、鲜果、其他,baostock+akshare
920026.BJ,卓兆点胶,A股,专用设备制造业,,高精度智能点胶设备、点胶阀及其核心部件以及点胶耗材配件的研发、生产和销售。 产品：点胶设备、点胶阀及配件、精密螺杆阀、压电喷射阀、气动式喷雾阀、柱塞阀在内的全系列、多规格点胶阀产品及转子、定子等核心部件、点胶耗材配件、智能点胶解决方案、点胶耗材,baostock+akshare
920027.BJ,交大铁发,A股,铁路、船舶、航空航天和其他运输设备制造业,,轨道交通智能产品及装备的研发、生产、销售。 产品：安全监测检测类产品、铁路信息化系统、新型材料、测绘服务、运维服务、智能装备、轨道交通智能产品及装备,baostock+akshare
920028.BJ,新恒泰,A股,橡胶和塑料制品业,,功能性高分子发泡材料的研发、制造和销售。 产品：PEFoam、IXPE、MPP、PVC耐磨层,baostock+akshare
920029.BJ,开发科技,A股,仪器仪表制造业,,智能电、水、气表等智能计量终端以及AMI系统软件的研发、生产及销售。 产品：智能计量终端、AMI系统软件、系统软件、服务收入,baostock+akshare
920030.BJ,德众汽车,A股,零售业,,汽车整车销售及汽车售后服务。 产品：整车销售、售后维保、增值服务、报废车辆回收拆解,baostock+akshare
920033.BJ,康普化学,A股,化学原料和化学制品制造业,,金属萃取剂及其他特种化学品的研发、生产和销售。 产品：Mextral金属萃取剂系列产品、Flotilla矿物浮选剂系列产品、Famigo酸雾抑制剂系列产品、GemiBola特种表面活性剂系列产品、金属萃取剂、其他特种表面活性剂、浮选剂,baostock+akshare
920035.BJ,精创电气,A股,仪器仪表制造业,数据中心/云厂商,冷链设备的智能控制、医药与食品冷链的监测记录、相关设备的智能仪表工具等产品的研发、生产和销售，并提供云计算、数据处理等相关技术、服务及系统配套解决方案。 产品：冷链智能控制及监测记录类产品、环境质量检测产品、冷链智能控制及监测记录服务、其他(补充),baostock+akshare
920036.BJ,觅睿科技,A股,计算机、通信和其他电子设备制造业,,集硬件、软件、云服务、AI为一体的智能网络摄像机及物联网视频产品的研发、设计、生产和销售。 产品：智能网络摄像机及物联网视频产品、增值服务、其他,baostock+akshare
920037.BJ,广信科技,A股,电气机械和器材制造业,,高压、超高压和特高压交（直）流输电变压器以及轨道交通牵引变压设备用绝缘纤维材料和绝缘成型件产品研发、生产和销售。 产品：绝缘板材、绝缘成型件、其他(补充),baostock+akshare
920039.BJ,XD国义招,A股,专业技术服务业,,招标代理服务、招标增值服务和工程咨询服务。 产品：招标代理服务、招标增值服务、招标代理服务收入、招标增值服务收入,baostock+akshare
920045.BJ,蘅东光,A股,计算机、通信和其他电子设备制造业,光芯片;光器件;光模块,光通信领域无源光器件产品的研发、制造与销售。 产品：无源光纤布线、无源内连光器件、配套及其他产品、光纤连接器、光纤柔性线路产品（Shuffle）、配线管理产品、直连铜缆产品、智能配线管理设备、多光纤并行无源内连光器件、PON光模块无源内连光器件、波分复用无源内连光器件、硅光无源内连光器件、光缆及连接器注塑类零部件产品、无源光器件、配套产品,baostock+akshare
920046.BJ,亿能电力,A股,电气机械和器材制造业,,电力系统与设备行业的设计、制造与服务。 产品：变压器、箱式变电站、高低压成套设备、抗雷圈、安装工程,baostock+akshare
920047.BJ,诺思兰德,A股,医药制造业,临床服务/CDMO,基因治疗药物、重组蛋白质类药物和眼科用药的研发、生产及销售。 产品：基因治疗药物、基因工程蛋白质类药物、眼科用药物、CMO业务、药品销售、CDMO及技术服务业务,baostock+akshare
920050.BJ,爱伦医疗,A股,医药制造业,,一次性医用耗材的研发、生产和销售。 产品：康复护理产品、手术感控产品、其他产品,baostock+akshare
920055.BJ,隆源股份,A股,汽车制造业,新能源车/储能,铝合金精密压铸件的研发、生产与销售。 产品：汽车发动机系统、新能源汽车三电系统、汽车转向系统、汽车热管理系统、其他汽车类零部件、通用机械类零部件、其他非汽车类零部件、涡轮增压器壳体和背板、尾气排放阀体、节气门壳体、EPS电机壳体和端盖、硅油离合器壳体、高压液体加热器壳体、电池水泵壳体、OBC箱体、电控多合一箱体、逆变器壳体、转子端板、新能源汽车域控制器部件、车灯散热片、高压清洗机配件、电动气钉枪配件、变速箱盖板、发动机盖板、铝合金零部件、其他(补充)、模具,baostock+akshare
920056.BJ,能之光,A股,橡胶和塑料制品业,,高分子助剂及功能高分子材料产品的研发、生产和销售。 产品：高分子助剂、功能高分子材料、其他(补充),baostock+akshare
920057.BJ,百甲科技,A股,金属制品业,,重型钢结构、轻型钢结构、钢网架、钢桁架、非标设备等钢结构制品的制造和加工，装配式钢结构建筑配套的PC构件和轻质高强新型内、外墙板的制造和加工，为客户提供屋顶分布式光伏电站、移动式光储一体化电站、工业钢结构建筑、装配式钢结构建筑研发、设计、加工、安装一体化解决方案。 产品：钢结构一体化解决方案、钢构件制造、其他(补充),baostock+akshare
920058.BJ,华洋赛车,A股,铁路、船舶、航空航天和其他运输设备制造业,,非道路越野运动摩托车的研发、生产和销售。 产品：两轮摩托车、全地形车、其他(补充),baostock+akshare
920060.BJ,万源通,A股,计算机、通信和其他电子设备制造业,,印刷电路板的研发、生产和销售。 产品：单面板、双面板、多层板,baostock+akshare
920061.BJ,西磁科技,A股,专用设备制造业,,磁力过滤设备和各种磁性应用组件的研发、设计、生产和销售。 产品：磁力过滤设备、磁选棒、吸重产品,baostock+akshare
920062.BJ,科润智控,A股,电气机械和器材制造业,,变压器、高低压成套开关设备、户外成套设备、电气元件及铜材的研发、制造和销售。 产品：变压器、高低压成套开关设备、户外成套设备、铜部件、废铜、电气元件、铜材,baostock+akshare
920066.BJ,科拜尔,A股,橡胶和塑料制品业,,改性塑料和色母料的研发、生产与销售。 产品：改性塑料、色母料、其他主营,baostock+akshare
920068.BJ,天工股份,A股,有色金属冶炼和压延加工业,,钛及钛合金材料的研发、生产与销售。 产品：线材、板材、管材、销售商品、销售材料及废料、提供劳务,baostock+akshare
920069.BJ,普昂医疗,A股,专用设备制造业,,糖尿病护理、通用给药输注、微创介入类医疗器械的研发、生产和销售。 产品：糖尿病护理类、通用给药输注类、微创介入类、胰岛素笔针(IPN)、安全胰岛素笔针系列、大平头胰岛素注射笔针(NPN)、一次性使用无菌胰岛素注射器(ISY)、一次性使用安全胰岛素注射器(MIS)、末梢采血针(BL)、安全末梢采血针(SL)、采血笔(LD)、无痛负压采血笔(ELD)、锐器收纳盒(SC)、安全注射针(SN/SHN)、常规类注射器、安全类注射器、安全静脉采血针、植入式给药装置专用针(SHU)、植入式给药装置专用针(非安全型)(RHU)、活检针、一次性活组织取样钳(EBF)、一次性使用电圈套器(ESN)、一次性使用细胞刷(ECB)、夹子装置(HRA)、一次性使用内镜抓钳(EGF)、一次性使用冷圈套器(ECS)、一次性内镜用注射针(EIN)、异物取出装置(网兜型)(ERN),baostock+akshare
920072.BJ,科莱瑞迪,A股,专用设备制造业,,肿瘤放射治疗中的放疗定位装置以及康复治疗中康复辅助器械的研发、生产和销售。 产品：放疗定位装置、康复辅助器械、其他产品,baostock+akshare
920075.BJ,柏星龙,A股,印刷和记录媒介复制业,,为酒类、化妆品、茶叶、食品、珠宝、奢侈品等中高端消费品客户提供“品牌策略规划、创意设计、技术研发、产品交付”四位一体专业化综合服务。 产品：产品包装业务、设计业务、文创潮玩、IP衍生品业务、其他(补充),baostock+akshare
920076.BJ,国亮新材,A股,非金属矿物制品业,,提供高温工业用耐火材料整体解决方案。 产品：定形耐火材料、不定形耐火材料、功能性耐火材料、钢包整体承包服务、中间包整体承包服务、铁水包整体承包服务、耐火材料整体承包、耐火材料直接销售、其他(补充),baostock+akshare
920077.BJ,吉林碳谷,A股,化学纤维制造业,,聚丙烯腈基碳纤维原丝的研发、生产和销售。 产品：碳纤维原丝、碳丝、其他,baostock+akshare
920078.BJ,族兴新材,A股,化学原料和化学制品制造业,,微细球形铝粉及其深加工产品铝颜料的研发、生产和销售。 产品：金属颜料产品、微细球型铝粉产品、其他(补充),baostock+akshare
920080.BJ,奥美森,A股,专用设备制造业,,智能生产设备及生产线的研发、设计、生产、销售。 产品：换热器生产智能设备、管路加工智能设备、其他定制智能设备、零部件、零部件及其他,baostock+akshare
920082.BJ,方正阀门,A股,通用设备制造业,,工业阀门的设计、制造和销售。 产品：主要阀门、球阀、闸阀、截止阀、止回阀、蝶阀、井口设备、其他,baostock+akshare
920083.BJ,金戈新材,A股,非金属矿物制品业,,功能性材料研发、生产和销售。 产品：导热粉体材料、阻燃粉体材料、吸波粉体材料、其他功能材料,baostock+akshare
920086.BJ,科马材料,A股,汽车制造业,,干式离合器摩擦片及湿式纸基摩擦片的研发、生产及销售。 产品：干式摩擦片、湿式纸基摩擦片、铜基摩擦片、其他(补充),baostock+akshare
920087.BJ,秋乐种业,A股,农、林、牧、渔专业及辅助性活动,,玉米、花生、小麦等农作物种子的研发、繁育、加工、推广、销售和技术服务。 产品：玉米种子、小麦种子、花生种子、粮食贸易、小麦粮食、其他种子,baostock+akshare
920088.BJ,科力股份,A股,开采专业及辅助性活动,,油田技术服务，油田专用化学品和油田专用设备的研发、生产与销售。 产品：技术服务、油气开发、产品销售,baostock+akshare
920089.BJ,禾昌聚合,A股,橡胶和塑料制品业,,改性塑料的研发、生产、销售。 产品：改性聚丙烯、其他改性塑料、塑料片材、改性塑料产品、其他(补充),baostock+akshare
920090.BJ,*ST同辉,A股,软件和信息技术服务业,,向教育、金融、港口、影院等各行业用户提供数智化场景解决方案及产品。 产品：数字视觉应用解决方案、商业显示产品、产品解决方案收入、产品销售收入,baostock+akshare
920091.BJ,大鹏工业,A股,专用设备制造业,机器人传感器,工业精密清洗装备、装备升级改造、机器视觉检测设备等专用智能装备，以及工业清洗剂、备件及服务等配套产品服务。 产品：专用智能装备、配套产品服务、工业精密清洗装备、机器视觉检测设备、工业清洗剂、备件及服务、装备升级改造,baostock+akshare
920092.BJ,汉鑫科技,A股,软件和信息技术服务业,,为政企客户提供基于人工智能技术的产品与解决方案，包括系统设计、系统开发、设备选型采购、实施调试以及运营维护等。 产品：“AI+工业视觉”解决方案、“AI+数字工厂”解决方案、“AI+数字员工”解决方案、云边一体化开发平台、智能网联云控平台、数字城市解决方案及建设、工业AI产品及解决方案、交通AI产品及解决方案,baostock+akshare
920096.BJ,嘉晨智能,A股,仪器仪表制造业,,电气控制系统产品及整体解决方案的研发、生产和销售。 产品：电机驱动控制系统、整机控制系统、车联网产品及应用、电气控制系统产品及整体解决方案、技术服务、其他(补充),baostock+akshare
920098.BJ,XD科隆新,A股,橡胶和塑料制品业,,液压组合密封件和液压软管等橡塑新材料产品的研发、生产和销售以及煤矿辅助运输设备的整车设计、生产、销售和维修。 产品：橡塑新材料产品、煤矿用辅助运输设备、维修服务、其他矿用配件,baostock+akshare
920099.BJ,瑞华技术,A股,专业技术服务业,,为化工企业提供基于化工工艺包技术的成套技术综合解决方案。 产品：工艺包及其他技术服务、技术许可、设备、催化剂、其他、化工工艺包、化工设备,baostock+akshare
920100.BJ,三协电机,A股,电气机械和器材制造业,伺服系统,控制类电机的研发、生产和销售。 产品：步进电机、无刷电机、伺服电机、减速机、伺服电机的全系列、多规格电机产品、驱动产品、其他业务,baostock+akshare
920101.BJ,志高机械,A股,专用设备制造业,,钻机及螺杆机产品的研发、生产、销售和服务。 产品：钻机、螺杆机、配件、配件及其他,baostock+akshare
920106.BJ,林泰新材,A股,汽车制造业,,自动变速器摩擦片研发、生产和销售。 产品：自动变速器摩擦片、自动变速器湿式纸基摩擦片、对偶片、湿式纸基摩擦片、其他,baostock+akshare
920108.BJ,宏海科技,A股,电气机械和器材制造业,,空调结构件、热交换器、显示类结构件等家用电器配件产品的研发、设计、制造和销售。 产品：空调结构件、热交换器、显示类结构件、注塑件,baostock+akshare
920110.BJ,雷特科技,A股,计算机、通信和其他电子设备制造业,,智能电源、LED控制器产品的研发、生产及销售。 产品：LED控制器、智能电源、智能家居,baostock+akshare
920111.BJ,聚星科技,A股,电气机械和器材制造业,,电接触产品的研发、生产和销售。 产品：电触头、电接触元件、电接触材料、铆钉型电触头、片状电触头、铆接元件、焊接元件、电器配件、冲压件、线材、带材,baostock+akshare
920112.BJ,巴兰仕,A股,专用设备制造业,,举升机、拆胎机、平衡机、汽车养护设备等汽车维修保养设备及工具的研发、生产和销售。 产品：拆胎机、平衡机、举升机、汽车养护设备、汽车维修保养设备及工具、其他(补充),baostock+akshare
920116.BJ,星图测控,A股,软件和信息技术服务业,机器人本体/集成,航天测控管理、航天数字仿真、太空态势感知、卫星在轨服务。 产品：技术开发与服务、软件销售、测控地面系统建设、系统集成、洞察者系列产品,baostock+akshare
920118.BJ,太湖远大,A股,橡胶和塑料制品业,,环保型线缆用高分子材料研发、制造、销售、服务。 产品：交联聚乙烯电缆料、低烟无卤电缆料、屏蔽料、硅烷交联聚乙烯电缆料、化学交联聚乙烯电缆料、硅烷交联、化学交联,baostock+akshare
920119.BJ,美德乐,A股,通用设备制造业,机器人应用,智能制造装备的研发、设计、制造和销售业务。 产品：模块化输送系统、高精度输送系统、通用输送系统、工业组件、其中:模块化输送系统-高精度输送系统、其中:模块化输送系统-通用输送系统,baostock+akshare
920121.BJ,江天科技,A股,印刷和记录媒介复制业,,标签印刷产品的研发、生产与销售。 产品：薄膜类不干胶标签、纸张类不干胶标签、其他印刷产品、凸印标签、胶印标签、凹印标签、柔印标签、公司组合印刷标签,baostock+akshare
920122.BJ,XD中纺标,A股,专业技术服务业,,纺织及轻工产品的检验检测和认证服务、纺织仪器检定校准以及试验用耗材销售等。 产品：检测业务、耗材销售、其他技术服务,baostock+akshare
920123.BJ,芭薇股份,A股,化学原料和化学制品制造业,,化妆品的研发、生产、销售及检测。 产品：护肤品（除面膜）、面膜、彩妆及其他、洗护、检测、护肤品(除面膜),baostock+akshare
920124.BJ,南特科技,A股,通用设备制造业,,精密机械零部件的研发、生产及销售。 产品：压缩机零部件、汽车零部件、精密件、加工服务、金属铸件,baostock+akshare
920125.BJ,鸿仕达,A股,专用设备制造业,半导体设备;电芯;新能源车/储能,智能自动化设备、智能柔性生产线、配件及耗材等产品的研发、生产与销售。 产品：智能自动化设备、智能柔性生产线、配件及耗材、高速在线式贴装设备、高精度智能FPC贴装设备、高速在线式点胶设备、喷码设备、镭雕设备、定板/植板设备、炉前/炉后压拆盖设备、吸嘴搬运检测存取设备、离子清洗设备、智能光学检测设备、智能功能检测设备、SMT自动化生产线、声学部件组装产线、消费电子振动马达组装产线、消费电子锂电池组装产线、新能源汽车充电机智能装配生产线、储能电池包生产线、模切材料、智能自动化设备(线)、其他(补充),baostock+akshare
920126.BJ,永大股份,A股,专用设备制造业,,压力容器的研发、设计、制造、销售及相关技术服务。 产品：反应压力容器、换热压力容器、分离压力容器、储存压力容器、技术服务、压力容器、零部件销售及其他、销售废料,baostock+akshare
920128.BJ,胜业电气,A股,电气机械和器材制造业,,薄膜电容器、电能质量治理配套产品的研发、生产及销售。 产品：薄膜电容器、电能质量治理配套产品、其他(补充),baostock+akshare
920130.BJ,立方控股,A股,软件和信息技术服务业,,出入口控制与管理产品的研发、生产和销售。 产品：智慧停车系统、停车运营服务、智慧门禁系统、安全应急系统,baostock+akshare
920132.BJ,泰鹏智能,A股,家具制造业,,庭院帐篷及其他户外休闲家具用品设计、研发、生产和销售。 产品：硬顶帐篷、软顶帐篷、PC帐篷、其他,baostock+akshare
920139.BJ,华岭股份,A股,计算机、通信和其他电子设备制造业,,专业集成电路测试。 产品：测试技术研究、测试软硬件开发、测试装备研制、测试验证分析、晶圆测试、集成电路成品测试、系统级测试、可靠性试验、自有设备租赁、测试服务、测试部件销售、其他(补充),baostock+akshare
920145.BJ,恒合股份,A股,仪器仪表制造业,,挥发性有机化合物（VOCs）综合治理与监测服务，为客户提供设计、研发、生产、集成、安装调试、数据分析、第三方检测及运维等服务及一体化解决方案。 产品：油气回收在线监测系统、加油站油气处理装置、储油库油气处理装置、储油库油气回收在线监测、气相色谱仪等检测仪器仪表、智网监测平台、陶瓷压力传感器及核心芯体、油气回收治理设备、陶瓷电容压力芯体,baostock+akshare
920146.BJ,华阳变速,A股,汽车制造业,,汽车变速系统零部件、动力系统箱体、新能源系列电控箱等铝合金精铸、铝合金压铸件的研发、生产和销售。 产品：变速器操纵机构、变速器箱体、新能源箱体、其他部件、铝锭、其他,baostock+akshare
920149.BJ,旭杰科技,A股,专业技术服务业,机器人本体/集成,分布式光伏电站系统集成业务及建筑装配化全过程服务。 产品：分布式光伏电站系统集成业务、建筑装配化全过程服务、其中:建筑装配化全过程服务-装配式产品销售、其中:分布式光伏电站系统集成业务-分布式光伏电站转售业务、其中:分布式光伏电站系统集成业务-分布式光伏电站投资运营业务,baostock+akshare
920152.BJ,昆工科技,A股,专用设备制造业,,有色金属新材料、新型储能材料及产品的研发、产品设计、加工制造、产品销售和技术服务。 产品：高效节能降耗栅栏型铝基铅合金复合材料阳极、铜电解精炼或电积用不锈钢阴极、锌电积用高性能铝合金阴极、阳极板、阴极板、其他(补充),baostock+akshare
920156.BJ,海昌智能,A股,专用设备制造业,,高性能线束装备的研发、生产和销售。 产品：设备及设备备件、模具及模具备件、信息系统、其他,baostock+akshare
920158.BJ,长江能科,A股,专用设备制造业,,能源化工专用设备的研发、设计、制造和销售。 产品：电脱设备、分离设备、换热设备、氢能设备、电脱盐、电脱水设备、其他能源化工设备、石化助剂产品及技术服务,baostock+akshare
920159.BJ,农大科技,A股,化学原料和化学制品制造业,,新型肥料及新型肥料中间体的研发、生产、销售和技术服务。 产品：新型肥料、新型肥料中间体、普通肥料,baostock+akshare
920160.BJ,北矿检测,A股,专业技术服务业,,检验检测业务以及仪器研发、生产、销售和技术服务业务。 产品：检验检测业务、仪器业务、其他、其他(补充),baostock+akshare
920161.BJ,龙辰科技,A股,计算机、通信和其他电子设备制造业,,薄膜电容器专用电子薄膜(包括金属化膜和基膜)材料的研发、生产和销售。 产品：电容器专用电子薄膜、塑料粒子、其他、基膜、金属化膜、切边膜及其他,baostock+akshare
920163.BJ,方大新材,A股,橡胶和塑料制品业,,高分子复合材料、自粘信息记录材料等新材料的科技创新与研发。 产品：不干胶材料、可变信息标签、背胶袋、制袋系列,baostock+akshare
920166.BJ,海圣医疗,A股,专用设备制造业,,麻醉、监护领域医疗器械研发、生产和销售。 产品：麻醉类耗材、监护类耗材、手术护理类耗材,baostock+akshare
920167.BJ,同享科技,A股,电气机械和器材制造业,,高性能光伏焊带产品的研发、生产和销售。 产品：互连焊带、汇流焊带、PC阻燃膜、其他(补充),baostock+akshare
920168.BJ,通宝光电,A股,汽车制造业,,汽车照明系统、电子控制系统、能源管理系统等汽车电子零部件的研发、生产和销售。 产品：汽车照明系统、能源管理系统、电子控制系统,baostock+akshare
920169.BJ,七丰精工,A股,通用设备制造业,,紧固件产品的研发、生产和销售。 产品：紧固件、高精密螺栓组件、高强度、耐低温螺栓、自锁螺母、其他,baostock+akshare
920171.BJ,志晟信息,A股,软件和信息技术服务业,机器人本体/集成,信息化项目方案设计、软件研发、网络安全、系统集成、运营服务等。 产品：智慧城市业务、运维及服务业务、硬件销售业务,baostock+akshare
920174.BJ,五新智能,A股,专用设备制造业,,隧道施工与矿山开采智能装备的研发设计、生产、销售及服务。 产品：主机、后市场、其他,baostock+akshare
920175.BJ,东方碳素,A股,非金属矿物制品业,,特种石墨研发、生产与销售。 产品：石墨产品、受托加工、石墨产品销售、其他(补充),baostock+akshare
920177.BJ,恒道科技,A股,专用设备制造业,,注塑模具热流道系统及相关部件研发、设计、生产与销售。 产品：热流道系统、控制器、其他、其他(补充),baostock+akshare
920178.BJ,锐翔智能,A股,专用设备制造业,机器人应用,智能制造装备的研发设计、生产和销售。 产品：智能制造装备销售、配件销售、智能制造装备租赁、技术服务、材料销售,baostock+akshare
920179.BJ,凯德石英,A股,非金属矿物制品业,,石英仪器、石英管道、石英舟等石英玻璃制品的生产、研发和销售。 产品：半导体集成电路芯片用石英产品、光伏太阳能行业用石英产品、其他行业用石英产品,baostock+akshare
920180.BJ,爱得科技,A股,专用设备制造业,,以骨科耗材为主的医疗器械的研发、生产与销售。 产品：脊柱类、创伤类、运动医学等骨科医用耗材、创面修复产品、制造类产品、其中:创伤类产品、其中:脊柱类产品、其中:创面修复类产品、其中:运动医学类产品,baostock+akshare
920181.BJ,赛英电子,A股,电气机械和器材制造业,,陶瓷管壳和封装散热基板等功率半导体器件关键部件研发、制造和销售。 产品：陶瓷管壳及配件、封装散热基板、其他(补充),baostock+akshare
920183.BJ,海菲曼,A股,计算机、通信和其他电子设备制造业,,自主品牌“HIFIMAN”终端电声产品的设计、研发、生产和销售。 产品：头戴式耳机、真无线耳机、入耳式耳机、播放设备、其他产品及配件、其他,baostock+akshare
920184.BJ,国源科技,A股,软件和信息技术服务业,,提供地理信息数据工程、行业应用软件开发和空间信息应用服务等业务。 产品：地理信息数据工程、行业应用软件开发、空间信息应用服务,baostock+akshare
920185.BJ,贝特瑞,A股,计算机、通信和其他电子设备制造业,锂电材料;电芯,锂离子电池负极材料、正极材料及先进新材料的研发、生产和销售。 产品：人造石墨负极材料、天然石墨负极材料、硅基负极材料、镍钴锰（铝）酸锂三元正极材料、负极材料、正极材料、其他品种,baostock+akshare
920186.BJ,中科仪,A股,通用设备制造业,,干式真空泵和真空科学仪器设备的研发、生产、销售并提供相关技术服务。 产品：干式真空泵、真空科学仪器设备、维修及维护等服务、零部件及其他产品销售,baostock+akshare
920187.BJ,通领科技,A股,汽车制造业,,生产和销售汽车门板饰条、主仪表饰板、中控制台等汽车内饰件，模具的设计和销售，从事货物及技术的进出口业务等。 产品：汽车内饰件、模具、门板饰条、主仪表饰板、中控饰板、组合仪表盖板、座椅背板饰面、小桌板饰面、方向盘饰件、开关面板、车标、注塑件、吸塑模具、冲切模具、注塑模具、汽车内饰件等收入、其他(补充),baostock+akshare
920188.BJ,悦龙科技,A股,橡胶和塑料制品业,,流体输送柔性管道的研发、生产和销售。 产品：海洋工程柔性软管、陆地石油天然气柔性软管、工业用特种软管,baostock+akshare
920190.BJ,雷神科技,A股,计算机、通信和其他电子设备制造业,交换机/服务器,以电竞笔记本、电竞台式机、电竞显示器、外设周边四大产品阵列为主的电竞全场景硬件装备解决方案。 产品：PC产品、外设周边、信创产品、ZERO18Pro系列笔记本、猎刃15S2025系列笔记本、曙光16pro2025系列笔记本、MIX高性能游戏迷你主机、MiniGTS迷你主机、ML9MINI8K竞技版、F1系列游戏手柄、AuraAR智能眼镜、AuraAI智能拍摄眼镜、AuraAI智能音频眼镜、博越G46系列笔记本、博越LX系列台式机、雷神博越海光服务器、笔记本、其他(补充)、周边外设及、台式机及服务器,baostock+akshare
920191.BJ,瑞尔竞达,A股,非金属矿物制品业,,炼铁高炉高效、长寿、节能、绿色、环保等技术与所需耐火材料的研发、生产和销售。 产品：高炉功能性消耗材料、高炉本体内衬、智慧主沟、其它不定形耐火制品、①高炉功能性消耗材料、②高炉本体内衬、④其它不定形耐火制品,baostock+akshare
920195.BJ,三祥科技,A股,橡胶和塑料制品业,,车用胶管及其总成的研发、生产和销售。 产品：总成产品、胶管产品、其他产品、其他业务、其他(补充),baostock+akshare
920198.BJ,微创光电,A股,计算机、通信和其他电子设备制造业,机器人本体/集成,为高速公路行业提供交通监控信息化产品及服务的解决方案。 产品：视频监控信息化产品、智能视频应用产品、智能交通解决方案、系统集成、技术服务,baostock+akshare
920199.BJ,倍益康,A股,计算机、通信和其他电子设备制造业,,智能康复设备的制造、研发、生产、销售及服务。 产品：康复医疗产品、康复科技产品、塑胶制品及模具,baostock+akshare
920200.BJ,振宏股份,A股,金属制品业,,锻造风电主轴和其他大型金属锻件的研发、生产和销售。 产品：锻件、板材、受托加工、其他(补充),baostock+akshare
920204.BJ,沪江材料,A股,橡胶和塑料制品业,,复合材料、塑料包装制品的研发、生产和销售。 产品：铝塑复合重包袋、铝塑复合内袋、PE重包袋、PE内袋、功能性膜,baostock+akshare
920206.BJ,彩客科技,A股,化学原料和化学制品制造业,SSD/存储模组,高性能有机颜料中间体、食品添加剂中间体及新材料聚合单体的研发、生产及销售。 产品：高性能有机颜料中间体、光稳定剂中间体、食品添加剂中间体、DMS、DMSS、DATA、DMAS、高性能有机颜料中间体及光稳定剂中间体、其他,baostock+akshare
920207.BJ,众诚科技,A股,软件和信息技术服务业,,数字化综合解决方案及相关服务。 产品：数字化解决方案、信息技术服务、信息设备销售,baostock+akshare
920208.BJ,青矩技术,A股,专业技术服务业,,工程造价咨询、工程财务咨询、工程管理咨询、工程招标代理、工程项目管理、系统开发与集成等业务。 产品：全过程工程咨询、工程管理科技服务、房屋租赁等其他服务、其他(补充),baostock+akshare
920211.BJ,新睿电子,A股,仪器仪表制造业,伺服系统;机器人本体/集成,工业机器人控制系统及部件、伺服系统及部件的研发、生产和销售。 产品：工业机器人控制系统、伺服系统及部件、工业机器人成套控制系统、工业机器人驱控一体控制系统、工业机器人控制系统单机、工业机器人控制系统及部件、伺服系统类、其他组件,baostock+akshare
920212.BJ,智新电子,A股,计算机、通信和其他电子设备制造业,,连接器及线缆组件、精密注塑及冲压组件等产品的设计、生产及销售。 产品：消费电子类连接器线缆组件、汽车及新能源类连接器线缆组件、贸易、0EM业务、主营业务-消费电子类连接器线缆组件、主营业务-汽车及新能源类连接器线缆组件、主营业务-贸易及其他,baostock+akshare
920218.BJ,新天力,A股,橡胶和塑料制品业,,食品容器的研发、生产和销售。 产品：塑料食品容器、纸制食品容器、销售收入、其他(补充)、其中:废料,baostock+akshare
920220.BJ,朗信电气,A股,汽车制造业,,汽车热管理零部件产品的研发、生产及销售。 产品：电机总成、电子风扇、电子水泵、空调鼓风机、汽车热管理零部件产品、其他收入,baostock+akshare
920221.BJ,易实精密,A股,汽车制造业,新能源车/储能,汽车精密金属零部件的研发、生产、销售。 产品：高压接线柱、屏蔽罩、空气悬架用扣押环、支撑环、电磁阀壳体、各类嵌件、衬套、新能源汽车零部件、传统燃油汽车零部件、通用汽车零部件、其他(补充),baostock+akshare
920222.BJ,N益坤,A股,电气机械和器材制造业,,轨道交通和电力系统领域绝缘、过电压保护设备及在线监测综合解决方案等产品的研发、生产及销售。 产品：避雷器、绝缘子、熔断器及组件、在线监测装置及系统,baostock+akshare
920223.BJ,荣亿精密,A股,通用设备制造业,,紧固件、连接件、结构件等精密零部件的研发、制造和销售。 产品：3C类、汽车类、其他类、紧固件、连接件、结构件等精密零部件,baostock+akshare
920225.BJ,利通科技,A股,橡胶和塑料制品业,,橡胶软管及总成的研发、生产和销售。 产品：流体板块、高分子材料板块、超高压装备及服务板块、液压软管及总成、石油钻采软管及总成、橡塑复合工业软管及总成、超高压树脂软管及总成、流体连接件、混炼胶、改性及再生颗粒、橡胶制品、超高压食品灭菌设备、市政地下管网综合治理服务、液压管总成及配套管件、工业管总成及配套管件、高分子材料,baostock+akshare
920227.BJ,美登科技,A股,软件和信息技术服务业,,向电商商家提供SaaS软件等增值服务。 产品：SaaS服务、电商客服外包、短信包、阿里云-云码,baostock+akshare
920230.BJ,欧康医药,A股,医药制造业,,植物提取物的研发、生产和销售。 产品：槐米类、枳实类、综合类植物提取物、槲皮素、酶处理异槲皮苷、水溶性槲皮素、芦丁、EP芦丁、葡糖基芦丁、槐米粉、鼠李糖、地奥司明、新甲基橙皮苷二氢查耳酮、柑橘黄酮、橙皮苷、黄连素、枳实系列、槐米系列、综合系列,baostock+akshare
920237.BJ,力佳科技,A股,电气机械和器材制造业,,锂微型电源研究、开发、制造与销售。 产品：锂锰(CR系列)扣式微型电源、可充(ML系列)扣式微型电源、锂氟化碳(BR系列)扣式微型电源、超级锂离子电容电池(LSC系列)、锂锰软包微型电源、锂锰柱式微型电源,baostock+akshare
920239.BJ,长虹能源,A股,电气机械和器材制造业,电芯,全系列碱性电池、圆柱形高倍率锂电池和聚合物锂离子电池的研发、制造和销售。 产品：碱电、碳电、高倍率锂电、聚合物锂电,baostock+akshare
920242.BJ,建邦科技,A股,商务服务业,,汽车后市场非易损零部件及其周边产品的开发、设计与销售，同时为客户提供整套完善的供应链管理服务。 产品：传动系统、转向系统、电子电气系统、汽车电子、制动系统、发动系统、车身仪表照明及附属装置,baostock+akshare
920245.BJ,威博液压,A股,通用设备制造业,,液压动力单元及核心部件的研发、生产和销售。 产品：动力单元、零部件、其他(补充),baostock+akshare
920247.BJ,华密新材,A股,橡胶和塑料制品业,,橡塑材料及其制品研发、生产与销售。 产品：橡塑材料、橡塑制品、特种橡胶混炼胶、其他,baostock+akshare
920249.BJ,利尔达,A股,批发业,,IC增值分销业务和物联网模块及物联网系统解决方案的研发、生产和销售。 产品：IC增值分销、物联网模块及系统解决方案、技术服务及其他,baostock+akshare
920252.BJ,天宏锂电,A股,电气机械和器材制造业,,锂电池模组的研发、设计、组装及销售。 产品：电池组、其他业务、动力型锂电池模组、储能型锂电池模组、其他(补充),baostock+akshare
920260.BJ,中寰股份,A股,仪器仪表制造业,,阀门执行机构，井口安全控制系统和撬装设备的设计，研发，生产及销售。 产品：阀门执行机构、井口安全控制系统、橇装设备、零部件销售、其他,baostock+akshare
920261.BJ,一诺威,A股,化学原料和化学制品制造业,,聚氨酯原材料及EO、PO其他下游衍生物系列产品的研发、生产与销售。 产品：聚氨酯弹性体、聚酯多元醇、聚醚多元醇（PPG）、聚氨酯组合聚醚、EO、PO其他下游衍生精细化工材料、工程施工、原材料销售、聚酯多元醇、聚醚多元醇(PPG)及聚氨酯组合聚醚、其他(补充),baostock+akshare
920262.BJ,太湖雪,A股,纺织业,,蚕丝被、床品套件、丝绸饰品和丝绸服饰的研发、生产与销售。 产品：蚕丝被、床品套件、丝绸饰品、丝绸服饰,baostock+akshare
920263.BJ,中航泰达,A股,生态保护和环境治理业,,为冶金、电力、化工、焦化等工业企业提供全流程的节能减排服务。 产品：建造项目、运营项目、其他业务、循环经济业务,baostock+akshare
920266.BJ,生物谷,A股,医药制造业,,现代中药研究、生产、销售。 产品：灯盏生脉胶囊、灯盏细辛注射液、其他产品,baostock+akshare
920267.BJ,鑫汇科,A股,计算机、通信和其他电子设备制造业,,智能控制器、小家电的研发、生产和销售。 产品：智能控制技术及其产品应用、半导体元件分销、其他(补充),baostock+akshare
920270.BJ,天铭科技,A股,通用设备制造业,,绞盘、电动踏板、车载空压机、车身改装件等以越野及户外出行场景为主的汽车改装装备及配件的设计、研发、生产和销售。 产品：绞盘、电动踏板、车载空压机、车身改装件、越野主产品、其他辅件产品,baostock+akshare
920271.BJ,邦德股份,A股,汽车制造业,,热交换器相关产品研发、生产及销售。 产品：冷凝器、油冷器、散热器、零部件及其他、其他(补充),baostock+akshare
920273.BJ,一致魔芋,A股,食品制造业,,魔芋精深加工以及魔芋相关产品的研发、生产和销售。 产品：魔芋粉、魔芋食品、魔芋亲水胶体、魔芋膳食纤维、魔芋休闲食品、魔芋预制食材、魔芋茶饮小料、其他,baostock+akshare
920274.BJ,宏裕包材,A股,橡胶和塑料制品业,,彩印复合包材产品、注塑产品、吹膜产品和新材料产品的研发、生产、销售。 产品：彩印复合包材产品、注塑产品、吹膜产品、新材料产品、彩印、注塑、新材料,baostock+akshare
920275.BJ,驱动力,A股,农副食品加工业,,提高动物造血能力的添加剂预混合饲料的研发、生产、销售以及饲料原料、饲料的研发、生产、销售。 产品：造血类产品、其他产品、牲血速、牲血素、牲血旺、牲血乐、赐尔健、膘无忧、牲血多仔康、蛋多靓、血氧康、牲血宝、谷净、谷净3号、拜猪安、拜禽安、维补安、诱食元、牛羊壮、新喜酚、牲血乳、奶牛康乐、血健、富血氧、造血2、造血3,baostock+akshare
920278.BJ,鹿得医疗,A股,专用设备制造业,,以家用医疗器械为主的医疗器械及保健护理产品的研发、生产和销售。 产品：医疗器械、医疗配件、家用电子产品、家用电子配件、机械血压表、听诊器、雾化器、电子血压计、冲牙器、配件、贸易经营产品、心脑血管监测类产品、呼吸治疗类产品、贸易类产品,baostock+akshare
920284.BJ,灵鸽科技,A股,专用设备制造业,锂电材料,计量配料、混合及输送等自动化物料处理系统设备的研发、生产和销售。 产品：锂电池双螺杆连续制浆系统、锂电池正负极材料产线、锂电池固态电解质材料产线、橡塑食化中央供料系统、称重计量配混系统、气体输送系统、智能微量配料系统、拆包机、上料设备、失重式计量喂料机、智能固体流量计、切粒粉碎设备、混合搅拌设备、包装机、自动化物料处理系统、单机设备、配件及服务,baostock+akshare
920299.BJ,灿能电力,A股,仪器仪表制造业,,从事电能质量监测设备及系统的研发、生产及销售，提供电能质量测试评估等技术服务。 产品：电能质量监测装置、电能质量监测系统、技术服务、商品销售收入、技术服务收入,baostock+akshare
920300.BJ,辰光医疗,A股,专用设备制造业,,医学影像超导MRI设备及其核心硬件、科研领域特种磁体的研发、生产和销售。 产品：MRI系统、超导磁体、射频探测器、MRI系统其他硬件、MRI系统配件、技术服务、MRI配件,baostock+akshare
920304.BJ,迪尔化工,A股,化学原料和化学制品制造业,,硝酸、硝酸钾及硝酸镁生产和销售。 产品：硝酸、硝酸钾、熔盐、硝酸镁,baostock+akshare
920305.BJ,*ST云创,A股,软件和信息技术服务业,,大数据信息智能存储处理基础技术产品与应用系统的开发、运营、销售以及相关技术服务。 产品：大数据智能处理、大数据存储、其他(补充),baostock+akshare
920339.BJ,恒太照明,A股,电气机械和器材制造业,,LED照明产品生产、研发及销售。 产品：灯具销售、其他(补充),baostock+akshare
920344.BJ,三元基因,A股,医药制造业,,生物医药的研究、开发、生产和销售。 产品：注射用人干扰素α1b粉针剂、人干扰素α1b注射液、人干扰素α1b滴眼液、重组人干扰素α1b喷雾剂、运德素、其他(补充),baostock+akshare
920346.BJ,威贸电子,A股,计算机、通信和其他电子设备制造业,PCB,提供含电线、线束组件、注塑结构件、PCBA、线圈的一站式整体解决方案。 产品：线束组件、注塑集成件、其他、电线、注塑结构件、PCBA、线圈、其他主营业务,baostock+akshare
920351.BJ,华光源海,A股,多式联运和运输代理业,,国际物流代理服务、航运服务、国内公路物流服务。 产品：代理、航运、公路运输服务、代理收入、航运收入,baostock+akshare
920357.BJ,雅葆轩,A股,计算机、通信和其他电子设备制造业,PCB,专注于电子产品研发、生产和销售，主要为客户提供专业的PCBA电子制造服务。 产品：消费电子、工业控制、汽车电子,baostock+akshare
920363.BJ,莱赛激光,A股,仪器仪表制造业,,激光测量与智能定位领域产品的研发、生产和销售。 产品：建筑激光定位、工程激光智能定位、激光测量与传感、其他产品,baostock+akshare
920367.BJ,新赣江,A股,医药制造业,,原料药、化学药品制剂以及中成药的研发、生产与销售。 产品：原料药、制剂药、中成药、贸易类、葡萄糖酸钙、葡萄糖酸锌,baostock+akshare
920368.BJ,连城数控,A股,专用设备制造业,半导体设备,光伏及半导体设备的研发、生产和销售。 产品：晶体生长及加工设备、电池片及组件设备、其他配套设备、辅材、其他(补充),baostock+akshare
920370.BJ,新安洁,A股,公共设施管理业,机器人本体/集成,为客户提供环境管理、再生资源利用、特殊物业管理、环卫设备租赁、企业管理咨询、技术咨询服务、航空地面服务、油基岩屑资源化处置、钢渣等固体废物资源化利用等。 产品：环卫、可回收物分拣、航空地服、城乡道路及社区生活垃圾经营性清扫保洁、收集、生活垃圾分类、生活垃圾（含餐厨垃圾）经营性运输、可回收物分拣及销售、再生资源利用、油基岩屑资源化处置、钢渣等固体废物资源化利用、城市园林绿化管护、物业管理、清洁服务、公厕管理、水域清漂、疏浚清掏、清洁设备及用品的技术开发、技术转让、大数据服务、人工智能行业应用系统集成服务、信息系统运行维护服务、智能控制系统集成、航空地面服务,baostock+akshare
920371.BJ,欧福蛋业,A股,农副食品加工业,,蛋制品研发、生产与销售。 产品：蛋液类、蛋粉类、预制品类、其他、蛋液、蛋粉、各类预制蛋品,baostock+akshare
920374.BJ,云里物里,A股,计算机、通信和其他电子设备制造业,,蓝牙传感器、物联网模组、物联网网关等智能硬件产品以及搭载物联网云平台系统的电子标签产品的研发、生产和销售。 产品：蓝牙传感器、物联网模组、电子标签、物联网网关、其他、电子标签等物联网智能硬件终端,baostock+akshare
920375.BJ,派诺科技,A股,软件和信息技术服务业,数据中心/云厂商;新能源车/储能,为大型建筑、数据中心、金融、医院、交通枢纽、工业园区等电力用户侧客户提供能源物联网产品及能源数字化解决方案。 产品：能源物联网产品、能源数字化解决方案、智能电力产品、新能源汽车充电设备及系统、用电与能源管理系统、能源数字化服务、充电设备及系统、智能电力测控产品、储能设备及系统,baostock+akshare
920378.BJ,泰德股份,A股,汽车制造业,,汽车轴承研发、生产、销售。 产品：发动机辅助动力系统系列轴承、新能源轴承、工程机械配件,baostock+akshare
920392.BJ,佳合科技,A股,造纸和纸制品业,,纸质包装与展示产品的研发、设计、生产和销售。 产品：水印、彩印、纸板、其他,baostock+akshare
920394.BJ,民士达,A股,纺织业,,芳纶纸及其衍生产品的制造和销售。 产品：芳纶纸、复合材料、其他(补充),baostock+akshare
920395.BJ,朗鸿科技,A股,计算机、通信和其他电子设备制造业,,电子设备防盗展示产品的研发、生产和销售。 产品：防盗器、其他(补充),baostock+akshare
920396.BJ,XD常辅股,A股,仪器仪表制造业,,阀门执行机构的研发、生产与销售。 产品：普通产品、智能型产品、核电产品、配件销售及其他,baostock+akshare
920402.BJ,硅烷科技,A股,化学原料和化学制品制造业,,氢硅材料产品研发、生产、销售和技术服务。 产品：氢硅材料产品、氢气（包括工业氢和高纯氢）、电子级硅烷气、气体及危化品收入、技术服务收入及其他,baostock+akshare
920403.BJ,康农种业,A股,农业,,杂交玉米种子的研发、生产和销售。 产品：玉米杂交种子、魔芋种子、中药材种苗、其他(补充),baostock+akshare
920405.BJ,海希通讯,A股,仪器仪表制造业,,工业无线控制设备的研发、制造、组装、销售和服务。 产品：工业无线控制设备、储能业务、无线工业遥控器、仓储自动化软件,baostock+akshare
920407.BJ,驰诚股份,A股,仪器仪表制造业,,气体环境安全监测产品及其系统研发、制造与销售。 产品：气体环境安全监测领域的智能仪器仪表、报警控制系统及配套、智能传感器、智能仪器仪表,baostock+akshare
920414.BJ,欧普泰,A股,专用设备制造业,,光伏检测方案的设计及其配套设备、软件的研发、生产和销售。 产品：光伏检测设备、配件、升级改造、电站、配件及升级改造,baostock+akshare
920415.BJ,恒拓开源,A股,软件和信息技术服务业,机器人本体/集成,航空板块和其他行业板块。 产品：软件开发及技术服务、系统集成及其服务、运维服务,baostock+akshare
920418.BJ,苏轴股份,A股,通用设备制造业,,滚针轴承及滚动体的研发、生产及销售。 产品：轴承产品、滚动体、其他(补充),baostock+akshare
920419.BJ,路斯股份,A股,农副食品加工业,,宠物食品的研发、生产和销售。 产品：肉干产品、罐头产品、饼干产品、洁齿骨产品、主粮产品、肉骨粉、肉粉产品,baostock+akshare
920422.BJ,润普食品,A股,食品制造业,,食品添加剂的研发、生产和销售。 产品：钙盐、钾盐、钠盐、其他产品、受托加工、山梨酸钾、丙酸钙,baostock+akshare
920425.BJ,乐创技术,A股,软件和信息技术服务业,,工业运动控制系统产品研发、生产和销售。 产品：点胶控制系统、通用运动控制器、驱动器、其他产品,baostock+akshare
920427.BJ,华维设计,A股,专业技术服务业,,工程设计及其延伸业务服务。 产品：勘察设计、规划咨询、砂石贸易、集成电路封测,baostock+akshare
920429.BJ,康比特,A股,食品制造业,,运动营养、健康营养食品研发与制造、数字化体育科技服务。 产品：运动营养食品、健康营养食品、数字化体育科技产品、受托加工业务,baostock+akshare
920433.BJ,大唐药业,A股,医药制造业,,药品研发、生产和销售。 产品：外用制剂、口服制剂、其他、其他(补充),baostock+akshare
920436.BJ,大地电气,A股,汽车制造业,,汽车线束及相关零部件的技术研发、产品制造和技术服务。 产品：商用车线束、乘用车线束、其他线束、其他产品、其他(补充),baostock+akshare
920438.BJ,戈碧迦,A股,非金属矿物制品业,,光学玻璃及特种功能玻璃材料研发、制造和销售。 产品：光学玻璃、特种功能玻璃、冕牌玻璃、火石玻璃、镧系玻璃、磷酸盐玻璃、纳米微晶玻璃、防辐射玻璃、耐高温高压玻璃、受托加工收入,baostock+akshare
920445.BJ,龙竹科技,A股,家具制造业,,竹基新材料研发、产品设计、生产及销售。 产品：普竹系列、竹基新材料系列、餐具、家具、收纳置物、园艺、其他、其中:普竹系列-收纳置物、其中:普竹系列-家具、其中:普竹系列-餐具,baostock+akshare
920454.BJ,同心传动,A股,汽车制造业,,非等速传动轴及相关零部件的研发、生产和销售。 产品：轻型传动轴、中型传动轴、重型传动轴、传动轴配件、贸易、其他(补充),baostock+akshare
920455.BJ,汇隆活塞,A股,通用设备制造业,,船用柴油机活塞、铁路机车内燃机活塞、天然气压缩机发动机活塞和各品种内燃机缸套等产品的销售。 产品：活塞产品销售、活塞检修加工、缸套产品销售、缸套检修加工、其他产品销售、船用柴油机活塞、铁路机车内燃机活塞、天然气压缩机发动机活塞和各品种内燃机缸套,baostock+akshare
920469.BJ,富恒新材,A股,橡胶和塑料制品业,,改性塑料的研发、生产、销售与服务。 产品：苯乙烯类产品、改性工程塑料类产品、聚烯烃类产品、改性工程塑料类、苯乙烯类、聚烯烃类,baostock+akshare
920471.BJ,美邦科技,A股,化学原料和化学制品制造业,,四氢呋喃、甲苯氧化系列产品等绿色技术产业化产品的研发、生产和销售。 产品：精细化工产品、绿色发展解决方案、四氢呋喃、甲苯氧化系列产品、其他(补充)、解决方案,baostock+akshare
920475.BJ,三友科技,A股,专用设备制造业,,有色金属湿法冶金的新装备、新材料的应用研究以及专用设备的开发制造。 产品：阴极板、机组设备、其他产品、其他(补充),baostock+akshare
920476.BJ,海能技术,A股,仪器仪表制造业,,科学仪器及分析方法研发、生产、销售。 产品：科学仪器-有机元素分析系列产品、科学仪器-色谱光谱系列产品、科学仪器-样品前处理系列产品、科学仪器-通用仪器系列产品、维修服务及技术服务、原材料及耗材,baostock+akshare
920478.BJ,峆一药业,A股,医药制造业,,高级医药中间体、特色原料药及相关产品的研发、生产与销售。 产品：抗过敏类、抗血栓类、抗氧化类、胃溃疡类、抗病毒类、解热镇痛类、紫外线吸收剂、普仑司特、盐酸沙格雷酯、4-羟基香豆素、白藜芦醇、莫沙必利、塞来昔布、联苯双酯、二苯甲酰基间苯二酚、抗过敏类药物中间体、抗血栓类药物中间体、抗氧化类药物及其中间体,baostock+akshare
920489.BJ,佳先股份,A股,化学原料和化学制品制造业,半导体材料,PVC新型环保热稳定剂及助剂、光刻胶单体、紫外线吸收剂的研发、生产、销售。 产品：二苯甲酰甲烷（DBM）、硬脂酰苯甲酰甲烷（SBM）、硬脂酸盐类产品、硬脂酸盐、β-二酮类产品、电子材料中间体,baostock+akshare
920491.BJ,奥迪威,A股,计算机、通信和其他电子设备制造业,,从事智能传感器和执行器及相关应用的研究、设计、生产和销售。 产品：传感器、执行器、技术服务费及其他,baostock+akshare
920493.BJ,并行科技,A股,软件和信息技术服务业,机器人本体/集成,超算云服务及超算相关生态业务的设计、研发。 产品：算力服务、高性能计算系统集成、高性能计算软件与技术服务、高性能计算会议及其他、其中:算力服务-企业、其中:算力服务-科研机构、其中:算力服务-高等院校,baostock+akshare
920496.BJ,许昌智能,A股,电气机械和器材制造业,,智能配用电产品、新能源产品和系统的研发、设计、组装、销售和服务，以及电力工程总承包业务。 产品：配用电自动化系统及智能元件、高低压成套开关设备及智能开关元件、电力工程总承包项目、新能源、加工服务,baostock+akshare
920504.BJ,博迅生物,A股,仪器仪表制造业,,实验室设备和生命科学仪器的研发、生产、销售及服务。 产品：实验室设备、生命科学仪器、微生物培养箱系列、压力蒸汽灭菌器系列、净化设备系列、精密可程式烘箱系列、温湿度控制系列、高压灭菌器系列、净化安全系列及其他,baostock+akshare
920505.BJ,九菱科技,A股,金属制品业,,粉末冶金、永磁材料制品的研发、生产和销售。 产品：粉末冶金产品、磁性材料产品、汽车零件、家电零件、其他(补充),baostock+akshare
920508.BJ,殷图网联,A股,软件和信息技术服务业,机器人本体/集成,以电网运行智能辅助监控系统为核心领域的电网智能化综合解决方案提供商，业务链涵盖电网运行智能辅助监控系统的方案设计、软件开发、集成联调、升级改造及运行维护等各个环节。 产品：系统集成业务、技术服务与咨询业务、系统配套设备销售业务、软件开发与销售业务,baostock+akshare
920509.BJ,同惠电子,A股,仪器仪表制造业,机器人本体/集成,电工专用设备、仪器仪表、机械零配件、模具的研发、生产和销售。 产品：元件参数测试仪器、安规线材测试仪器、微弱信号检测仪器、电力电子产品、仪器附件、系统集成测试设备、光伏发电,baostock+akshare
920510.BJ,丰光精密,A股,通用设备制造业,伺服系统,精密机械加工件、压铸件等金属零部件的研发、生产与销售，并为下游客户提供专业化定制加工服务。 产品：精密机械加工件、压铸件等金属零部件、精密直线导轨滑块、高速列车减震器主件、伺服电机主轴、汽车安全带装置转轴、汽车发动机涨紧支臂、高速列车高压连接器、自动化工厂柔性生产线配件、真空泵主轴、高端家电电路板核心散热部件、产业机器人精密配件、精密工业工具零件、产品收入、加工收入、其他(补充),baostock+akshare
920519.BJ,万德股份,A股,化学原料和化学制品制造业,,油品添加剂、炼油助剂、油田化学品及其他精细化工产品的生产与销售。 产品：硝酸异辛酯、乙烯-乙酸乙烯酯共聚物、柴油抗磨剂、纳米微球、模板剂、破乳剂、咪唑啉、稠化剂系列、其他（含甲基环戊二烯三羰基锰）,baostock+akshare
920522.BJ,纳科诺尔,A股,专用设备制造业,,向电池生产企业和有高精度辊压需求的企业提供高精度、高稳定性、操控便捷的成套设备。 产品：智能辊压设备、其他,baostock+akshare
920523.BJ,德瑞锂电,A股,电气机械和器材制造业,,锂锰电池、锂铁电池等锂一次电池的研发、生产和销售。 产品：锂一次电池、其他(补充),baostock+akshare
920526.BJ,凯华材料,A股,计算机、通信和其他电子设备制造业,,环氧粉末包封料、环氧塑封料等产品的研发、生产与销售。 产品：环氧粉末包封料、环氧塑封料、其他,baostock+akshare
920527.BJ,夜光明,A股,化学原料和化学制品制造业,,反光材料及其制品研发、生产及销售。 产品：反光布、反光制品、反光服装、反光膜、反光布类,baostock+akshare
920533.BJ,骏创科技,A股,汽车制造业,,生产、加工、销售各种汽车注塑件及相关塑胶模具的开发。 产品：汽车塑料零部件、贸易件、模具、其他业务收入,baostock+akshare
920541.BJ,铁大科技,A股,铁路、船舶、航空航天和其他运输设备制造业,机器人本体/集成,通信信号产品的研制、生产与销售，并向客户提供系统集成、工程施工、技术咨询、技术培训、技术支持等一体化的轨道交通安全监控与防护整体解决方案。 产品：设备监测类、雷电防护类、电务器材类,baostock+akshare
920547.BJ,无锡晶海,A股,医药制造业,,氨基酸类原料药的研发、生产和销售。 产品：支链氨基酸（异亮氨酸、缬氨酸、亮氨酸）、色氨酸、苯丙氨酸、脯氨酸、原料药产品、食品营养品类产品、培养基类产品,baostock+akshare
920553.BJ,凯腾精工,A股,专用设备制造业,,凹印印版的研发、生产和销售。 产品：包装版、烟包版、特种版、其他版,baostock+akshare
920556.BJ,雅达股份,A股,仪器仪表制造业,机器人本体/集成,智能电力测控产品的研发、生产和销售以及电力监控系统集成服务。 产品：电力测控产品、电力监控系统集成服务、其他产品、电力测控仪表、电力测控装置、用电安全保护装置、传感器,baostock+akshare
920564.BJ,天润科技,A股,软件和信息技术服务业,,遥感与测绘地理信息数据服务、空间信息系统开发应用与集成服务。 产品：地理信息数据产品及应用服务、测绘及数据产品与应用、摄影测量与遥感数据产品服务、地理信息数据库建设、地理信息软件开发及平台建设、遥感与测绘地理信息数据服务、空间信息系统开发应用与集成,baostock+akshare
920566.BJ,梓橦宫,A股,医药制造业,,药品研发、生产与营销。 产品：神经系统用药、骨骼肌肉系统用药、呼吸系统用药、消化系统用药、原料药、其他品种、胞磷胆碱钠片、苯甲酸利扎曲普坦胶囊、塞来昔布胶囊、磷酸奥司他韦胶囊、东方胃药胶囊、普瑞巴林口服溶液,baostock+akshare
920570.BJ,坤博精工,A股,通用设备制造业,,高端装备精密成型零部件、晶体生长真空炉体的研发、生产和销售。 产品：精密成型零部件、真空炉体、模具及其他、高端装备精密成型零部件、晶体生长真空炉体,baostock+akshare
920571.BJ,国航远洋,A股,水上运输业,,国际远洋、国内沿海和长江中下游航线的干散货运输业务。 产品：航运业务、船用物料配件贸易、燃料油贸易、船舶管理、办公物业出租,baostock+akshare
920575.BJ,*ST康乐,A股,医药制造业,,人用疫苗的研究、开发和产业化。 产品：科研试剂、技术服务、销售科研试剂,baostock+akshare
920576.BJ,天力复合,A股,有色金属冶炼和压延加工业,,层状金属复合材料的研发、生产和销售。 产品：钛金属复合材料、其他金属复合材料、其他(补充),baostock+akshare
920578.BJ,巨能股份,A股,通用设备制造业,机器人本体/集成,研发、生产和销售以实现智能工厂为目标的各类工业机器人、自动化生产线和智能工厂管理软件。 产品：机器人自动线产品、钣金产品、自动化辅助单元、技术服务及备件、软件产品、其他(补充),baostock+akshare
920579.BJ,机科股份,A股,通用设备制造业,机器人应用,智能制造装备及整体解决方案。 产品：智能机器人及智能输送系统、工业母机工业软件及智能产线系统、智能检测及装配装备、新能源及环保装备、叉式AGV、重载AGV、多轨道穿梭车、输送分拣系统、立卷子母车、重载升降装置、自动巡检机器人、智能气动传输系统、智能箱式传输系统、智能输送整体解决方案、智能精密伺服压机、先进成形及精密加工成组连线智能化解决方案、冶金及有色精整区域智能化解决方案、智能产线/数字化工厂智能化管控软件及系统解决方案、电磁阀自动检测装配生产线、EHCU总成全自动装配线、ECU总成自动检测装配线、高压共轨喷油器及共轨泵等部件智能检测装配生产线、轮毂跳动及动平衡自动检测装备、轮毂动平衡自动检测装备、中心孔直径检测设备及精密零部件在线检测分选解决方案、高精度装配解决方案、车辆电控总成、车载仪表、车辆智能开机设备、车辆终端、污泥翻堆机、智能垃圾分类投放系统、垃圾被服气力输送系统、厨余垃圾收运系统及工程车辆/机械电控系统解决方案、医院供应链与后勤服务一体化解决方案、固废智能分类收运及智能环卫解决方案、市政和工业污水处理解决方案,baostock+akshare
920580.BJ,科创新材,A股,非金属矿物制品业,,耐火材料的研发、生产和销售。 产品：功能耐火材料、不定形耐火材料、定型耐火材料、碳化硅复合材料,baostock+akshare
920592.BJ,华信永道,A股,软件和信息技术服务业,,提供政务、民生、金融领域数字化解决方案与科技服务。 产品：软件定制开发、维护服务、第三方产品销售与集成、外包服务,baostock+akshare
920593.BJ,鼎智科技,A股,电气机械和器材制造业,,精密运动控制组件的设计、生产与销售。 产品：线性执行器、混合式步进电机、音圈电机、直流电机及组件、其他,baostock+akshare
920599.BJ,同力股份,A股,专用设备制造业,,非公路矿用自卸车、工程洒水车、桥梁运输车、运煤车等工程机械产品的研发、制造、销售和服务。 产品：各类矿山开采及大型工程物料运输所需的非公路宽体自卸车、非公路矿用自卸车以及井巷开采所需的坑道车、TL885、TL891、TLE120、DTH145、新能源、无人驾驶系列非公路宽体自卸车、大型非公路矿用自卸车、非公路洒水车、桥梁运输车、清障车、运煤车、整车-宽体自卸车、配件销售、其他,baostock+akshare
920608.BJ,丰安股份,A股,通用设备制造业,,各类农业机械齿轮的研发、生产及销售。 产品：收割机齿轮、拖拉机齿轮、旋耕机齿轮、其他齿轮、其他(补充),baostock+akshare
920627.BJ,力王股份,A股,电气机械和器材制造业,电芯,环保碱性锌锰电池、环保碳性锌锰电池以及锂离子电池的研发、生产和销售。 产品：碱性锌锰电池、碳性锌锰电池、锂离子电池、其他电池,baostock+akshare
920634.BJ,新威凌,A股,金属制品业,,球状锌粉、片状锌基粉、不规则状锌粉等锌金属深加工系列产品的研发、生产和销售。 产品：球状锌粉、片状锌粉、雾化法锌粉,baostock+akshare
920639.BJ,晨光电缆,A股,电气机械和器材制造业,,电线电缆的生产、销售、研发。 产品：高压、中低压电力电缆、电气装备用电线电缆、架空绝缘导线、电线、110KV及以上、中压、低压,baostock+akshare
920640.BJ,富士达,A股,计算机、通信和其他电子设备制造业,,射频连接器及组件、高性能线缆、射频链路及先进陶瓷等产品的研发、生产和销售。 产品：射频同轴连接器、射频同轴电缆组件、射频电缆、先进陶瓷、其他(补充),baostock+akshare
920641.BJ,XD格利尔,A股,计算机、通信和其他电子设备制造业,,照明产品及磁性器件的研发、生产和销售。 产品：照明业务、磁性元器件业务、其他(补充),baostock+akshare
920642.BJ,通易航天,A股,橡胶和塑料制品业,,特种航空制品和功能性膜等新材料制品的研发、生产和销售。 产品：航空供氧面罩、功能性膜产品、飞机橡胶软油箱、橡胶制品及配套设备、其他,baostock+akshare
920651.BJ,天罡股份,A股,仪器仪表制造业,,超声波热量表、超声波水表等物联网超声计量仪表的研发、生产与销售。 产品：超声热量表及系统、超声水表及流量计、供热节能管理工程、智能调控终端、配件,baostock+akshare
920656.BJ,海昇药业,A股,医药制造业,,兽药原料药、医药原料药及中间体的研发、生产及销售。 产品：兽药原料药、医药原料药、中间体、原料药、其他(补充),baostock+akshare
920662.BJ,方盛股份,A股,通用设备制造业,,换热器和换热系统的研发、设计、生产和销售。 产品：换热系统、板翅式换热器、换热器、其他(补充),baostock+akshare
920663.BJ,明阳科技,A股,汽车制造业,,汽车座椅调节系统核心零部件的研发、生产和销售。 产品：自润滑轴承（DU）、传力杆（LG）、粉末冶金零件（PM）、金属粉末注射成形零件（MIM）、调节机构总成件、金属粉末冶金零件、自润滑轴承、传力杆,baostock+akshare
920665.BJ,科强股份,A股,橡胶和塑料制品业,,特种高性能橡胶（布、板、带）制品的研发、生产和销售，为全球客户提供密封、缓冲、传送等领域的系统解决方案。 产品：车辆风挡折棚棚布、硅胶板、胶带胶布、橡胶密封制品、车辆贯通道棚布、特种胶带胶布制品,baostock+akshare
920670.BJ,数字人,A股,软件和信息技术服务业,,基于“数字人体技术”的数字医学教育、科普、医疗产品的研发、生产和销售。 产品：数字医学产品、交互智能一体机、其他,baostock+akshare
920675.BJ,秉扬科技,A股,非金属矿物制品业,,压裂支撑剂系列产品的研发、生产和销售。 产品：压裂支撑剂、陶粒支撑剂、石英砂支撑剂、石英砂、陶粒、化工产品,baostock+akshare
920679.BJ,前进科技,A股,通用设备制造业,,铝合金冷凝式热交换器的研发、生产和销售。 产品：家用热交换器、商用热交换器、覆膜砂、铝合金冷凝式热交换器、其他业务,baostock+akshare
920682.BJ,球冠电缆,A股,电气机械和器材制造业,,电线电缆产品的销售。 产品：电力电缆系列产品、电气装备用电线电缆产品、裸电线类产品、电力电缆、电气装备用电线电缆、裸电线,baostock+akshare
920685.BJ,新芝生物,A股,仪器仪表制造业,,生物样品处理仪器、实验室自动化与通用设备、分子生物学与药物研究仪器等产品的生产及销售。 产品：生物样品处理仪器、分子生物学与药物研究仪器、实验室自动化与通用设备、生物样品处理、其他,baostock+akshare
920689.BJ,克莱特,A股,通用设备制造业,,轨道交通通风冷却设备、能源、核电通风冷却设备、海洋工程和舰船风机、冷却塔和空冷器风机、制冷风机及其他特种工业通风机等中高端装备行业通风设备产品及系统的研发、生产、销售及相关检修服务。 产品：轨道交通风机、冷却塔和空冷器风扇、海洋工程和高技术船舶风机、能源通风冷却设备、燃气轮机罩壳通风机、核电通风机、制冷风机、输变电风机、特种工业通风机等通风与空气处理系统装备及其配件、通风机、冷却系统、其他,baostock+akshare
920690.BJ,捷众科技,A股,汽车制造业,,精密传动系统、汽车门窗系统、汽车视觉系统、车身电子、汽车热管理等精密零部件的研发、生产及销售。 产品：精密传动系统、汽车门窗系统、汽车视觉系统、车身电子热管理,baostock+akshare
920693.BJ,阿为特,A股,金属制品业,液冷;交换机/服务器,专注于科学仪器、医疗器械、航空、半导体和液冷服务器等行业的精密机械零部件制造，提供新品开发、小批量试制、大批量生产制造的一站式服务。 产品：机加工件、装配件、科学仪器、医疗器械、航空、半导体核心精密零部件、液冷服务器核心精密零部件、其他,baostock+akshare
920694.BJ,中裕科技,A股,橡胶和塑料制品业,,流体传输高分子材料软管、复合管道的研发、生产和销售。 产品：耐高压大流量输送软管、普通轻型输送软管、钢衬改性聚氨酯耐磨管、柔性增强热塑性复合管、配件,baostock+akshare
920699.BJ,海达尔,A股,金属制品业,,精密滑轨的生产与销售。 产品：滑轨、钣金件、其他(补充),baostock+akshare
920701.BJ,豪声电子,A股,计算机、通信和其他电子设备制造业,,微型电声元器件以及音响类电声产品的研发、生产和销售。 产品：微型电声元器件、音响类电声产品、其他业务收入,baostock+akshare
920703.BJ,广厦环能,A股,专用设备制造业,,强化传热技术研究及高效换热器的研发、设计、制造、销售及服务，为客户提供高效、节能、稳定的传热综合解决方案。 产品：高通量换热器、高冷凝换热器、波纹管换热器、降膜蒸发器、高效换热器、其他(补充),baostock+akshare
920706.BJ,铁拓机械,A股,专用设备制造业,,沥青混合料搅拌设备及其配套设备的研发、生产、销售和服务。 产品：原生沥青混合料搅拌设备、原再生一体式搅拌设备、沥青厂拌热再生设备、RAP柔性破碎筛分设备、部件及其他,baostock+akshare
920717.BJ,瑞星股份,A股,专用设备制造业,,长输管线分输站、城市门站调压装置、城市燃气输配系统中调压设备的研发、设计、生产和销售。 产品：调压器类产品、调压装置类产品、压力容器类产品、调压柜类、调压撬、门站类、配件、其他类、调压箱类,baostock+akshare
920718.BJ,合肥高科,A股,电气机械和器材制造业,,家用电器专用配件及模具研发、生产和销售。 产品：金属结构件、装饰面板、金属模具,baostock+akshare
920719.BJ,宁新新材,A股,非金属矿物制品业,,特种石墨材料及制品的研发、生产和销售。 产品：特种石墨、石墨坯、特种石墨制品、加工及其他、石墨制品,baostock+akshare
920720.BJ,吉冈精密,A股,汽车制造业,,铝合金、锌合金精密零部件的研发、生产和销售。 产品：汽车零部件、电子电器零部件、其他零部件、定制化精密锌铝合金零部件、其他(补充),baostock+akshare
920725.BJ,惠丰钻石,A股,非金属矿物制品业,,人造金刚石单晶微粉、微粉延伸应用产品及CVD金刚石材料的研发、生产和销售。 产品：金刚石微粉、金刚石破碎料、其他(补充),baostock+akshare
920726.BJ,朱老六,A股,食品制造业,,腐乳、料酒和酸菜等东北特色调味品的研发、生产和销售。 产品：腐乳、料酒、酸菜,baostock+akshare
920729.BJ,XD永顺生,A股,医药制造业,,兽用生物制品研发、生产、销售和技术服务。 产品：猪用活疫苗、禽用灭活疫苗、其他疫苗、技术转让收入、租赁收入、猪用疫苗、禽用疫苗,baostock+akshare
920735.BJ,德源药业,A股,医药制造业,,以代谢紊乱为特征的慢性病治疗药物研发、生产、销售。 产品：糖尿病类、高血压类、周围神经类、罕见病类、泌尿系统类、风湿免疫类、高血脂类、甲状腺类、吡格列酮二甲双胍片、坎地沙坦酯氢氯噻嗪片、盐酸吡格列酮片、那格列奈片、盐酸二甲双胍缓释片、依帕司他片、阿卡波糖片、磷酸西格列汀片、卡格列净片、非布司他片、依折麦布片、琥珀酸索利那新片、盐酸吡格列酮原料药、那格列奈原料药、安立生坦原料药、利格列汀原料药,baostock+akshare
920748.BJ,路桥信息,A股,软件和信息技术服务业,数据中心/云厂商,运用人工智能、物联网、大数据、云计算等新一代信息技术为交通领域提供信息化产品和解决方案以及运维、运营等服务。 产品：轨道交通、智慧停车、公路与城市交通、创新与衍生业务,baostock+akshare
920751.BJ,惠同新材,A股,金属制品业,,金属纤维及其制品的研发、生产和销售。 产品：金属纤维、金属纤维制品、其他,baostock+akshare
920753.BJ,天纺标,A股,专业技术服务业,,纺织品、服装、防护用品、鞋类、箱包、毛绒玩具等产品的质量检测和技术咨询。 产品：质量检测、技术咨询、检测费收入、其他(补充),baostock+akshare
920765.BJ,美之高,A股,家具制造业,,金属置物架收纳用品的研发、设计、生产和销售。 产品：家用类产品、工业类产品、家用类、其他类、工业类,baostock+akshare
920768.BJ,拾比佰,A股,电气机械和器材制造业,,金属外观复合材料的研发、生产、销售及应用拓展。 产品：PCM板、VCM板、覆膜板(VCM)、预涂板(PCM)、其他(补充),baostock+akshare
920770.BJ,艾能聚,A股,电气机械和器材制造业,,分布式光伏电站投资运营、分布式光伏电站开发及服务和石英制品的研发、生产和销售。 产品：分布式光伏电站投资运营、分布式光伏电站开发及服务、石英制品、石英制品收入,baostock+akshare
920779.BJ,武汉蓝电,A股,仪器仪表制造业,,电池测试设备的研发、生产与销售。 产品：微小功率设备、小功率设备、大功率设备、配件及其他、电池测试设备,baostock+akshare
920781.BJ,瑞奇智造,A股,专用设备制造业,,在核能、新能源、环保、石油化工等领域为客户提供整体解决方案及综合服务。 产品：装备制造、安装工程、技术服务、大型压力容器、智能集成装置、油气钻采专用设备、电力专用设备加工,baostock+akshare
920786.BJ,骑士乳业,A股,畜牧业,,牧草种植、牛场运营、奶牛集约化养殖、优质生鲜乳供应、各类奶制品的研发、生产和销售。 产品：生鲜乳、售牛、液态奶、其他乳制品、白砂糖、糖蜜、甜菜粕、其他主营业务,baostock+akshare
920790.BJ,联迪信息,A股,软件和信息技术服务业,机器人本体/集成,软件开发与服务，软件产品销售，配套硬件销售。 产品：软件开发技术服务、软件产品销售、培训收入、系统集成、培训,baostock+akshare
920792.BJ,东和新材,A股,非金属矿物制品业,,镁质功能性材料的研发、生产、销售。 产品：镁质功能性材料、耐火制品、菱镁矿石、其他、电熔镁砂、轻烧氧化镁、高纯镁砂、碳酸镁、定形及不定形耐火制品,baostock+akshare
920799.BJ,艾融软件,A股,软件和信息技术服务业,,金融机构数字化领域的金融IT软件产品技术开发和技术服务。 产品：以人工智能、虚拟现实技术为主的信创解决方案、互联网金融类、电子银行类、应用安全类、大数据分析类、企业级定制开发服务、创新业务咨询、IT系统建设规划、软硬件开发、大数据运营服务、数据安全、技术开发、技术服务、产品销售,baostock+akshare
920802.BJ,保丽洁,A股,专用设备制造业,,静电式油烟废气治理设备的研发、生产与销售。 产品：商用油烟净化设备、工业油烟净化设备、其他废气治理设备、配件、维护服务、配件及维护服务,baostock+akshare
920806.BJ,云星宇,A股,软件和信息技术服务业,机器人本体/集成,智慧交通系统集成业务、智慧交通技术服务业务和商品销售及其他业务等。 产品：智慧交通系统集成、智慧交通技术服务、商品销售及其他,baostock+akshare
920807.BJ,奔朗新材,A股,非金属矿物制品业,,专注于金刚石工具的研发、生产和销售。 产品：树脂结合剂金刚石工具、金属结合剂金刚石工具、稀土永磁元器件、加工设备、精密加工金刚石工具、碳化硅工具,baostock+akshare
920808.BJ,曙光数创,A股,通用设备制造业,液冷;数据中心/云厂商,新一代数据中心冷却技术领先的整体解决方案和全生命周期服务供应商。 产品：浸没液冷产品、冷板液冷产品、模块化产品、配套产品,baostock+akshare
920809.BJ,安达科技,A股,计算机、通信和其他电子设备制造业,锂电材料,磷酸铁锂电池正极材料及其前驱体的研发、生产、销售。 产品：磷酸铁锂、磷酸铁、其他,baostock+akshare
920810.BJ,春光智能,A股,通用设备制造业,,高柔性智能包装装备的研发、生产和销售。 产品：食品包装设备、医药包装设备、配件系列、食品液体灌装装备、药品液体灌装装备、条袋包装装备、铝塑包装装备、全自动装盒、全自动装箱装备,baostock+akshare
920819.BJ,颖泰生物,A股,化学原料和化学制品制造业,,农药原药、中间体及制剂产品的研发、生产、销售和GLP登记注册技术服务及生物技术研究开发。 产品：除草剂、杀菌剂、杀虫剂、三嗪酮类除草剂、二苯醚类除草剂、酰胺类除草剂、自产农化产品、贸易农化产品、其他(补充),baostock+akshare
920821.BJ,则成电子,A股,计算机、通信和其他电子设备制造业,PCB,基于柔性应用的定制化智能电子模组及印制电路板的设计、研发、生产和销售。 产品：消费电子类、生物识别类、食品医疗类、交通工具类、印制电路板、其它类,baostock+akshare
920826.BJ,盖世食品,A股,农副食品加工业,,标准化凉菜的研发、生产和销售，同时向客户提供标准化凉菜的综合方案解决服务。 产品：藻类、鱼子、菌类、海珍味、山野菜,baostock+akshare
920832.BJ,齐鲁华信,A股,化学原料和化学制品制造业,,石油化工催化新材料、环保催化新材料、吸附剂新材料和煤化工催化新材料制造。 产品：ZSM-5系列分子筛、Y型系列分子筛、BETA系列分子筛、汽车尾气治理新材料、吸附剂新材料、石油化工催化分子筛、化工产品、其他,baostock+akshare
920833.BJ,DR美心翼,A股,通用设备制造业,,精密机械零部件研发、生产和销售。 产品：曲轴产品、铁涡旋产品、配件、配件及其他,baostock+akshare
920834.BJ,三维装备,A股,通用设备制造业,机器人本体/集成,输送机械配件产品的研发、生产、销售与整机系统集成方案服务。 产品：斗式提升类零部件、工程塑料类高分子耐磨型材、刮板输送类零部件、螺旋输送类零部件、皮带输送类零部件、筛用清理配件,baostock+akshare
920837.BJ,华原股份,A股,汽车制造业,,过滤与分离系统的研发、生产与销售。 产品：过滤产品、液体过滤器、气体过滤器、液体过滤产品、气体过滤产品、其他产品,baostock+akshare
920839.BJ,万通液压,A股,通用设备制造业,,液压产品的研发、设计、生产和销售。 产品：自卸车专用油缸、机械装备用缸、油气弹簧,baostock+akshare
920855.BJ,浙江大农,A股,通用设备制造业,,高压清洗机相关产品的研发、生产和销售。 产品：清洗机械及附件、高压柱塞泵、外购物料、废料及残料、其他,baostock+akshare
920856.BJ,浩淼科技,A股,专用设备制造业,,消防车的研发、生产、销售以及相关技术服务。 产品：特种消防车、罐类消防车、举高类消防车、其他消防装备,baostock+akshare
920857.BJ,泓禧科技,A股,计算机、通信和其他电子设备制造业,,电子元器件、高精度电子线组件以及新型、微型电声器件的设计、研发、生产和销售。 产品：高精度电子线组件、微型扬声器、其他产品,baostock+akshare
920866.BJ,XD绿亨科,A股,化学原料和化学制品制造业,,农药制剂和蔬菜种子及肥料产品的研发、生产和销售。 产品：农药制剂、蔬菜种子、肥料、杀菌剂、除草剂、杀虫剂、茄果类种子、瓜豆类种子、叶菜类种子、鲜食玉米类种子、�f霉灵、氯溴异氰尿酸、农药、种子,baostock+akshare
920870.BJ,恒进感应,A股,通用设备制造业,,中高档数控感应热处理成套设备及其关键功能部件的研发、生产、销售和技术服务。 产品：机床设备、其他销售、其他(补充),baostock+akshare
920871.BJ,派特尔,A股,橡胶和塑料制品业,,工业软管及总成、改性工程塑料的研发、生产和销售。 产品：树脂软管及总成、橡胶软管及总成、尼龙软管及总成、铁氟龙软管及总成、改性工程塑料、配件,baostock+akshare
920873.BJ,中设咨询,A股,专业技术服务业,,工程勘察设计、工程检测、施工图审查、城乡规划、工程监理、全过程工程咨询及其他相关工程咨询服务。 产品：市政勘察设计、建筑勘察设计、其他勘察设计、工程检测、其他咨询、施工图审查、其他检测、机电一体化、勘察设计、其中:勘察设计-市政勘察设计,baostock+akshare
920876.BJ,慧为智能,A股,计算机、通信和其他电子设备制造业,,平板电脑主板、整机及配件的研发、生产、销售。 产品：消费电子类、商用IOT类、其他类,baostock+akshare
920879.BJ,基康技术,A股,仪器仪表制造业,,智能监测终端及相关产品的研发、生产与销售，同时提供智能监测物联网解决方案及服务。 产品：智能监测终端、安全监测物联网解决方案及服务、其他(补充),baostock+akshare
920885.BJ,星辰科技,A股,仪器仪表制造业,伺服系统;机器人应用,专注于智能制造装备及其关键功能部件的研发、生产与销售。 产品：随动控制总成、伺服驱动器、伺服电机等装备自动化和智能化产品、新能源伺服系统、航空航天、军工伺服系统、工业控制伺服系统,baostock+akshare
920892.BJ,广咨国际,A股,专业技术服务业,,工程咨询、工程造价、招标代理、项目管理和工程监理等服务。 产品：工程咨询、工程造价、招标代理服务、项目管理和工程监理及其他、房屋租赁,baostock+akshare
920895.BJ,花溪科技,A股,专用设备制造业,,农业机械装备的研发、生产和销售。 产品：牵引式打捆机、玉米割台、贸易、其他农机、捡拾型打捆机、粉碎型打捆机、其他(补充),baostock+akshare
920896.BJ,旺成科技,A股,通用设备制造业,,齿轮、离合器和传动类摩擦材料的研发、生产和销售。 产品：齿轮、离合器、其他,baostock+akshare
920906.BJ,舜宇精工,A股,汽车制造业,,精密、多腔注塑模具、汽车内饰功能件和AGV机器人的开发、生产和销售。 产品：汽车功能件、光学件、AGV机器人、内饰功能件、AGV机器人集成解决方案、模具,baostock+akshare
920914.BJ,远航精密,A股,计算机、通信和其他电子设备制造业,,电池精密镍基导体材料的研发、生产和销售。 产品：电池精密镍基导体材料、镍带、箔、精密结构件、镍带、箔、其他(补充),baostock+akshare
920924.BJ,广脉科技,A股,软件和信息技术服务业,,提供信息通信综合解决方案。 产品：5G新基建业务、ICT行业应用业务、高铁信息化业务、资产运营服务业务,baostock+akshare
920925.BJ,锦好医疗,A股,专用设备制造业,,康复医疗器械和家用医疗器械的研发、生产和销售。 产品：助听器、助听器芯片、其它,baostock+akshare
920926.BJ,鸿智科技,A股,电气机械和器材制造业,,电饭锅、智能电饭煲、慢炖锅、压力锅、空炸烤箱、智能炒菜机等全系列智能厨房小家电产品及电热器等生活电器的研发、生产及销售。 产品：电饭锅、智能电饭煲、慢炖锅、压力锅、空炸烤箱、智能炒菜机、电饭煲,baostock+akshare
920931.BJ,无锡鼎邦,A股,专用设备制造业,,换热设备的产品设计、制造和销售。 产品：换热器、管束、空冷器,baostock+akshare
920932.BJ,科达自控,A股,软件和信息技术服务业,,基于新一代信息技术，应用工业互联网体系，服务于智慧矿山、物联网+、智慧市政板块。 产品：矿山数据监测与自动控制系统、市政设备远程监测及控制系统、自动控制相关产品、365在现(线)技术服务、充电桩(站)业务,baostock+akshare
920942.BJ,恒立钻具,A股,专用设备制造业,,各类工程破岩工具的设计、生产和销售。 产品：盾构及TBM刀具、顶管刀具、刀具零配件、再制造服务、合金制品、其他、各类工程破岩工具,baostock+akshare
920943.BJ,优机股份,A股,通用设备制造业,,定制化机械设备及零部件的研发、设计、制造和销售。 产品：油气化工流体控制设备及零部件、通用流体控制零部件、工程和矿山机械零部件、液压系统零部件、航空零部件精密加工服务、其他机械设备及零部件,baostock+akshare
920946.BJ,森萱医药,A股,医药制造业,,原料药、医药中间体及含氧杂环类化工中间体的研发、生产及销售。 产品：原料药、医药中间体、含氧杂环类化工中间体,baostock+akshare
920950.BJ,迅安科技,A股,专用设备制造业,,系列化电焊面罩、多场景电动送风过滤式呼吸器及相关配件的研发、生产和销售。 产品：电焊防护面罩及配件、电动送风过滤式呼吸器及配件,baostock+akshare
920953.BJ,国子软件,A股,软件和信息技术服务业,,向客户提供软件开发、运维服务等信息化服务。 产品：软件产品、技术服务、硬件产品,baostock+akshare
920957.BJ,汉维科技,A股,化学原料和化学制品制造业,,高分子材料环保助剂的研发、生产和销售。 产品：脂肪酸盐助剂、复合助剂、其他(补充),baostock+akshare
920961.BJ,创远信科,A股,仪器仪表制造业,,研发射频通信测试仪器和提供整体测试解决方案。 产品：信号分析与频谱分析系列、信号模拟与信号发生系列、无线电监测与北斗导航测试系列、矢量网络分析系列、无线网络测试与信道模拟系列、电子测试测量仪器及解决方案、主营-其他、其他(补充),baostock+akshare
920964.BJ,润农节水,A股,土木工程建筑业,,节水灌溉行业，致力于节水灌溉装备的研发、制造和销售以及节水灌溉工程项目设计、施工、技术服务。 产品：节水工程、节水产品、光伏发电、农业种植、滴灌带、PVC和PE输水管材、首部控制系列之控制组件、过滤器、施肥机等节水灌溉装备,baostock+akshare
920970.BJ,大禹生物,A股,食品制造业,,饲料添加剂（包括微生态制剂、饲用酶制剂）、饲料以及兽药的研发、生产与销售。 产品：微生态制剂、酶制剂、饲料、兽药、生猪、其他业务、饲料添加剂,baostock+akshare
920971.BJ,天马新材,A股,计算机、通信和其他电子设备制造业,锂电材料,高性能精细氧化铝粉体的研发、生产和销售。 产品：精细氧化铝粉体、电子陶瓷用精细氧化铝粉体、高压电器用精细氧化铝粉体、电子及光伏玻璃用精细氧化铝粉体、锂电池隔膜用精细氧化铝粉体、研磨抛光用精细氧化铝粉体、高导热材料用精细氧化铝粉体、耐火材料用精细氧化铝粉体、电子陶瓷用粉体材料、其他精细氧化铝粉体材料、电子及光伏玻璃用粉体材料、高压电器用粉体材料,baostock+akshare
920974.BJ,凯大催化,A股,化学原料和化学制品制造业,,贵金属催化材料的研发、制造和循环加工。 产品：催化剂产品销售、催化剂来料加工、汽车尾气贵金属前驱体、铑派克辛酸铑、碘化铑、钯（铂）/氧化铝催化剂、其他(补充),baostock+akshare
920976.BJ,视声智能,A股,计算机、通信和其他电子设备制造业,,基于KNX通信技术的智能控制设备、可视对讲、液晶显示屏及模组的设计、研发、生产及销售。 产品：智能家居、可视对讲、液晶显示屏及模组,baostock+akshare
920978.BJ,开特股份,A股,汽车制造业,,传感器类、控制器类和执行器类等产品的研发、生产和销售。 产品：传感器类、控制器类、执行器类、其他类、温度传感器、光传感器、功率模块、直流电机执行器、步进电机执行器和无刷电机执行器,baostock+akshare
920981.BJ,晶赛科技,A股,计算机、通信和其他电子设备制造业,,石英晶振及封装材料的设计、研发、生产及销售。 产品：石英晶振、封装材料、石英晶片、其他、石英晶振用外壳、上盖、可伐环、其他(补充),baostock+akshare
920982.BJ,锦波生物,A股,医药制造业,,以A型重组人源化胶原蛋白为核心原材料制备的高端植入级医疗器械的研发、生产及销售。 产品：医疗器械、功能性护肤品、原料及其他、单一材料医疗器械、复合材料医疗器械、单一成分功能性护肤品、复合成分功能性护肤品、其中:医疗器械-单一材料医疗器械、其中:功能性护肤品-复合成分功能性护肤品,baostock+akshare
920985.BJ,海泰新能,A股,电气机械和器材制造业,,光伏组件销售、光伏电站开发、建设、出售、光伏电站EPC业务等。 产品：光伏组件及电站收入、光伏支架、工程收入、户用光伏系统、光伏焊带、电极产品、储能产品、其他,baostock+akshare
920992.BJ,中科美菱,A股,专用设备制造业,,生物医疗行业低温储存等产品的研发、生产及销售业务。 产品：低温存储设备、超低温冷冻存储设备、-180℃至8℃全温区低温存储箱、-196℃液氮生物容器、生物安全柜、洁净工作台、离心机、全自动生物细胞超低温存储设备、医药冷链设备、其他主营,baostock+akshare
